Date,Ticker,Ticker_name,Close,day_pr_low,day_pr_high,week_pr_low,week_pr_high,month_pr_low,month_pr_high,day_rr_ratio,week_rr_ratio,month_rr_ratio,gap_lt,gap_lt_avg,gap_lt_hi,gap_lt_lo,ST_Trend,st_avg,st_lo,st_hi,MT_Trend,mt_avg,mt_lo,mt_hi,LT_Trend,lt_avg,lt_lo,lt_hi,ST_Trend_Change,MT_Trend_Change,Z-Score Rank,Z-Score,Sharpe,Sharpe_avg,Sharpe_hi,Sharpe_low,Sharpe_Rank,prem_disc,prem_disc_avg,prem_disc_lo,prem_disc_hi,factor,model_score
2026-09-14,ENZL,ISHARES:MSCI NEW ZLND,45.4,44.73,47.62,43.18,49.05,42.84,51.19,1.380530973451335,1.6441441441441444,2.261718750000004,-2.440000000000005,-0.5866666666666672,0.3451231323655898,-1.5184564656989243,-0.02022037,0.0005537163366336647,-0.008374451255912905,0.009481883929180234,0.00264242,0.005890152923588043,-0.002403563891488985,0.014183869738665072,-0.01856249,-0.012905577861842096,-0.017194027736284645,-0.008617127987399546,-0.00596743,0.00177081,78.4,1.28,-0.852,0.04258940397350993,0.6870885014629945,-0.6019096935159746,12.5,0.160042333599681,1.236770509194115,0.27752251642162795,2.196018501966602,0.835,94.0
2026-09-14,GRMN,GARMIN LTD,280.38,261.85,281.01,245.69,325.4,244.44,358.97,-5.0168067226890765,1.297780340155664,2.186700055648304,-33.00999999999999,-29.271881188118826,-17.096209099060495,-41.44755327717716,-0.02370226,0.005279354983498345,-0.03044925792809245,0.04100796789508914,0.0251777,0.013334598504983383,-0.02084099551216323,0.04751019252213,0.06327441,0.0650488479605261,0.05536912684307573,0.07472856907797645,0.00334807,0.00329125,31.5,-0.78,-1.59,0.19804635761589387,1.2966002051733847,-0.9005074899415969,10.9,0.043141023716379845,0.16209178356756684,-0.29950189699006813,0.6236854641252019,0.685,77.0
2026-09-14,FAST,FASTENAL COMPANY,49.44,47.32,50.27,45.22,53.36,44.15,58.51,-2.5681818181818086,-1.0765306122448972,1.7145557655954635,-4.670000000000002,-4.1933663366336615,-2.5394777156403663,-5.847254957626957,-0.01413417,0.002717090693069307,-0.016130429032565063,0.02156461041870368,0.00218206,0.012768206079734229,-0.015244070022243187,0.040780482181711646,0.05507284,0.051681728881578855,0.04159194865262198,0.06177150911053573,0.0007518,0.0019865,14.9,-1.4,-0.591,0.1533741721854305,1.0562286207047398,-0.7494802763338787,23.2,0.6259409527123327,0.2322378952346379,-0.20877278312246744,0.6732485735917433,0.67,75.0
2026-09-14,OMC,OMNICOM GROUP INC.,81.07,73.41,82.78,72.66,89.46,70.52,96.35,-5.399999999999988,-1.0023837902264596,1.4483412322274887,-6.740000000000009,-2.739108910891088,0.6193264802067673,-6.097544301988943,-0.04219001,0.002092412046204621,-0.021833758125815218,0.02601858221822446,0.01071615,-0.005067364352159466,-0.028662990138890856,0.018528261434571924,-0.01609367,-0.012939452927631568,-0.0222261055823601,-0.0036528002729030347,-0.00127631,0.00597608,43.5,-0.19,-0.859,0.021099337748344417,0.7733080037064127,-0.731109328209724,15.3,0.15513378701362335,0.05236581923053495,-0.2912365320854176,0.39596817054648753,0.645,72.0
2026-09-14,XLB,SEL SECTOR:MATRLS SPDR,50.49,50.05,52.61,47.4,55.2,46.19,58.61,1.6444444444444435,1.5242718446601928,1.8883720930232533,-2.780000000000001,-0.9268151815181516,0.2225882797270291,-2.0762186427633322,-0.01103174,0.001847274158415843,-0.01078809160166407,0.014482639918495755,0.00293849,0.007676496910298996,-0.00774801345781183,0.023101007278409823,-0.00147352,-0.006445444473684212,-0.016126015000835436,0.0032351260534670126,-0.00484024,0.00063194,21.6,-1.07,-0.98,0.15623178807947033,1.0620796220202842,-0.7496160458613436,10.9,0.1386781064054048,0.6702614105002099,0.1265616253414812,1.2139611956589387,0.645,72.0
2026-09-14,WMB,"THE WILLIAMS COMPANIES, INC.",71.95,70.39,78.6,67.61,80.59,65.13,88.48,3.3815028901733992,1.9907834101382473,2.423753665689147,-12.61,-9.102970297029701,-6.851612114803308,-11.354328479256095,0.00650278,0.0031667598019802,-0.014106396633013524,0.020439916236973922,0.01262482,0.015582356146179404,-0.0022809778891262796,0.03344569018148509,0.07928261,0.08745526111842065,0.08000173208053266,0.09490879015630865,0.00379158,-0.00343461,68.5,1.08,-0.52,0.1736688741721855,1.0844437822481536,-0.7371060339037827,21.6,0.13357525180291918,0.2093648705019812,-0.10317392403700651,0.5219036650409689,0.636,71.0
2026-09-14,ECH,ISHARES:MSCI CHILE,39.18,39.19,41.56,36.96,43.1,36.59,47.79,2.150000000000006,1.7657657657657675,3.324324324324329,-5.609999999999999,-3.2915511551155126,-1.2239400219787293,-5.359162288252296,-0.01178647,0.003094886666666671,-0.01704373111373289,0.023233504447066233,0.01330245,0.005427880830564779,-0.023363767137534484,0.034219528798664044,0.06777047,0.04557123200657882,0.019707911586325375,0.07143455242683226,-0.00951738,0.00227179,66.5,0.63,-0.583,0.308543046357616,1.3303858916456945,-0.7132997989304626,22.4,0.1691921996933552,0.323614248881957,-0.11663215385695624,0.7638606516208702,0.636,71.0
2026-09-14,EWD,ISHARES:MSCI SWEDEN,51.52,50.84,53.75,48.2,56.42,48.22,58.54,1.3181818181818141,1.4759036144578308,2.1272727272727234,-3.5899999999999963,-2.157755775577559,-0.9846511694242448,-3.330860381730873,-0.00892428,0.001226961122112211,-0.012700949934909845,0.015154872179134268,0.00800567,0.0028464903986711062,-0.008821770680162393,0.014514751477504606,0.01352421,0.015078079177631603,0.009443419520212928,0.02071273883505028,-0.00481771,0.00070083,70.6,0.55,-0.675,0.1955430463576158,0.952345510612095,-0.5612594178968635,14.1,0.3594607225613087,0.2721156980622539,-0.24082593879693226,0.78505733492144,0.636,71.0
2026-09-14,NDAQ,"NASDAQ, INC.",91.57,88.53,96.74,84.12,103.55,82.53,109.9,1.0201511335012625,1.6080536912751708,2.0276548672566403,-7.27000000000001,-6.157326732673267,-1.9338508193711377,-10.380802645975397,-0.0256462,0.0008782613861386132,-0.021709190964165247,0.023465713736442472,0.01908143,0.0027973374750830523,-0.020872463328899995,0.0264671382790661,-0.01105935,0.02508799078947367,0.0039383404183918926,0.046237641160555454,-0.00245192,0.00738476,70.4,1.02,-1.068,0.17296357615894037,1.1289723102537574,-0.7830451579358766,13.1,0.2581580677409132,0.18306588449144123,-0.2345019373202631,0.6006337063031455,0.595,67.0
2026-09-14,ABT,ABBOTT LABORATORIES,103.09,98.77,108.52,94.12,119.74,91.17,129.71,-1.2860962566844945,1.8561872909698989,2.2332214765100673,-10.009999999999991,-5.769075907590755,-1.3869828528306698,-10.151168962350841,-0.03126212,-0.005795077524752476,-0.03049549146266515,0.018905336413160195,0.03726017,-0.02241867877076413,-0.05365789989574886,0.008820542354220598,-0.00559404,0.0014640828289473543,-0.01636901126429637,0.019297176922191076,-0.00484414,0.00120538,90.7,1.68,-1.205,-0.2408079470198674,0.7114868523568926,-1.1931027463966273,24.4,0.23133770262070286,0.11710001821155819,-0.25997609786301634,0.4941761342861327,0.595,67.0
2026-09-14,EC,ECOPETROL SA,17.74,16.9,18.8,16.52,19.93,15.05,21.6,1.345679012345681,1.7950819672131175,1.434944237918218,-2.2600000000000016,-0.7714191419141916,0.20057118618095982,-1.743409470009343,0.00047451,0.01099823382838284,-0.015516461844541177,0.03751292950130686,0.03755722,0.0329139099003322,0.004777453100934047,0.06105036669973036,0.08737901,0.009618216184210536,-0.029645092032854897,0.048881524401275966,0.00097179,0.00061956,17.9,-1.43,0.355,0.3535993377483442,1.2632726216556542,-0.556073946158966,51.4,0.3861743647407647,0.35756991959919654,-0.32666848271352905,1.041808321911922,0.722,66.0
2026-09-14,CSCO,"CISCO SYSTEMS, INC.",110.06,106.5,111.99,101.06,119.3,98.48,146.66,-1.268939393939397,1.0266666666666662,3.160621761658031,-20.19999999999999,-10.31198019801981,-1.5068037381370871,-19.117156657902534,-0.00219636,0.007785170495049506,-0.018166405059782023,0.033736746049881035,-0.00658594,0.037100847176079775,0.009320608771375052,0.0648810855807845,0.11850089,0.05614008996710531,0.010261137177010715,0.1020190427571999,0.00151587,0.00050387,1.0,-3.35,-0.266,0.31229801324503303,1.1712037320620856,-0.5466077055720195,24.4,0.3420401743468586,0.2562177280424992,-0.2505070087858774,0.7629424648708758,0.66,63.0
2026-09-14,NOV,NOV INC.,20.54,20.29,22.66,19.23,23.54,17.59,24.5,3.4727272727272687,2.2900763358778646,1.3423728813559328,-2.080000000000002,-0.5122442244224419,0.37832348261570414,-1.402811931460588,0.00107919,0.006437347293729376,-0.0169767009053766,0.029851395492835355,0.02649509,0.029050049634551576,0.003948077018692944,0.05415202225041021,0.00915895,-0.02389244654605257,-0.05436675889816192,0.00658186580605678,-0.00205589,0.02249982,14.5,-1.52,-0.394,0.26446357615894045,0.9175987727665295,-0.38867162044864856,12.9,0.2749567241678459,0.06203887209811662,-0.21475029700505935,0.3388280412012926,0.645,62.0
2026-09-14,PANW,"PALO ALTO NETWORKS, INC.",373.94,303.37,361.1,315.86,411.67,282.27,485.88,-13.45824847250502,-1.5393586005830893,1.221119232027926,-47.50999999999999,-21.76300330033005,-0.11080467781757619,-43.41520192284252,-0.00099089,0.00787106504950495,-0.03214541684146056,0.04788754694047046,0.07723393,0.03572805504983388,-0.04006864205292991,0.11152475215259768,0.08301997,0.03369409983552623,-0.006170810526114741,0.07355901019716721,0.02307355,0.00281521,88.3,1.89,-0.128,0.3059370860927152,1.463355828610025,-0.8514816564245947,34.3,-0.3744965305216049,0.165387040630488,-0.19862506383002412,0.5293991450910002,0.65325,62.0
2026-09-14,SCHW,THE CHARLES SCHWAB ,107.31,102.07,110.71,99.76,119.12,95.9,129.23,-1.781879194630871,1.5642384105960274,1.9211218229623133,-11.009999999999991,-6.996963696369634,-3.778019766777742,-10.215907625961526,-0.02001422,0.0031436182178217814,-0.011594334437262193,0.017881570872905758,0.02886745,0.008889600099667752,-0.008101231668933404,0.02588043186826891,0.04152682,0.030238779539473636,0.014434096976346122,0.04604346210260115,-0.00043342,-0.00607148,74.0,1.04,-0.614,0.2753476821192053,1.1039636287562389,-0.5532682645178284,17.7,0.2922586459915324,0.25683492170024347,-0.09708477700133294,0.6107546204018199,0.555,62.0
2026-09-14,TIP,ISHARES:TIPS BD ETF,105.82,104.63,108.4,102.68,109.82,102.29,112.16,1.5192307692307838,1.2738853503184768,1.7960339943342853,-3.2900000000000063,-2.321188118811882,-1.7312673353847363,-2.9111089022390275,-0.00259204,-0.00012061293729372902,-0.0027876132157955446,0.0025463873412080863,-0.00047168,0.0019319112624584694,-0.004916103767613947,0.008779926292530885,0.00506663,0.006264353256578953,0.003916999966266469,0.008611706546891437,-0.00055168,8.35e-05,63.7,0.53,-1.215,-0.3552549668874171,0.40052360763873984,-1.111033541413574,16.9,0.14079827359194597,0.4769290307841548,-0.6023201481756844,1.5561782097439938,0.555,62.0
2026-09-14,DXCM,"DEXCOM, INC.",84.68,78.74,87.74,76.63,95.43,70.01,107.15,-2.5333333333333474,1.3354037267080727,1.5316973415132922,-5.779999999999987,2.494389438943893,6.5145979365707785,-1.5258190586829925,-0.03157561,-0.0015957311881188163,-0.03366701468686803,0.0304755523106304,0.02546184,-0.005897031860465129,-0.05161361027143121,0.039819546550500955,-0.01303092,-0.09408854835526283,-0.1322201747576202,-0.05595692195290544,-0.00264289,0.0014389,20.8,-1.15,-0.876,0.019592715231788245,0.8837402334460065,-0.8445548029824299,16.5,0.4381643864873379,0.2510482492730538,-0.25064811054862124,0.7527446090947288,0.645,62.0
2026-09-14,GIS,"GENERAL MILLS, INC.",36.47,33.97,39.1,32.92,42.45,31.0,45.34,-1.2427184466019414,1.6845070422535235,1.6215722120658147,-2.25,0.03960396039603988,1.5458938110411435,-1.4666858902490638,-0.02858545,-0.005851118778877892,-0.025948221306065805,0.014245983748310022,0.02765032,-0.020151443289036543,-0.04808344571791587,0.007780559139842779,-0.06054599,-0.05100220220394738,-0.0687560886798022,-0.03324831572809257,-0.00337268,-0.00045299,71.0,1.12,-0.756,-0.38441390728476826,0.4903817750999255,-1.259209589669462,26.4,0.2468757343902117,0.20467706273418548,-0.1974498111784234,0.6068039366467943,0.555,62.0
2026-09-14,NTAP,"NETAPP, INC.",188.28,171.99,196.87,171.56,220.03,145.04,257.36,-1.4521651560926463,1.8989234449760768,1.5975948196114709,-30.75999999999999,-12.278349834983496,-2.4176131621220396,-22.13908650784495,-0.03446026,0.009138141221122114,-0.027244263708170693,0.045520546150414926,0.03300802,0.03765000687707645,-0.028121107961036007,0.10342112171518891,0.08071795,0.037846123125000096,0.008691782148702164,0.06700046410129804,0.00393967,0.00898194,97.4,2.54,-0.724,0.21941390728476823,1.1650551428408422,-0.7262273282713059,17.7,-0.03480417023314364,0.18198819502226196,-0.18080239331654221,0.5447787833610661,0.64125,61.0
2026-09-14,EW,EDWARDS LIFESCIENCES ,85.52,82.06,89.25,77.81,94.94,79.72,101.86,-1.2338983050847447,1.2217898832684837,2.817241379310347,-8.460000000000008,-1.8851155115511549,1.2110079838109795,-4.981239006913289,-0.02051106,0.002719669801980199,-0.015583251672660201,0.021022591276620598,-0.00248675,0.01659926355481729,-0.0016333972705715148,0.03483192438020609,0.02107269,-0.01994306802631579,-0.043810346960495655,0.0039242109078640695,0.00097878,-0.0024277,56.9,0.11,-1.193,0.03508609271523186,0.8694708477735442,-0.7992986623430804,10.5,0.31319719471491436,0.33999043081428454,-0.16870295069293356,0.8486838123215026,0.636,61.0
2026-09-14,BDX,"BECTON, DICKINSON AND COMPANY",182.91,169.68,184.83,165.66,204.36,148.57,222.11,-6.999999999999985,1.2434782608695663,1.1415259172976124,-8.170000000000016,-1.2455775577557744,5.171977750835845,-7.663132866347393,-0.01675956,0.00491283910891089,-0.016196542443530516,0.026022220661352295,0.04268735,-0.0015513666445182664,-0.028024359237299158,0.024921625948262624,0.00288305,-0.02768430253289476,-0.04388944659832161,-0.011479158467467904,-0.00187457,0.00290687,52.4,0.14,-0.08,0.13751986754966875,1.1644468987991854,-0.889407163699848,35.9,0.010388902559198998,0.2055872000923764,-0.16775516963475628,0.5789295698195092,0.632,60.0
2026-09-14,KMI,"KINDER MORGAN, INC.",30.96,30.0,32.68,28.76,34.31,28.52,37.58,1.6129032258064522,1.5227272727272738,2.713114754098358,-4.229999999999997,-3.5934323432343227,-2.7496886547849613,-4.437176031683684,-0.00399833,0.00230778927392739,-0.011737970616326573,0.016353549164181354,0.00956251,0.013025397475083066,-0.004837571031529578,0.030888365981695712,0.06417461,0.0775665773026317,0.06988694236068592,0.08524621224457747,0.00362608,0.00080746,54.6,0.58,-0.832,0.11027152317880783,0.9921025157460669,-0.7715594693884512,10.5,-0.08220030778760867,0.2566461281582496,-0.09678650024068813,0.6100787565571874,0.51625,58.0
2026-09-14,XYZ,"BLOCK, INC.",79.49,75.11,83.4,74.77,87.84,64.27,102.24,-1.4130434782608692,1.7690677966101718,1.494743758212878,-5.240000000000009,-3.3339933993399335,0.7531786941509409,-7.4211654928308075,-0.01213017,0.0017990697689768953,-0.032009955721268926,0.03560809525922272,0.03159687,0.01122568946843853,-0.039619990336387134,0.06207136927326419,-0.0059169,-0.020571229243420964,-0.04723065555596102,0.006088197069119089,-0.00053924,0.00209481,5.6,-2.01,-0.418,0.1255662251655629,0.9613412950022111,-0.7102088446710852,26.0,0.07518011758930565,0.18923675474200552,-0.15573243685019772,0.5342059463342088,0.505,57.0
2026-09-14,CRWD,"CROWDSTRIKE HOLDINGS, INC.",235.38,191.61,233.65,197.42,255.45,170.8,297.47,-3.7776726584673637,-1.8913801694070762,-1.0401030761797383,-34.30000000000001,-18.80967788778877,-4.5313476806260855,-33.088008094951455,0.04952447,0.008330165379537954,-0.030063909819695877,0.04672424057877178,0.05542131,0.030406523156146135,-0.04268405414480143,0.1034971004570937,0.1174754,0.06686444819078942,0.021920996582595685,0.11180789979898315,0.02629237,0.0069813,81.7,1.34,0.261,0.16037417218543046,1.2319477918312018,-0.911199447460341,47.8,-0.45865362554365585,0.05246016164266321,-0.21552477913747803,0.32044510242280444,0.60075,57.0
2026-09-14,HSY,THE HERSHEY COMPANY,173.68,164.72,177.54,162.31,189.0,153.24,206.19,-1.6592741935483977,1.3474054529463488,1.5905088062622306,-10.879999999999995,-7.833168316831676,0.3750082232994991,-16.04134485696285,-0.02424644,-0.00047647957095709543,-0.02394472757385241,0.022991768431938217,0.00928139,0.0029800410299003228,-0.031159176214623253,0.037119258274423896,-0.00422842,-0.004081196546052606,-0.01763989663396336,0.009477503541858147,0.00175375,0.00666309,19.2,-1.34,-1.03,-0.018754966887417228,0.912918799086748,-0.9504287328615824,18.1,0.15250642054123698,0.053929875158729546,-0.19291587717935724,0.3007756274968163,0.505,57.0
2026-09-14,ANET,"ARISTA NETWORKS, INC.",187.81,185.36,206.28,179.28,217.8,153.17,267.45,3.5640449438202304,3.5158264947245024,2.2990762124711304,-41.150000000000006,-26.899867986798693,-15.334307900276075,-38.46542807332131,0.00858265,0.009858115148514852,-0.026708310187072905,0.04642454048410261,0.06382363,0.037477346079734214,-0.0090538038115009,0.08400849597096932,0.10579497,0.10646600578947345,0.08923447650761464,0.12369753507133226,-0.00017257,-0.00099706,23.6,-0.9,-0.429,0.29122185430463565,1.094358996736752,-0.5119152881274807,20.8,0.04759444034957805,0.04202595772650813,-0.2222522525440151,0.30630416799703136,0.495,56.0
2026-09-14,FXC,INVESCO:CANADIAN DOLLAR,70.32,69.74,71.67,68.14,73.22,66.41,74.86,1.3703703703704073,1.3302752293578053,1.1611253196930973,-1.5800000000000125,-1.1235973597359723,-0.632846553419477,-1.6143481660524674,-0.00333322,-0.00031705158415841527,-0.0046238390167999514,0.00398973584848312,0.00346829,0.00031383282392026486,-0.004785958765296723,0.0054136244131372515,0.002155,0.0005449763486842112,-0.0007321630315852794,0.0018221157289537019,-0.00186999,0.00361158,79.4,1.29,-0.273,-0.42318211920529836,0.7300795834287009,-1.5764438218392978,51.4,0.518516563605137,2.806165616831894,0.5473766265164066,5.064954607147381,0.592,56.0
2026-09-14,SBUX,STARBUCKS ,99.07,96.07,104.05,92.34,109.44,89.79,120.97,-1.0521978021978016,1.5408618127786062,2.3599137931034524,-8.050000000000011,-1.7781848184818474,1.46025141074394,-5.016621047707635,-0.01733373,0.002682341122112212,-0.014545352778281678,0.0199100350225061,0.0043942,0.004952362823920273,-0.022955416751617472,0.03286014239945802,-0.00532628,-0.023917490526315702,-0.043612998172358614,-0.004221982880272788,-0.00067721,0.00276501,57.3,0.23,-1.391,0.0399635761589404,0.7972635285806995,-0.7173363762628187,5.4,0.21844605623897317,0.21407791673401208,-0.1110574355237445,0.5392132689917687,0.4875,55.0
2026-09-14,PNC,"THE PNC FINANCIAL SERVICES GROUP, INC.",242.72,235.78,248.76,229.25,261.78,217.12,284.23,-1.1315315315315295,1.414996288047511,1.6214843750000012,-16.27000000000001,-15.397491749174907,-8.482426687031715,-22.3125568113181,-0.00383357,0.0035288596369636932,-0.016934205235151406,0.02399192450907879,0.01331367,0.015681965514950155,-0.009273672632841228,0.04063760366274154,0.02484723,0.03784935674342099,0.031318836241543274,0.04437987724529871,0.00283442,-0.00201644,69.6,0.96,-1.154,0.305658940397351,1.443437492134708,-0.8321196113400059,14.1,0.46377890471065575,0.23799503390650426,-0.03517103544016173,0.5111611032531702,0.481,54.0
2026-09-14,RF,REGIONS FINANCIAL ,30.03,28.98,30.67,28.06,32.69,26.53,35.55,-1.6065573770491826,1.3502538071065957,1.577142857142856,-1.7199999999999989,-1.6766666666666674,-0.7196899610927869,-2.633643372240548,-0.01029774,0.003950816369636962,-0.017555724113360514,0.02545735685263444,0.01416126,0.01324079691029902,-0.015108633687817362,0.0415902275084154,0.01432609,0.023427377894736832,0.01418028926275636,0.03267446652671731,0.00331822,-0.00363542,79.2,0.95,-1.105,0.28647350993377496,1.3086953283957947,-0.7357483085282448,11.7,0.07688203737635346,0.15419306708718514,-0.08839303305125051,0.3967791672256208,0.481,54.0
2026-09-14,UNP,UNION PACIFIC ,285.08,270.49,295.6,262.25,317.72,263.62,343.96,-1.8783132530120425,1.4296977660972434,2.7437092264678498,-34.44,-9.547821782178222,0.30318343804818504,-19.39882700240463,-0.03047501,0.0046365352145214525,-0.013080857127168988,0.022353927556211895,0.02114681,0.010166520764119596,-0.003932730234414679,0.02426577176265387,0.03031939,0.002495196973684221,-0.014533198159857354,0.019523592107225797,-0.0027887,0.00403456,53.0,-0.11,-0.595,0.23660596026490047,1.2565938797251046,-0.7833819591953037,18.1,0.017624906503415527,0.18413995014386056,-0.11559406897526606,0.4838739692629872,0.561,54.0
2026-09-14,VAL,VALARIS LIMITED,81.27,80.91,91.12,75.5,95.06,63.6,116.72,4.456521739130462,2.389948006932412,2.0062252405206573,-13.799999999999997,-3.652508250825079,3.3763000411776574,-10.681316542827815,-0.01201184,0.01107480042904291,-0.033487870916426944,0.05563747177451276,0.00680718,0.04348395624584717,-0.01928483571263343,0.10625274820432778,0.03104827,-0.020291190032894754,-0.06409477740427877,0.023512397338489265,-0.00968777,0.02074499,17.3,-1.48,-0.552,0.17897350993377478,1.040294526154587,-0.6823475062870374,22.4,0.27392392434908674,0.07111363531206275,-0.20832687263656316,0.3505541432606887,0.561,54.0
2026-09-14,CHD,"CHURCH & DWIGHT CO., INC.",94.58,90.72,97.93,87.42,103.55,85.52,115.69,-1.5215827338129504,1.252793296089386,2.330022075055187,-9.350000000000009,-4.270924092409239,-1.848826907661143,-6.693021277157335,-0.01619602,-0.0001556486798679856,-0.014801567181920846,0.014490269822184874,-0.00376714,-0.0015529393355481654,-0.027798216938271607,0.024692338267175276,0.01665937,0.01120190526315789,0.006674832001171216,0.015728978525144564,0.00182881,-0.0024925,41.9,-0.27,-1.088,-0.07597019867549666,0.8236318704805611,-0.9755722678315545,11.7,0.006730676096128985,0.1957742929811919,-0.20726381594766682,0.5988124019100506,0.561,54.0
2026-09-14,CSX,CSX ,48.91,46.21,50.66,45.17,53.52,44.94,57.86,-1.9520547945205429,1.2326203208556183,2.254408060453402,-5.830000000000005,-2.111386138613861,-0.482438343274896,-3.740333933952826,-0.02632964,0.007101213366336635,-0.010518501765668683,0.024720928498341954,0.0164631,0.028399129368770752,0.012324240539322733,0.04447401819821877,0.04112847,0.016065059046052627,0.001578674746393451,0.030551443345711804,-0.0024643,0.00121672,48.2,-0.19,-0.553,0.4212682119205297,1.4070916131043871,-0.5645551892633278,16.1,0.5648246402146149,0.2120952885165087,-0.19947770299949855,0.623668280032516,0.561,54.0
2026-09-14,EWW,ISHARES:MSCI MEXICO,74.82,74.12,78.5,71.62,79.24,69.62,86.23,1.7414965986394586,1.3812500000000054,2.194230769230776,-6.950000000000003,-2.90085808580858,-0.39610910174427705,-5.405607069872883,-0.00651274,0.003008404356435641,-0.010667263807137681,0.016684072520008964,0.00105871,0.009580783720930217,-0.00761709889891295,0.026778666340773385,0.03917486,0.006979794736842105,-0.010955718400021491,0.024915307873705703,-0.01191434,0.00402952,35.1,-0.89,-0.131,0.26449668874172183,1.031924842870691,-0.5029314653872473,28.4,0.7293027486776222,0.2500969758688331,-0.06268437492689588,0.5628783266645621,0.561,54.0
2026-09-14,FE,FIRSTENERGY CORP.,45.83,44.88,47.46,43.48,49.09,42.65,51.87,1.3363636363636335,1.3872340425531928,1.8993710691823897,-2.5600000000000023,-2.388877887788779,-1.0225507929566717,-3.755204982620886,-0.00802356,0.0030270188448844903,-0.010631429126174017,0.016685466815942997,0.00152241,0.00797571358803986,-0.006053657745877534,0.022005084921957255,0.01281287,0.018203376809210504,0.008880164878005695,0.027526588740415314,0.00207158,-0.00508352,55.8,0.35,-0.892,0.17009933774834438,1.2453032526118297,-0.9051045771151409,17.7,0.010611349423512273,0.45984867503062693,0.032976017697371296,0.8867213323638825,0.481,54.0
2026-09-14,ITW,ILLINOIS TOOL WORKS INC.,269.04,254.23,272.27,246.35,291.75,249.69,318.73,-3.764127764127776,1.000881445570734,2.567958656330746,-23.870000000000005,-12.964818481848194,-4.205017166209881,-21.724619797486508,-0.02305103,0.0011206540594059405,-0.018103828362348768,0.02034513648116065,0.00750756,0.005528438338870428,-0.017691191787365196,0.028748068465106053,0.0279661,0.016245361414473705,0.005554485213200455,0.026936237615746955,0.00349293,-0.00901718,37.9,-0.63,-1.868,-0.04823178807947018,1.0398960438658096,-1.13635962002475,10.1,0.4112114780134919,0.146698271020513,-0.17736645365160184,0.4707629956926278,0.561,54.0
2026-09-14,TRV,"THE TRAVELERS COMPANIES, INC.",378.05,359.97,375.95,345.6,423.17,337.77,442.12,-2.868189806678383,1.3904468412942996,1.5906156901688169,-28.99000000000001,-27.391716171617144,-14.91004928360573,-39.87338305962856,0.00957692,0.0049470260726072616,-0.01112734657030201,0.02102139871551653,0.0472438,0.013297065880398678,-0.0037357886192749754,0.03032992038007233,0.07558568,0.05428745753289452,0.038429474724962484,0.07014544034082655,0.00629232,0.00107479,33.7,-0.57,0.344,0.2508046357615892,1.155834312545084,-0.6542250410219056,57.3,0.36503203326105416,0.19057146007191716,-0.1247276470803903,0.5058705672242246,0.582,53.0
2026-09-14,VTRS,VIATRIS INC.,16.66,15.88,17.22,15.1,18.61,14.19,20.98,-1.2499999999999971,1.2499999999999991,1.7489878542510118,-1.3500000000000014,-0.7799009900990101,0.0681089456280024,-1.6279109258260227,0.00582829,0.009902730330033,-0.01709059804824094,0.036896058708306936,0.02257768,0.03196116491694348,0.007276273240999956,0.056646056592887004,0.04189067,0.013859347894736845,-0.009035324830736768,0.03675402062021046,0.00226584,0.00694372,15.3,-1.46,0.395,0.4417417218543048,1.503690140892954,-0.6202066971843444,49.4,0.3617808917726486,0.2914698001368698,-0.31443203374642975,0.8973716340201694,0.582,53.0
2026-09-14,XOM,EXXON MOBIL ,165.08,156.84,170.99,151.85,186.33,140.6,194.42,1.1248206599713022,1.606198034769461,1.198529411764704,-12.649999999999977,-9.376039603960395,-2.3949608130772093,-16.35711839484358,-0.00012884,0.007057758151815182,-0.010469002045200085,0.02458451834883045,0.04014785,0.019563315946843834,0.0007228855528035698,0.0384037463408841,0.04931953,0.026841545394736873,0.00559428480196731,0.048088805987506436,0.00156917,0.01407348,12.1,-1.68,0.427,0.35247682119205276,1.2623406154193402,-0.5573869730352345,49.8,0.32762388125374997,0.12836576296783972,-0.07525968266873456,0.331991208604414,0.582,53.0
2026-09-14,NOC,NORTHROP GRUMMAN ,527.39,494.49,530.36,472.39,570.17,466.05,656.32,-3.921409214092143,-1.2856474988312303,2.1018910987936112,-40.41999999999996,-43.8429702970297,-17.47210285914919,-70.21383773491021,-0.02161604,0.0010947294719471953,-0.02302179335052748,0.025211252294421872,-0.02036233,-0.001224380265780712,-0.038711427655989755,0.03626266712442833,0.01860369,0.031218704835526415,0.019877390557431804,0.04256001911362103,0.00831667,0.00253242,56.3,0.67,-1.406,-0.032798013245033016,1.097133958774252,-1.1627299852643178,16.1,0.0657189208172344,0.12522196357511176,-0.21721731447180428,0.4676612416220278,0.459,52.0
2026-09-14,RIG,TRANSOCEAN LTD,5.45,5.44,6.15,5.08,6.42,4.34,7.59,5.363636363636346,2.62162162162162,1.927927927927927,-0.8399999999999999,-0.08815181518151831,0.34066746712261636,-0.516971097485653,-0.0118853,0.012459963168316827,-0.02255987090718085,0.0474797972438145,0.0075218,0.04317851392026577,-0.00407717161949344,0.09043419946002498,0.01259966,-0.0639952262171051,-0.12932997393996168,0.0013395215057514787,-0.00941244,0.02000464,21.2,-1.37,-0.555,0.26115562913907275,1.1145753703970729,-0.5922641121189275,15.3,0.2644917116519838,0.19852649059092295,-0.4610677030458984,0.8581206842277443,0.546,52.0
2026-09-14,GL,GLOBE LIFE INC.,172.92,165.99,175.47,158.05,187.06,152.09,210.0,-2.3079847908745013,-1.051626591230549,1.7801248199711974,-12.280000000000001,7.465280528052805,24.833618257018145,-9.903057200912535,-0.00173997,0.004368234950495049,-0.013421915624652194,0.022158385525642293,0.00411933,0.02716918946843852,0.0002813503845568513,0.05405702855232019,0.03512912,-0.10599936539473619,-0.2258863610298169,0.013887630240344548,0.00428012,-0.00403158,38.1,-0.64,-0.81,0.32159602649006624,1.302257744091779,-0.6590656911116466,16.1,0.19167602051488752,0.3043714784633672,-0.09510101930833731,0.7038439762350717,0.546,52.0
2026-09-14,STIP,ISHARES:0-5 TIPS BD ETF,100.29,97.54,102.78,97.57,103.22,96.5,105.44,-1.2179487179487272,1.0772058823529334,1.3588390501319216,-3.8499999999999943,-1.9764686468646857,-1.518665363927537,-2.4342719298018345,-0.01106337,-0.0005512371287128715,-0.0033422376701206327,0.0022397634126948896,-0.00218818,-0.0018503566112956801,-0.007520391587801482,0.0038196783652101225,0.00368985,0.0024692180263157794,0.0005872512128465861,0.004351184839784973,-7.702e-05,0.00109962,31.9,-0.68,-1.409,-0.5818112582781457,0.18006468806331344,-1.343687204619605,14.9,6.161374333330803,4.844360910884167,1.7242169279763724,7.964504893791962,0.48,51.0
2026-09-14,DG,DOLLAR GENERAL ,129.17,119.39,134.85,118.35,141.96,106.74,157.37,-2.0359281437125647,1.1820702402957513,1.2572447614801616,-11.990000000000009,-3.952112211221123,3.1716266334053254,-11.075851055847572,0.01442303,0.0020897404620462043,-0.031819201853194146,0.03599868277728656,0.03539649,0.018379856777408665,-0.02641728985791604,0.06317700341273337,0.04914174,-0.010245610131578877,-0.03629315224841823,0.015801931985260476,0.00058819,-0.00197327,75.6,1.19,0.43,-0.05063576158940393,0.8942061716723191,-0.995477694851127,63.7,0.04568295040823722,0.23520907109808484,-0.16118550407830237,0.6316036462744721,0.533,51.0
2026-09-14,EWA,ISHARES:MSCI AUSTRALIA,29.06,28.67,30.32,27.54,31.47,26.77,32.74,1.380281690140851,1.5855263157894741,1.6069868995633207,-1.110000000000003,-0.42924092409241,0.1319366617242228,-0.9904185099090428,-0.00858749,0.0008342263696369634,-0.01139922000440927,0.013067672743683197,0.0086234,0.0061011890033222625,-0.006196598334162631,0.018398976340807158,-0.00939996,-0.009944072828947374,-0.01483293012147517,-0.005055215536419579,-0.00406796,0.00076612,32.7,-0.37,-0.548,0.1380165562913906,0.8659487272882183,-0.5899156147054372,20.8,0.2638503491703066,0.20275844326509515,-0.25675081183982584,0.6622676983700162,0.48,51.0
2026-09-14,EWS,ISHARES:MSCI SINGAPORE,33.64,32.85,34.74,32.75,36.09,31.19,37.57,-1.1195652173913035,2.7528089887640466,1.6040816326530616,-2.5,-1.4334653465346527,-0.8545577735147477,-2.012372919554558,-0.00177915,0.0034160866996699674,-0.006930265844196456,0.01376243924353639,0.03994409,0.012284569534883695,-0.0029324710142022963,0.027501610083969688,0.0391228,0.026028430822368474,0.018552906587484944,0.033503955057252004,-0.00135867,0.00403318,16.3,-1.29,-0.103,0.38851324503311274,1.2284496716873352,-0.45142318162110967,34.3,0.3659321670450202,0.7457858973391411,-0.2940984329804055,1.7856702276586878,0.557,51.0
2026-09-14,ICL,ICL GROUP LTD,5.51,5.65,6.08,5.28,6.25,4.8,6.92,,3.2173913043478333,1.9859154929577467,-0.8100000000000005,-0.46867986798679867,-0.15298200784518196,-0.7843777281284154,0.00401852,-0.0025502950825082513,-0.036285946453165595,0.031185356288149092,0.02930154,-0.0061219838870431855,-0.029259868423083278,0.017015900648996905,0.06617625,0.02786697394736845,0.01136194658359804,0.04437200131113886,-0.01668039,0.01378493,68.8,0.73,-0.12,-0.11066887417218554,0.8653195129779302,-1.0866572613223013,43.1,2.7502966783201956,0.9551198075868794,-0.11926971048647461,2.0295093256602335,0.533,51.0
2026-09-14,CMCSA,COMCAST ,24.88,23.45,26.61,22.28,28.53,20.77,29.89,-1.2183098591549284,1.4038461538461557,1.2189781021897816,-1.0700000000000003,0.17264026402640287,1.2571761885056347,-0.911895660452829,-0.03548703,-0.0052871599669966985,-0.030028686862322164,0.01945436692832877,0.00024412,-0.011019433521594702,-0.042648567847674006,0.020609700804484606,-0.0636207,-0.058882328125000244,-0.066294885273781,-0.05146977097621949,-0.00370444,0.00335358,48.6,0.22,-0.553,-0.2795993377483445,0.7641169277774678,-1.3233156032741569,44.6,0.0633634742930993,0.2557364308250571,-0.2445154638663382,0.7559883255164523,0.467,50.0
2026-09-14,ON,ON SEMICONDUCTOR ,71.65,67.21,75.3,59.92,79.15,56.31,102.75,-1.1987381703470115,-1.5640000000000005,2.0273794002607555,-7.6499999999999915,-3.8061386138613877,5.164635342239114,-12.776912569961889,-0.01188063,0.003535512904290428,-0.04577916595825465,0.0528501917668355,-0.09901644,0.03064428345514947,-0.032310286417686795,0.09359885332798573,0.02399299,-0.031087607993421036,-0.08944959212889145,0.027274376142049375,0.00702753,-0.00226967,57.7,0.62,-1.001,0.16755298013245057,1.18203579953921,-0.8469298392743089,12.9,0.06042970037246942,0.1114168039395311,-0.21038661843582582,0.433220226314888,0.43,48.0
2026-09-14,SLV,ISHARES:SILVER TRUST,56.84,56.45,62.21,51.39,64.81,48.07,82.88,3.7699115044247686,1.4623853211009166,2.9692132269099183,-16.689999999999998,-16.35950495049504,-3.478308219433398,-29.240701681556683,-0.01013198,0.008046815841584157,-0.03728457459648886,0.05337820627965717,-0.02163377,0.04086353448504984,-0.023270826486405938,0.10499789545650562,0.15978355,0.1592260944078951,0.10590020873676265,0.21255198007902754,-0.00975099,4.96e-06,86.9,1.69,-0.262,0.46568874172185415,1.5982967701172859,-0.6669192866735777,27.6,0.03173111051233657,0.08474313099195385,-0.20664567697235686,0.37613193895626457,0.43,48.0
2026-09-14,ADI,"ANALOG DEVICES, INC.",361.02,349.57,378.51,332.96,393.05,316.16,451.92,1.5129087779690218,1.1414825374198156,2.0263040570664317,-35.81,-25.802904290429055,-7.06738698356747,-44.538421597290636,-0.00494579,0.004185568613861384,-0.022760868463270828,0.0311320056909936,-0.02019613,0.029904180465116257,-0.0005353892167068372,0.06034375014693935,0.04755942,0.03257927194078952,0.013905896787651962,0.05125264709392709,0.00055889,-0.00268301,60.7,0.49,-0.833,0.2807185430463575,1.2839523128780757,-0.7225152267853607,11.7,0.07082906427442937,0.23056467275240233,-0.09096045535788183,0.5520898008626864,0.43,48.0
2026-09-14,AMZN,"AMAZON.COM, INC.",253.54,246.55,260.25,226.76,279.73,223.89,318.7,-1.234493192133134,-1.0225276823214957,2.1976391231028662,-20.890000000000015,-19.51514851485148,-8.353185169502984,-30.67711186019997,-0.00411588,0.0019980144884488467,-0.02383362852337661,0.027829657500274302,-0.01333065,0.01218514039867113,-0.015154770979003156,0.03952505177634542,0.03109368,0.03067195092105267,0.017064166335463996,0.04427973550664135,0.00084888,0.00129836,26.4,-1.05,-0.514,0.09359933774834435,1.0703769174794417,-0.883178241982753,31.5,0.17809217470553707,0.1995517384687081,-0.17240825774772928,0.5715117346851455,0.432,48.0
2026-09-14,DBB,INVESCO DB MS BMTL,25.06,25.24,26.68,24.14,26.84,23.66,28.52,4.862068965517256,1.9347826086956572,2.4714285714285746,-2.1799999999999997,-1.1010891089108912,-0.48218027260101237,-1.7199979452207699,0.00161314,0.0035832148184818495,-0.009610284811449345,0.016776714448413044,-0.00095648,0.0003749828239202713,-0.02577863379961974,0.026528599447460284,0.03519116,0.02234023371710528,0.008282136401323447,0.03639833103288711,-0.00530069,0.00073688,97.8,2.47,-0.331,0.4137450331125829,1.1276496243155645,-0.3001595580903986,18.8,-0.07963195670411838,0.7777050022149506,0.025103148831952415,1.5303068555979489,0.42625,48.0
2026-09-14,EIRL,ISHARES:MSCI IRELAND,83.15,82.69,86.6,81.08,88.3,74.78,92.7,2.8499999999999943,2.4879227053139967,1.1409796893667852,-2.6999999999999886,-2.0682508250825093,-0.5865682159866905,-3.549933434178328,0.00346526,0.002816714026402639,-0.008477169807193983,0.01411059785999926,0.0162805,0.012234642325581389,0.003747612177640792,0.020721672473521986,0.00593753,0.003651028190789474,-0.0050919120974145336,0.01239396847899348,-0.00314862,0.00453874,53.2,-0.16,-0.033,0.2778973509933775,0.9492106318017024,-0.3934159298149475,29.6,,,,,0.43,48.0
2026-09-14,LULU,LULULEMON ATHLETICA INC.,100.3,86.11,107.53,86.85,112.03,84.9,143.39,-2.1178203240058884,-1.1466325660699062,2.798051948051949,-11.86,1.7480528052805286,12.026216141213478,-8.530110530652422,-0.06309849,-0.01453448597359737,-0.0491858820400105,0.020116910092815764,-0.03089641,-0.039036707009966816,-0.08315773005678287,0.005084316036849244,-0.08304875,-0.08726457562499987,-0.1002096254573348,-0.07431952579266493,-9.454e-05,0.00301164,87.9,1.57,-0.844,-0.4010331125827816,0.4957940367481195,-1.2978602619136828,28.8,-0.45281231630164287,0.17734186988397171,-0.23588401402633907,0.5905677537942825,0.42625,48.0
2026-09-14,TFC,TRUIST FINANCIAL ,50.1,48.51,52.28,47.4,53.97,44.18,58.68,1.2243589743589705,1.433333333333331,1.4493243243243237,-2.75,-2.6145874587458735,-0.9597139382068363,-4.2694609792849105,-0.00543064,0.0025529532673267325,-0.018149429939468373,0.02325533647412184,0.00156728,0.012102668438538196,-0.008816481189745498,0.03302181806682189,-0.00269222,0.01859181226973682,0.006889331650400525,0.030294292889073114,0.00231931,-0.00417804,72.0,1.14,-1.07,0.23711920529801342,1.296368569224548,-0.8221301586285211,10.7,0.06791020223341171,0.2078686656904922,-0.08867587375132788,0.5044132051323122,0.415,47.0
2026-09-14,USB,U.S. BANCORP,62.68,60.85,63.97,59.83,67.01,55.65,72.95,-1.2647058823529342,1.5192982456140363,1.4608819345661452,-3.690000000000005,-3.0410891089108922,-1.402246296571501,-4.679931921250283,-0.00013309,0.003668660264026404,-0.014564596192242528,0.021901916720295338,0.02147747,0.014791749900332234,-0.004389498303578798,0.033972998104243264,0.02305844,0.024744793914473578,0.020114170259934196,0.02937541756901296,0.00400912,-0.0004286,64.5,0.65,-0.86,0.32426158940397337,1.333921070066547,-0.6853978912586003,12.9,0.6008646620127063,0.19800039506523948,-0.062043588039231656,0.4580443781697106,0.415,47.0
2026-09-14,XLF,SEL SECTOR:FINL S SPDR,57.03,55.98,58.34,54.4,61.1,51.86,64.23,1.0769230769230738,1.5475285171102648,1.3926499032882012,-1.9399999999999977,-1.83016501650165,-0.6770424321535271,-2.9832876008497733,-0.00123623,0.001479436369636963,-0.008254663398123446,0.011213536137397371,0.01544234,0.0033732433554817267,-0.010140578327069796,0.01688706503803325,0.00223616,0.010922925592105287,0.0013246956177851103,0.02052115556642546,0.00032482,-0.00484772,81.5,1.3,-0.611,0.16296026490066232,0.9865192853781847,-0.6605987555768601,23.6,0.38585419692707856,0.2504310657529857,-0.05245294665560213,0.5533150781615734,0.415,47.0
2026-09-14,EWU,ISHARES:MSCI UK,47.91,46.74,49.14,46.01,50.84,45.3,52.37,-1.2475247524752393,1.5421052631578995,1.7088122605363991,-2.1100000000000065,-1.451716171617161,-0.6306776038441696,-2.272754739390152,-0.00441953,0.0021840184158415845,-0.007301306889114619,0.011669343720797788,0.012192,0.007506421428571432,-0.002213130607116168,0.017225973464259033,0.01164186,0.009753456776315783,0.003846942454604517,0.01565997109802705,-0.00031179,0.00270826,56.9,0.31,-0.379,0.30462251655629086,0.9766892178983393,-0.3674441847857575,17.7,1.4000776682958973,0.21292047381335563,-0.30942837772927767,0.735269325355989,0.415,47.0
2026-09-14,JPM,JPMORGAN CHASE & CO.,350.13,344.91,363.87,338.23,377.43,324.08,410.86,2.172354948805459,2.2941176470588287,2.331285988483685,-33.35000000000002,-28.39082508250825,-18.754852968159454,-38.026797196857046,-0.0002738,0.003234192970297032,-0.010933005755063745,0.017401391695657808,0.02495998,0.013554073156146193,-0.00442651905697837,0.031534665369270756,0.04526495,0.05416918217105243,0.043611269134699794,0.06472709520740508,0.00169835,-0.01151129,37.1,-0.29,-0.882,0.24519205298013236,1.0295806458690415,-0.5391965399087767,10.5,0.7344097552258306,0.2066047236525756,-0.10281779089031101,0.5160272381954623,0.421,47.0
2026-09-14,KVUE,KENVUE INC.,17.91,17.07,18.59,16.58,19.77,15.37,21.98,-1.7017543859649094,1.3984962406015014,1.602362204724409,-0.5300000000000011,-0.22630363036303702,0.5168506904811775,-0.9694579512072515,-0.02275241,-0.004652353993399342,-0.03219119726790022,0.022886489281101534,0.00352599,-0.0149410112624585,-0.05974652801349495,0.029864505488577945,-0.04242094,-0.03181555805921048,-0.04175421683927327,-0.021876899279147686,-0.000208,-0.00209107,55.4,0.19,-1.171,-0.05349668874172191,0.7967245634802295,-0.9037179409636732,12.9,0.25177853373983217,0.5205773108254106,-0.520973111359974,1.5621277330107952,0.415,47.0
2026-09-14,L,LOEWS ,109.2,105.6,110.71,101.74,117.45,102.97,125.15,-1.561576354679803,1.1058981233243956,2.5601926163723903,-8.259999999999991,-8.088283828382835,-5.4769527453650255,-10.699614911400644,-0.00624891,0.0028711837293729425,-0.009865904018900841,0.015608271477646724,0.0051936,0.010668651196013295,-0.0038371748653968103,0.025174477257423403,0.04404894,0.04536401424342102,0.042249070108143084,0.04847895837869896,0.00333282,-0.00080666,43.5,-0.36,-1.135,0.25438410596026495,1.2324370185437232,-0.7236688066231933,10.5,0.5586884650063955,0.3395956093272649,0.045891101294133874,0.6333001173603959,0.421,47.0
2026-09-14,LVS,LAS VEGAS SANDS CORP.,42.4,40.89,44.35,38.81,46.54,36.05,53.91,-1.2808219178082167,1.1532033426183856,1.8125984251968497,-2.0,-1.6655775577557765,0.8322518800605527,-4.163406995572106,-0.03267775,-0.0014975868316831672,-0.029932541916182005,0.026937368252815667,-0.01937618,0.0025015123920266026,-0.04162509531519976,0.04662812009925297,-0.03932271,-0.022390851513157957,-0.03547681604690789,-0.009304886979408025,-0.00373715,0.00324115,46.8,0.21,-1.14,-0.05772185430463603,0.9288130942754799,-1.0442568028847519,15.7,0.1287021153642387,0.2927098301446523,-0.16986627775801333,0.7552859380473179,0.415,47.0
2026-09-14,ROKU,"ROKU, INC.",157.45,149.87,156.59,148.59,166.54,132.14,193.36,-17.80487804877936,1.025959367945826,1.4188067957329127,-14.75,-8.538118811881196,-1.0947028075420855,-15.981534816220307,-0.00514757,0.009924404422442242,-0.02165439245147346,0.04150320129635794,0.02988983,0.022271370465116312,-0.02226169990442936,0.06680444083466199,0.07592217,0.022506349605263178,-0.013886869655003905,0.05889956886553026,0.00460539,-0.00101295,69.8,0.86,-0.092,0.4590430463576156,1.3925988650312466,-0.4745127723160153,28.4,0.06110183989753515,0.31402599728594266,-0.19401726543018144,0.8220692600020667,0.481,46.0
2026-09-14,STE,STERIS PUBLIC LIMITED COMPANY,213.66,202.4,222.66,194.26,241.14,191.84,261.8,-1.8260869565217368,1.4164948453608237,2.2062328139321736,-18.80000000000001,-7.925643564356438,-0.08429703485578699,-15.766990093857089,-0.02816115,-0.004890335841584162,-0.026833151036279146,0.01705247935311082,0.01375897,-0.008722439634551486,-0.03715138684421984,0.01970650757511687,-0.00800615,-0.010563017664473671,-0.01795008359710286,-0.003175951731844486,-0.00113908,0.00165809,45.4,-0.54,-1.689,-0.1904635761589402,0.6660553134771536,-1.046982465795034,5.0,0.3510995954642546,0.12149833827395379,-0.3128174782748564,0.555814154822764,0.4125,46.0
2026-09-14,TTWO,"TAKE-TWO INTERACTIVE SOFTWARE, INC.",222.91,200.74,221.77,194.96,238.17,194.77,275.01,-9.948356807511757,-1.8315858453473135,1.8514570007107327,-23.97999999999999,-23.0436303630363,-12.29858881343533,-33.78867191263727,-0.02299169,-0.0031118159075907556,-0.030641245858762017,0.024417614043580504,-0.01148731,-0.002131500166112956,-0.03878757234841893,0.034524572016193016,0.04657285,0.04152549414473691,0.02916162520783857,0.05388936308163526,0.00514625,-0.01346403,28.0,-0.75,-1.088,-0.030569536423841068,0.8772557208842097,-0.9383947937318918,12.9,0.11032835659754747,0.3697626370594927,-0.07061408828404409,0.8101393624030295,0.406,46.0
2026-09-14,HAS,"HASBRO, INC.",90.76,86.3,93.37,82.22,103.5,79.8,110.57,-1.4013605442176897,1.491803278688523,1.8074817518248152,-8.289999999999992,-7.401023102310238,-3.29885279042941,-11.503193414191067,-0.01128918,0.004236250297029707,-0.019801271743428068,0.02827377233748748,0.02763287,0.021942898903654504,-0.008913392525642324,0.05279919033295133,0.03389758,0.04177909476973689,0.019047098034346458,0.06451109150512732,0.00208909,-0.00112377,16.9,-1.07,-1.22,0.14672516556291407,1.09092123976608,-0.7974709086402518,11.7,0.35498496104524246,0.2812551869820133,-0.1491895215772786,0.7116998955413052,0.406,46.0
2026-09-14,HPE,HEWLETT PACKARD ENTERPRISE COMPANY,55.41,51.72,62.41,48.74,67.91,39.83,82.79,2.6086956521739157,1.8740629685157437,1.7573812580231074,-13.13000000000001,-3.444983498349836,0.6416060117710569,-7.53157300847073,0.00067545,0.018413697425742566,-0.02702573460461513,0.06385312945610026,0.03655426,0.07374671617940201,-0.009816899033598475,0.1573103313924025,0.13250563,0.032296233092105296,-0.01607116844118915,0.08066363462539974,0.00151179,-0.00475742,99.4,3.14,-0.259,0.467251655629139,1.4545922409773027,-0.5200889297190248,26.0,-0.25222149258308546,0.19812206918633746,-0.14817717699537453,0.5444213153680495,0.47725,46.0
2026-09-14,SOLV,SOLVENTUM ,89.82,85.33,93.21,83.26,97.64,74.79,106.79,-1.5268138801261788,1.1920731707317107,1.1290751829674004,-5.13000000000001,-5.0763696369637,-1.5098690394700278,-8.642870234457373,0.00189591,0.0043650846864686475,-0.016720461149974417,0.025450630522911712,0.02616591,0.0047738384717608,-0.023015386800822053,0.03256306374434365,0.01827345,0.018903068980263248,0.0023442206577156295,0.03546191730281087,-0.00092394,0.00222891,32.5,-1.05,0.176,0.06097350993377491,0.9833574568210497,-0.8614104369534998,49.4,0.47244176575405317,0.14834282261510895,-0.19619529822452753,0.4928809434547454,0.417,45.0
2026-09-14,TMO,THERMO FISHER SCIENTIFIC INC.,613.62,583.25,624.86,567.11,686.05,503.01,730.25,-2.65,1.557299505482691,1.0544254588192747,-21.389999999999986,-19.613696369636955,2.037944870943747,-41.26533761021766,-0.00427917,0.0071172530033003275,-0.018512308303141545,0.032746814309742196,0.05154165,0.013613676744186051,-0.018938349282854837,0.04616570277122694,-0.00027182,-0.010473036184210513,-0.029919608695272604,0.008973536326851578,-0.00269482,0.00407737,34.9,-0.56,0.568,0.2464172185430466,1.278349798029803,-0.7855153609437098,56.2,0.17977591471323162,0.08557272804757857,-0.2013592886725802,0.3725047447677373,0.417,45.0
2026-09-14,CNR,"CORE NATURAL RESOURCES, INC.",96.3,95.14,104.25,87.11,110.75,75.32,123.05,3.2822966507176976,1.5723612622415677,1.2750238322211627,-9.38000000000001,-5.753465346534654,0.22296004563464855,-11.729890738703956,0.01263742,0.0065561197029702966,-0.028868653453888542,0.04198089285982914,0.01859015,0.018692965548172777,-0.00829087263873849,0.045676803735084044,0.01726405,0.004822166677631575,-0.010034045802357857,0.01967837915762101,-0.00463956,0.00823184,16.9,-1.48,0.008,0.17111258278145694,1.0518133121205575,-0.7095881465576437,43.8,0.23702616445868596,0.07823040779267963,-0.14682932274203975,0.303290138327399,0.417,45.0
2026-09-14,KO,THE COCA-COLA COMPANY,89.35,84.88,90.73,84.8,97.24,80.7,101.66,-2.0659898477157337,1.7340659340659352,1.4231213872832387,-6.3500000000000085,-5.456963696369635,-3.2748977160687893,-7.63902967667048,-0.00633704,0.0048623863366336634,-0.006857958257481115,0.01658273093074844,0.0425177,0.015994109368770777,0.0003060307105252312,0.03168218802701632,0.03913644,0.0381704665131579,0.030650559947297807,0.04569037307901799,0.0022829,0.00087993,40.3,-0.55,0.339,0.13897682119205293,1.041076065162796,-0.76312242277869,53.4,0.2674522304888063,0.1028824616814899,-0.18797026055940558,0.3937351839223854,0.417,45.0
2026-09-14,NUE,NUCOR ,254.63,247.68,269.99,230.54,288.44,212.55,327.1,2.5623869801085015,1.403486924034869,1.7221958174904957,-31.970000000000027,-8.219405940594063,4.616886345183975,-21.0556982263721,0.01418961,0.011700019570957097,-0.01715273198491745,0.040552771126831644,0.00162329,0.04235890923588036,0.01582576987551206,0.06889204859624866,0.0450255,-0.008878995690789383,-0.03467803382295372,0.01692004244137496,0.00558224,-0.00147901,30.4,-0.46,-0.563,0.5129337748344373,1.6856668473564982,-0.6597992976876236,21.2,0.07886670807776919,0.14770269229404337,-0.0876720554169266,0.3830774400050133,0.48,44.0
2026-09-14,HLX,"HELIX ENERGY SOLUTIONS GROUP, INC.",8.49,8.13,9.69,7.78,10.18,7.6,12.48,2.1400000000000006,2.3802816901408446,4.483146067415728,-2.119999999999999,-0.20039603960396055,0.25767200414008296,-0.658464083348004,-0.04568493,0.00851190623762376,-0.023428232134990574,0.040452044610238096,0.0027526,0.024147960764119618,-0.02119186258911039,0.06948778411734963,-0.00591249,-0.039672423421052545,-0.06396714205902021,-0.015377704783084888,-0.00549474,0.01381716,62.3,0.63,-1.614,0.203841059602649,0.9098755480708217,-0.5021934288655238,0.2,0.006950299851637087,0.15882517526523796,-0.25534242570920196,0.5729927762396779,0.465,44.0
2026-09-14,INCY,INCYTE ,122.19,118.57,129.27,113.94,136.82,110.43,152.66,1.4623115577889416,1.7733333333333328,2.590986394557825,-20.610000000000014,-12.173003300330032,-7.084719599852496,-17.26128700080757,-0.01290333,0.012387008877887792,-0.009453510099853617,0.0342275278556292,0.02304873,0.025673329833887034,0.0016417499633136108,0.049704909704460454,0.08685181,0.06848985394736844,0.04908386861467236,0.08789583928006452,-0.00475227,-0.00033394,30.4,-0.55,0.171,0.314996688741722,1.1221142107551887,-0.4921208332717448,45.8,0.26963977388573057,0.19177779624614708,-0.2519917118881987,0.6355473043804928,0.407,44.0
2026-09-14,ORLY,"O'REILLY AUTOMOTIVE, INC.",87.22,82.98,87.25,80.0,92.56,80.55,100.73,-13.032258064516007,-1.3520599250936318,2.0254872563718145,-5.650000000000006,-7.880957095709581,-4.84590065076808,-10.916013540651083,-0.01646378,-0.0010645246534653468,-0.018575099296967178,0.01644604999003648,-0.00979336,0.00037784166112957,-0.02280141964364468,0.023557102965903822,0.02852234,0.0386094543092105,0.02962336989115917,0.04759553872726183,0.00287882,0.00142893,34.5,-0.73,-0.857,-0.054254966887417246,0.866916765215279,-0.9754266989901136,20.8,0.5416589798732871,0.19818237030421304,-0.10130639922232998,0.49767113983075606,0.384,43.0
2026-09-14,BMY,BRISTOL-MYERS SQUIBB COMPANY,64.1,61.82,66.31,60.39,71.21,56.83,78.57,-1.2070707070707014,1.9164420485175233,1.9903713892709776,-6.27000000000001,-2.39894389438944,-0.14375512969779924,-4.65413265908108,-0.01468104,0.006736921650165013,-0.009853678747870354,0.023327522048200378,0.03056269,0.014450953521594681,-0.011838023755139043,0.040739930798328404,0.03277075,0.00387740700657896,-0.023255881459480685,0.031010695472638603,-0.00096615,0.00336208,43.7,-0.08,0.017,0.18542715231788068,0.9512049101626775,-0.5803506055269162,42.3,0.20939274329673196,0.13552485622734534,-0.18297396730614474,0.4540236797608354,0.458,42.0
2026-09-14,HSIC,"HENRY SCHEIN, INC.",88.93,85.39,90.9,83.27,96.36,79.79,102.42,-2.1011235955056384,1.3127208480565333,1.4759299781181612,-5.459999999999994,-2.7970297029702986,-0.15790951121471286,-5.436149894725885,-0.00441826,0.004966303762376236,-0.01555238902402191,0.025484996548774383,0.02506277,0.012141595880398674,-0.01804142227160275,0.04232461403240009,0.02816704,-0.002069544671052594,-0.022687778265475474,0.018548688923370284,0.00098656,-0.00262571,23.6,-1.38,-0.297,0.18150993377483446,1.0734946919804285,-0.7104748244307595,30.0,0.4796942020579771,0.36488730335338143,-0.04523599529332828,0.7750106020000911,0.458,42.0
2026-09-14,BKR,BAKER HUGHES COMPANY,56.78,57.29,66.15,51.02,68.64,52.75,75.94,4.993710691823887,2.0590277777777786,4.754342431761785,-13.739999999999995,-6.11960396039604,-2.7485597726878823,-9.490648148104198,-0.02752128,0.008302994653465349,-0.01772302753249292,0.03432901683942362,-0.01332973,0.0202127582392027,-0.013587174114615335,0.05401269059302073,0.05468169,0.056378195921052546,0.03516730401896783,0.07758908782313725,-0.00622555,0.0089688,60.9,0.67,-1.513,0.3078907284768211,1.2262194201916723,-0.6104379632380301,1.4,0.14232789788807354,0.07373516052955538,-0.17510692702637254,0.3225772480854833,0.366,41.0
2026-09-14,THD,ISHARES:MSCI THAI,73.41,72.48,76.82,70.52,76.67,66.16,82.06,1.6573033707865175,1.1280276816609012,1.193103448275863,-2.3100000000000023,-1.6829702970297014,0.9047394006078173,-4.27067999466722,-0.003937,0.005234863432343233,-0.010357029601652617,0.02082675646633908,-0.00941404,0.010773075348837199,-0.005641049618017015,0.027187200315691412,0.00627521,-0.0011087157565789789,-0.022987335901874024,0.020769904388716065,-0.00549067,0.00050986,80.4,1.49,0.102,0.31654966887417213,1.0831316514846514,-0.45003231373630725,40.3,0.7686551135985007,0.17074114494855655,-0.27978504350116185,0.6212673333982749,0.377,40.0
2026-09-14,WAT,WATERS ,410.01,389.97,415.27,381.35,433.58,330.53,499.8,-2.7079646017699015,-1.2159524819686032,1.1297181680926018,-20.180000000000007,-20.516006600660067,-3.724486954922181,-37.307526246397956,-0.00278358,0.0017611854785478558,-0.028227309001948,0.03174967995904371,0.01004318,-0.010689168637873727,-0.06582410952143808,0.04444577224569062,0.01336858,0.0047020322368421024,-0.011108382050704399,0.020512446524388606,0.00385174,0.00171888,28.8,-1.07,-0.118,0.1677814569536425,1.0213292173764483,-0.6857663034691635,26.4,0.2843093707579083,0.08855478461148034,-0.2754444262841337,0.4525539955070943,0.369,40.0
2026-09-14,WM,"WASTE MANAGEMENT, INC.",218.09,209.64,219.53,200.04,234.08,198.12,246.52,-4.137440758293863,-1.1288305190744217,1.4236354531797701,-6.47999999999999,-11.180726072607271,-5.072079600373953,-17.28937254484059,-0.01234313,-0.00137078792079208,-0.017854711422030795,0.015113135580446635,-0.00233895,-0.0014906203322259098,-0.01842518002346976,0.015443939359017939,0.00066223,0.011915897138157865,-0.0019109015554739511,0.025742695831789682,0.00227837,0.00111553,45.8,-0.37,-0.735,-0.1570960264900662,0.6568111331432858,-0.9710031861234181,27.2,0.18537602714214918,0.1270200476885265,-0.14507877272903094,0.399118868106084,0.369,40.0
2026-09-14,DDOG,"DATADOG, INC.",230.05,197.74,233.5,192.58,252.56,172.61,354.89,-2.425942156003507,-1.664593513993781,2.1733983286908076,-38.5,-20.653696369636968,-0.23700695089400625,-41.07038578837993,-0.01225895,0.010381187986798686,-0.04216229434939093,0.0629246703229883,-0.00520138,0.04204387285714283,-0.04274910338158782,0.12683684909587348,0.0904914,0.04205360164473678,0.0054852844552939,0.07862191883417965,0.01134933,0.0058131,9.1,-1.85,-0.648,0.05094701986754963,1.0528901770411672,-0.9509961373060678,19.2,-0.02781775288400623,0.03564138491525778,-0.38849081427435683,0.45977358410487235,0.4225,40.0
2026-09-14,GWW,"W.W. GRAINGER, INC.",1277.51,1234.31,1332.45,1186.18,1375.03,1160.97,1528.31,1.1105434277751973,1.0677761962115413,2.1520507980092676,-110.91000000000008,-76.38762376237624,-36.67023361111488,-116.10501391363759,-0.00299142,0.003270799108910891,-0.015913666956030307,0.02245526517385209,-0.01480316,0.018215160299003306,-0.01150280845042868,0.04793312904843529,0.03368597,0.03238254986842103,0.0227841284596462,0.04198097127719587,0.00018458,-0.00464763,22.6,-1.04,-0.664,0.14935430463576152,0.9916057745086272,-0.6928971652371042,22.0,0.19930643499047673,0.0787650748251314,-0.2163806765621752,0.373910826212438,0.355,40.0
2026-09-14,IDXX,"IDEXX LABORATORIES, INC.",509.56,490.82,526.54,462.67,568.84,455.52,678.82,-1.6153284671532857,1.2642354446577104,3.132124352331606,-51.920000000000016,-36.82567656765676,-12.79954198119928,-60.85181115411423,-0.02193129,0.0012452682508250815,-0.02287969597596772,0.02537023247761788,0.00223704,0.008681783588039815,-0.027201773842906847,0.04456534101898648,0.00681786,0.010877562993421052,-0.005202934719389136,0.02695806070623124,0.00030377,-0.00090213,23.0,-1.26,-1.092,-0.1658112582781457,0.5314316943734618,-0.8630542109297532,14.5,0.12169000465454727,0.2541494623120975,-0.30286173169044667,0.8111606563146416,0.355,40.0
2026-09-14,JBHT,"J. B. HUNT TRANSPORT SERVICES, INC.",274.99,257.51,280.27,249.15,290.78,230.46,322.55,-3.501879699248124,-1.636478784040536,1.068044015270604,-15.039999999999964,-7.915115511551153,6.616992644304983,-22.44722366740729,-0.010117,0.00988969290429043,-0.017742751369090953,0.03752213717767181,-0.01140058,0.03450263990033225,0.00880293242861152,0.060202347372052975,0.03061955,-0.011096550361842086,-0.047227074039833526,0.02503397331614935,0.00114671,-0.00088601,51.4,0.19,-0.209,0.3639701986754965,1.2859834456954937,-0.5580430483445008,29.2,0.19591143648124532,0.11627101207282277,-0.25023235499243773,0.48277437913808324,0.415,40.0
2026-09-14,EIS,ISHARES:MSCI ISRAEL,123.03,121.53,127.53,117.77,130.27,114.01,142.88,1.6425531914893654,1.3764258555133084,2.200665188470067,-14.030000000000001,-10.66524752475248,-6.119348508167072,-15.21114654133789,0.00260103,0.00453973712871287,-0.011268897070933852,0.02034837132835959,0.0026426,0.01336170574750834,-0.008548492655672186,0.035271904150688864,0.07622564,0.06060954749999995,0.041563471694479985,0.07965562330551992,-0.00172282,0.00212346,21.6,-1.23,-0.284,0.3754403973509931,1.2113984079227227,-0.4605176132207366,17.7,,,,,0.346,39.0
2026-09-14,VEEV,VEEVA SYSTEMS INC.,265.67,245.42,291.42,250.1,316.33,195.33,357.26,1.1512172284644175,3.2536929993577326,1.302104065965311,-33.139999999999986,-16.7613201320132,-4.4172690308054126,-29.105371233220986,0.02912662,-0.0012188749834983503,-0.038442503570055624,0.03600475360305893,0.12366918,-0.010452198139534895,-0.06911386736417448,0.04820947108510469,0.0310474,0.005960654605263166,-0.017802266037954637,0.029723575248480967,-0.00135558,0.0115987,72.0,0.8,0.458,-0.133298013245033,0.899481694234779,-1.166077720724845,70.4,-0.3471028140775515,0.013182485237473545,-0.2233111011239788,0.24967607159892588,0.3975,38.0
2026-09-14,WST,"WEST PHARMACEUTICAL SERVICES, INC.",355.2,326.34,349.5,315.82,390.51,279.73,438.0,-267.9999999999392,-1.115264797507788,1.09712468530542,-9.230000000000018,-8.704158415841583,5.679384880219226,-23.08770171190239,-0.01162501,0.0102475497689769,-0.014418705246407879,0.03491380478436168,0.0278184,0.04164388867109633,-0.00800865187982782,0.09129642922202047,0.02383663,-0.02612714546052639,-0.0553743369690768,0.0031200460480240236,0.00423254,0.00177688,56.3,-0.26,0.239,0.2803410596026489,1.0488794399688368,-0.48819732076353917,48.6,0.47257549693111245,0.2491134757010079,-0.3797958840283689,0.8780228354303847,0.417,38.0
2026-09-14,BIIB,BIOGEN INC.,217.36,203.06,223.45,198.77,237.61,179.71,254.08,-1.6466916354556855,1.0892953200645505,-1.025326797385621,-8.669999999999987,-0.29072607260726663,8.00217555178619,-8.583627697000724,-0.00481218,0.008065126699669965,-0.011672698642626952,0.02780295204196688,0.00688079,0.02755975544850494,0.006545287197494663,0.048574223699515216,-0.00343769,-0.05198702226973693,-0.08666556134675482,-0.017308483192719028,0.00236121,0.00016369,65.7,0.82,0.376,0.33266887417218544,0.9938693149477378,-0.32853156660336696,57.7,0.08389940147882924,0.1089204238058905,-0.16070071471791753,0.37854156232969854,0.4145,38.0
2026-09-14,CAH,"CARDINAL HEALTH, INC.",234.89,230.2,250.55,223.45,259.83,212.39,301.18,2.0363372093023298,2.1800699300699304,2.946222222222223,-36.0,-25.159900990098993,-16.54876160478282,-33.77104037541517,0.00620383,0.005330675478547857,-0.023119324469933686,0.0337806754270294,0.03222444,0.022934512757475083,-0.02681064445515279,0.07267966997010296,0.09091436,0.07679786128289462,0.06476786827365211,0.08882785429213713,-0.00037569,-0.00379318,33.5,-0.83,-0.063,0.1722682119205297,1.1570081480340495,-0.8124717241929902,35.5,0.021560523457427427,0.22191119444670318,-0.22314157725619924,0.6669639661496056,0.407,37.0
2026-09-14,DLTR,"DOLLAR TREE, INC.",119.17,108.44,128.78,109.15,138.29,103.41,159.5,-1.798825256975036,1.9081836327345307,2.559010152284263,-23.480000000000004,-0.24818481848184673,6.627886489174925,-7.124256126138619,-0.054431,0.003997824059405939,-0.029688025411734858,0.03768367353054673,0.02709116,0.0173881565116279,-0.028791546818211985,0.06356785984146779,0.03415516,-0.05226093309210537,-0.07259113669719236,-0.031930729487018375,-0.00206591,0.01447379,93.8,1.71,-0.757,0.13760596026490066,1.2003685111508862,-0.9251565906210848,26.4,-0.1360284956864839,0.22631155113244258,-0.2819130430374934,0.7345361453023787,0.39225,37.0
2026-09-14,SLB,SCHLUMBERGER N.V.,53.32,53.99,61.7,49.91,64.55,45.19,68.72,10.859154929577453,3.2932551319648047,1.894218942189421,-8.5,-1.0262376237623763,1.662585274665403,-3.7150605221901554,0.01254452,0.008334878184818482,-0.019371602403028654,0.03604135877266562,0.03266657,0.015701276445182755,-0.019061691769633255,0.05046424465999877,0.01550689,-0.028289123059210438,-0.0627296306095705,0.00615138449114962,-0.00875663,0.03352549,43.1,-0.25,-0.102,0.2538841059602647,1.1493144892070903,-0.6415462772865608,27.2,-0.1280721132372592,0.04606018624591576,-0.18783653417730858,0.2799569066691401,0.3825,36.0
2026-09-14,SPG,"SIMON PROPERTY GROUP, INC.",204.97,199.02,210.34,188.03,225.83,191.62,248.17,-1.6658653846153877,1.231404958677687,3.2359550561797756,-19.349999999999994,-12.303861386138612,-6.413610437971954,-18.19411233430527,-0.02325679,0.004134736798679866,-0.009073599950041651,0.01734307354740138,-0.00811441,0.012287969800664452,-0.0010287420637223894,0.025604681665051296,0.03022975,0.03238513309210519,0.021620589787015098,0.043149676397195275,0.00034122,-0.00493867,70.8,0.76,-1.451,0.2621920529801328,1.1486656424271806,-0.6242815364669151,7.3,0.08477818384582836,0.22980842125406004,-0.012958517997486207,0.4725753605056063,0.3225,36.0
2026-09-14,TDW,TIDEWATER INC.,88.58,87.78,98.24,83.66,107.37,66.28,120.02,4.328358208955215,3.8191056910569103,1.409865470852018,-11.430000000000007,-0.7471947194719485,3.41505995301597,-4.909449391959867,-0.0069379,0.01289128706270627,-0.02279253418108205,0.04857510830649459,0.05661543,0.04007611750830563,-0.0071372168412330225,0.08728945185784429,0.00092832,-0.0392218988157896,-0.05453571289949771,-0.02390808473208149,-0.00601075,0.02342322,15.1,-1.34,-0.506,0.24129470198675496,1.1569433397361752,-0.6743539357626654,25.8,-0.030138339368897205,0.13862072685894072,-0.27004859368845474,0.5472900474063362,0.3825,36.0
2026-09-14,UNH,UNITEDHEALTH GROUP INC.,383.55,370.49,413.43,356.33,421.25,291.54,501.5,1.6442910915934745,1.3850110213078601,1.2819258776219977,-2.180000000000007,8.545148514851489,25.846855601350477,-8.756558571647497,0.00046598,0.005054973927392739,-0.029734931695296802,0.03984487955008228,0.00262003,-0.0006970133887043464,-0.06526564813430166,0.06387162135689298,-0.07030435,-0.07140411700657898,-0.08371350755517376,-0.059094726457984185,0.00154046,9.142e-05,57.9,-0.23,-0.819,0.1532913907284768,1.2219577256559704,-0.9153749441990169,19.2,0.5355764468245827,0.16650906228605158,-0.2232562771593453,0.5562744017314485,0.34,36.0
2026-09-14,HLT,HILTON WORLDWIDE HOLDINGS INC.,310.6,292.82,313.12,282.05,323.81,275.69,373.4,-7.24481327800841,-2.1612414837244556,1.7989114866800318,-27.439999999999998,-23.561749174917498,-15.80496663271115,-31.318531717123847,-0.02767305,0.0025925364356435662,-0.013458224146648958,0.01864329701793609,-0.0349796,0.013945583920265785,-0.004079652003959929,0.0319708198444915,0.02971894,0.04286084750000007,0.033762087042762276,0.05195960795723786,0.00086143,-0.00521619,9.7,-1.81,-0.929,0.16625496688741728,0.9957088627373892,-0.6631989289625547,12.5,0.19636712908363618,0.17094918612446977,-0.07165044928788672,0.41354882153682626,0.34,36.0
2026-09-14,LLY,ELI LILLY AND COMPANY,1138.28,1073.86,1142.9,1053.09,1242.02,983.98,1441.36,-5.968503937007814,1.2177485620377972,1.9642255346727155,-102.48000000000002,-84.37594059405941,-38.678547197192835,-130.073333990926,-0.03147233,0.006011998316831682,-0.021864060832251196,0.03388805746591456,0.01684654,0.007394525481727574,-0.0348058696522889,0.04959492061574405,0.02847098,0.038320727565789504,0.02043523363669458,0.056206221494884426,0.00029251,0.00067248,16.1,-1.4,-0.444,0.29526821192052966,1.2509219310120232,-0.6603855071709639,15.3,0.04744558505451324,0.1227416012433724,-0.19331095847052637,0.4387941609572712,0.34,36.0
2026-09-14,MAR,"MARRIOTT INTERNATIONAL, INC.",340.46,311.52,341.68,293.3,357.13,295.91,411.92,-8.29376854599405,-2.829034193161363,1.6040404040404066,-33.10000000000002,-23.00676567656766,-9.846207953935291,-36.16732339920003,-0.02571878,0.003878997854785481,-0.015262938033009741,0.023020933742580702,-0.05518349,0.009112286810631236,-0.018172909181347802,0.03639748280261028,0.03996676,0.031881118157894746,0.021018517976003265,0.04274371833978623,0.00309869,-0.00593409,23.2,-1.08,-0.867,0.16313576158940366,0.9928157331818911,-0.6665442100030837,12.1,0.2247169133103455,0.11419673876417799,-0.1585412002821884,0.38693467781054436,0.34,36.0
2026-09-14,MRSH,"MARSH & MCLENNAN COMPANIES, INC.",180.43,169.25,185.17,164.35,199.8,161.39,213.39,-3.578125000000018,1.2046019900497507,1.7310924369747869,-11.189999999999998,-8.20617161716172,-2.374834385940665,-14.037508848382775,-0.02453503,-0.003776561155115513,-0.020591927583242742,0.013038805273011716,0.0126409,-0.010909644850498371,-0.02753751096516325,0.005718221264166505,-0.01146631,-0.0028165846052631643,-0.013398307947563354,0.007765138737037025,-0.00302222,-0.00032602,43.7,-0.2,-0.694,-0.2393013245033111,0.509777834626589,-0.9883804836332112,24.4,0.3608056526030139,0.19261782576665298,-0.22294417479552403,0.60817982632883,0.34,36.0
2026-09-14,PTC,PTC INC.,136.65,117.55,139.3,117.16,158.49,111.76,177.0,-9.067307692307761,1.1205746536685477,1.621132985134592,-9.519999999999982,-7.6264356435643474,1.7080920069701424,-16.96096329409884,-0.05231586,-0.00269923788778878,-0.04128099662184693,0.03588252084626937,0.02460562,-0.008085523787375386,-0.06303357086337756,0.04686252328862679,-0.05041126,-0.009888117138157891,-0.046984841966369796,0.027208607690054017,0.00014957,-0.0084744,56.2,0.69,-0.718,-0.24631125827814573,0.6744431102237667,-1.167065626780058,39.9,0.05103311209940653,0.11727350945055984,-0.3120475878131522,0.546594606714272,0.327,35.0
2026-09-14,TDY,TELEDYNE TECHNOLOGIES INC.,597.11,576.86,612.88,541.43,658.26,554.82,760.56,-1.7817725752508355,1.098239942528734,3.864979900685743,-85.01999999999998,-51.29141914191417,-22.23498139621944,-80.3478568876089,-0.02557901,0.0033231617821782174,-0.018140010969404815,0.024786334533761247,-0.00317482,0.01945598830564782,-0.007839208593413659,0.0467511852047093,0.06637428,0.046858111776315735,0.024092479476392304,0.06962374407623917,0.00239341,-0.00529045,26.0,-1.12,-2.645,0.13624834437086075,1.2481783123701007,-0.9756816236283793,1.4,0.614169295596567,0.20337828493189367,-0.2035560326233994,0.6103126024871868,0.3135,35.0
2026-09-14,ZBH,"ZIMMER BIOMET HOLDINGS, INC.",96.54,86.76,97.89,86.84,105.36,83.42,112.66,-5.798742138364828,-1.0997732426303866,1.2286585365853646,-4.839999999999989,-2.121254125412541,2.0959370883243578,-6.33844533914944,-0.02744433,-0.00033070231023102527,-0.025094234978531416,0.02443283035806937,0.01231817,-0.014813199700996696,-0.036068766772745564,0.006442367370752171,-0.01267487,-0.022004394967105215,-0.034114896310287746,-0.009893893623922685,0.00181959,-0.00030059,67.1,0.75,-0.564,0.061019867549668885,0.9443752794067112,-0.8223355443073733,33.9,0.1853939802154978,0.11995126674726014,-0.25497850369225866,0.49488103718677895,0.327,35.0
2026-09-14,EWK,ISHARES:MSCI BELGIUM,26.98,26.39,27.89,25.81,28.33,25.19,30.07,1.0370370370370385,1.1538461538461504,1.7262569832402241,-1.5300000000000011,-1.1290099009900985,-0.541797655072193,-1.716222146908004,-0.0046529,0.002874694719471948,-0.01102412501046469,0.016773514449408587,-0.00515056,0.0075026338538205905,-0.0054183077262765274,0.020423575433917707,0.01738185,0.02057386848684214,0.014756864430663534,0.02639087254302075,-0.00281987,0.00130615,86.5,1.47,0.286,0.32189735099337746,1.2867456870997895,-0.6429509851130346,47.4,1.2263235045602268,1.1754524795101275,-0.4347498449252174,2.7856548039454725,0.327,35.0
2026-09-14,FDS,FACTSET RESEARCH SYSTEMS INC.,276.93,251.67,298.11,241.81,326.78,211.52,360.33,-2.0594333102971714,1.4194191343963543,1.2750343984100287,-9.96999999999997,0.2321782178217847,18.50898391152779,-18.044627475884223,-0.03535224,-0.00907552488448844,-0.05000237172727096,0.03185132195829408,0.02697234,-0.030186665514950122,-0.08333538873798348,0.02296205770808323,-0.08047473,-0.07638628049342099,-0.10661016093288114,-0.04616240005396082,-0.00533934,0.0157716,75.6,1.13,-0.184,-0.29989072847682136,0.7911776579685306,-1.3909591149221732,40.3,0.08945892718742643,0.07901665792833794,-0.19876708075669441,0.3568003966133703,0.327,35.0
2026-09-14,FTNT,"FORTINET, INC.",170.18,145.84,171.97,147.77,180.81,130.42,214.62,-3.06302521008404,-2.10818438381938,1.1177062374245468,-19.329999999999984,-9.38858085808581,0.2402791986712991,-19.01744091484292,0.03298949,0.006035711122112218,-0.03701498936512495,0.04908641160934938,0.02819482,0.009818291993355458,-0.0655222576320287,0.08515884161873961,0.07892489,0.029817757993421047,-0.007759478651120921,0.06739499463796302,0.01395312,0.00162335,89.9,1.68,0.332,0.1828576158940397,0.987558676496771,-0.6218434447086916,59.7,-0.20607784182867628,0.2478019251249941,-0.291755978580864,0.7873598288308522,0.38825,35.0
2026-09-14,FXA,INVESCO:AU DOLLAR,70.68,70.09,72.67,68.68,73.5,66.45,75.46,1.614035087719288,1.4099999999999966,1.1300236406619344,-1.9099999999999966,-1.1315511551155126,-0.2983113063604883,-1.964791003870537,-0.00012303,0.0015768318151815183,-0.004699296737342058,0.007852960367705095,0.00411748,0.005839014750830565,-0.001528860966766174,0.013206890468427305,0.00495972,0.0005690495723684289,-0.005621430799499066,0.006759529944235924,-0.00352225,-0.00029412,63.1,0.19,0.26,0.17076821192052977,1.0505519813659066,-0.7090155575248471,49.8,0.7432916644744645,0.46197328470943183,-0.336520111797816,1.2604666812166796,0.327,35.0
2026-09-14,GD,GENERAL DYNAMICS ,356.81,341.35,357.83,329.03,386.25,338.4,424.83,-6.242187500000002,1.0597552195824322,3.694731124388913,-36.69999999999999,-26.074653465346536,-17.934892713656843,-34.21441421703623,-0.03264446,0.005023734290429041,-0.009982761839296965,0.020030230420155046,-0.00271249,0.010282730199335592,-0.013414145281878084,0.033979605680549266,0.03380676,0.03961179740131586,0.029490126921407157,0.04973346788122456,0.00368944,-0.00622145,26.4,-0.88,-2.38,0.27513245033112577,1.1291241498986264,-0.5788592492363748,1.0,0.41982974792516514,0.14070398754066205,-0.21455009944670494,0.49595807452802904,0.3135,35.0
2026-09-14,MRK,"MERCK & CO., INC.",144.85,140.64,153.31,134.85,168.39,118.37,178.5,1.3104925053533236,2.353999999999999,1.2707703927492455,-11.780000000000001,-1.7184818481848156,3.2745404026685776,-6.711504099038208,-0.00958497,0.010052476435643562,-0.011920696457587686,0.03202564932887481,0.06182819,0.023685704451827275,0.0014631829649958683,0.04590822593865868,0.01096935,-0.026078098519736814,-0.04358811466532829,-0.008568082374145341,-0.01066,0.00621026,58.1,0.53,0.417,0.4184966887417216,1.1937428408344064,-0.3567494633509633,43.7,-0.42725506178331174,0.1019765366323562,-0.2093769649130889,0.41333003817780134,0.38825,35.0
2026-09-14,FXB,INVESCO:GBP STERLING,129.83,127.02,132.71,125.88,133.96,123.13,137.8,-1.1250000000000064,1.0455696202531588,1.189552238805967,-3.3799999999999955,-2.7946534653465336,-1.6383844331224842,-3.9509224975705832,-0.00533664,-0.00043873310231023116,-0.004429912615789775,0.0035524464111693133,-0.00040457,0.0004066157475083052,-0.00637580509541156,0.00718903659042817,0.00331133,0.004034511381578957,0.0019878416172783315,0.0060811811458795825,-0.00135313,0.00306748,40.7,-0.68,-0.419,-0.18005298013245036,0.631043613924892,-0.9911495741897927,38.7,1.6423852539995827,0.3071482739124034,-0.03343618899018236,0.6477327368149892,0.318,34.0
2026-09-14,GM,GENERAL MOTORS COMPANY,87.16,82.66,88.98,78.03,96.7,78.09,102.83,-3.672268907563024,1.0449069003285882,1.7276736493936067,-9.430000000000007,-9.115313531353134,-4.842589883811672,-13.388037178894596,-0.00228129,0.0081778195049505,-0.014935259276669907,0.0312908982865709,0.02285532,0.020176400332225883,-0.005339220595713862,0.045692021260165624,0.07998739,0.06825283960526327,0.04651596728258363,0.0899897119279429,-0.00467456,0.0016703,44.6,-0.39,0.02,0.3621688741721851,1.2452158047969233,-0.5208780564525533,39.9,0.2517452556018829,0.1559829314823077,-0.27154290667401604,0.5835087696386314,0.318,34.0
2026-09-14,HAL,HALLIBURTON COMPANY,35.01,34.61,39.33,32.03,39.94,28.8,43.57,3.594339622641528,1.6543624161073842,1.3784219001610316,-3.789999999999999,-0.5983828382838289,1.1920802225344707,-2.388845899102128,-0.00103842,0.008199609207920799,-0.018898491160256208,0.035297709576097805,-0.01069568,0.02049104737541528,-0.017670092761506877,0.05865218751233744,0.00498475,-0.03549373684210527,-0.06795231991900794,-0.0030351537652026084,-0.00717249,0.02068169,18.1,-1.17,0.153,0.26893708609271555,1.0547501631294744,-0.5168759909440435,33.5,0.25696357184452334,0.07052046811964344,-0.17517110781076542,0.3162120440500523,0.392,34.0
2026-09-14,MUB,ISHARES:NATL MUNI BOND,103.11,100.98,105.26,97.62,108.02,99.89,108.8,-1.2331606217616513,-1.1181262729124233,1.7670807453416149,-2.8499999999999943,-0.9532013201320134,-0.19472298392964227,-1.7116796563343846,-0.00697621,-0.00021225366336633672,-0.004410198649794924,0.003985691323062251,-0.0111611,-0.0015384297674418605,-0.009520101359011195,0.0064432418241274735,-0.00720381,-0.0058758216447368705,-0.008721157096615742,-0.003030486192857999,-0.00019405,0.00205044,90.7,1.9,-2.252,-0.23851986754966878,0.8282642671136745,-1.305304002213012,2.6,0.6545913248027004,1.3326899225173674,0.6245544549477866,2.0408253900869484,0.3075,33.0
2026-09-14,RTX,RTX ,195.34,189.09,202.27,180.11,219.23,186.42,255.46,-1.2454361054766747,1.5686145764937625,6.739910313901333,-35.77000000000001,-20.647161716171617,-12.729965293053258,-28.564358139289975,-0.02784254,0.005819252772277235,-0.013330912913315889,0.02496941845787036,0.01593747,0.01823117883720934,-0.003978610557353636,0.04044096823177232,0.07963263,0.07021177628289464,0.05667385148342023,0.08374970108236905,0.002418,-0.01184806,26.6,-0.67,-2.327,0.27857615894039733,1.1875215442357128,-0.630369226354918,0.2,0.25094627632509714,0.13756253010200148,-0.14100136205822922,0.4161264222622322,0.291,33.0
2026-09-14,CF,"CF INDUSTRIES HOLDINGS, INC.",131.24,131.32,146.67,123.03,157.04,105.63,169.15,12.701754385964739,3.142509135200969,1.4802811401796163,-18.939999999999998,-10.654851485148505,-2.6377064531171364,-18.671996517179874,0.02467693,0.003968191485148514,-0.028123584028124586,0.036059966998421615,0.05370622,0.02121042890365445,-0.029451391681254806,0.0718722494885637,0.08645336,0.045098243980263186,0.012031208249491145,0.07816527971103523,-0.01209453,0.01351734,10.1,-1.86,0.944,0.0965264900662252,1.0233116943668565,-0.8302587142344061,75.6,0.27881090110440687,0.07489855229572856,-0.19416682962864068,0.3439639342200978,0.36725,33.0
2026-09-14,HYD,VANECK:HIGH YIELD MUNI,48.95,48.08,49.84,46.55,51.43,46.92,52.31,-1.2692307692307816,1.0333333333333297,1.6551724137931023,-1.2099999999999937,-0.5666336633663371,-0.1382068231636342,-0.9950605035690401,-0.01291347,-0.0005754727062706272,-0.00650507587770702,0.005354130465165765,-0.00887427,-0.0031203856146179367,-0.010479037442337965,0.0042382662131020925,-0.01157018,-0.006871416513157918,-0.010492307377166991,-0.0032505256491488456,-0.00030951,-0.00082985,45.0,0.16,-2.568,-0.24914238410596018,0.8086233438041197,-1.30690811201604,1.0,0.8616424656844266,1.3179165225311893,0.13790803566651944,2.497925009395859,0.3075,33.0
2026-09-14,HYG,ISHARES:IBOXX $HY CORP,78.53,77.07,80.43,73.75,85.12,75.2,82.51,1.0419161676646664,1.3786610878661092,1.195195195195197,-1.539999999999992,-1.0253135313531345,-0.5384158470138354,-1.5122112156924337,-0.00536871,-0.001022733102310232,-0.004535834440895718,0.0024903682362752543,0.01284173,-0.003944909667774092,-0.012721566440543619,0.004831747104995434,-0.01106821,-0.002712175493421054,-0.005745020710245394,0.0003206697234032865,-0.0006774,0.00611593,78.8,1.06,-1.603,-0.3076589403973511,0.30151841424155357,-0.9168362950362557,1.8,0.3253769459705189,0.6694047501246984,-0.24264687993006262,1.5814563801794592,0.3075,33.0
2026-09-14,IEF,ISHARES:7-10 TRS BD ETF,90.93,89.3,93.53,86.59,95.07,88.03,96.5,1.1641791044776035,-1.0483091787439656,1.9206896551724078,-2.969999999999999,-1.9780198019801982,-1.3769126229628568,-2.5791269809975397,-0.00654737,-0.0002998051815181522,-0.003085684347547749,0.0024860739845114443,-0.01283717,-0.0015984441196013283,-0.006349473007284814,0.0031525847680821577,-0.00384225,0.004496700361842124,0.0010539065444593889,0.007939494179224859,-0.00072267,0.00159749,60.3,0.55,-1.765,-0.3307582781456954,0.36342850762301654,-1.0249450639144073,2.2,0.23790929479583722,0.2240488244829685,-0.026212890299462915,0.4743105392653999,0.3075,33.0
2026-09-14,JNK,SPDR BBG HIGH YIELD BD,94.49,92.27,97.39,89.9,100.96,89.37,100.16,1.0843373493975936,1.4095860566448832,1.1074218750000024,-1.8800000000000097,-0.9459735973597354,-0.2933074205331422,-1.5986397741863287,-0.00459125,-0.0005980824092409237,-0.004422725141234486,0.003226560322752638,0.0109451,-0.005206783654485041,-0.014155226796486706,0.0037416594875166248,-0.01500668,-0.006874787927631589,-0.010099772645135325,-0.003649803210127853,-0.00072227,0.00596333,72.6,1.0,-1.684,-0.3120860927152317,0.35149962582643246,-0.9756718112568958,1.8,1.8512279524020352,1.0166527808287145,-0.1635896423420855,2.1968952039995147,0.3075,33.0
2026-09-14,WY,WEYERHAEUSER COMPANY,22.23,21.43,22.78,20.12,24.07,20.04,26.72,-3.032258064516146,-1.1467391304347825,2.0502283105022814,-0.870000000000001,-0.01749174917491712,0.7658845691150388,-0.800868067464873,-0.03487612,-0.003992214884488451,-0.019680409924333342,0.011695980155356438,-0.02405545,-0.007366224418604647,-0.026147229643382987,0.011414780806173695,-0.04046949,-0.04341157901315794,-0.052373629947510686,-0.03444952807880519,-0.00251851,-0.00440493,25.2,-0.93,-1.602,-0.2436688741721854,0.6479045546759179,-1.1352423030202887,10.5,0.04494681063091055,0.08631073439565087,-0.2536404516879518,0.4262619204792536,0.28875,32.0
2026-09-14,EQT,EQT ,53.21,52.86,56.87,50.15,59.51,48.07,65.21,3.7752808988764013,2.0588235294117623,2.334630350194551,-7.439999999999998,-6.066600660066003,-3.733159067803004,-8.400042252329001,-0.00020499,-0.0019586515841584157,-0.02239833475603732,0.01848103158772049,0.00830667,0.003597564318936874,-0.018287109852455137,0.025482238490328886,0.06417028,0.047864658914473876,0.03546668058037891,0.06026263724856884,-0.00357434,0.00401034,31.3,-1.04,-0.497,-0.06295695364238411,0.7967008134639046,-0.9226147207486728,35.5,0.7517731781137038,0.17157791031477557,-0.13709309212128115,0.48024891275083226,0.333,32.0
2026-09-14,STLD,"STEEL DYNAMICS, INC.",234.53,230.37,252.82,209.81,267.84,202.75,311.38,4.905555555555562,1.3474919093851123,2.4181875393329135,-43.66,-17.049834983498346,-3.081757815398083,-31.01791215159861,0.01421599,0.010329658085808572,-0.020371709586889997,0.041031025758507145,-0.02416954,0.03779146734219266,0.009601060889667713,0.06598187379471761,0.07275254,0.034532277993421054,0.017491829837218052,0.051572726149624055,0.00467252,-0.0012014,59.9,0.54,-0.681,0.41341390728476823,1.4104950215264198,-0.5836672069568833,16.1,-0.05811232257034771,0.17173824483796662,-0.028110012680984592,0.3715865023569178,0.32625,31.0
2026-09-14,ZBRA,ZEBRA TECHNOLOGIES ,351.81,334.85,359.73,312.02,430.31,258.07,445.06,-2.796296296296289,1.9728575018848946,-1.0052546916890082,-8.889999999999986,-5.39458745874588,11.694931532411053,-22.48410644990281,-0.01103301,0.0030677892739273895,-0.03557994257724705,0.04171552112510183,0.10109113,0.015623905282392029,-0.028537541662852738,0.05978535222763679,-0.02266369,-0.03702773292763167,-0.055992136888247175,-0.018063328967016158,-7.047e-05,-0.00362255,26.0,-1.23,-0.885,0.03844701986754956,0.8980111500297621,-0.8211171102946628,15.3,0.27397568281022533,0.15034479648269228,-0.3087013203015569,0.6093909132669415,0.2875,31.0
2026-09-14,CPAY,"FLEETCOR TECHNOLOGIES, INC.",412.56,397.89,421.37,384.4,452.47,348.84,481.92,-1.4389989572471373,1.4172585227272723,1.0885122410546137,-14.189999999999998,-13.29778877887789,-0.1089089783670083,-26.486668579388773,0.00025788,0.0019252054455445567,-0.020589909344606364,0.024440320235695475,0.02917684,-0.0018905991029900253,-0.036612976498224654,0.0328317782922446,0.00587614,-0.0039474640789473525,-0.013481239573722138,0.0055863114158274324,-0.00018537,0.0066624,1.8,-2.93,-0.259,0.09021523178807937,0.9512805670913359,-0.7708501035151772,29.6,0.25228003074379557,-0.01533912467732154,-0.2868983482368457,0.25622009888220265,0.34,31.0
2026-09-14,CVS,CVS HEALTH ,95.55,91.26,100.24,86.56,103.48,81.58,117.72,1.0975609756097575,-1.1336696090794436,1.5869720830350753,-4.939999999999998,-1.9799339933993378,1.9525879880651722,-5.912455974863848,0.00186343,0.004130812277227722,-0.022396890925159642,0.030658515479615085,-0.01812048,0.013679742259136192,-0.021698568099121664,0.04905805261739405,0.01610429,-0.018103139309210415,-0.04015931995858438,0.003953041340163544,0.00192452,-0.00230716,17.7,-1.57,-0.286,0.3038178807947021,1.3443939303437784,-0.7367581687543743,25.2,0.2102022137500632,0.2306266005820559,-0.2523021969578999,0.7135553981220117,0.34,31.0
2026-09-14,HST,"HOST HOTELS & RESORTS, INC.",22.37,21.34,22.61,19.33,25.03,19.29,27.45,-3.4482758620689755,-1.142857142857144,1.6493506493506478,-0.8999999999999986,-0.34881188118811846,0.4932039361689915,-1.1908276985452284,-0.01442523,0.005505585676567659,-0.013951838146737672,0.02496300949987299,-0.02050513,0.017482939435215943,-0.0013955700001861554,0.03636144887061804,0.01743808,-0.017385101052631538,-0.03570533019075519,0.0009351280854921137,0.00022604,-0.00195591,12.1,-1.84,-0.589,0.2941490066225168,1.2189139211594378,-0.630615907914404,20.4,0.7303591054776737,0.8369891760197855,-1.2636456676773893,2.93762401971696,0.34,31.0
2026-09-14,MCHP,MICROCHIP TECHNOLOGY INC.,71.48,69.43,75.56,64.0,77.37,55.92,96.76,1.366533864541827,-1.2699490662139226,1.6246786632390744,-0.5999999999999943,1.29013201320132,6.027754504486588,-3.4474904780839486,-0.02070157,-0.0008449928712871305,-0.04299437794372563,0.041304392201151376,-0.05352817,0.015013709800664448,-0.03863541026664462,0.06866282986797352,-0.06290104,-0.07227887799342088,-0.08098096671436515,-0.0635767892724766,0.00038254,-0.00631769,14.9,-1.53,-1.127,-0.032526490066225246,1.103172082092889,-1.1682250622253394,16.5,0.4661935279008931,0.1349787878818351,-0.25277962722305913,0.5227372029867293,0.34,31.0
2026-09-14,FDX,FEDEX ,312.57,299.48,319.29,289.32,334.67,284.96,381.16,-2.8657024793388253,-1.0520361990950216,2.484244838826512,-37.45999999999998,-14.063036303630362,-0.3011667961928879,-27.824905811067836,-0.02117663,0.007656743135313532,-0.012422810239775369,0.027736296510402433,-0.01025935,0.027117972159468467,-0.0009613980565290441,0.055197342375465974,0.05184998,0.014418374638157894,-0.012274597583890488,0.041111346860206274,0.0009959,-0.00358767,15.7,-1.43,-1.162,0.5001291390728475,1.4193856925847992,-0.4191274144391042,3.4,0.21703804296139584,0.19608082841032515,-0.18738683674142415,0.5795484935620745,0.3135,30.0
2026-09-14,FTI,TECHNIPFMC PLC,72.87,73.29,81.12,68.78,87.07,65.81,95.73,6.0166666666666515,3.4718826405867915,3.2379603399433416,-17.64999999999999,-7.187557755775579,-2.833685538172479,-11.54142997337868,-0.01835894,0.01240974250825082,-0.011461304794953537,0.036280789811455175,0.03774518,0.04061344401993345,0.01242365459701164,0.06880323344285526,0.10622247,0.07321432687499999,0.04846349290067096,0.09796516084932902,-0.00519091,0.0015697,20.8,-0.89,-0.931,0.612337748344371,1.5964141228175328,-0.37173862612879083,7.3,0.0823432052010562,0.2537541210878797,-0.07233439824207999,0.5798426404178394,0.3135,30.0
2026-09-14,TROW,"T. ROWE PRICE GROUP, INC.",105.8,104.62,110.46,98.88,115.58,94.04,127.96,1.5642201834862424,1.4132947976878611,1.8843537414965998,-5.469999999999999,-1.3698019801980201,1.9867649687116276,-4.726368929107668,-0.01776149,0.0018944885148514839,-0.01638958692975221,0.02017856395945518,-0.00120652,0.009843280099667768,-0.02223734079707039,0.04192390099640593,-0.01862583,-0.03042522075657877,-0.04274077309394166,-0.01810966841921588,-0.00544407,-0.00685352,24.0,-1.08,-1.152,0.16982450331125823,1.126378853524848,-0.7867298469023316,11.3,1.3522881837336516,0.1488021657709708,-0.18602800484963508,0.48363233639157666,0.27375,29.0
2026-09-14,AVY,AVERY DENNISON ,170.92,159.26,177.29,157.41,194.4,150.94,197.67,-2.052730696798488,1.7379718726869011,1.3388388388388395,-9.860000000000014,-3.688349834983499,2.043885658958195,-9.420585328925192,-0.02507985,0.001010006072607261,-0.02053535659386552,0.022555368739080043,0.05159307,0.00824617790697676,-0.025601205647359765,0.04209356146131328,-0.0203552,-0.021675824407894735,-0.030813330871542952,-0.012538317944246518,-0.0022685,-0.00307677,36.9,-0.89,-0.786,-0.1473774834437087,0.7815713580196433,-1.0763263249070607,24.4,0.07676628225769733,0.2222874737076833,-0.2533320442427849,0.6979069916581515,0.27375,29.0
2026-09-14,MCK,MCKESSON ,910.95,855.48,932.33,845.44,1000.83,792.37,1078.04,-2.0637191157347266,1.3720042741566174,1.4090909090909078,-110.75999999999999,-88.2149174917492,-56.99499751712969,-119.43483746636872,0.01365772,0.002562876435643566,-0.02006293810833159,0.02518869097961872,0.05246154,0.014226147840531583,-0.020330569044847882,0.04878286472591105,0.09275983,0.06287711437500008,0.05323068345226951,0.07252354529773067,0.00438304,0.00187563,22.0,-1.49,0.549,0.05928807947019855,0.9841257970064672,-0.8655496380660701,59.7,-0.11618746101909261,0.13914328733180362,-0.33386608214808333,0.6121526568116905,0.3195,29.0
2026-09-14,NSC,NORFOLK SOUTHERN ,320.05,309.31,332.47,303.36,350.32,303.28,386.91,-1.3566945606694587,1.8136608747753138,3.9868813357185364,-39.71999999999997,-15.589900990099013,-6.03373192458392,-25.146070055614103,-0.03057379,0.004430931683168319,-0.011723328861275042,0.02058519222761168,0.01926567,0.013445935614617929,-0.0022655928105574027,0.02915746403979326,0.03053736,0.01719808322368424,0.006526627594819487,0.027869538852548996,-0.00288511,0.00392053,43.7,-0.41,-0.866,0.24324503311258275,1.2422285262162085,-0.7557384599910429,13.7,-0.023075083711119326,0.21113463027252832,-0.14706057428996416,0.5693298348350209,0.2985,28.0
2026-09-14,NVDA,NVIDIA ,210.96,212.6,236.36,196.75,243.56,181.95,277.39,5.809798270893372,2.294159042927514,2.28990003447087,-40.95999999999998,-31.912970297029684,-19.996461251303945,-43.82947934275542,0.00257908,0.004768745214521456,-0.016564298984972886,0.0261017894140158,0.0074448,0.030757699169435212,-0.0020863865741206737,0.0636017849129911,0.06709026,0.10697766151315778,0.06407436172019125,0.14988096130612433,-0.00509875,0.00573974,59.3,0.78,-0.527,0.2733245033112581,1.0483181914190358,-0.5016691847965196,16.9,-0.2146094333682539,0.17347933657531173,-0.08972677040442811,0.43668544355505157,0.25225,28.0
2026-09-14,XEL,XCEL ENERGY INC.,74.16,73.35,77.66,70.86,81.38,70.6,86.07,3.6206896551724603,2.1878787878787893,3.345505617977525,-7.0,-5.784587458745874,-3.3551419033300673,-8.214033014161682,-0.01207889,0.0009310148844884498,-0.014567372716185767,0.016429402485162666,0.01103217,0.005626180365448512,-0.008307596881608065,0.019559957612505088,0.03213157,0.0340611140460526,0.01908203196032806,0.049040196131777146,0.00337273,-0.00110832,55.4,0.21,-1.405,0.046556291390728415,0.916149163142494,-0.8230365803610372,7.7,0.3687148188720224,0.22357961979269303,-0.09180719357091732,0.5389664331563033,0.2485,28.0
2026-09-14,EDEN,ISHARES:MSCI DENMARK,114.59,113.57,120.15,110.67,123.66,102.23,130.88,2.2105263157894655,2.3137755102040787,1.3179611650485432,-3.819999999999993,-2.013762376237624,0.7088138962003074,-4.736338648675556,-0.00500579,-0.0007545064356435663,-0.016336680873542078,0.014827668002254947,0.01985771,0.0007024085382059756,-0.01320682278740563,0.014611639863817583,-0.015134,-0.01279140085526316,-0.020324421294448235,-0.005258380416078085,-0.0040058,0.00335315,32.5,-0.97,-0.436,0.046344370860927214,0.9310425215834184,-0.8383537798615639,26.0,,,,,0.265,28.0
2026-09-14,EWY,ISHARES:MSCI S KOREA,176.22,184.3,197.48,161.33,199.76,146.91,244.45,,1.5809267965077243,2.3278744455817124,-41.80000000000001,-20.133399339933995,-1.758927991168001,-38.50787068869999,0.00847736,0.01049998745874588,-0.023589430683345753,0.04458940560083752,-0.03715167,0.04517027936877083,0.010138518332062738,0.08020204040547892,0.13778584,0.08170737286184208,0.03274021421788314,0.13067453150580102,-0.00941123,-0.00957269,32.3,-0.58,-0.151,0.6417317880794702,1.5755669967358796,-0.2921034205769393,22.0,0.015984219665074795,0.11492914592533238,-0.15583652769605005,0.3856948195467148,0.28875,28.0
2026-09-14,INTC,INTEL ,97.19,95.92,114.05,81.18,115.2,73.17,151.83,5.191637630662014,1.1249219237976273,2.2747710241465455,-29.150000000000006,-9.946534653465344,4.147771070679049,-24.040840377609737,0.02798307,0.02426909811881189,-0.03829691562414726,0.08683511186177105,-0.06316986,0.08225095830564773,0.003363821062100064,0.1611380955491954,0.19387704,0.031151223749999988,-0.053511655083666565,0.11581410258366653,-0.00226015,-0.01659048,41.3,-0.4,-0.325,0.36101986754966875,1.2777290619577288,-0.5556893268583913,23.4,0.034213715616461915,-0.07453814821070992,-0.3181872744652514,0.1691109780438316,0.28875,28.0
2026-09-14,ODFL,"OLD DOMINION FREIGHT LINE, INC.",181.91,171.22,187.97,161.15,193.8,166.19,239.32,-2.8702830188679154,-1.7460050462573562,3.6520356234096694,-22.560000000000002,-10.207788778877894,0.7725098663932712,-21.18808742414906,-0.04574571,0.0025283215841584122,-0.026886013309003906,0.03194265647732073,-0.05930659,0.0244398946511628,-0.02409503047307153,0.07297481977539713,0.00903211,0.003129960460526341,-0.018515829553494012,0.024775750474546693,-0.00129183,-0.00037982,27.2,-1.16,-1.893,0.08180463576158953,1.0661740756895837,-0.9025648041664045,1.0,0.2254870082480478,0.1040849685700041,-0.2665434636204105,0.4747134007604187,0.2475,27.0
2026-09-14,PH,PARKER-HANNIFIN ,928.83,904.38,971.01,863.41,1027.85,855.43,1183.13,-1.0152958152958178,1.5136044023234447,3.464577656675746,-122.66999999999996,-59.324719471947134,-27.595673325321705,-91.05376561857256,-0.02709172,0.006066887953795377,-0.015551221470964091,0.027684997378554843,0.00896764,0.01727131033222592,-0.011396645677502308,0.045939266341954145,0.03058512,0.03160707907894742,0.024407308536678645,0.038806849621216194,0.00018359,-0.00859419,20.2,-1.29,-1.953,0.3311059602649002,1.2496235775808877,-0.5874116570510872,0.6,0.09838915386261915,0.20621900273224159,-0.13540289767331187,0.5478409031377951,0.2475,27.0
2026-09-14,XES,SPDR S&P OIL&GAS E&S,116.14,117.67,128.82,110.82,132.03,98.71,145.43,14.379746835442923,2.986842105263154,1.6804360298336198,-13.929999999999993,-2.6041254125412547,2.5622157752809165,-7.7704666003634255,-0.0071359,0.008191378877887791,-0.01249784040588738,0.02888059816166296,0.00427774,0.0274515885049835,-0.0020654245510690165,0.05696860156103602,0.01839886,-0.021268114802631587,-0.056712270666203934,0.014176041060940756,-0.00615059,0.00460045,31.0,-0.8,-0.834,0.44820529801324493,1.2405855032218236,-0.3441749071953337,6.9,0.17862332323545127,0.20612090599922808,-0.08271788878580091,0.4949597007842571,0.2985,27.0
2026-09-14,XLE,SEL SECTOR:ENERGY SPDR,64.53,63.33,67.53,60.99,72.4,55.47,73.74,2.4074074074074048,2.2231638418079114,1.0165562913907276,-3.9299999999999926,-2.13244224422442,0.019746263622616222,-4.284630752071456,0.0054645,0.006990107986798679,-0.008290619455592629,0.022270835429189985,0.0390008,0.018124265083056465,-0.002168301092371861,0.03841683125848479,0.03687856,0.008910901842105268,-0.010632699818542509,0.028454503502753047,-0.00125583,0.01149287,7.3,-1.79,0.846,0.4121258278145695,1.3364875438767427,-0.5122358882476036,60.1,0.8521313970911875,0.20736627774351798,-0.0885261391718499,0.5032586946588858,0.292,27.0
2026-09-14,A,"AGILENT TECHNOLOGIES, INC.",146.8,138.69,150.1,134.43,162.76,122.67,181.7,-3.620087336244563,1.290218270008082,1.4463323663489418,-10.20999999999998,-5.962640264026396,-0.5785898402108849,-11.346690687841907,-0.01597169,0.004086572244224424,-0.02122688528713792,0.029400029775586763,0.02782273,0.012922033754152807,-0.016653197302862854,0.042497264811168466,0.00777375,-0.0033818463815789416,-0.01840324629667512,0.011639553533517238,-0.00454482,0.00741293,80.8,1.28,-0.169,0.08321523178807934,1.0151419699041861,-0.8487115063280274,38.7,-0.05117253559912405,0.11059934896403323,-0.17900952267776327,0.4002082206058297,0.24825,27.0
2026-09-14,CBOE,"CBOE GLOBAL MARKETS, INC.",284.5,273.01,305.5,260.34,320.27,246.71,353.1,1.306062819576333,1.4805463576158917,1.8152950516009536,-33.43000000000001,-26.37491749174918,-12.341938669974551,-40.40789631352381,-0.01358948,0.002398165412541252,-0.028510369319972702,0.033306700145055206,0.01405388,0.0032315915282392057,-0.027663832729770618,0.03412701578624903,0.00461972,0.0530273768092106,0.030348312256503227,0.07570644136191798,-0.0033727,0.01484426,30.6,-0.78,-0.417,0.32557615894039726,1.2712053132619026,-0.620052995381108,25.2,-0.000983569734692713,0.012416255475670195,-0.2139873096696366,0.23881982062097698,0.2425,27.0
2026-09-14,EWC,ISHARES:MSCI CANADA,60.5,59.2,62.53,57.58,64.73,57.0,67.77,-1.049382716049386,1.448630136986302,2.077142857142856,-4.6299999999999955,-2.770132013201319,-1.635985902802245,-3.9042781236003927,-0.00726046,0.0045077185808580856,-0.004178575704330562,0.013194012866046732,0.0087002,0.01462030033222591,0.006367259954467023,0.022873340709984796,0.03322957,0.028022341546052664,0.020729909293313073,0.035314773798792255,-0.0019252,0.00301309,82.7,1.51,-0.804,0.5073410596026485,1.2357664260755175,-0.2210843068702203,3.4,-0.2687722656615753,0.13292564482877736,-0.18206756171421026,0.447918851371765,0.24475,27.0
2026-09-14,EWL,ISHARES:MSCI SWITZERLAND,60.49,58.77,62.11,57.31,64.51,57.84,68.42,-1.6141732283464651,1.2641509433962275,2.9924528301886806,-3.8000000000000043,-2.037656765676567,-0.8056374300371036,-3.2696761013160307,-0.02082041,0.0017087118481848183,-0.009963439773120867,0.013380863469490502,-0.00433268,0.0009012923920265777,-0.012657740553186407,0.014460325337239562,0.00354717,0.008389872993421067,0.0038034071465878434,0.01297633884025429,-0.00183951,0.00155269,82.5,1.19,-1.027,0.19673178807947012,1.007568539092564,-0.6141049629336236,8.5,-0.21782972295281466,0.21117381452031217,-0.21411768601864425,0.6364653150592686,0.24475,27.0
2026-09-14,FFIV,"F5, INC.",411.49,381.94,427.66,371.74,442.42,343.71,512.33,-1.0017559262510984,-1.285160038797284,1.4877544998524637,-54.23000000000002,-45.23181518151815,-26.187572921703843,-64.27605744133245,0.02742771,0.005342300660066005,-0.02437059793717815,0.035055199257310155,0.00020726,0.021253596744186032,-0.01796576124861749,0.060472954736989555,0.09490542,0.08233095562500008,0.06345467081727343,0.10120724043272672,0.00629477,0.00425031,81.5,1.31,0.155,0.27134437086092733,1.220789944670198,-0.6781012029483434,37.1,-0.07334309924880122,0.2002242930427372,-0.1815534875388558,0.5820020736243302,0.24825,27.0
2026-09-14,INVH,INVITATION HOMES INC.,27.59,26.78,28.44,25.54,30.3,25.44,32.12,-1.5624999999999987,1.3219512195121952,2.106976744186047,-1.0199999999999996,-0.3530693069306931,0.26798258206331677,-0.9741211959247029,-0.02952576,-0.004080658580858079,-0.018599329754675424,0.010438012592959265,0.00210015,-0.009989412458471741,-0.03764830386688865,0.017669478949945173,-0.0364696,-0.027121821250000042,-0.03161020506248165,-0.022633437437518434,-0.00188223,0.00238454,10.7,-1.68,-2.155,-0.26331125827814583,0.5618795698315819,-1.0885020863878736,0.6,1.483501074506194,0.26877785649366787,-0.1253164105694945,0.6628721235568302,0.2475,27.0
2026-09-14,IWM,ISHARES:RUSS 2000 ETF,287.91,282.42,297.71,274.34,308.6,268.99,328.97,1.1091405184174556,1.524686809137798,2.170190274841436,-18.989999999999952,-11.41643564356436,-5.310631285746813,-17.52224000138191,-0.0111447,0.003695593333333333,-0.007741548189160459,0.015132734855827126,0.0064725,0.011471337740863796,-0.000604055099949553,0.023546730581677146,0.0156386,0.01724938779605265,0.010869893976211756,0.023628881615893542,-0.00059122,-0.00047268,32.3,-1.11,-1.678,0.3484966887417219,1.1194891274339316,-0.4224957499504878,0.2,0.53892002594724,0.1985050402502331,-0.012500297878552419,0.4095103783790186,0.2475,27.0
2026-09-14,PAYX,"PAYCHEX, INC.",118.51,109.58,120.76,108.54,133.43,101.08,143.97,-4.58247422680413,1.496489468405216,1.4606999426276526,-6.309999999999988,-3.391617161716169,0.8535350822915597,-7.636769405723898,-0.02009274,-0.005679236699669975,-0.02843935173986972,0.01708087834052977,0.04460364,-0.020350272458471756,-0.05876273247446282,0.01806218755751931,-0.00933096,-0.01828000088815787,-0.037774497195604856,0.0012144954192891098,0.0002084,-0.00109835,33.7,-0.56,-0.399,-0.31634768211920467,0.6226290856497814,-1.2553244498881908,43.8,0.31735034028095654,0.17522895427703142,-0.11471319246299247,0.4651711010170553,0.252,26.0
2026-09-14,REGN,"REGENERON PHARMACEUTICALS, INC.",793.74,755.89,836.51,733.11,914.07,628.45,1010.46,-1.311583358275968,1.9846610588817426,1.3111500998245513,-40.89999999999998,-18.617161716171605,11.601851966342256,-48.83617539868547,-0.01950745,0.007167270264026412,-0.0182704175206654,0.03260495804871823,0.05869639,0.010405103654485076,-0.02930294188042227,0.05011314918939242,-0.02509532,-0.020149705164473716,-0.03175258564092307,-0.00854682468802436,-0.00592679,0.00155906,45.6,-0.2,-0.182,0.30871854304635743,1.1596726861947364,-0.5422356001020217,32.7,0.00948280750107311,0.15316940841843332,-0.19475734744794967,0.5010961642848163,0.252,26.0
2026-09-14,ROP,"ROPER TECHNOLOGIES, INC.",394.61,371.06,410.63,363.28,449.37,324.56,479.79,-1.4563345633456346,1.7478455154803676,1.21598857958601,-5.7099999999999795,1.3446864686468698,17.648044931539875,-14.958671994246135,-0.00880661,-0.007635761353135311,-0.03512019666492111,0.01984867395865049,0.04052618,-0.02290892903654484,-0.058111154616628274,0.012293296543538588,-0.05847347,-0.05587527013157891,-0.08273528529248546,-0.02901525497067237,-0.00017663,0.00064713,44.2,-0.29,-0.194,-0.3681688741721854,0.5184779435405891,-1.25481569188496,50.4,0.10591433254495941,0.27707170087495947,-0.09887684302432631,0.6530202447742453,0.252,26.0
2026-09-14,UPS,"UNITED PARCEL SERVICE, INC.",102.46,96.45,103.3,92.53,108.05,87.65,119.53,-5.230769230769215,-1.7763864042933786,1.1525995948683336,-1.3300000000000125,-0.555379537953795,3.951694787813478,-5.062453863721068,-0.00487575,-0.0002860590429042896,-0.026731183952871062,0.026159065867062483,-0.01777144,0.0040023421262458435,-0.033318564462691776,0.04132324871518347,-0.02086171,-0.046274969177631596,-0.07299911134582224,-0.019550827009440958,0.00224351,-0.00335993,31.2,-1.02,-0.412,0.061208609271523315,1.0588559445092964,-0.9364387259662499,25.8,0.07562349933911405,0.2122497191312064,-0.33086677096358075,0.7553662092259935,0.241,26.0
2026-09-14,AIZ,"ASSURANT, INC.",283.27,274.82,288.74,271.71,305.68,254.35,330.32,-1.3683333333333298,1.9385813148788946,1.626901798063625,-15.78000000000003,-13.00594059405941,-5.004250146225946,-21.007631041892875,-0.00177562,0.007535276699669963,-0.012649765092644536,0.02772031849198446,0.03485553,0.018521847475083054,-0.0006286039112938374,0.037672298861459945,0.02575803,0.023823963092105317,0.014872281455439266,0.03277564472877137,0.00105557,-0.00196619,14.9,-1.54,0.003,0.33988741721854315,1.1746035946810143,-0.4948287602439279,35.1,0.46291186865184275,0.09518501945045141,-0.2496100789451857,0.4399801178460885,0.252,26.0
2026-09-14,AKAM,"AKAMAI TECHNOLOGIES, INC.",105.57,100.48,114.53,92.22,117.36,92.47,141.64,1.9530201342281892,-1.1323155216284977,2.7534351145038176,-18.970000000000013,-8.079438943894381,3.9693756778903673,-20.12825356567913,-0.01322997,0.002980798052805284,-0.042403869108338654,0.048365465213949216,-0.03527217,0.014167875614617924,-0.03081172448895051,0.059147475718186356,0.06448768,0.0029458438157894656,-0.04346202167465024,0.049353709306229177,0.00064215,0.01648364,7.3,-2.16,-1.474,0.016291390728476778,0.8423178564778043,-0.8097350750208508,4.2,0.30009004813378515,0.18931756653097379,-0.4267979973610708,0.8054331304230183,0.2725,26.0
2026-09-14,ALL,THE ALLSTATE ,258.48,245.03,260.76,237.85,286.93,232.94,303.66,-4.482142857142934,1.3790596219098379,1.7689898198903669,-17.269999999999982,-17.137887788778873,-9.52412901428984,-24.751646563267904,-0.00629592,0.0059291064356435655,-0.00985035585718945,0.021708568728476582,0.04270841,0.015661085448504985,6.571294361285007e-05,0.03125645795339712,0.03712844,0.04252659723684218,0.022360684114608922,0.06269251035907543,0.00244077,-0.00135479,8.7,-1.84,-0.23,0.16477814569536434,0.9674198764565682,-0.6378635850658396,33.5,0.19654853555135143,0.0034992472470338574,-0.21113837594814294,0.21813687044221064,0.252,26.0
2026-09-14,DOW,DOW INC.,28.9,27.82,30.97,25.41,32.88,22.99,37.64,1.3414634146341515,1.1404011461318069,1.4788494077834182,-0.8399999999999999,0.9107260726072607,2.7531295204032142,-0.931677375188693,-0.02692781,0.00027677475247524865,-0.035604303733900194,0.03615785323885069,-0.02940575,0.0022079246179402237,-0.05346603961808261,0.057881888853963066,-0.07634183,-0.09584335756578927,-0.1272636924866826,-0.06442302264489594,-0.00629936,0.00600321,11.7,-1.7,-0.82,-0.01707615894039734,0.9442676424540624,-0.9784199603348571,18.5,0.18767306496882474,0.06566668651755694,-0.21512573182144565,0.3464591048565595,0.241,26.0
2026-09-14,ECL,ECOLAB INC.,275.51,265.26,281.62,254.49,299.04,248.03,322.25,-2.0689655172413706,1.1194100856327331,1.7008733624454158,-19.400000000000034,-16.24871287128712,-7.917441731695632,-24.579984010878604,-0.00986598,0.00044686577557755846,-0.016299909333748745,0.01719364088490386,0.00650095,0.0002783124584717611,-0.01967661076240699,0.02023323567935051,0.01667113,0.02332075483552625,0.01520395939728654,0.03143755027376596,-0.00015142,-0.00725557,30.2,-0.72,-0.1,0.033910596026490096,0.9840495202734015,-0.9162283282204214,44.2,0.2743477443216711,0.12471818778779689,-0.09339421076649654,0.3428305863420903,0.252,26.0
2026-09-14,EFX,EQUIFAX INC.,172.29,155.64,179.37,154.2,191.69,146.7,207.38,-3.729032258064512,1.072415699281371,1.3712387651426339,-4.980000000000018,-3.8498349834983467,5.872925861524044,-13.572595828520738,-0.05148472,-0.010424867194719469,-0.03701577446030568,0.016166040070866743,-0.000503,-0.031104832491694368,-0.06526425218837514,0.0030545872049864108,-0.08260388,-0.04543490434210523,-0.07118392499583052,-0.01968588368837994,-0.00555649,0.00568952,51.2,-0.04,-0.442,-0.2646953642384109,0.4679627508011043,-0.9973534792779261,42.3,0.041636318667320316,0.062043127775443456,-0.20466906651283318,0.3287553220637201,0.252,26.0
2026-09-14,EWJ,ISHARES:MSCI JAPAN,97.58,95.93,100.55,93.03,103.39,89.16,105.68,1.548022598870057,1.2769230769230782,-1.0395061728395052,-4.549999999999997,-2.353201320132013,-0.12006214432113405,-4.586340495942892,0.00927683,0.002705926006600661,-0.010444933266988466,0.01585678528018979,0.0107937,0.013461157674418611,-0.0010843716622344606,0.02800668701107168,0.01946072,0.00012675644736843288,-0.008281018578653881,0.008534531473390746,2.42e-05,-0.00473223,32.3,-0.74,-0.192,0.2819172185430461,0.9467414401356097,-0.3829070030495175,22.0,0.36136974632577945,0.21443202326988584,-0.41995698500225154,0.8488210315420233,0.2875,26.0
2026-09-14,FITB,FIFTH THIRD BANCORP,54.38,52.75,55.49,50.6,59.17,47.59,65.02,-1.3119266055045913,1.2671957671957665,1.5670103092783498,-3.3399999999999963,-3.24204620462046,-1.4320881617190881,-5.052004247521832,-0.00736011,0.0041035519141914166,-0.01866563185927207,0.026872735687654904,0.00643366,0.017661160897009972,-0.010110054835399108,0.045432376629419055,0.01838498,0.02997950621710513,0.020967229953144182,0.03899178248106608,0.00468667,-0.0052432,68.5,0.62,-1.2,0.26460264900662267,1.3065203358573458,-0.7773150378441005,7.7,0.3724034783326051,0.17636868146035736,-0.09527426038759298,0.4480116233083077,0.2335,26.0
2026-09-14,LH,LABORATORY  OF AMERICA HOLDINGS,315.31,298.97,328.58,280.5,360.14,281.64,381.22,-2.061956521739136,1.2878483194484338,1.9575289575289574,-38.14999999999998,-17.574983498349837,-7.703659792532825,-27.44630720416685,-0.02522948,0.003655177458745876,-0.016025527106186262,0.023335882023678017,0.02134598,0.0070369074418604625,-0.013448724856871801,0.027522539740592728,0.04356854,0.020284665690789443,0.008404520732981497,0.032164810648597386,-0.00384494,0.00244765,51.0,0.61,-0.173,0.17466887417218543,1.0583943259073807,-0.7090565775630099,36.3,-0.034363779858675336,0.16813867769676658,-0.12430922945752745,0.46058658485106063,0.28925,26.0
2026-09-14,LYB,LYONDELLBASELL INDUSTRIES NV,62.75,61.17,68.44,57.4,72.35,47.9,80.62,2.3686635944700445,1.7943925233644844,1.2033670033670036,-2.1099999999999994,1.4463036303630363,5.322679207640426,-2.430071946914353,-0.01285166,6.717742574257138e-05,-0.03625694074419774,0.03639129559568289,0.00679123,0.0027276157475083235,-0.055513138773978024,0.06096837026899467,-0.06181156,-0.08177080677631576,-0.1119648215210873,-0.05157679203154422,-0.00667382,0.01133747,6.0,-1.91,-0.213,-0.08599999999999998,1.0584060276607161,-1.2304060276607163,39.9,0.23775909779619675,0.12919379126164662,-0.18105709975745657,0.43944468228074984,0.252,26.0
2026-09-14,MTB,M&T BANK ,237.82,229.57,245.36,222.37,262.05,214.31,280.38,-1.0830721003134798,1.5682847896440153,1.810293492131009,-21.189999999999998,-17.23524752475248,-10.568985787383369,-23.901509262121593,-0.00711709,0.0026620644554455454,-0.017070073321279532,0.02239420223217062,0.01881014,0.011846388405315628,-0.011133574357340064,0.03482635116797132,0.03739298,0.046310775065789477,0.04185937569475351,0.050762174436825444,0.00398149,-0.00198936,67.7,0.57,-1.31,0.2321821192052981,1.3060740026617443,-0.8417097642511481,9.7,0.23311043009274623,0.20940951640503563,0.01742224611337967,0.4013967866966916,0.2335,26.0
2026-09-14,XLK,SEL SECTOR:TECH SPDR,184.28,182.61,193.17,174.47,195.29,160.18,222.56,2.5333333333333257,1.1223241590214055,1.5883817427385896,-18.55000000000001,-9.40541254125412,-2.7117835961247314,-16.09904148638351,0.00355069,0.0037485233663366335,-0.014241095462819793,0.02173814219549306,-0.00794391,0.02012871162790695,-0.008274177183734872,0.04853160043954877,0.05295375,0.027933279703947333,0.01336330622697821,0.04250325318091645,-0.00158855,-0.00175669,29.4,-1.07,-0.55,0.4827218543046359,1.5018249037397648,-0.5363811951304931,12.9,0.31391156052784863,0.16773412827469777,-0.09865358340413241,0.43412183995352793,0.27375,25.0
2026-09-14,ADM,ARCHER-DANIELS-MIDLAND COMPANY.,86.44,83.33,91.31,78.2,97.32,72.23,97.36,2.336244541484728,1.3203883495145634,-1.3012820512820504,-3.8599999999999994,-2.163630363036303,1.6960140491788809,-6.023274775251487,0.02093874,0.005497741650165019,-0.01512732624866837,0.02612280954899841,0.0094575,0.021865550166112937,-0.0018812492100093343,0.04561234954223521,0.03466689,-0.011160527302631632,-0.050086730150212276,0.027765675544949013,0.00362235,0.01128924,8.7,-1.9,0.907,0.3682913907284769,1.1881114875919996,-0.45152870613504575,78.0,0.2074436063330476,0.15522976729552454,-0.10455007849309442,0.4150096130841435,0.27375,25.0
2026-09-14,CRL,CHARLES RIVER LABORATORIES,273.11,267.13,285.57,252.25,328.49,202.51,356.77,1.0202312138728304,2.654841802492807,1.1849858356940501,-13.96999999999997,2.672706270627057,15.124694008017135,-9.779281466763022,-0.02037292,0.00868545290429043,-0.03069048622180083,0.04806139203038169,0.08306088,0.022537146777408684,-0.03378059257176376,0.07885488612658112,-0.02633355,-0.07286556358552639,-0.09259305475775345,-0.05313807241329932,-0.00581761,-0.0080083,18.5,-1.27,-0.322,0.38479470198675503,1.3953986023488043,-0.6258091983752943,26.8,0.556324299472924,0.14072264056772552,-0.1997263498019042,0.48117163093735527,0.27375,25.0
2026-09-14,EWT,ISHARES:MSCI TAIWAN,107.21,109.32,114.59,100.71,117.55,91.8,129.69,,1.5907692307692314,1.4587929915639202,-11.760000000000005,-4.075544554455445,0.5748858483089441,-8.725974957219833,0.01445481,0.007622467920792086,-0.012154373779461203,0.027399309621045375,-0.00259363,0.026584262591362127,0.0027731144543166678,0.050395410728407586,0.05641391,0.015523816480263181,-0.008380032389525347,0.03942766535005171,-0.005482,-0.00860988,33.9,-0.59,-0.024,0.5825827814569535,1.4917731763619955,-0.3266076134480884,26.8,0.23242325873683622,0.3908434401558379,-0.8162211414137039,1.5979080217253796,0.27375,25.0
2026-09-14,EXPD,EXPEDITORS INTERNATIONAL OF WASHINGTON,193.61,182.7,195.12,179.13,212.18,158.82,222.27,-2.764204545454565,1.2824585635359096,-1.2138869504535947,-9.029999999999973,-7.267425742574259,0.020978272459142744,-14.555829757607661,0.00556193,0.005379645610561061,-0.021193318700923766,0.031952609922045884,0.04430545,0.00706020524916944,-0.03138287221136352,0.04550328270970241,0.04182786,0.012992076578947385,-0.004036284317057444,0.030020437474952213,0.00183425,0.00167894,9.3,-1.81,0.926,0.4489172185430463,1.111091726888997,-0.21325728980290443,71.6,0.6003623572750232,0.06434281286280992,-0.3543303841580711,0.4830160098836909,0.27375,25.0
2026-09-14,FSLR,"FIRST SOLAR, INC.",207.04,194.33,222.19,175.85,242.36,169.16,299.9,1.0969230769230784,1.1324142353318378,2.4514255543822596,-20.900000000000006,-34.090726072607275,-16.794031020199903,-51.38742112501465,-0.00910594,0.0048224604290429,-0.034118166974807566,0.043763087832893365,-0.01705639,0.03490348594684389,-0.01493003818157703,0.08473701007526482,0.03974754,0.06249420684210555,0.034701182411128614,0.09028723127308248,0.00170919,0.0075909,15.5,-1.38,-0.843,0.10472847682119192,1.0308766028136813,-0.8214196491712975,18.1,0.3097371497947694,0.14433786200355767,-0.30753864657223196,0.5962143705793472,0.219,25.0
2026-09-14,TPR,"TAPESTRY, INC.",117.91,108.2,120.73,99.51,135.14,107.87,181.52,-5.383333333333341,-1.0679048171793386,6.335657370517935,-37.849999999999994,-27.333036303630376,-17.088947036032263,-37.57712557122849,-0.04338206,0.0035433971947194712,-0.031009018946786707,0.03809581333622565,-0.0349334,0.016457129833887016,-0.021159958096052665,0.0540742177638267,0.14342463,0.14199467631578913,0.12635181857237823,0.15763753405920003,-0.00018143,-0.01184742,0.2,-4.3,-1.004,0.39253311258278134,1.4960988692545734,-0.7110326440890107,9.7,0.0621893759943577,0.14875534929069406,-0.26944843698180065,0.5669591355631888,0.225,24.0
2026-09-14,TS,TENARIS SA,55.14,56.26,59.87,51.93,61.02,48.59,68.73,,1.8317757009345796,2.074809160305345,-6.789999999999999,-4.041518151815182,-1.193413692339258,-6.889622611291106,0.01496992,0.006035235445544556,-0.017633244500705355,0.029703715391794467,-0.00622915,0.024806547873754126,-0.01100334962083729,0.06061644536834554,0.07164109,0.037475234605263245,0.01419205489167098,0.06075841431885551,-0.00874632,0.01418553,35.9,-0.78,0.359,0.3021390728476822,1.2401406705039881,-0.6358625248086238,50.2,0.2363323977638594,0.19123396558963798,-0.30941651134808346,0.6918844425273595,0.267,24.0
2026-09-14,TUR,ISHARES:MSCI TURKEY,39.77,39.04,41.93,37.13,42.95,35.03,45.85,2.539473684210509,1.2045454545454541,1.2827004219409275,-2.3599999999999994,-1.0799009900990122,0.15194882366665574,-2.31175080386468,-0.00197026,0.0028898204620462034,-0.017138351892511245,0.022917992816603654,-0.00615204,0.004156820232558136,-0.018199932787005137,0.026513573252121413,0.02010027,0.0029050934539473715,-0.00824334485899986,0.014053531766894604,-0.00360545,-0.00218376,72.2,1.06,0.026,0.34127483443708606,1.3366974982823578,-0.6541478294081857,44.6,0.643797417614062,0.8409160651579561,0.08641384349926551,1.5954182868166469,0.26075,24.0
2026-09-14,MDY,SPDR S&P MIDCAP 400 ETF,672.62,664.66,692.42,637.87,719.7,624.47,763.94,1.34328358208955,1.3548201438848932,1.8965732087227434,-26.590000000000032,-13.318712871287126,-2.340863168389781,-24.29656257418447,-0.00951761,0.002374743795379538,-0.006535139223852703,0.01128462681461178,-0.00209387,0.007547531328903664,-0.002178848166255104,0.017273910824062433,-0.00352765,-0.002010177500000003,-0.007086686371424454,0.0030663313714244475,-0.0003368,-0.00214509,31.7,-0.89,-1.991,0.24676158940397339,0.9654532412824806,-0.47193006247453373,0.2,0.404074483054103,0.2096954902254652,0.02951154698258629,0.3898794334683441,0.2325,24.0
2026-09-14,PSX,PHILLIPS 66,257.06,253.57,274.32,246.73,299.29,200.29,300.52,3.075630252100848,4.088092933204257,-1.306258628624023,-15.839999999999975,-5.105577557755774,3.2044798758260473,-13.415634991337596,0.01759588,0.012189114983498353,-0.011137018551703074,0.03551524851869978,0.08567698,0.03428426441860464,0.01153887562927083,0.057029653207938444,0.04171462,-0.00603274312499996,-0.023650053128412923,0.011584566878413001,-0.00491738,0.01297689,2.2,-2.29,1.52,0.5272615894039735,1.4145975446411103,-0.3600743658331633,86.7,0.8607364755178382,0.1255424540603872,-0.0626370931026558,0.3137220012234302,0.2475,23.0
2026-09-14,SNA,SNAP-ON INC.,377.78,365.49,387.91,352.88,402.08,354.69,453.94,-1.4962884411452753,-1.02469135802469,3.2983975747076704,-40.24000000000001,-26.210066006600666,-16.636675491433444,-35.78345652176789,-0.01299374,0.003638922145214522,-0.00812761027009572,0.015405454560524764,-0.00554887,0.01344410003322257,0.002790640638520756,0.02409755942792438,0.04772413,0.03754484601973691,0.027783291079533326,0.0473064009599405,-4.437e-05,-0.00419823,32.3,-0.93,-2.176,0.13509271523178779,0.9781384066904153,-0.7079529762268397,3.4,1.0336814037442665,0.14977347415652997,-0.1902105091890754,0.48975745750213534,0.2475,23.0
2026-09-14,VLO,VALERO ENERGY ,382.95,377.53,409.83,364.36,450.9,296.08,455.78,4.319502074688822,3.655190962883275,-1.1927777014966363,-34.870000000000005,-13.837029702970293,-0.44961427614599714,-27.22444512979459,0.03352616,0.01618283547854785,-0.008325794139176577,0.04069146509627228,0.08941194,0.0460076257142857,0.02413928100077439,0.06787597042779701,0.08884981,0.024200639638157932,0.00036286651431642267,0.04803841276199944,-0.00282548,0.01243044,6.9,-2.06,1.657,0.6497615894039739,1.6140652988068929,-0.3145421199989451,87.1,1.1540967287246753,0.10516270538599722,-0.12007215949239526,0.3303975702643897,0.2475,23.0
2026-09-14,XLV,SEL SECTOR:H CARE SPDR,167.75,161.3,170.42,157.98,181.49,150.32,191.85,-2.6639344262295106,1.4063459570112584,1.3826735513482493,-8.629999999999995,-3.986204620462045,-0.7259046224254955,-7.246504618498594,-0.01381659,0.003976434290429044,-0.0073460026280397364,0.015298871208897825,0.02278474,0.005643927441860468,-0.011454654582973414,0.02274250946669435,0.00759484,0.0005605566447368344,-0.00906518635600035,0.010186299645474017,-0.00175317,0.00038923,72.8,1.06,-0.013,0.2705860927152317,1.0816753100501941,-0.5405031246197306,33.9,-0.13782831171858445,0.09795235440507083,-0.2141040248464785,0.41000873365662016,0.22325,23.0
2026-09-14,ABBV,ABBVIE INC.,261.77,240.42,262.02,235.42,290.49,221.93,301.05,-5.01305483028715,1.0899430740037963,-1.0142566191446014,-13.5,-16.48709570957096,-8.82415058638183,-24.150040832760087,-0.01042222,0.004579335379537962,-0.012550665505182355,0.021709336264258278,0.0290019,0.010801871993355498,-0.016630960757959404,0.0382347047446704,0.02975754,0.031185505789473662,0.020597135600076796,0.04177387597887053,0.00103169,0.00384252,65.9,0.73,0.626,0.27047682119205285,1.066366392944575,-0.5254127505604693,70.6,0.12037522880000195,0.08308372677454103,-0.15130346682620915,0.3174709203752912,0.21275,23.0
2026-09-14,F,FORD MOTOR COMPANY,13.86,13.06,14.56,12.36,15.54,12.18,17.1,-1.7291666666666652,1.1199999999999999,1.9285714285714302,-1.4000000000000004,-1.0233003300330028,-0.12699795587178087,-1.9196027041942247,-0.01828908,0.007191528547854786,-0.022805741102986624,0.037188798198696194,0.00089487,0.022050314916943488,-0.015058686916753126,0.0591593167506401,0.04191404,0.018070431743421034,-0.005019927816040534,0.0411607913028826,-0.00319555,0.0080193,87.3,1.71,-0.344,0.10798013245033107,0.8981527993135867,-0.6821925344129245,22.8,-0.22621485599970137,0.1892708787579954,-0.3124621981625638,0.6910039556785547,0.23725,23.0
2026-09-14,IEX,IDEX ,222.14,216.33,227.59,207.42,239.99,204.2,261.74,-1.3913894324853162,1.212635869565219,2.207357859531774,-16.640000000000015,-4.431155115511547,2.4990994825346355,-11.36140971355773,-0.02309777,0.005771947953795382,-0.01511633617462652,0.026660232082217284,-1.655e-05,0.013943563687707636,-0.008481725864428503,0.036368853239843776,0.01279037,-0.016570799375,-0.03567743013107299,0.002535831381072988,-0.00022992,-0.00575848,20.8,-1.16,-1.412,0.2583708609271522,1.1229159940777622,-0.6061742722234577,5.0,0.28542913743142817,0.17193383125965653,-0.13444156814130695,0.47830923066062003,0.2475,23.0
2026-09-14,LQD,ISHARES:IBOXX $IG CORP,104.3,102.84,106.74,97.71,111.22,98.69,112.0,1.1675675675675694,1.0500758725341424,1.3725490196078438,-2.3700000000000045,-2.234950495049506,-1.2546752021551972,-3.2152257879438144,-0.00513082,-0.00038576148514851536,-0.0038172576462644037,0.0030457346759673732,-0.00840244,-0.004635391960132894,-0.01238054418050897,0.0031097602602431816,-0.00780226,0.0031082708223684093,-0.0011360563248445192,0.007352597969581338,-0.0007281,-0.00156537,68.3,0.85,-1.106,-0.27950662251655634,0.46428912760318986,-1.0233023726363024,17.3,0.7143063658747755,0.5941129398761665,-0.16819347691946696,1.3564193566718,0.20875,23.0
2026-09-14,MPC,MARATHON PETROLEUM ,396.45,390.8,419.76,371.08,468.83,297.49,471.42,3.0434272300469556,2.8529759558533696,-1.319994664532479,-29.430000000000007,-13.308052805280523,-0.010704572007188773,-26.605401038553858,0.02793058,0.012386101683168322,-0.015268437008106582,0.04004064037444323,0.08558263,0.03647847870431894,0.003595370541432677,0.0693615868672052,0.07305655,0.021148372697368457,0.0018364429854342348,0.04046030240930268,-0.00286748,0.01154587,5.0,-2.17,1.797,0.5763807947019867,1.6849546221603164,-0.5321930327563432,86.7,1.4697430827288223,0.15796243350277306,-0.15059344131510993,0.46651830832065605,0.2475,23.0
2026-09-14,APTV,APTIV PLC,44.79,42.7,48.1,39.05,47.84,35.93,61.54,1.1139240506329129,-1.881967213114752,1.8905191873589167,-1.1899999999999977,-1.3127392739273918,2.6898708125842195,-5.3153493604390025,-0.01332158,-0.008544181188118814,-0.043950203596153814,0.02686184121991619,-0.09230166,-0.006953395016611293,-0.0532777974474124,0.03937100741418981,-0.05740044,-0.04334161664473699,-0.05949006342232126,-0.027193169867152728,0.00050183,0.00156675,23.6,-1.29,-1.004,-0.19323841059602648,0.7353121994034262,-1.121789020595479,23.6,0.07465396364866161,0.10115123600179901,-0.33227174220039735,0.5345742142039954,0.204,22.0
2026-09-14,DGX,QUEST DIAGNOSTICS INC.,237.89,223.23,240.53,215.04,259.98,218.59,272.75,-4.377358490566024,-1.0344047080126737,1.8062176165803132,-24.439999999999998,-16.996600660065994,-8.984375729374172,-25.008825590757816,-0.01455667,0.0077135515181518165,-0.009843397037492208,0.02527050007379584,0.01125189,0.015780819867109615,0.003289951811165816,0.028271687923053415,0.05818601,0.04427350680921058,0.03175319970705437,0.056793813911366786,-0.00016787,0.00200496,39.7,-0.09,0.226,0.1614403973509934,1.0081813106040296,-0.6853005159020429,51.4,0.4235227546860634,0.18856324629192833,-0.2644098891979831,0.6415363817818398,0.252,22.0
2026-09-14,LDOS,"LEIDOS HOLDINGS, INC.",132.83,121.89,132.56,117.15,149.08,103.18,167.88,-15.823529411765238,1.036352040816326,1.1821247892074191,-6.179999999999978,-18.494620462046207,-5.713641536735022,-31.275599387357392,-0.03085051,-0.0008417309570957059,-0.03285140415484278,0.031167942240651364,0.0225686,-0.00991618372093024,-0.05576608044894697,0.03593371300708649,-0.01874225,0.05349198957236839,0.003088515372303896,0.10389546377243289,0.00538954,0.02353686,18.1,-1.27,-0.942,-0.06583112582781468,1.11518449429531,-1.2468467459509391,28.8,0.06603842961506778,0.2321181336534341,-0.19165955608836993,0.6558958233952381,0.204,22.0
2026-09-14,TRGP,TARGA RESOURCES CORP.,287.25,282.25,303.2,266.69,328.04,246.15,365.15,2.181076672104407,1.9839494163424132,1.895377128953771,-44.129999999999995,-30.28283828382839,-18.814271140770764,-41.751405426886016,-0.01038607,0.009187046732673267,-0.011220310684418963,0.029594404149765496,0.02917627,0.025621295083056498,0.0012761210334806122,0.049966469132632384,0.08973132,0.0953510441118419,0.08744663863242044,0.10325544959126337,-0.00717939,0.00175655,13.1,-1.38,0.38,0.43139403973509916,1.3441715360824356,-0.48138345661223725,40.7,-0.10029264226953905,0.1454920160975481,-0.09363624070781737,0.38462027290291356,0.1955,21.0
2026-09-14,XOP,SPDR S&P OIL&GAS EXP,193.47,189.58,203.85,185.26,217.39,158.83,223.34,2.7629629629629546,2.9135200974421394,-1.1596919986608631,-9.379999999999995,-2.4843564356435643,5.151625190559564,-10.120338061846692,0.01300108,0.0055220151155115525,-0.013938502095638093,0.0249825323266612,0.04935171,0.01806022667774084,-0.008378408353651137,0.04449886170913282,0.02967447,-0.023692555098684186,-0.053071858704734645,0.005686748507366272,-0.00183898,0.01639259,11.9,-1.67,1.347,0.3200794701986753,1.2484677855578243,-0.6083088451604739,83.1,0.9500816574733688,0.17808307080126848,-0.11164563486992582,0.46781177647246275,0.2325,21.0
2026-09-14,DVN,DEVON ENERGY ,49.73,47.26,51.36,46.32,55.93,39.42,57.2,1.173708920187796,1.8181818181818208,-1.380187416331993,-0.6100000000000065,0.39693069306930656,2.454152382134951,-1.6602909959963377,0.00767514,0.005714468415841583,-0.014276926826374568,0.025705863658057736,0.03939076,0.014535439833887049,-0.010160852854717824,0.03923173252249192,-0.00633786,-0.05662094355263171,-0.08492918579564314,-0.028312701309620283,0.00346637,0.01495338,12.1,-1.72,1.045,0.2967086092715231,1.1361952946190637,-0.5427780760760174,80.0,0.48268997056831475,0.07499674028929507,-0.14806690230875666,0.2980603828873468,0.2325,21.0
2026-09-14,HON,HONEYWELL INTERNATIONAL INC.,201.38,195.97,208.21,183.81,219.88,179.82,265.65,-1.6394849785407708,1.052931132612408,2.9809833024118726,-19.349999999999994,-8.0542904290429,0.3392789761077033,-16.447859834193505,-0.0299054,0.0004643878547854804,-0.020374553188870714,0.02130332889844167,-0.01272045,0.007135993355481718,-0.015739925997045143,0.030011912708008577,0.00384497,-0.0010272265131579012,-0.007522334512987658,0.005467881486671855,0.0005432,-0.00434583,6.2,-2.04,-2.827,-0.0705562913907285,0.9660310056544854,-1.1071435884359424,0.2,0.5561799362259643,0.15284753723228348,-0.1642496504468657,0.4699447249114327,0.1885,21.0
2026-09-14,NDSN,NORDSON ,308.31,296.55,326.81,292.14,343.5,273.54,368.31,1.037653239929948,2.1762523191094596,1.725625539257982,-29.54000000000002,-4.867359735973597,4.803402078150755,-14.53812155009795,-0.02110025,0.0076360045874587475,-0.007534999314832804,0.0228070084897503,0.03517072,0.023434521926910267,0.005662626992027103,0.04120641686179343,0.00657373,-0.014075675296052604,-0.02797231246695524,-0.0001790381251499662,-0.00746787,-0.00727255,73.0,0.85,-0.043,0.3816291390728474,1.2677474022245274,-0.5044891240788327,26.0,-0.44235124320481334,0.248215884477762,-0.11318441452673283,0.6096161834822569,0.205,20.0
2026-09-14,PYPL,"PAYPAL HOLDINGS, INC.",54.03,46.27,57.13,47.33,63.53,42.37,69.0,-2.459807073954984,1.4179104477611935,1.2838765008576325,-4.740000000000002,-2.558085808580857,1.345138571614179,-6.461310188775894,-0.06447809,-0.0051630895049504895,-0.044201446785359505,0.03387526777545853,0.05401529,-0.009741740764119617,-0.06428608115103016,0.04480259962279093,-0.05006868,-0.028378393618421094,-0.059183164776612215,0.002426377539770024,-1.813e-05,-0.00022533,75.8,1.04,-0.852,-0.2039006622516557,0.7432512444060224,-1.1510525689093338,30.4,-0.4116647344746892,0.1340614423264304,-0.3488280393300003,0.6169509239828611,0.18325,20.0
2026-09-14,CNP,"CENTERPOINT ENERGY, INC.",38.65,38.3,40.86,35.99,42.45,37.03,45.39,3.5090909090909266,1.428571428571432,4.160493827160502,-4.740000000000002,-3.2917491749174927,-2.225165265939067,-4.358333083895919,-0.00489727,0.0012326607260726063,-0.00988639092705894,0.012351712379204153,-0.01048874,0.007863705282392016,-0.004990273657991503,0.020717684222775534,0.05495674,0.04606348503289474,0.038452809325182205,0.05367416074060727,0.00205324,-0.00427345,42.7,-0.06,-1.097,0.04959933774834447,0.896104379540944,-0.7969057040442551,8.5,0.12407416965034734,0.2876015538680385,-0.08222986729535087,0.6574329750314278,0.225,20.0
2026-09-14,COST,COSTCO WHOLESALE ,918.91,876.54,919.59,853.82,967.71,843.49,1044.89,-6.760726072607181,-1.3338114754098325,1.6703792097586874,-39.32000000000005,-64.01683168316826,-34.8386377162079,-93.19502565012863,-0.013918,-0.0009477857095709555,-0.014345137682998964,0.012449566263857053,-0.00566159,-0.003921552923588046,-0.02091895130570849,0.0130758454585324,0.00092676,0.03216789062500003,0.010820930960621571,0.05351485028937848,0.00424981,-0.00151392,61.7,0.63,-0.86,-0.16276821192052973,0.6605566368244306,-0.98609306066549,15.7,0.2106472277629603,0.20315212125782672,-0.04847100916862224,0.4547752516842757,0.18,20.0
2026-09-14,EFNL,ISHARES:MSCI FINLAND,53.53,54.29,58.33,52.66,57.21,50.03,61.77,11.09756097560965,4.229885057471242,2.354285714285715,-6.030000000000001,-2.9018151815181517,-1.4152293539647387,-4.388401009071565,0.00492363,0.0028014575577557724,-0.012028909998182577,0.01763182511369412,-0.00059597,-0.00023414960132889614,-0.017829802367986636,0.017361503165328845,0.04481082,0.030607840361842054,0.017910052735617965,0.04330562798806614,-0.00996143,-0.00507431,99.0,2.56,-0.27,0.4002185430463574,1.1778316333381933,-0.3773945472454786,21.6,,,,,0.21375,20.0
2026-09-14,JBL,JABIL INC.,298.72,291.56,323.96,264.36,340.11,268.66,427.5,2.8761408083441853,1.2045983701979037,4.284098469727211,-71.17999999999995,-40.84339933993398,-17.07283795116257,-64.6139607287054,-0.01758779,0.005132660924092405,-0.025146510308559945,0.03541183215674475,-0.04194865,0.033753439302325626,-0.004694805299171788,0.07220168390382303,0.10695146,0.07722780552631574,0.05741785550923023,0.09703775554340124,0.00455808,-0.02166245,31.5,-0.74,-1.403,0.27309271523178813,1.159682706137017,-0.6134972756734407,2.2,0.16812379005897227,0.10820847170687162,-0.16321227297693827,0.3796292163906815,0.225,20.0
2026-09-14,LMT,LOCKHEED MARTIN ,529.38,501.73,544.56,471.95,589.7,469.83,681.61,-2.5841784989857994,1.050322131290267,2.556339210747271,-50.83000000000004,-36.50557755775578,-9.468045128788788,-63.54310998672277,-0.03153054,0.0023812185478547846,-0.025425317242608044,0.03018775433831761,-0.01212199,0.005281280564784032,-0.03763402214022198,0.048196583269790046,0.00972065,0.023557898322368383,0.004860745007907685,0.04225505163682908,0.00164802,0.00052644,39.9,-0.56,-1.777,0.13725496688741712,1.4219953498907048,-1.1474854161158707,8.1,-0.08703190330682209,0.12579757784592813,-0.24377200813206942,0.49536716382392565,0.175,20.0
2026-09-14,PSA,PUBLIC STORAGE.,295.4,281.7,304.9,274.89,316.26,272.69,347.08,-1.571428571428563,1.0170648464163834,2.2756494936151497,-19.980000000000018,-11.563861386138617,-1.583763876664909,-21.543958895612327,-0.02775516,-0.00048810818481848095,-0.01935206997666412,0.01837585360702716,-0.02159869,0.001581901860465114,-0.013828500748753678,0.016992304469683906,-0.01285384,0.001404709638157899,-0.007251738284178662,0.01006115756049446,0.00223613,-0.00248106,34.9,-0.75,-2.168,-0.035907284768212006,0.9447659964006915,-1.0165805659371154,2.2,0.4952142033249316,0.10827460645345277,-0.11960204333530719,0.33615125624221276,0.1735,19.0
2026-09-14,SPLV,INVESCO S&P500 LOWVL,73.82,72.52,74.88,70.01,79.15,70.82,80.6,-1.448979591836716,1.3989501312336035,2.2600000000000002,-3.1200000000000045,-2.8958745874587435,-1.9241737790610107,-3.867575395856476,-0.01229938,0.00017136346534653475,-0.007204217135414019,0.007546944066107088,0.00810048,2.6074285714285657e-05,-0.012875484494356874,0.012927633065785447,0.01100414,0.017292026118421077,0.01419246813807025,0.020391584098771905,0.00092915,-0.00093903,36.3,-0.6,-1.584,-0.028993377483443716,0.8032511798903219,-0.8612379348572092,3.8,0.9336043190692702,0.20285657137013108,-0.18939145253653877,0.5951045952768009,0.1735,19.0
2026-09-14,WEAT,TEUCRIUM:WHEAT,26.17,25.25,28.3,24.84,29.53,22.33,31.72,1.677966101694908,2.52631578947368,1.445312499999998,-2.389999999999997,-0.7300660066006608,0.02675539770342461,-1.486887410904746,0.01187761,0.003191416138613862,-0.013814986083856059,0.020197818361083784,0.05924846,0.009075854318936882,-0.010236973105007912,0.028388681742881675,0.01494627,-0.0018300724342105057,-0.012046679302190446,0.008386534433769433,-0.00326891,-0.00027237,67.5,1.32,0.483,-0.05382781456953666,0.8445917520929365,-0.9522473812320098,60.7,-0.004018534153631403,0.36922005304530475,-0.23780668882523254,0.976246794915842,0.22325,19.0
2026-09-14,AEE,AMEREN ,103.97,102.67,108.33,100.06,112.05,99.86,118.02,2.1355140186915915,2.066496163682866,3.4184914841849148,-9.230000000000004,-7.917656765676564,-5.178723321505014,-10.656590209848114,-0.00864174,0.0016116305940594064,-0.009862877765599744,0.013086138953718558,0.00953296,0.012162741760797334,-7.888890032015962e-05,0.02440437242191483,0.03467736,0.03996490111842112,0.03018276710054598,0.049747035136296254,0.00153711,-0.00343145,12.1,-1.49,-1.644,0.0970231788079469,0.9211256843618943,-0.7270793267460006,1.0,0.17370452674794423,0.2587949017439054,-0.051358272961610274,0.568948076449421,0.1735,19.0
2026-09-14,D,"DOMINION ENERGY, INC.",64.46,63.44,66.75,60.3,69.65,60.61,74.4,1.4496124031007878,1.2475961538461577,2.5818181818181887,-5.070000000000007,-3.462607260726071,-1.8149614986868972,-5.110253022765245,-0.01608164,0.002105631320132012,-0.011142002765655534,0.01535326540591956,-0.01026505,0.015354808637873755,-0.00011212938946013676,0.030821746665207646,0.02328019,0.02205246003289477,0.011089695012573487,0.03301522505321605,0.00169632,-0.00440331,11.5,-1.57,-1.829,0.09358940397350983,0.8762968719029193,-0.6891180639558997,0.6,0.2820148129213065,0.22630009961095587,-0.28136438679859366,0.7339645860205054,0.1735,19.0
2026-09-14,DELL,DELL TECHNOLOGIES INC.,534.28,495.88,597.83,463.22,639.65,349.03,749.57,1.9501681442983834,1.4828314100759934,1.162159244264508,-111.58000000000004,-42.38227722772278,2.7286896012066464,-87.4932440566522,0.043322,0.02093909283828383,-0.0286025523877301,0.07048073806429776,0.03031159,0.07762502598006647,-0.007610707132088085,0.16286075909222103,0.17511098,0.08258122032894745,0.04018189189042637,0.12498054876746853,0.00331501,-0.00112166,79.4,1.32,0.318,0.35556953642384115,1.224785481362725,-0.5136464085150427,47.4,-0.28096953030595484,0.059388489607863595,-0.28940538239987307,0.40818236161560023,0.22325,19.0
2026-09-14,EVRG,"EVERGY, INC.",80.86,79.05,83.84,75.6,88.03,76.63,91.29,1.7625000000000108,1.3631178707224325,2.4657210401891247,-7.019999999999996,-5.973663366336637,-3.890918080412879,-8.056408652260394,-0.00257655,0.001968833267326734,-0.009787837596039961,0.013725504130693428,-0.00023743,0.00932774511627907,-0.001058302972953772,0.019713793205511913,0.0419392,0.044846943256579036,0.033746132620055054,0.05594775389310302,0.00432273,-0.00230133,33.5,-0.47,-0.951,0.20257284768211917,1.0897265326705443,-0.6845808373063059,7.7,0.0964703916246612,0.2388176247232766,-0.09777907012654491,0.5754143195730981,0.1735,19.0
2026-09-14,EXC,EXELON ,42.72,42.05,44.75,40.38,46.67,40.42,49.72,2.4399999999999977,1.6880341880341918,3.043478260869569,-4.0,-3.2224422442244243,-1.8713531658094726,-4.573531322639376,-0.01128566,0.00021316471947194812,-0.014993707778554516,0.015420037217498411,0.00154778,-0.0024613508637873777,-0.01568707228617027,0.010764370558595518,0.03074106,0.033928574342105326,0.02295460633446543,0.04490254234974522,0.00328215,-0.002998,12.7,-1.62,-1.656,-0.04891721854304637,0.8308017318397847,-0.9286361689258773,1.8,0.2415268699440174,0.18987057490355372,-0.13267434850931223,0.5124154983164196,0.1735,19.0
2026-09-14,GGB,GERDAU SA,4.89,4.88,5.44,4.38,5.78,3.85,5.97,16.666666666667023,1.745098039215688,1.038461538461539,-0.3700000000000001,-0.11970297029702975,0.11836509044913479,-0.3577710310431943,0.04021194,0.007768043234323432,-0.02227269756810598,0.03780878403675284,0.01859052,0.027686521993355497,0.003944331991044596,0.0514287119956664,0.01363326,-0.014898047565789463,-0.04240187749557954,0.012605782364000612,0.00043287,0.00688511,68.5,0.98,0.223,0.3644900662251657,1.4309225351909451,-0.7019424027406136,40.7,-0.4553134967720188,1.6435534321576837,-0.12981904707177727,3.4169259113871444,0.22325,19.0
2026-09-14,HII,"HUNTINGTON INGALLS INDUSTRIES, INC.",280.01,271.16,289.14,249.14,317.46,238.23,377.03,-1.5496894409937922,1.2131519274376412,2.322163714696026,-26.480000000000018,-23.918415841584167,-3.629770790424793,-44.20706089274354,-0.02980963,0.0004669344554455378,-0.03199529263223501,0.032929161543126084,-0.00959566,0.009333180897009984,-0.04458226916714348,0.06324863096116345,0.01164235,0.016038559407894698,0.0014293371845899745,0.03064778163119942,0.00415484,-0.00122406,22.8,-0.97,-2.707,0.11706291390728478,1.166783202239529,-0.9326573744249596,0.6,0.24019442350110443,0.16214975238378598,-0.27209787785273565,0.5963973826203076,0.1735,19.0
2026-09-14,LYV,"LIVE NATION ENTERTAINMENT, INC.",171.49,163.14,176.1,156.6,188.69,156.71,212.53,-1.697029702970307,1.155137676292812,2.776725304465493,-19.789999999999992,-14.383465346534658,-8.441357758534304,-20.32557293453501,-0.01492076,0.0008693340924092418,-0.021199808178669406,0.022938476363487892,0.00711816,0.011022571661129578,-0.013843372710122653,0.03588851603238181,0.04496733,0.0440934744407895,0.03224142398144393,0.055945524900135074,0.00196868,-0.00146995,22.4,-1.18,-1.466,0.16171854304635758,0.9741216659724466,-0.6506845798797315,4.2,0.15791228762263065,0.2005933848502655,-0.11601483652954592,0.5172016062300769,0.1735,19.0
2026-09-14,PPLT,ABRDN:PHYSICAL PLATINUM,15.9,15.85,17.54,15.01,18.05,13.28,22.45,5.0384615384615445,2.4157303370786507,2.4999999999999987,-3.4799999999999986,-3.203257425742572,-1.3017568524580674,-5.104757999027077,-0.00723122,0.004723002079207919,-0.031877180649454474,0.04132318480787032,0.01200188,0.03505706169435219,-0.01757437984991192,0.0876885032386163,0.12306919,0.11467964628289468,0.08161366976840825,0.1477456227973811,-0.01299669,0.00196946,84.9,1.59,-0.009,0.19730794701986779,1.15223167005418,-0.7576157760144444,46.4,-0.05284894315387079,0.005945806086188281,-0.2195583029350306,0.23144991510740714,0.16425,18.0
2026-09-14,RJF,"RAYMOND JAMES FINANCIAL, INC.",170.8,169.08,181.21,159.72,191.42,155.61,208.02,2.5789473684210384,1.8610108303249056,2.450296247531271,-22.20999999999998,-13.160528052805283,-7.270713824770011,-19.050342280840553,-0.00926555,0.0011565410231023105,-0.015224198578943133,0.017537280625147755,0.01409363,0.0041774260132890475,-0.017071831937999136,0.025426683964577233,0.0483747,0.0405213780263158,0.02724405735964217,0.053798698692989436,-0.00297698,-0.00532977,78.8,1.19,-0.881,0.1820960264900662,1.037966643080543,-0.6737745901004105,16.5,0.06261709663169435,0.09347452435457956,-0.11879532522418024,0.30574437393333936,0.1575,18.0
2026-09-14,SBLK,STAR BULK CARRIERS CORP.,30.83,29.78,32.37,28.69,34.1,25.62,37.29,1.20353982300885,1.5280373831775738,1.239923224568139,-2.3599999999999994,-0.8348514851485144,0.2121549196290008,-1.8818578899260294,0.00434012,0.00959504455445545,-0.012484620019768439,0.03167470912867934,0.02843187,0.024633283488372053,-0.002903222761665915,0.05216978973841002,0.0356447,-0.0007386133552631834,-0.012683118302185045,0.011205891591658676,-0.00219556,0.00401789,25.6,-0.83,0.604,0.4381887417218543,1.2940568158264447,-0.41767933238273613,51.0,-0.21222632166032396,0.2640197945484757,-0.3605889921927453,0.8886285812896967,0.1955,18.0
2026-09-14,TAP,MOLSON COORS BEVERAGE COMPANY,39.08,36.41,40.33,35.55,43.22,34.92,46.35,-3.158536585365848,1.1728045325779035,1.747596153846156,-2.1000000000000014,-1.0761386138613855,0.392696558028071,-2.544973785750842,-0.03102405,-0.004415632508250823,-0.022392739692376602,0.013561474675874957,-0.00801013,-0.014074436079734201,-0.03588234239643925,0.007733470236970845,-0.02433498,-0.022036653815789446,-0.026665475654459817,-0.017407831977119075,0.00032791,-0.00463975,63.3,0.66,-1.007,-0.2336390728476822,0.5881443771767272,-1.0554225228720915,19.2,-0.1370802147669914,0.16875504774007727,-0.09836871335371161,0.43587880883386615,0.17125,18.0
2026-09-14,CFG,"CITIZENS FINANCIAL GROUP, INC.",70.54,67.11,71.68,65.71,76.33,62.61,83.82,-2.792792792792802,1.1987577639751505,1.674653215636819,-6.349999999999994,-6.0973597359735985,-3.787851683809849,-8.406867788137347,-0.00525864,0.007379553663366333,-0.01333322427543245,0.028092331602165115,0.02285114,0.02343878345514952,0.00024130817526971104,0.04663625873502933,0.05155854,0.0642085782236841,0.056403616890502814,0.07201353955686539,0.00556415,-0.00037865,56.9,0.09,-1.028,0.47327814569536436,1.4579407650086815,-0.5113844736179527,7.5,0.3114807927676624,0.1439771733495062,-0.11220362285624139,0.40015796955525373,0.1675,18.0
2026-09-14,EOG,"EOG RESOURCES, INC.",148.54,141.13,151.86,140.28,161.02,126.39,171.3,-1.6352657004830815,1.5108958837772435,1.0275395033860057,-7.310000000000002,-5.170924092409243,0.30783088448723817,-10.649679069305725,-0.00617243,0.00359910808580858,-0.013475762736930286,0.020673978908547445,0.02935128,0.009235372491694356,-0.018415718088014232,0.03688646307140295,0.02515101,-0.0025482295065789567,-0.021910631675214676,0.016814172662056766,0.00109307,0.00834817,8.5,-1.74,0.606,0.10018543046357616,0.9761575352089308,-0.7757866742817784,70.0,0.6655526640097311,0.19225958496591947,-0.0800321698503518,0.46455133978219076,0.20125,18.0
2026-09-14,IWD,ISHARES:RUSS 1000 VL ETF,255.37,249.84,259.6,246.94,273.86,238.28,277.31,-1.328537170263782,2.193357058125741,1.2837916910473957,-6.6299999999999955,-4.45643564356436,-1.3188902292627933,-7.593981057865927,-0.00083505,0.003514482706270625,-0.0036463829119221356,0.010675348324463386,0.03726578,0.01286059734219269,0.0007864595440197318,0.02493473514036565,0.00467578,0.0026967544407894796,-0.001444140168005128,0.006837649049584087,0.00059643,-0.00020563,63.3,0.69,-0.594,0.5270596026490061,1.2825278913985432,-0.228408686100531,9.5,0.32438294283431257,0.23385415449961142,-0.02093244547563053,0.48864075447485333,0.1675,18.0
2026-09-14,CANE,TEUCRIUM:SUGAR,11.45,11.37,11.94,10.88,12.89,9.5,12.88,4.166666666666694,2.526315789473693,-1.3636363636363618,-0.16999999999999993,0.0773927392739274,0.4322308250249146,-0.27744534647705976,0.01084179,0.00043749683168317117,-0.018876534705458192,0.019751528368824538,0.04802892,-0.002474169169435215,-0.02251431103483759,0.01756597269596716,-0.00382333,-0.03622255842105263,-0.059604766763196246,-0.012840350078909015,-0.00323292,0.00458261,56.0,0.46,0.878,-0.07256953642384087,0.9731168283882555,-1.1182559012359372,77.6,0.0454701468100811,0.8675144732979255,0.06437418216625523,1.670654764429596,0.18375,17.0
2026-09-14,DAL,"DELTA AIR LINES, INC.",79.8,74.87,81.37,69.91,87.86,67.15,105.47,-2.788888888888891,-1.2270471464019848,2.029249011857709,-8.760000000000005,-5.507227722772277,-1.2245121643991927,-9.789943281145362,-0.0172943,0.007828682805280531,-0.02106824335375799,0.03672560896431905,-0.01121604,0.024890749867109565,-0.002132128779199091,0.05191362851341822,0.0490461,0.02453197335526316,0.0025421006950002607,0.04652184601552606,0.00374278,-0.00777224,39.1,-0.94,-1.464,0.20076490066225164,1.064003083605707,-0.6624732822812037,5.4,0.6823917542625537,0.13569117614447235,-0.2385323578767271,0.5099147101656718,0.1735,17.0
2026-09-14,LIN,LINDE PUBLIC LIMITED COMPANY,464.41,448.54,478.59,412.16,512.13,425.25,543.8,-1.4378801042571698,-1.0949287510477794,2.027323799795707,-26.439999999999998,-19.380561056105616,-7.555662332792,-31.205459779419233,-0.01251364,-0.0013092233993399333,-0.015626649744803447,0.01300820294612358,-0.0276606,0.00030394245847176297,-0.020376712768891334,0.02098459768583486,8.17e-06,0.006196012598684228,-0.0026119255938037243,0.01500395079117218,-0.00135598,-0.00215754,19.2,-1.06,-0.968,-0.007327814569536477,0.9615837070354358,-0.9762393361745088,20.4,0.3655076385091627,0.45411589228157506,-0.2428879006173728,1.151119685180523,0.14875,17.0
2026-09-14,MP,MP MATERIALS CORP,50.68,49.89,57.39,41.53,62.95,35.72,85.9,2.0739130434782647,1.3409836065573777,2.3542780748663104,-14.82,-13.466534653465347,-5.6117586858594874,-21.321310621071206,-0.02043097,0.009787565841584153,-0.06036852300194027,0.07994365468510857,-0.04026584,0.04066313910299006,-0.057363174085983085,0.13868945229196322,0.11799167,0.11670733348684244,0.10119431193510647,0.1322203550385784,-0.0150214,-0.00533747,22.4,-1.45,-0.923,0.03347019867549665,0.9284307542973058,-0.8614903569463126,16.5,0.13341216616579588,-0.03302892139177125,-0.32641520901425325,0.2603573662307107,0.14875,17.0
2026-09-14,PRU,"PRUDENTIAL FINANCIAL, INC.",119.5,114.26,122.39,110.66,132.14,103.5,141.75,-2.0197628458498014,1.429864253393663,1.390625,-4.739999999999995,-2.26161716171617,0.9254132127729751,-5.448647536205315,-0.00862399,-1.7311683168316044e-05,-0.017031901892896235,0.016997278526559603,0.02821128,0.0031864471428571487,-0.022662261518215248,0.029035155803929544,-0.00283601,-0.015339204473684203,-0.025039436379899173,-0.005638972567469236,0.0022769,-0.0020406,78.6,1.2,-0.792,0.1639403973509934,1.0764846827682448,-0.7486038880662581,18.5,-0.007490279811788514,0.1542812052558056,-0.08955430572956183,0.39811671624117306,0.17125,16.0
2026-09-14,TECK,TECK RESOURCES LIMITED,66.25,64.66,73.27,57.88,75.64,53.14,85.3,1.193467336683418,1.1218637992831546,1.4530892448512585,-7.689999999999998,-3.055016501650165,0.21307860288849767,-6.323111606188828,-0.00647464,0.007310388514851486,-0.027707642139335294,0.04232841916903827,-0.01344339,0.02230233086378738,-0.011822376202487505,0.05642703793006226,0.02543268,0.0028544633881578655,-0.01868192654981768,0.02439085332613341,-0.01739538,-0.00270087,41.1,-0.42,0.341,0.24871192052980123,1.165532383100487,-0.6681085420408843,42.1,0.234597991835219,0.0057031543027717,-0.2246344496792723,0.23604075828481572,0.18575,16.0
2026-09-14,VRTX,VERTEX PHARMACEUTICALS INC.,519.51,495.08,543.22,478.26,595.74,430.51,631.74,-1.3839142091152834,1.8480000000000005,1.2610112359550565,-37.289999999999964,-15.731386138613866,3.4845033455678003,-34.94727562279553,-0.01701615,0.004076674752475245,-0.021073401023421326,0.029226750528371814,0.04606539,0.002004484950166116,-0.033313514377201266,0.03732248427753349,-0.00252342,-0.008563410888157938,-0.014256145119932105,-0.002870676656383771,-0.00483669,-0.00610876,9.1,-1.56,0.285,0.22023841059602653,0.9326854007192716,-0.4922085795272185,50.6,0.006868307397689399,0.15390505987711367,-0.22349788890676947,0.5313080086609968,0.18575,16.0
2026-09-14,MA,MASTERCARD INC..,574.42,547.35,586.83,533.48,631.3,508.27,666.1,-2.030996309963088,1.3893502686858836,1.3859410430839016,-31.889999999999986,-26.779768976897717,-12.514499977845304,-41.04503797595013,-0.00599547,-0.0008988344884488464,-0.014417561233944193,0.0126198922570465,0.03282162,-0.0031468690033222627,-0.01839952366726221,0.012105785660617685,0.01311317,0.009234802203947406,-0.0018463583764080239,0.020315962784302838,0.00019554,-0.00471535,22.4,-0.92,0.106,-0.006850993377483461,0.7808101820177009,-0.794512168772668,65.3,0.13045158861681627,0.13758977053250224,-0.0930190264046831,0.3681985674696876,0.16125,16.0
2026-09-14,STT,STATE STREET ,188.16,186.71,199.02,181.29,207.15,171.81,225.42,3.385416666666672,2.764192139737991,2.2788990825688074,-26.22999999999999,-12.093102310231028,-6.3160850788090075,-17.87011954165305,0.00178248,0.007255727425742574,-0.011281505415011939,0.025792960266497085,0.03376563,0.02945904784053151,0.004957871827397903,0.05396022385366512,0.07498466,0.04950452503289471,0.03353875863854505,0.06547029142724436,-0.00411884,-0.00734831,61.7,0.26,-0.32,0.6362549668874171,1.5202842942965447,-0.2477743605217103,12.9,0.4521841575399579,0.20975886474483346,-0.141190904725503,0.5607086342151699,0.1575,15.0
2026-09-14,TAGS,TEUCRIUM:AGRICULTURAL,28.07,27.45,29.39,26.97,30.71,24.31,31.05,1.7534246575342471,2.3999999999999972,-1.2617449664429534,-0.6099999999999994,-0.40759075907590747,0.1258174418251421,-0.940998959976957,0.0135035,0.0020165437293729375,-0.009402932262481595,0.01343601972122747,0.04777949,0.00081797747508305,-0.015480516261310234,0.017116471211476334,0.00056815,-0.006549409934210547,-0.01728490692081153,0.004186087052390436,-0.00124639,0.00337531,52.6,0.81,1.408,0.026470198675496666,1.0877875510092576,-1.0348471536582642,87.9,0.6105167925555923,1.8907755621743774,0.5060005912242191,3.2755505331245356,0.1425,15.0
2026-09-14,TYX,30 Y TSY YLD NDX,5.33,5.22,5.45,5.2,5.57,5.05,5.65,1.8750000000000027,1.8461538461538494,1.1428571428571428,-0.16000000000000014,-0.09630363036303621,-0.011672368115030418,-0.180934892611042,0.01009928,0.0017286136963696375,-0.005798404398789638,0.009255631791528912,0.01567641,0.002720781993355482,-0.0055157312800720535,0.010957295266783016,0.02428604,0.0030691640131578998,-0.0073431310590728,0.013481459085388598,0.00024509,0.00425647,41.9,-0.34,0.231,0.06907615894039731,0.8456553799728365,-0.7075030620920418,53.8,,,,,0.177,15.0
2026-09-14,DASH,"DOORDASH, INC.",203.54,181.56,213.55,178.03,240.05,168.8,277.0,-2.6817625458996273,1.4312034496275983,2.1145653425446187,-29.700000000000017,-29.66386138613858,-9.962039153696828,-49.365683618580334,-0.03490143,-0.0015200487128712882,-0.0394699231513366,0.03642982572559403,0.05637821,-0.007602069800664446,-0.06677844988142878,0.051574310280099886,0.01736439,0.06005219740131585,0.008415488361031127,0.11168890644160057,-0.00193682,-0.00571387,52.0,0.16,-0.647,0.028642384105960362,1.0644424414187512,-1.0071576732068304,31.9,0.2013432028782649,0.26598442372705555,-0.16152287176525504,0.6934917192193661,0.13575,15.0
2026-09-14,SW,SMURFIT WESTROCK PUBLIC LIMITED COMPANY,43.75,40.28,44.78,39.15,48.76,35.94,59.22,-7.392156862745133,1.0891304347826078,1.98079385403329,-4.700000000000003,-2.4831683168316823,-0.17799291414785312,-4.788343719515511,-0.04262809,-0.003201363597359734,-0.03410153737477615,0.027698810180056682,0.00221023,0.003527865315614622,-0.03777789170983218,0.044833622341061426,0.00204664,-0.006211869243421053,-0.018341018227724017,0.0059172797408819115,-0.00130294,-0.00725146,31.2,-0.85,-1.255,-0.01821523178807947,0.9112614598501689,-0.9476919234263279,12.1,0.016235662603554024,0.02236434813371569,-0.28957641686670005,0.3343051131341314,0.13375,14.0
2026-09-14,AME,"AMETEK, INC.",233.65,227.98,244.78,217.24,259.2,217.59,277.92,1.5907692307692314,1.556977452772699,2.75653798256538,-24.23999999999998,-9.086336633663366,-2.1732992735783148,-15.999373993748417,-0.00899494,0.00644198155115512,-0.009296308546304637,0.02218027164861488,0.0081572,0.016867562425249154,0.0045766337109924005,0.02915849113950591,0.03340724,0.0102527677631579,-0.001949034357103089,0.022454569883418887,0.00197842,-0.00564261,71.0,0.98,-1.214,0.263635761589404,1.0369494192141868,-0.5096778960353787,5.4,-0.08332429628225835,0.1862499719057014,-0.10276775337863062,0.47526769719003337,0.14475,14.0
2026-09-14,ATO,ATMOS ENERGY ,163.84,161.48,169.98,154.92,176.49,154.22,189.24,1.5451713395638615,1.4181614349775766,2.6403326403326397,-13.870000000000005,-14.947029702970296,-10.669890515973615,-19.224168889966975,-0.01011951,0.002095258679867987,-0.010208149981552884,0.014398667341288859,0.00346486,0.005214300099667779,-0.006730852041253869,0.01715945224058943,0.03564485,0.05376553726973703,0.043623811797247836,0.06390726274222623,-8.817e-05,0.00053139,53.0,0.28,-1.037,0.08464569536423835,1.0881230366048875,-0.9188316458764109,14.5,0.4080405103187683,0.1568035833332472,-0.054820292781829066,0.36842745944832345,0.129,14.0
2026-09-14,BX,BLACKSTONE INC,128.29,122.59,134.35,114.83,147.2,106.89,168.8,-1.9232804232804217,1.4049034175334327,1.8929906542056092,-12.02000000000001,-9.458217821782185,-1.8941083274356894,-17.02232731612868,-0.03627276,-0.001844100594059407,-0.03361806412818746,0.029929862940068643,0.00676104,-0.005595592392026582,-0.05037972484022145,0.039188540056168286,-0.01846057,0.012326184046052697,-0.013835550607234279,0.03848791869933967,-0.00311127,-0.00357363,10.1,-1.66,-1.278,-0.004897350993377487,1.109603007565936,-1.1193977095526908,21.6,0.10057616193281427,0.06773932431656153,-0.10864770134262906,0.2441263499757521,0.13375,14.0
2026-09-14,BXP,"BOSTON PROPERTIES, INC.",64.5,61.12,68.08,59.04,72.12,55.42,78.77,-1.3273381294964015,1.3956043956043962,1.5715859030837003,-3.0400000000000063,-2.0664686468646862,0.42327715883393324,-4.556214452563306,-0.01677116,-0.0021345968316831684,-0.025978628435829768,0.02170943477246343,0.00239247,-0.0017177755149501567,-0.04187637163284544,0.038440820602945125,-0.04242154,-0.017435262631579004,-0.03531321201949692,0.0004426867563389128,-0.00093297,-0.00535468,49.6,-0.12,-0.766,-0.05030132450331112,0.8723130087395756,-0.9729156577461979,28.0,0.07095948945315489,0.13123096605604104,-0.1353978604806815,0.3978597925927636,0.13375,14.0
2026-09-14,IFF,INTERNATIONAL FLAVORS & FRAGRANCES INC.,83.43,82.04,87.79,77.19,93.99,72.41,96.35,1.745192307692295,1.6923076923076878,1.172413793103446,-2.789999999999992,-1.7134983498349834,1.2994589286678762,-4.726455628337843,0.00245984,0.0031504301650165005,-0.020966406274677746,0.027267266604710745,0.02431862,0.004593234817275758,-0.02930930094127494,0.038495770575826455,-0.02639273,-0.023781272631578972,-0.031353893308675926,-0.01620865195448202,-0.00367565,-0.0069919,13.1,-1.44,-0.197,0.021798013245033148,0.904291465506905,-0.8606954390168386,29.6,0.3254657664842031,0.10462995105354712,-0.3154823360581663,0.5247422381652606,0.13375,14.0
2026-09-14,MKC,"MCCORMICK & COMPANY, INC.",50.39,48.99,52.43,47.9,56.63,44.0,61.91,1.4444444444444444,2.506024096385541,1.8028169014084499,-2.8699999999999974,-1.5472277227722764,0.9379899454746428,-4.032445391019196,-0.02638445,-0.006860276369636963,-0.03112273344273127,0.017402180703457348,0.02128499,-0.02201820322259135,-0.052895517353136,0.0088591109079533,-0.03508142,-0.02544324572368423,-0.039564418297876276,-0.011322073149492186,0.0030142,-0.00211995,54.4,-0.09,-1.208,-0.2970529801324503,0.6401639736441227,-1.2342699339090233,14.9,0.5000946994069244,0.08410491577500588,-0.24714048600077348,0.4153503175507853,0.13375,14.0
2026-09-14,SOYB,TEUCRIUM:SOYBEAN,27.69,27.33,28.73,26.47,29.98,24.53,29.9,2.4090909090908994,1.8770491803278644,-1.429864253393667,-0.6099999999999994,-0.19310231023102337,0.3718986679911351,-0.7581032884531818,0.01684971,0.003380786501650166,-0.007803568247294749,0.014565141250595081,0.03536321,0.00573147930232557,-0.007389410535876811,0.01885236914052795,0.01469093,-0.014265253684210458,-0.030259206546947852,0.0017286991785269365,0.00026728,0.00177395,91.9,1.84,1.676,0.24233443708609276,1.3492805596887378,-0.8646116855165524,85.1,0.5008406654639328,0.6505916275288167,-0.08498100659838359,1.386164261656017,0.1425,13.0
2026-09-14,ALB,ALBEMARLE ,115.03,114.88,131.84,98.0,137.11,95.82,177.67,3.569659442724454,1.2965355255431599,3.260801665799061,-29.439999999999998,-10.014851485148512,5.463685328188978,-25.493388298486003,-0.0439136,0.013250530231023096,-0.02834227446159524,0.054843334923641435,-0.06728558,0.04273003325581391,-0.02363471854938247,0.1090947850610103,0.04884037,-0.01707132240131601,-0.08765902781826261,0.053516383015630595,-0.01652958,-0.00727271,73.6,1.08,-1.225,0.23923178807947032,1.2829250924259417,-0.804461516267001,12.1,-0.009727974850841425,0.050273620219386764,-0.2615186221068842,0.3620658625456577,0.12,13.0
2026-09-14,APH,AMPHENOL ,78.55,79.19,85.5,73.24,89.2,71.01,102.89,27.17391304347779,2.0056497175141246,3.2281167108753355,-15.63000000000001,-10.108580858085803,-6.005810436567516,-14.211351279604092,0.00661168,0.006970347458745875,-0.020296054698762847,0.0342367496162546,-0.00148619,0.023046328039867083,-0.006532311165116347,0.05262496724485051,0.09799064,0.08597229592105271,0.07285301417724163,0.09909157766486379,-0.00213155,-0.01119825,62.3,0.6,-0.498,0.4026622516556289,1.240524433072557,-0.43519992976129923,14.9,-0.047002984105181,0.23786055648002727,-0.14927131005078745,0.624992423010842,0.12,13.0
2026-09-14,BAC,BANK OF AMERICA ,59.47,60.64,64.56,57.7,67.69,54.5,72.87,11.090909090909138,4.644067796610179,2.696177062374247,-7.170000000000002,-2.97237623762376,-1.1657346191928313,-4.779017856054688,-0.01727792,0.0043922951815181495,-0.013018961847021542,0.02180355221005784,0.02761411,0.019283251395348856,0.000489704226572317,0.038076798564125394,0.02528839,0.02273904427631575,0.011846734997300053,0.03363135355533145,-0.01561667,-0.01500139,99.8,3.97,-1.254,0.3705794701986753,1.3430284040144578,-0.6018694636171072,6.5,0.13708813815142973,0.2300305826683693,-0.044585774134096534,0.504646939470835,0.11625,13.0
2026-09-14,CMBT,CMB.TECH NV,19.42,19.02,20.46,18.49,21.74,14.11,23.48,1.6938775510203978,2.494623655913966,-1.3078817733990158,0.0,0.013531353135313343,0.7633991592603215,-0.7363364529896947,0.02680252,0.011170876435643563,-0.01750325619003045,0.03984500906131758,0.06748777,0.03193542023255812,-0.0008738744979538138,0.06474471496307005,0.00657688,-0.05482339848684207,-0.08900282529622189,-0.020643971677462243,-0.00748604,0.010535,59.3,0.24,1.515,0.3829635761589403,1.2983728552087852,-0.5324457028909048,83.1,0.7257619559318773,0.29685856918143005,-0.21461018791563358,0.8083273262784937,0.1425,13.0
2026-09-14,DPZ,"DOMINO'S PIZZA, INC.",323.77,305.63,340.97,287.86,364.65,285.98,392.48,-1.884773662551433,1.1384015594541919,1.8182058745699947,-19.129999999999995,-11.252211221122103,2.8790855021466353,-25.383507944390843,-0.01981417,-0.005474876402640261,-0.028088308889550866,0.017138556084270343,-0.00014987,-0.020911473255813932,-0.04490464271710831,0.0030816962054804435,-0.02954935,-0.02265533921052636,-0.04755439542781914,0.00224371700676642,-0.00163568,-0.00543468,96.6,2.01,-0.638,-0.30907284768211934,0.4862897378825503,-1.104435433246789,37.9,0.09904785445177944,0.18093912404034834,-0.1064198558839578,0.4682981039646545,0.12075,13.0
2026-09-14,MTD,METTLER-TOLEDO INTERNATIONAL INC.,1285.75,1238.76,1327.03,1180.21,1468.09,1155.57,1588.99,-1.7485967503692825,1.7276861853325751,2.32939007528038,-69.50999999999999,-45.937854785478564,9.328133267292543,-101.20384283824967,-0.03123212,0.00055918402640264,-0.0233764238246878,0.024494791877493084,0.02729906,0.004732784152823921,-0.024888440312226,0.03435400861787384,-0.03881847,-0.016830245427631584,-0.03913221312662289,0.005471722271359725,0.00186234,0.00038161,48.6,-0.46,-2.038,0.10792715231788082,1.015536524285922,-0.7996822196501604,2.2,0.5734048045808655,0.13555128165489047,-0.1591230483335838,0.4302256116433647,0.1075,12.0
2026-09-14,PFG,"PRINCIPAL FINANCIAL GROUP, INC.",116.9,109.92,122.36,107.91,124.76,102.02,130.77,-1.1145299145299175,-1.1437659033078893,-1.0728190338860855,-5.049999999999997,-3.972673267326735,-1.1428011955607427,-6.8025453390927275,0.02101651,0.006143069702970294,-0.00644722426075205,0.018733363666692638,0.00638851,0.018171586677740874,0.004835811994019161,0.03150736136146259,0.02601711,0.005584761809210528,-0.005861237017886877,0.017030760636307932,0.00391988,-0.00561573,78.8,1.28,0.28,0.4076622516556288,1.1421276312704343,-0.3268031279591767,38.1,-0.11586619003629539,0.19970959153409956,-0.06609062462042053,0.46550980768861966,0.13075,12.0
2026-09-14,PKG,PACKAGING  OF AMERICA,233.26,219.03,238.5,210.43,257.45,210.49,280.07,-2.9540709812108386,1.0595707402540524,2.055775142731666,-23.769999999999982,-16.644455445544562,-9.095593576776746,-24.193317314312377,-0.03330461,0.002736186930693071,-0.01624094309290635,0.021713316954292496,-0.00178905,0.00949910063122923,-0.010009294312617737,0.029007495575076196,0.03053158,0.03271701273026312,0.027475931143260177,0.03795809431726606,9.893e-05,-0.0036708,41.1,-0.22,-1.432,0.08281125827814567,0.9200397985883999,-0.7544172820321087,5.8,0.2463363582130773,0.0759423270156438,-0.18495272915662353,0.3368373831879111,0.1075,12.0
2026-09-14,PNW,PINNACLE WEST CAPITAL ,95.4,94.87,99.19,89.09,103.4,89.92,110.37,3.402173913043467,1.2678288431061802,2.731751824817516,-7.179999999999993,-6.023300330033003,-3.7140149415351473,-8.332585718530858,-0.00753661,0.0006285323102310244,-0.011208201233020888,0.012465265853482937,-0.01482331,0.0030886006976744125,-0.00903120992790105,0.015208411323249873,0.02738585,0.031184093980263162,0.02050627017242023,0.04186191778810609,0.00026471,-0.00343667,19.0,-1.49,-2.009,-0.013039735099337767,0.9115386271380322,-0.9376180973367078,0.6,0.878723602881688,0.2726538595189557,-0.021463386665354578,0.566771105703266,0.1075,12.0
2026-09-14,TXT,TEXTRON INC.,80.58,75.59,81.59,73.55,86.5,71.62,93.92,-1.7763713080168715,-1.1874999999999998,1.4888392857142871,-1.9300000000000068,-2.9069636963696355,-0.11246270630971278,-5.701464686429558,-0.01430911,-0.0004681836303630354,-0.017764857197359207,0.016828489936633134,-0.01937424,0.005039832059800653,-0.01428584462617385,0.024365508745775158,-0.02024428,-0.010514066250000032,-0.015231319273041772,-0.005796813226958292,0.01153834,0.0020883,31.5,-0.85,-1.744,0.1007615894039736,1.0636001165466555,-0.8620769377387084,4.2,0.09103859056104602,0.14789609080000127,-0.19455699252233494,0.4903491741223375,0.1215,12.0
2026-09-14,UAL,"UNITED AIRLINES HOLDINGS, INC.",108.96,101.93,111.79,93.44,121.83,89.93,157.07,-2.4724137931034393,-1.2059052059052051,2.5281135049921195,-16.840000000000003,-14.784290429042903,-7.00690539581311,-22.561675462272696,-0.01768139,0.005835732376237615,-0.027638588050255264,0.03931005280273049,-0.02072116,0.01883794641196013,-0.022082011559712237,0.0597579043836325,0.07831223,0.0688211420065788,0.04537065326777148,0.09227163074538611,0.00529515,-0.01106337,30.4,-1.05,-1.376,0.10502317880794694,0.9708581450860063,-0.7608117874701124,7.3,0.3125038318367579,0.0953478042156915,-0.2800241417779781,0.4707197502093611,0.1075,12.0
2026-09-14,URI,"UNITED RENTALS, INC.",993.8,946.89,1041.46,878.69,1112.74,872.41,1302.48,-1.333092833092827,1.0332725219355412,2.542878326056513,-106.73000000000002,-95.20227722772276,-45.48178883521886,-144.92276562022667,-0.03120285,0.00460260871287129,-0.029050905645668743,0.038256123071411324,-0.02270521,0.027003254551494986,-0.023354207292766195,0.07736071639575617,0.02670061,0.04633284950657891,0.025155437495696095,0.06751026151746173,0.00045823,-0.00172175,46.4,-0.38,-1.629,0.1822847682119204,1.2122228844542584,-0.8476533480304176,5.8,0.020374432972279477,0.011662091985226086,-0.39526735507109745,0.41859153904154967,0.1075,12.0
2026-09-14,VRSN,"VERISIGN, INC.",298.6,276.74,301.09,263.33,326.74,250.09,347.85,-2.3186528497409458,-1.2533759772565762,1.0152545866831577,-17.349999999999966,-22.682574257425742,-10.651599279720516,-34.71354923513097,0.01727333,-0.0036354592739273896,-0.029860408134704836,0.02258948958685006,0.00373014,-0.001496494551495012,-0.04100631199299482,0.0380133228900048,0.04287122,0.032507453355263234,0.02102175735283971,0.04399314935768676,0.00481548,0.01853305,40.9,-0.61,0.573,0.02311920529801331,1.0178492722049455,-0.9716108616089189,61.1,0.07536032888425348,0.14199741501561008,-0.22048931316822118,0.5044841431994413,0.116,12.0
2026-09-14,WRB,W. R. BERKLEY ,70.87,67.13,72.51,65.15,77.39,63.23,79.93,-1.6237113402061905,1.1398601398601393,1.1858638743455487,-2.6899999999999977,-7.039339933993403,-4.371454105353376,-9.70722576263343,0.0040319,-0.001934674488448844,-0.01731137213991134,0.013442023163013654,0.02381686,-0.004424320398671098,-0.023224311479625996,0.014375670682283799,0.03457475,0.05496570526315808,0.03629498771457016,0.07363642281174601,0.00345327,0.00171357,37.5,-0.52,0.047,-0.08255629139072851,0.7711645359138276,-0.9362771186952846,54.2,0.6922414071432628,0.32198520027443495,-0.3222374688485106,0.9662078693973806,0.12,12.0
2026-09-14,ADP,"AUTOMATIC DATA PROCESSING, INC.",276.63,256.07,277.26,257.82,301.5,233.04,325.01,-14.308823529411606,1.3221690590111643,1.1098875888965356,-7.6299999999999955,-9.539669966996698,-1.1393012887509215,-17.940038645242474,-0.00921454,-0.001647769768976901,-0.025825009420416385,0.022529469882462586,0.05006593,-0.007204028737541562,-0.04360277073560637,0.029194713260523246,-0.00403107,-0.007320596874999987,-0.026093290475449026,0.01145209672544905,0.00110898,0.00635717,48.4,-0.06,0.139,-0.2571556291390732,0.6943977706809638,-1.20870902895911,60.1,0.015004079864942232,0.1374185448588466,-0.1547469802244749,0.42958406994216813,0.116,12.0
2026-09-14,C,CITIGROUP INC.,136.18,133.3,143.49,126.36,146.03,120.37,165.96,2.00287356321838,1.0030549898166994,1.8836179633143577,-17.47,-12.799174917491735,-7.669304821887034,-17.929045013096435,0.01030984,0.0076112897359736,-0.01378763923895321,0.029010218710900412,-0.00819436,0.028989548571428603,0.006029804008228425,0.05194929313462878,0.08621193,0.06949618266447394,0.05962700830094056,0.07936535702800732,-0.00107275,-0.00997097,32.7,-0.91,-0.404,0.48995364238410666,1.4953672171460515,-0.5154599323778382,24.2,0.439311923414748,0.1542037125213551,-0.1430218654483504,0.4514292904910606,0.13375,12.0
2026-09-14,CHRW,"C.H. ROBINSON WORLDWIDE, INC.",157.31,145.3,161.38,128.06,173.08,129.23,187.11,-1.7512437810945274,-1.8547875713379822,1.0612535612535612,-11.180000000000007,-24.65306930693071,-9.237977402275863,-40.06816121158556,0.0241277,0.003841291551155113,-0.038479315533570646,0.04616189863588087,-0.05481622,0.013190555448505,-0.032715798998416076,0.059096909895426084,0.07207289,0.07277785388157898,0.03996074516109156,0.1055949626020664,0.00551895,0.00299777,23.0,-1.06,0.678,0.3973410596026495,1.34957936325693,-0.5548972440516309,64.9,0.20653108505530882,0.056032557295670624,-0.4562082815131477,0.5682733961044889,0.116,12.0
2026-09-14,COF,CAPITAL ONE FINANCIAL ,206.68,202.1,217.38,193.99,230.07,187.15,259.04,1.2484662576687076,1.8431836091410552,2.681003584229391,-25.370000000000005,-21.089702970297026,-11.354736895316716,-30.824669045277336,-0.01636356,-0.0008402608580858094,-0.026094846424493768,0.02441432470832215,0.01588772,0.006459211794019932,-0.025263218801900272,0.03818164238994014,0.03862301,0.046810542565789426,0.028760416814210144,0.06486066831736871,-0.00010688,-0.02119109,45.4,-0.31,-1.319,0.13736754966887424,1.18203457319351,-0.9072994738557616,3.8,0.06462316872611318,0.11768669255727449,-0.19925176911301884,0.4346251542275678,0.1075,12.0
2026-09-14,CPER,UNITED STATES COPPER IDX,38.26,38.76,41.64,36.44,42.42,36.42,47.3,6.227272727272764,2.2857142857142874,4.913043478260879,-6.420000000000002,-4.024026402640264,-2.5751861633330826,-5.472866641947446,-0.00252291,0.005946098745874588,-0.015694133979317806,0.027586331471066983,0.00735219,0.01344475770764119,-0.01319806414550645,0.04008757956078883,0.08398907,0.06972555128289497,0.05792378612469046,0.08152731644109948,-0.00758685,0.00705901,97.0,2.44,-0.62,0.3177947019867549,1.0538854881132644,-0.41829608413975455,6.2,-0.14776681941182646,0.07464404827681675,-0.25067328199284555,0.39996137854647906,0.12225,12.0
2026-09-14,CTAS,CINTAS ,200.82,194.0,204.35,183.32,230.94,174.91,233.3,-1.3530655391120467,1.7211428571428573,1.253570050173679,-6.740000000000009,-12.773894389438958,-4.319646856996883,-21.228141921881033,-0.00462626,-0.0010793808250825086,-0.021065054287054408,0.018906292636889394,0.0450353,-0.0034653318272425404,-0.03347069530425459,0.026540031649769504,0.00263275,0.025841359407894747,0.0025427135612397685,0.04914000525454973,0.00195913,0.00387824,31.0,-0.93,0.077,-0.22400331125827785,0.6875146607411977,-1.1355212832577535,60.1,0.8578281549108737,0.3427128697859133,-0.08214126483528056,0.7675670044071072,0.116,12.0
2026-09-14,DTE,DTE ENERGY COMPANY,131.13,131.33,138.53,122.77,143.36,123.9,153.53,6.624999999999959,1.4629186602870836,3.098201936376215,-11.370000000000005,-8.34739273927393,-4.957347690703361,-11.737437787844499,-0.01053397,0.0013487664356435628,-0.012561081824509148,0.015258614695796273,-0.01487269,0.006669832458471754,-0.010457429200291152,0.02379709411723466,0.01976965,0.025615066315789442,0.018245573856654027,0.03298455877492486,0.00135093,-0.0060604,27.8,-1.04,-1.864,-0.03860596026490063,0.9089663708118171,-0.9861782913416183,1.8,0.49118509387382425,0.2702404945443891,-0.08301255784492029,0.6234935469336984,0.1075,12.0
2026-09-14,ES,EVERSOURCE ENERGY,68.33,67.63,72.27,63.47,76.03,63.54,78.75,2.198630136986316,1.5843621399176961,2.1753653444676417,-4.560000000000002,-3.0555445544554454,-0.569344706108128,-5.541744402802763,-0.01191844,5.243326732673248e-05,-0.017632231204957768,0.01773709773961123,0.00303655,0.004077987541528241,-0.011853075007096057,0.02000905009015254,0.00114107,0.00023478999999996871,-0.015160177840919772,0.01562975784091971,0.00016891,0.00384262,41.9,-0.23,-1.26,0.10602980132450329,0.8643142760593354,-0.6522546734103287,3.0,0.5838924168197321,0.07177158347806661,-0.2606893603825721,0.40423252733870535,0.1075,12.0
2026-09-14,GEHC,GE HEALTHCARE TECHNOLOGIES INC.,64.25,61.28,66.8,57.14,72.94,55.06,83.42,-2.2134146341463423,1.222222222222222,2.0859630032644185,-3.5799999999999983,-1.6205610561056087,1.3110407960006858,-4.552162908211903,-0.04970549,-0.0006431155775577583,-0.02621614291503621,0.024929911759920695,-0.01672609,-0.007233397774086364,-0.041986676716761505,0.027519881168588774,-0.05868267,-0.033052311217105224,-0.054031886257761425,-0.012072736176449023,-0.00265867,-0.00031395,25.6,-0.95,-2.51,-0.03178145695364242,0.746079567059175,-0.8096424809664599,0.2,0.7109694340403705,0.03933009253752264,-0.271714983278494,0.35037516835353927,0.1075,12.0
2026-09-14,GOOGL,ALPHABET INC.,349.39,321.77,343.62,310.96,364.8,298.82,446.8,,-2.493835171966252,1.9262408542614207,-32.02000000000004,-41.00798679867985,-21.05319484054257,-60.96277875681713,-0.003651,0.009912881617161709,-0.016703947680628224,0.03652971091495164,-0.02265622,0.030197548504983338,-0.006070835886755763,0.06646593289672244,0.08957409,0.08599170950657894,0.06664882385967508,0.10533459515348281,0.00492173,0.00206072,26.0,-0.97,0.11,0.46615231788079475,1.5378009887296653,-0.6054963529680759,47.8,0.23026822065949526,0.20797095500163876,-0.19031830037883135,0.6062602103821089,0.116,12.0
2026-09-14,KIM,KIMCO REALTY .,23.22,22.74,24.04,21.28,25.2,21.62,27.14,1.2622950819672136,1.0206185567010324,2.450000000000004,-1.3399999999999999,-1.1124752475247521,-0.4678616932776658,-1.7570888017718385,-0.01114054,0.001622437722772278,-0.01243666477336928,0.015681540218913836,-0.0228372,0.006989332425249162,-0.006690091302611907,0.020668756153110233,0.00544167,0.0177754327960527,0.005914894458187646,0.029635971133917756,-7.063e-05,-0.00808158,21.4,-1.44,-1.617,0.04111589403973509,0.9849206611135146,-0.9026888730340445,7.3,0.6507882844215769,0.5278136465489818,-0.0214243875579474,1.077051680655911,0.1075,12.0
2026-09-14,LNT,ALLIANT ENERGY ,66.92,66.06,69.31,61.76,72.73,63.13,77.06,2.0842105263157875,1.1259689922480616,2.6754617414248028,-5.079999999999998,-4.517227722772278,-2.754062042473757,-6.280393403070798,-0.00709608,0.0016568333663366337,-0.010334676417202131,0.013648343149875397,-0.01804761,0.007568766112956827,-0.002257794169327537,0.01739532639524119,0.03082947,0.03306651019736844,0.02458615471024849,0.04154686568448839,0.00173926,-0.0032884,4.6,-2.33,-1.599,0.10114900662251661,0.9603442731146364,-0.7580462598696033,3.0,0.4824535266729044,0.3133365520816347,-0.02733707696373522,0.6540101811270046,0.1075,12.0
2026-09-14,MCD,MCDONALD'S ,257.49,247.16,256.37,234.14,272.76,236.88,292.22,-85.99999999999692,-1.529142108709892,1.685104318292091,-8.490000000000009,-13.847260726072617,-6.560609948271838,-21.133911503873396,-0.01858905,-0.0021853875247524754,-0.014250001833519231,0.009879226784014278,-0.02125025,-0.003983353588039867,-0.022039138144939588,0.014072430968859856,-0.00383616,0.014558335526315781,0.007743180205198524,0.02137349084743304,0.00324665,-0.0050843,48.6,0.06,-1.106,-0.19374172185430463,0.6733750682928848,-1.0608585120014942,19.6,0.06143290611838226,0.20552569278754884,-0.06158606965254276,0.47263745522764045,0.114,12.0
2026-09-14,URA,GLBL X URANIUM ETF,42.19,43.36,49.89,38.38,49.32,34.61,60.79,10.049180327868866,1.8713910761154886,2.4538258575197895,-9.04,-5.252871287128711,-2.0030712922741123,-8.502671281983309,0.0019953,0.0029249350165016447,-0.03210680235022941,0.0379566723832327,-0.02280151,0.02190513448504982,-0.026380552500821428,0.07019082147092107,0.05897053,0.0399562859210525,0.03231479139804331,0.04759778044406169,-0.01506862,-0.00230817,91.7,1.76,-0.468,0.10882119205298012,0.9728559488450627,-0.7552135647391024,29.6,-0.17422110542464386,0.019808774393628378,-0.1906988034054227,0.23031635219267946,0.12,11.0
2026-09-14,URNM,SPROTT URANIUM MINERS,50.63,51.75,60.75,46.42,59.56,42.49,72.5,6.295999999999998,2.121140142517814,2.6867321867321863,-11.759999999999998,-4.782475247524754,-0.8333421195922912,-8.731608375457217,-0.01395965,0.003118761815181523,-0.030078475376649393,0.03631599900701244,-0.01455703,0.01907947498338868,-0.022521874326884756,0.06068082429366212,0.02845719,0.007430149375000013,-0.002959272387730273,0.0178195711377303,-0.01970751,-0.00328715,88.9,1.55,-0.498,0.13095033112582785,0.9903186308676902,-0.7284179686160345,28.8,-0.16117593113677775,0.033595341057316146,-0.1765168870059603,0.2437075691205926,0.12,11.0
2026-09-14,WSM,"WILLIAMS-SONOMA, INC.",229.43,215.68,235.09,207.55,248.42,192.97,282.82,-2.5655172413793172,-1.1521853607161674,1.46434448710916,-16.70999999999998,-18.891584158415842,-9.137288409280355,-28.64587990755133,-0.01227576,0.006692343003300331,-0.018784571192117402,0.03216925719871806,0.01304723,0.011519689069767435,-0.01893868759363448,0.041978065733169354,0.02121404,0.044321250855263186,0.005504037467120262,0.08313846424340611,0.00141479,-0.01069275,28.0,-1.01,-0.856,0.18150331125827812,1.136937191053262,-0.7739305685367057,19.6,0.7083983405965517,0.270518589266586,0.025991213683806608,0.5150459648493654,0.105,11.0
2026-09-14,AEP,"AMERICAN ELECTRIC POWER COMPANY, INC.",122.23,120.36,128.31,114.37,134.09,113.23,140.17,2.902173913043467,1.508905852417303,1.9933333333333314,-9.36,-9.831782178217821,-6.166463765722211,-13.497100590713432,-0.0023779,0.0024809161056105616,-0.013503838920412348,0.01846567113163347,0.00234518,0.008788691096345523,-0.0035119489794585446,0.02108933117214959,0.02925335,0.041535837796052646,0.030798566537962625,0.05227310905414267,0.00430945,-0.00302204,11.7,-1.56,-0.65,0.17520198675496676,1.1831487248517243,-0.8327447513417907,27.4,0.055177202114475854,0.1662098302045985,-0.21529370145701832,0.5477133618662153,0.105,11.0
2026-09-14,BG,BUNGE LIMITED,121.23,118.41,133.42,107.44,140.5,97.44,140.86,4.434615384615365,1.3973894126178381,-1.2119205298013243,-6.0,-4.626072607260724,1.0418196585143198,-10.293964873035769,0.02278941,0.005424618613861385,-0.021765817549255453,0.03261505477697822,-0.00941694,0.013194335913621272,-0.016107044792028097,0.04249571661927064,0.01172885,-0.0035333562171052466,-0.028714672245883047,0.021647959811672557,-0.00063053,0.02596718,39.9,-0.27,0.634,0.21232781456953645,1.237290130619959,-0.8126345014808862,68.5,0.19165046252467266,0.07508999541520886,-0.2004870628291963,0.35066705365961404,0.10875,11.0
2026-09-14,CCJ,CAMECO ,93.26,93.59,108.13,85.45,106.09,77.61,136.8,4.229927007299252,1.6427656850192054,2.7821086261980823,-25.47999999999999,-16.797458745874582,-9.052577560198067,-24.542339931551098,-0.00023165,0.006710160528052799,-0.02668651868861586,0.040106839744721456,-0.03077805,0.035475626877076415,-0.014719265279358462,0.08567051903351129,0.10673363,0.08457198976973695,0.07064020777559524,0.09850377176387867,-0.01540804,-0.0040669,79.4,1.14,-0.363,0.19963576158940396,1.1024961109298834,-0.7032245877510754,25.6,-0.053597255822787515,0.17940306912971363,-0.29682875283759647,0.6556348910970238,0.12,11.0
2026-09-14,HBAN,HUNTINGTON BANCSHARES INC.,16.77,16.16,17.05,15.56,18.02,14.76,19.89,-2.1200000000000045,1.0330578512396702,1.55223880597015,-0.7899999999999991,-1.0001650165016502,-0.34895653280715866,-1.6513735001961418,-0.01220631,-0.00031393112211221014,-0.02108992565964547,0.02046206341542105,-0.00395364,0.00853849853820598,-0.013846797703839243,0.0309237947802512,0.00555168,0.016312056907894727,0.005843870003876988,0.026780243811912463,0.0041972,-0.00547214,48.2,-0.38,-1.226,0.04619867549668876,1.063892237582316,-0.9714948865889386,12.9,0.5157050340282723,0.1532059643419967,-0.11305399351499398,0.4194659221989874,0.105,11.0
2026-09-14,AAPL,APPLE INC.,333.08,309.1,337.01,295.89,371.09,278.32,370.21,-2.2659932659932593,1.0220489378865285,-1.4748182063021815,-7.0,-16.500264026402633,-5.857702656467254,-27.14282539633801,0.01188944,0.005943235082508252,-0.01296640648438466,0.024852876649401164,0.01949157,0.01597691627906973,0.004621970882788011,0.027331861675351447,0.02480675,0.01963816493421058,0.00670157521889664,0.03257475464952452,0.00267385,0.00307868,42.7,-0.61,1.221,0.34762913907284787,1.3796086716668547,-0.684350393521159,83.1,0.0016316153610842488,0.2106343067048114,-0.23058370120334762,0.6518523146129704,0.0965,10.0
2026-09-14,AXON,"AXON ENTERPRISE, INC.",490.18,438.91,501.45,414.49,606.59,412.38,760.74,-7.71084337349401,1.5379838816224076,3.477634961439588,-130.94,-119.2280528052805,-49.46537042078036,-188.99073518978065,-0.09435726,-0.008406683630363027,-0.06363805879533467,0.04682469153460861,0.04599755,-0.007296370664451831,-0.08129886394084285,0.06670612261193917,0.04629321,0.08645155187499992,0.03530557284095601,0.13759753090904384,-0.00024362,0.00756069,6.5,-2.04,-1.382,-0.21168543046357602,0.8052554566222421,-1.228626317549394,16.1,-0.017496058751339305,0.04066643445550077,-0.3010590562299724,0.382391925140974,0.0925,10.0
2026-09-14,COP,CONOCOPHILLIPS,136.67,132.16,143.08,129.29,154.96,110.99,156.84,1.6517412935323494,2.4783197831978363,-1.2731779871095672,-4.910000000000025,-2.4932673267326706,2.606032607476757,-7.592567260942098,0.01165521,0.007371121023102318,-0.012531612517764067,0.027273854563968705,0.06222708,0.01648795299003322,-0.014277259458459899,0.04725316543852634,0.02114408,-0.0151878631578947,-0.0391984068957954,0.008822680580006004,-0.00233576,0.01399571,3.6,-2.13,1.216,0.28237748344370855,1.14153208021454,-0.5767771133271229,83.1,0.49266989505434866,0.05621812533735513,-0.12241971727267634,0.23485596794738658,0.1075,10.0
2026-09-14,EWH,ISHARES:MSCI HONG KONG,22.72,21.99,23.36,21.47,24.35,20.6,25.78,-1.761904761904751,1.304000000000002,1.4433962264150972,-1.1400000000000006,-1.4358745874587462,-0.8223651321369205,-2.049384042780572,-0.00774922,0.0012050971947194713,-0.012662083724267637,0.01507227811370658,0.01458693,0.00583706116279071,-0.009011887765571318,0.02068601009115274,0.01649073,0.03495412065789468,0.02243056750113275,0.04747767381465662,-0.00300988,0.00184256,72.8,0.94,0.258,0.1768874172185429,1.1321657283587236,-0.778390893921638,53.4,0.8120969518004639,0.3774325064269334,-0.12456547979364874,0.8794304926475155,0.092,10.0
2026-09-14,FLEX,FLEX LTD.,108.32,103.72,120.75,93.37,121.82,89.72,169.94,2.470329670329674,-1.1074074074074065,3.312903225806453,-33.31999999999999,-17.534752475247522,-1.5200737411896625,-33.54943120930538,-0.00411505,0.010309319999999999,-0.038187797714603317,0.05880643771460331,-0.07879821,0.05310156521594694,-0.02334922336114461,0.12955235379303848,0.16624161,0.11130094009868409,0.06821766376169569,0.1543842164356725,0.00573184,0.00180504,49.0,0.0,-0.881,0.3529139072847678,1.2527546531830085,-0.5469268386134729,6.9,-0.06904335179316479,0.05480401177551625,-0.07292972772456288,0.18253775127559538,0.10375,10.0
2026-09-14,FXE,INVESCO:EURO,106.55,105.5,108.77,103.72,110.03,100.51,114.92,1.4814814814814876,1.2296819787985886,1.385761589403976,-3.25,-3.358415841584159,-2.4881923801325643,-4.228639303035754,-0.00319702,0.00027673221122112226,-0.003987049899873301,0.004540514322315546,-0.00098781,0.001274989601328903,-0.005704642464646725,0.008254621667304531,0.00933642,0.013221367203947372,0.011280071487429825,0.01516266292046492,-0.00142748,0.00078066,73.6,0.42,-0.384,-0.1614933774834437,0.7083079544877448,-1.031294709454632,46.6,0.3980024937341782,0.31314466684645226,-0.10176900115760046,0.728058334850505,0.092,10.0
2026-09-14,RSP,INVESCO S&P500 EWGHT,215.01,209.72,219.16,204.11,229.4,200.77,235.17,-1.663888888888873,1.3201834862385362,1.4157303370786534,-6.0800000000000125,-3.2424752475247494,-0.29348920359385566,-6.191461291455643,-0.00950543,0.0020121347524752484,-0.005541619422492081,0.009565888927442577,0.0093937,0.008671016179401999,-0.00037242892527901937,0.017714461284083015,-0.00765048,-0.0031950791118421085,-0.008023859726753985,0.0016337015030697668,-7.082e-05,-0.00089953,46.6,-0.22,-1.344,0.31634437086092704,1.059081618180763,-0.426392876458909,5.0,0.2179392367291757,0.2627904138726664,-0.03877478988709637,0.5643556176324291,0.0925,9.0
2026-09-14,SDY,SPDR S&P DIVIDEND,153.93,149.73,155.79,145.16,163.82,143.54,171.22,-2.9315068493151104,1.127708095781069,1.6641000962463877,-6.280000000000001,-4.935148514851478,-2.7484941043460376,-7.121802925356918,-0.01208648,0.0015313983828382845,-0.006737076086541372,0.009799872852217941,0.00347644,0.005270051827242523,-0.0038294104185279546,0.014369514073013002,0.01040684,0.011067956973684207,0.0068361002605405626,0.01529981368682785,-0.0002247,0.0005439,43.8,-0.22,-1.227,0.1798576158940397,1.137788128354418,-0.7780728965663386,9.7,0.6991823421145507,0.30133787879040996,-0.014180104982163932,0.6168558625629839,0.0925,9.0
2026-09-14,SPY,SPDR S&P 500 ETF,760.88,748.06,780.18,716.55,818.01,693.5,847.63,1.2159169550173006,1.2887435145499648,1.2874740279014545,-24.870000000000005,-19.032211221122104,-5.474532448427192,-32.58988999381702,0.00150682,0.002405392706270626,-0.007577773025529784,0.012388558438071037,0.00960221,0.010653557176079728,0.0006067038171339023,0.020700410535025554,0.00545844,0.007510257861842067,0.000310644617012564,0.01470987110667157,-1.993e-05,-0.00078932,33.1,-0.92,-0.931,0.4428576158940398,1.322763792705886,-0.4370485609178063,4.2,0.6526654660162388,0.288688204579424,-0.03275672006972269,0.6101331292285708,0.0925,9.0
2026-09-14,TJX,"THE TJX COMPANIES, INC.",125.99,121.19,128.15,111.54,138.24,118.85,166.72,-4.522522522522522,-1.1795918367346916,5.704481792717087,-16.62000000000002,-12.244422442244224,-7.8556429222345585,-16.63320196225389,-0.04065501,0.002279367623762382,-0.016253503366928445,0.02081223861445321,-0.05431994,0.007730947574750818,-0.014001800087876416,0.029463695237378053,0.03332973,0.050753579802631524,0.04088981990143546,0.060617339703827586,0.00329486,-0.00537156,23.6,-1.07,-3.364,0.09542384105960228,1.1451726952962926,-0.9543250131770882,2.2,0.08313087833137578,0.259908643195421,-0.060670705349365195,0.5804879917402073,0.085,9.0
2026-09-14,UDR,"UDR, INC.",35.37,34.14,36.46,32.36,38.43,32.73,40.15,-2.097222222222202,1.0166112956810645,1.8106060606060606,-0.990000000000002,-0.8986138613861382,-0.06048717024496475,-1.7367405525273116,-0.02252881,-0.0014124605610561056,-0.015511025160178714,0.012686104038066503,-0.00799059,-0.0033321329900332184,-0.023433915407563406,0.016769649427496966,-0.03459661,-0.01375647164473688,-0.02004393674548813,-0.007469006543985628,-0.00287428,0.00015789,13.5,-1.72,-1.685,-0.2398112582781455,0.6316512658935031,-1.111273782449794,6.2,0.9150146923038014,0.35726680550890577,-0.13918770172273603,0.8537213127405476,0.0925,9.0
2026-09-14,CVX,CHEVRON ,212.17,207.05,222.39,194.22,244.54,179.92,243.91,2.4016736401673673,1.8033426183844026,-1.0160680529300563,-12.820000000000022,-9.529768976897685,-1.9888408093197114,-17.07069714447566,0.01202186,0.007329188646864681,-0.010791703791642834,0.025450081085372195,0.03788272,0.01583199282392026,-0.010677466879778694,0.042341452527619214,0.04588981,0.021624280032894773,0.00725146774001938,0.03599709232577017,-0.00017458,0.01328815,11.7,-1.65,1.09,0.3252218543046354,1.2577219663275756,-0.6072782577183049,74.4,0.5938058348007333,0.13751043600288623,-0.0762764463198504,0.35129731832562283,0.10875,9.0
2026-09-14,GS,"THE GOLDMAN SACHS GROUP, INC.",988.45,993.27,1057.01,930.13,1104.53,902.53,1246.93,4.6952236542835335,1.990397805212617,3.0083798882681543,-154.77999999999997,-102.48584158415846,-63.062541998761205,-141.9091411695557,-0.01116511,0.006986124686468645,-0.01302285913552504,0.02699510850846233,0.00347587,0.0257812611960133,-0.000729525965702877,0.05229204835772948,0.06911508,0.07061824335526307,0.06484239304696812,0.07639409366355801,-0.0050359,-0.00865028,43.3,-0.02,-0.644,0.42248675496688726,1.2727092926659074,-0.42773578273213286,14.5,0.27717558911946827,0.11531527221186043,-0.10876728344209081,0.3393978278658117,0.0825,9.0
2026-09-14,HUM,HUMANA INC.,407.02,390.42,427.47,373.97,449.64,298.94,508.86,1.6847662141779824,1.2895612708018174,-1.0612725844461897,-3.240000000000009,5.245115511551148,26.047693466523587,-15.55746244342129,0.02140359,0.0065916335643564404,-0.04638281151322353,0.059566078641936415,0.01388885,0.017707805215946854,-0.06538476460268272,0.10080037503457642,-0.00103107,-0.0770170119736842,-0.11798162463169047,-0.03605239931567793,0.00072249,-0.00262944,9.7,-1.93,0.712,0.34204635761589414,1.5969191157232034,-0.9128264004914153,60.5,2.0152430835970536,0.1769552506873249,-0.3118816541973801,0.6657921555720299,0.1005,9.0
2026-09-14,BF.B,BROWN-FORMAN ,26.24,25.1,27.5,24.89,29.25,22.63,30.8,-1.0084745762711818,2.2296296296296343,1.263157894736843,-0.05000000000000071,0.8843564356435634,2.234725835073606,-0.46601296378647916,-0.01912198,0.0005985446864686476,-0.03086271223002424,0.032059801602961534,0.02438274,-0.005401525747508304,-0.03310554735883396,0.022302495863817356,-0.07610793,-0.08747547723684229,-0.09898166759790716,-0.07596928687577742,4.8e-06,-0.00328674,37.5,-0.24,-0.884,-0.017999999999999978,0.85201019202034,-0.88801019202034,16.5,-0.08986979467086564,0.10658052607703405,-0.18030895096389465,0.39347000311796276,0.0775,8.0
2026-09-14,BTU,PEABODY ENERGY ,27.35,27.83,31.27,24.95,31.94,19.14,38.88,10.374999999999991,1.9124999999999983,1.4043848964677224,-3.379999999999999,-2.3541254125412534,0.36757153038245693,-5.075822355464964,0.01088904,0.012973573135313523,-0.04002920319262067,0.06597634946324771,0.00193304,0.03497798079734217,-0.033049852381150865,0.1030058139758352,0.01704744,0.008215995986842112,-0.02249876502684699,0.03893075700053121,-0.0116528,0.00453721,55.8,0.64,0.422,0.2664238410596027,1.3546658653735288,-0.8218181832543234,60.5,-0.05947840233732926,0.06658563505530624,-0.26050031905869936,0.39367158916931183,0.08325,8.0
2026-09-14,CTVA,"CORTEVA, INC.",82.54,81.46,91.49,75.56,98.29,72.34,98.84,3.594202898550711,2.2564469914040104,1.5980392156862737,-9.059999999999988,-5.315940594059403,-2.160358077894315,-8.47152311022449,0.01526036,0.000568894587458745,-0.022376656024223854,0.023514445199141344,0.03560219,0.007552306112956818,-0.022189784935690612,0.03729439716160425,0.03446781,0.02536419256578947,0.018252763283999045,0.0324756218475799,-0.00836493,-0.00226456,29.2,-0.89,0.935,0.21202980132450322,1.167103346929367,-0.7430437442803607,71.2,0.11732851875123496,0.19163085665755095,-0.17171389388938849,0.5549756072044904,0.095,8.0
2026-09-14,ED,"CONSOLIDATED EDISON, INC.",105.78,105.27,109.53,100.26,115.17,97.31,120.97,4.788732394366152,1.7010869565217404,1.7933884297520661,-5.959999999999994,-5.954257425742575,-3.5834162025270704,-8.325098648958079,-0.00159959,0.0006974780198019795,-0.010303480482215228,0.011698436521819186,0.0069514,-0.0016081298338870387,-0.020434458806811436,0.017218199139037358,0.0163762,0.023749715263157885,0.016028978322582873,0.031470452203732895,0.00135927,-3.1e-06,23.2,-1.18,-0.784,0.013460264900662277,0.8539595687737978,-0.8270390389724731,16.1,-0.17619217150299926,0.1793410142262073,-0.1133070451268734,0.471989073579288,0.0775,8.0
2026-09-14,EPU,ISHARES:MSCI PERU,88.71,89.22,95.87,86.07,96.47,81.04,114.42,5.3168316831683695,2.939393939393941,3.3520208604954433,-18.830000000000013,-10.727656765676565,-5.027878671848159,-16.42743485950497,-0.005901,0.009064318811881177,-0.012300131258791492,0.030428768882553844,0.01376081,0.029355184318936772,-0.0009573988517158939,0.059667767489589435,0.12045641,0.09513956006578943,0.07057824200230735,0.1197008781292715,-0.01176361,-0.00662993,54.2,0.01,-0.039,0.6680695364238415,1.7312657012258117,-0.39512662837812884,29.2,0.7733994930313595,0.003967583079636926,-0.3016166327907192,0.309551798949993,0.0825,8.0
2026-09-14,TTD,"THE TRADE DESK, INC.",14.97,13.42,15.0,11.68,16.53,8.66,20.32,-4.896551724137945,-2.108974358974359,-1.1794392523364488,3.4700000000000006,-0.7068646864686468,5.982810644315244,-7.396540017252537,0.0337449,-0.028783450165016516,-0.0852443604654145,0.02767746013538147,-0.06452699,-0.05933380837209303,-0.11141745863525986,-0.007250158108926208,-0.25885665,-0.1360547995394734,-0.20813860198878265,-0.06397099709016411,0.00777675,0.01491562,7.7,-1.95,0.424,-0.5346490066225162,0.49229244585968446,-1.561590459104717,90.3,0.26681746078373747,0.35984615248259505,-0.15753662273049068,0.8772289276956808,0.069,7.0
2026-09-14,HRL,HORMEL FOODS ,20.96,19.04,21.83,18.96,22.55,17.94,26.27,-2.5512820512820618,-1.257861635220126,1.758278145695364,-1.4299999999999997,-0.20894389438943908,0.6684383160521411,-1.0863261048310193,-0.05859822,-0.005765622706270618,-0.03355552652577161,0.022024281113230376,-0.03042304,-0.015821978139534905,-0.05233804700743908,0.020694090728369273,-0.05416006,-0.049567107894736825,-0.0578438201153819,-0.04129039567409175,0.00200228,-0.00684178,71.2,0.93,-1.415,-0.33203311258278145,0.5567918978844872,-1.2208581230500501,8.9,-0.160638024881403,0.12275022220605421,-0.5399664259333301,0.7854668703454386,0.06375,7.0
2026-09-14,ISRG,"INTUITIVE SURGICAL, INC.",377.94,335.61,371.6,310.09,416.66,304.74,434.47,,-1.7523243801652886,-1.2948876702635759,8.019999999999982,-36.99722772277229,-11.176500290402917,-62.81795515514166,-0.01687056,-0.007986683168316825,-0.036107041235408796,0.02013367489877515,-0.0443552,-0.017471131328903676,-0.05944331312478114,0.02450105046697379,-0.04921449,0.015756918125,-0.015371190066580331,0.046885026316580335,0.0098814,0.00247304,39.9,-0.51,-0.473,-0.4050728476821194,0.4522333219152642,-1.2623790172795029,47.8,0.05371482168164765,0.16363189318271065,-0.282581048148599,0.6098448345140204,0.0675,7.0
2026-09-14,KEYS,"KEYSIGHT TECHNOLOGIES, INC.",314.96,318.79,347.6,293.94,358.9,284.47,427.7,,2.090390104662228,3.6976057723843945,-71.65000000000003,-32.48161716171617,-5.891275658015747,-59.0719586654166,0.00941265,0.008336790396039606,-0.021151620447356002,0.03782520123943522,-0.00860924,0.03938623282392025,-0.01574978747830546,0.09452225312614596,0.10843628,0.05530615671052619,0.008217259997399334,0.10239505342365304,0.00117466,-0.00689158,56.5,0.42,-1.002,0.3904105960264901,1.1207081986008718,-0.3398870065478915,2.6,-0.17698070155918655,0.17821491860546806,-0.26248936980903564,0.6189192070199718,0.07875,7.0
2026-09-14,OKE,"ONEOK, INC.",96.97,92.93,100.63,90.27,107.28,78.68,113.99,1.194202898550725,1.5388059701492534,-1.0746180963572265,-4.799999999999997,-6.255412541254123,-3.304763424527283,-9.206061657980964,0.01056161,0.0007942086138613863,-0.0175778585757557,0.01916627580347847,0.02261355,0.005329366378737543,-0.0168663820941993,0.027525114851674387,0.02148374,0.029966969769736868,0.022079489030739665,0.03785445050873407,0.00513701,0.00625721,9.5,-1.72,0.274,0.06702317880794699,0.8638398662260769,-0.729793508610183,54.2,0.29890724089307086,0.1507244644831132,-0.20170252904875088,0.5031514580149773,0.0635,6.0
2026-09-14,OXY,OCCIDENTAL PETROLEUM ,61.78,58.66,64.19,56.94,69.4,49.39,71.93,-1.0926640926640905,1.574380165289256,-1.2206896551724131,-1.6799999999999997,-0.3491749174917495,2.4925453045385515,-3.19089513952205,0.00263761,0.005263718679867986,-0.019521993631667994,0.030049430991403964,0.03750157,0.017253578205980096,-0.012909498906817751,0.047416655318777944,0.00480715,-0.04420000694078972,-0.07310876378787601,-0.01529125009370342,-0.0003111,0.01660216,10.1,-1.83,0.966,0.16482781456953646,1.0548550287683367,-0.7251993996292638,80.8,0.7177382151443064,0.03624227425288877,-0.14902454482975885,0.22150909333553637,0.0675,6.0
2026-09-14,ULTA,"ULTA BEAUTY, INC.",548.65,522.1,572.17,507.02,621.32,451.09,663.34,-1.394449950445981,1.7456161422051424,1.1755842558425589,-40.85000000000002,-36.870066006600666,-9.028843234852797,-64.71128877834853,0.00974311,0.0007774660726072585,-0.028603076573822342,0.030158008719036858,0.05423199,0.015660098936877066,-0.03028705295602479,0.06160725082977892,0.03222814,0.01952512427631579,0.009530148919518276,0.029520099633113306,-0.00125529,0.00359817,10.5,-1.53,0.638,0.18453973509933763,1.1991546990112392,-0.8300752288125639,69.6,-0.15512117514134005,0.22746173781341394,-0.2490877155130855,0.7040111911399134,0.06375,6.0
2026-09-14,USO,UNITED STATES OIL FUND,156.66,145.78,163.35,138.44,185.71,108.66,190.34,1.367758186397987,1.594401756311746,-1.4251781472684082,-9.159999999999997,-10.342772277227724,1.5131736241410358,-22.198718178596483,0.05012779,0.010870496138613867,-0.026217261324320337,0.04795825360154807,0.07889533,0.04427882009966774,-0.026127071485090053,0.11468471168442554,0.11106794,0.039928604210526374,-0.015173731191880438,0.09503093961293319,0.00286557,0.03412162,24.4,-1.07,1.915,0.1636258278145696,1.1083737344215912,-0.7811220787924519,95.4,0.472616193983447,0.1779276344519958,-0.10717893983591378,0.4630342087399054,0.069,6.0
2026-09-14,VXN,CBOE NASDAQ MKT VOL NDX,22.05,20.37,24.03,19.02,25.51,16.94,32.86,1.6455696202531613,1.1419141914191417,2.11545988258317,-4.140000000000001,-4.503135313531353,-0.9274076649640066,-8.0788629620987,0.00208613,0.015883131419141914,-0.03451322103300167,0.06627948387128549,-0.0483166,0.04346550209302325,-0.017903850692695344,0.10483485487874185,0.10558038,0.05113718605263159,-0.02619881917341125,0.12847319127867443,0.0042202,0.00940765,91.5,1.71,0.257,-0.0527086092715232,0.5659456325756774,-0.6713628511187238,59.5,,,,,0.056,6.0
2026-09-14,CDNS,"CADENCE DESIGN SYSTEMS, INC.",279.06,260.1,306.94,248.68,312.32,257.61,387.82,1.2958727001491788,1.094799210006583,5.070396270396273,-56.420000000000016,-22.109075907590757,-5.887027431546812,-38.3311243836347,-0.03284005,-0.001473681650165014,-0.02630796373440077,0.023360600434070743,-0.0519822,0.0030638887043189286,-0.03020560875482347,0.03633338616346133,-0.00601717,0.004878055657894704,-0.014472654950902619,0.024228766266692025,-0.0003002,-0.00242784,81.5,1.26,-1.245,-0.06408278145695362,0.7846758996605383,-0.9128414625744457,7.3,-0.06417551054076776,0.202586409797132,-0.1674665511399192,0.5726393707341833,0.05625,6.0
2026-09-14,CNC,CENTENE ,69.41,61.41,69.41,59.9,73.36,42.36,90.39,-5.781249999999994,-2.4075949367088585,-1.28932316491897,7.099999999999994,2.5183828382838294,6.732564079648366,-1.695798403080707,0.005738,-0.0001546358415841576,-0.06467671799442909,0.06436744631126076,-0.01127483,0.004540237176079705,-0.0950623221710133,0.10414279652317272,-0.10314129,-0.1362092604605263,-0.16264529689099547,-0.10977322403005715,0.0061343,0.00289928,34.7,-0.87,0.262,0.32384105960264875,1.3989349153074842,-0.7512527961021865,42.3,0.24226710372813876,0.043990051403383815,-0.3221113938223741,0.4100914966291417,0.0675,6.0
2026-09-14,FANG,"DIAMONDBACK ENERGY, INC.",205.72,194.48,209.44,187.52,229.39,172.18,232.46,-1.6763202725724013,1.3005494505494506,-1.25430067314884,-0.6400000000000148,-1.6614191419141957,4.999407351004794,-8.322245634833186,-0.00662285,0.004770470759075908,-0.013968219521008397,0.023509161039160214,0.02139011,0.01634232767441858,-0.0012906332044177946,0.033975288553254955,-0.02189855,-0.03630453190789449,-0.04280421217762931,-0.029804851638159675,0.00319783,0.01128723,12.1,-1.67,0.205,0.23439735099337738,0.9335057302687411,-0.46471102828198635,44.0,0.6363051349529818,0.24124753748751027,-0.15507517495847944,0.6375702499335,0.0635,6.0
2026-09-14,FISV,"FISERV, INC.",50.99,46.98,52.71,47.41,56.24,34.8,65.46,-1.9086538461538471,1.466480446927372,-1.118866620594334,5.090000000000003,-1.9460066006600618,9.22810670519744,-13.120119906517566,-0.01404868,-0.024312909834983507,-0.08386287799791314,0.03523705832794614,0.01920168,-0.06536180734219275,-0.13907152693195818,0.00834791224757267,-0.16960651,-0.09862384894736846,-0.16094483456410796,-0.036302863330628946,0.00451575,0.01992481,5.8,-1.93,-0.638,-0.3900562913907284,0.4558318519081219,-1.2359444346895787,40.7,0.10443278291044189,0.3357432753933462,-0.3242948143208552,0.9957813651075476,0.0635,6.0
2026-09-14,GILD,"GILEAD SCIENCES, INC.",146.41,140.7,150.57,137.1,162.26,127.24,174.74,-1.9347826086956497,1.702470461868957,1.4778299426186756,-17.78,-13.482838283828384,-8.23857741599198,-18.727099151664788,-0.00612853,0.004331564554455446,-0.014107893048745667,0.02277102215765656,0.04766249,0.01136424774086379,-0.01265526025753451,0.03538375573926209,0.07693774,0.06470171924342107,0.04958640882611587,0.07981702966072626,-0.00376506,0.00248721,45.2,0.05,0.694,0.1382317880794702,0.9745414713279251,-0.6980778951689847,75.2,-0.004962454840387709,0.14414861306617466,-0.09322271455956799,0.3815199406919173,0.0585,6.0
2026-09-14,INTU,INTUIT INC.,339.15,285.27,333.54,303.69,378.51,237.91,421.71,-503.09999999988565,1.1099830795262278,-1.2262596899224802,15.839999999999975,-20.64026402640264,20.591740042435788,-61.87226809524107,-0.05109114,-0.015858911320132018,-0.058872960644751074,0.027155138004487035,0.07131114,-0.04133236378737542,-0.09228734479125265,0.009622617216501816,-0.12752382,-0.05199417427631568,-0.11649836894571411,0.012510020393082744,0.00421436,0.01314975,31.9,-0.62,-0.165,-0.39359602649006675,0.61710302226789,-1.4042950752480237,55.4,0.04907283487489833,0.1787601835172185,-0.15707419822723317,0.5145945652616701,0.0635,6.0
2026-09-14,IVZ,INVESCO LTD.,31.51,31.34,33.54,29.3,35.57,26.73,39.78,2.8813559322033893,1.8371040723981888,1.7301255230125518,-3.7099999999999973,-1.9309570957095707,-0.7638419813330553,-3.0980722100860865,-0.00288674,0.009104863993399338,-0.018552279924928645,0.036762007911727325,0.01894264,0.030060686345514922,-0.008287631490949788,0.06840900418197964,0.04395016,0.03085152036184211,0.019400308642210783,0.042302732081473435,-0.00367253,-0.00951217,32.7,-0.85,-0.499,0.5106059602649007,1.346982932031361,-0.3257710115015596,14.1,0.39423107364803434,0.1545264204712558,-0.24258035557080193,0.5516331965133136,0.0675,6.0
2026-09-14,LUV,SOUTHWEST AIRLINES CO.,39.52,36.9,39.9,34.15,42.53,33.19,52.79,-4.06451612903228,-1.784053156146182,2.096366508688781,-3.0899999999999963,-3.198811881188118,-0.43414600776933376,-5.963477754606902,-0.01468898,0.0007333049504950514,-0.03853946188389752,0.04000607178488763,-0.04130827,0.015634236910298988,-0.03391737360972512,0.06518584743032309,0.02823529,0.014291380197368433,-0.007777429285455082,0.036360189680191946,0.00726486,-0.00788201,34.7,-1.2,-1.434,0.11176821192052994,1.2131407530413796,-0.9896043292003198,12.1,0.30585329346697265,0.10891107149646168,-0.2699894919953811,0.48781163498830443,0.054,6.0
2026-09-14,MCHI,ISHARES:MSCI CHINA,53.32,52.19,54.02,48.96,57.27,49.12,62.16,-3.0,-1.1037974683544294,2.1047619047619026,-3.1599999999999966,-4.871683168316832,-2.8791276179896643,-6.864238718643999,-0.01335426,-0.0010359391089108927,-0.015259174591216807,0.013187296373395023,-0.01621859,-0.001668419867109637,-0.02247483369332087,0.019137993959101592,0.01858367,0.0499027253947369,0.034939075100389363,0.06486637568908443,-0.00173999,0.00188448,21.2,-1.43,-0.764,-0.04761920529801317,0.8243345127440278,-0.9195729233400542,28.0,0.6886260807934426,0.2133713475427237,-0.04083104692816597,0.46757374201361335,0.054,6.0
2026-09-14,MDLZ,"MONDELEZ INTERNATIONAL, INC.",62.39,59.81,63.57,57.75,67.96,54.35,70.06,-1.2044198895027607,1.200431034482757,-1.0482398956975225,0.060000000000002274,-0.8540924092409234,0.7090885951086716,-2.4172734135905185,-0.00625177,-0.0017643037623762334,-0.017781615035743107,0.01425300751099064,0.0105494,-0.0024772722591362116,-0.01512709579147582,0.010172551273203398,-0.02850784,-0.02825705365131577,-0.033578055246625,-0.022936052056006538,0.00235094,0.00467009,24.0,-1.31,-0.423,-0.11956291390728468,0.6762144016124528,-0.9153402294270222,30.8,0.4522847909774874,0.11916008859521,-0.20466376701973144,0.4429839442101514,0.0635,6.0
2026-09-14,PEP,"PEPSICO, INC.",136.34,133.35,139.78,127.58,149.75,123.67,157.97,1.0252365930599319,1.5308219178082179,1.7071823204419883,-5.9199999999999875,-5.455049504950497,-0.9730712526792429,-9.937027757221752,-0.01178192,0.00148411468646865,-0.015614385079690391,0.018582614452627693,0.0107056,0.010870474850498352,-0.01066109875540167,0.03240204845639837,-0.00389811,0.003810294934210517,-0.004860469172641461,0.012481059041062495,-0.0008027,-0.00409866,31.7,-0.78,-0.73,-0.058152317880794696,0.8772130414626682,-0.9935176772242575,31.2,0.2040868399187845,0.122884139028898,-0.18492378126373554,0.43069205932153154,0.04575,5.0
2026-09-14,PSKY,PARAMOUNT SKYDANCE ,10.87,10.02,11.14,9.17,12.68,7.52,13.15,-2.5151515151515147,1.0647058823529418,-1.4692982456140342,-0.05000000000000071,-0.8760396039603963,0.3601145039722605,-2.112193711893053,0.00700202,-7.713089108911042e-05,-0.0487300904469959,0.048575828664817675,0.00702416,0.004253915481727586,-0.04817141617784065,0.05667924714129582,-0.02432775,-0.00804517980263158,-0.030874866973536023,0.01478450736827286,0.00397068,0.00314916,65.3,0.34,0.656,-0.23521523178807932,1.0318581599692598,-1.5022886235454185,78.0,0.5898071399574651,0.3371503338679705,-0.2897447121890117,0.9640453799249527,0.04775,5.0
2026-09-14,SYY,SYSCO ,83.54,77.91,85.5,75.8,91.24,73.22,95.82,-1.4812500000000082,-1.0051948051948079,1.189922480620153,-4.279999999999987,-4.255115511551153,-1.5576429571074306,-6.952588065994876,-0.00431721,-0.0007872713531353134,-0.021983682871969064,0.02040914016569844,0.00358662,0.0019246448504983403,-0.02604345454647573,0.029892744247472413,0.02527461,0.012668504046052645,0.0026731326417534403,0.02266387545035185,0.00074606,-0.00212929,53.0,-0.12,0.081,0.05286754966887421,0.9215627347547121,-0.8158276354169637,53.8,-0.14152313741809264,0.09130429378492405,-0.23510195780373971,0.4177105453735878,0.0555,5.0
2026-09-14,BALL,BALL ,60.71,57.85,62.7,56.26,66.27,53.62,72.6,-2.0394736842105328,1.249438202247189,1.677009873060647,-3.3300000000000054,-1.5442904290429027,0.7527361707464597,-3.841317028832265,-0.01262592,0.00018580333333333244,-0.024377853236672537,0.0247494599033392,0.01541989,0.0024135667109634554,-0.03019904139990872,0.03502617482183563,-0.00301645,-0.010488969144736817,-0.01903095699614204,-0.0019469812933315955,-0.00243594,-0.00798571,54.4,-0.22,-0.422,0.038291390728476815,1.193869999674607,-1.1172872182176534,33.9,0.16619426387991565,0.24958126413267312,-0.14147295451520248,0.6406354827805487,0.04575,5.0
2026-09-14,CAG,"CONAGRA BRANDS, INC.",14.79,14.06,15.61,13.45,16.82,12.3,17.98,-1.2968749999999962,1.5149253731343293,1.2811244979919691,-0.26000000000000156,0.26801980198019776,0.9862465824721638,-0.4502069785117682,-0.03219952,-0.007762793927392743,-0.030436466412774768,0.014910878557989282,0.02113178,-0.02043761564784052,-0.05187687270212936,0.011001641406448315,-0.07691989,-0.07032962641447363,-0.07983747022307756,-0.060821782605869686,-0.00468471,-0.00177652,30.0,-0.94,-0.734,-0.32137748344370864,0.5474582880900354,-1.1902132549774527,32.3,0.22575317347055313,0.13546011549254391,-0.1726799459334281,0.44360017691851594,0.04575,5.0
2026-09-14,DOC,"HEALTHDOC PROPERTIES, INC.",20.37,19.65,21.1,18.64,22.3,17.99,24.14,-1.4464285714285787,1.1156069364161845,1.5840336134453763,-0.7899999999999991,-0.5378217821782182,0.155470971501945,-1.2311145358583815,-0.01335112,0.002987780363036304,-0.018839142328473092,0.024814703054545702,0.0022225,0.006333635581395349,-0.009434469879144508,0.022101741041935206,-0.01853783,-0.0101902211184211,-0.021900962726844102,0.001520520490001901,-0.00490203,-0.00503356,9.7,-2.06,-0.505,0.08824834437086107,0.9797927551878679,-0.8032960664461458,30.0,0.794497438672241,0.1712528725363706,-0.3100731194906511,0.6525788645633922,0.04575,5.0
2026-09-14,GNK,GENCO SHIPPING & TRADING LIMITED,27.0,25.74,28.44,25.29,29.16,22.79,31.79,-1.2075471698113234,1.2631578947368416,1.1377672209026124,-1.6900000000000013,-1.0402640264026404,-0.12075332496451585,-1.959774727840765,0.00526559,0.011344699339933994,-0.010384567568113224,0.033073966247981215,0.03759014,0.02420857235880402,0.00040644916898847916,0.04801069554861956,0.03794469,0.007858295789473682,-0.001639259464534271,0.017355851043481633,-0.01078081,0.00447897,31.2,-0.72,0.25,0.46120860927152363,1.307134294723676,-0.38471707618062867,43.5,-0.9990015203849099,0.23514502176986052,-0.3280475442742168,0.7983375878139378,0.0555,5.0
2026-09-14,J,JACOBS SOLUTIONS INC.,144.07,136.9,147.5,131.0,160.42,123.5,171.97,-2.8514492753623006,1.2509563886763584,1.3563441905687903,-9.030000000000001,-9.019042904290426,-3.0098541835948813,-15.02823162498597,-0.00862525,-7.585587458745741e-05,-0.022248632109625088,0.022096920360450172,0.02974962,-0.006689479468438533,-0.042514467372440454,0.029135508435563385,0.00983323,0.015265670032894816,0.002508864015570631,0.028022476050219,-0.00283467,-0.00315068,30.6,-0.86,-0.121,0.20660927152317887,1.056132862645807,-0.6429143195994493,43.1,0.4119616191571813,0.10501091198094208,-0.2563065650271358,0.46632838898901996,0.04575,5.0
2026-09-14,JNJ,JOHNSON & JOHNSON,266.32,258.51,278.65,244.82,302.71,232.13,326.91,1.505548705302091,1.692558139534883,1.7721556010529405,-28.25999999999999,-13.283663366336636,-3.1531062152743985,-23.414220517398874,-0.00158839,0.008896216831683165,-0.005227953282703859,0.02302038694607019,0.02589288,0.024523994684385396,0.005777192656603959,0.04327079671216683,0.05421621,0.028162476381579,0.0046174201290778705,0.05170753263408013,-0.00056339,-0.00069161,58.7,0.79,0.304,0.6702913907284763,1.7321731879894546,-0.3915904065325019,44.4,0.09934263158554102,0.27167950377364053,-0.054493768091784855,0.5978527756390659,0.0545,5.0
2026-09-14,MNST,MONSTER BEVERAGE ,44.2,40.68,44.22,39.48,47.95,39.97,54.9,-12.107142857143117,-1.2586666666666682,2.5295508274231646,-5.419999999999995,-2.1225742574257427,-0.12032842227756158,-4.124820092573923,-0.02738274,0.007695407524752471,-0.01176185522799975,0.027152670277504693,0.00284745,0.023993304418604637,0.0009030296263217372,0.04708357921088754,0.0572523,0.01602987029605264,-0.009699236144422849,0.041758976736528126,0.00183896,-0.00333008,13.7,-1.4,-0.789,0.3159403973509932,1.1777457089538046,-0.5458649142518182,9.3,-0.07582637933382486,0.23746338045901838,-0.15994478183762528,0.634871542755662,0.051,5.0
2026-09-14,MU,"MICRON TECHNOLOGY, INC.",924.03,956.09,1064.65,822.15,1099.68,736.9,1542.37,13.68213457076566,1.7240871613663142,3.3043338855341204,-417.9000000000001,-146.61392739273919,14.534180449129678,-307.76203523460805,0.00278824,0.028575237986798653,-0.024463425299175716,0.08161390127277302,-0.02081629,0.1011394633887043,0.03806115874821031,0.1642177680291983,0.26820597,0.14454417694078966,0.07693393083630477,0.21215442304527454,-0.01348102,-0.01891516,23.8,-0.83,-0.33,0.6925099337748343,1.6733366571887032,-0.2883167896390346,9.3,0.08593829906758632,-0.006926518447146101,-0.19988166593142376,0.18602862903713158,0.04125,4.0
2026-09-14,NKE,"NIKE, INC.",37.05,35.55,38.13,33.45,39.91,31.17,44.66,-2.661764705882347,-1.258741258741257,1.2942176870748308,0.7999999999999972,-0.007986798679867782,2.245456535587115,-2.2614301329468507,-0.0296862,-0.008399015280528055,-0.03531173784400489,0.01851370728294878,-0.0419072,-0.01744860093023253,-0.06556931547357417,0.030672113613109106,-0.09750444,-0.0666373392763159,-0.08493068407050833,-0.04834399448212348,-0.00146131,0.00025504,33.9,-0.83,-1.104,-0.4214238410596026,0.4541929301713651,-1.2970406122905702,24.2,0.41030548443145376,0.17131352963139584,-0.3241373514637499,0.6667644107265416,0.039,4.0
2026-09-14,OEF,ISHARES:S&P 100,378.78,373.18,387.78,364.13,396.82,340.76,427.85,1.3880597014925444,1.2313993174061466,1.2906365071015276,-14.060000000000002,-14.239306930693079,-6.62158857400825,-21.85702528737791,0.00570545,0.0028223562706270636,-0.008394196158996146,0.014038908700250274,0.00689044,0.01188970893687706,0.0001647831132251948,0.023614634760528923,0.01504056,0.018402376513157948,0.010052957401288441,0.026751795625027455,0.00018546,-0.00069884,36.5,-0.95,-0.495,0.43788410596026506,1.4007016955256202,-0.5249334836050901,18.5,0.6272269204519925,0.2176472471070098,-0.14026664526064456,0.5755611394746641,0.039,4.0
2026-09-14,PPG,"PPG INDUSTRIES, INC.",105.25,102.74,110.97,96.96,113.37,95.89,129.3,1.0341463414634149,-1.0209359605911332,2.569444444444446,-7.780000000000001,-1.6203960396039594,3.5721130683332376,-6.812905147541157,-0.02152487,-0.0010589403300330024,-0.02496395062653162,0.022846069966465616,-0.03342554,-0.004746460598006652,-0.03383363036796174,0.024340709171948437,-0.01346081,-0.03375664937499999,-0.05460024090783402,-0.01291305784216596,-0.00323032,-0.01294996,21.2,-1.16,-1.446,-0.02639735099337747,1.0465054310859794,-1.0993001330727343,9.7,0.1384232017318765,0.03729130951786025,-0.29029188902811237,0.36487450806383287,0.04125,4.0
2026-09-14,QAT,ISHARES:MSCI QATAR,17.32,17.07,17.63,16.68,17.65,16.15,18.51,1.2173913043478288,-1.9393939393939512,1.0170940170940168,-0.14999999999999858,-0.4512871287128714,-0.10848508893456804,-0.7940891684911748,0.00380788,-0.0009358024752475252,-0.011422467685668732,0.009550862735173683,-0.0186195,-0.0016122361794020114,-0.020278405316800856,0.017053932957996835,-0.01084609,-0.0006799119736842085,-0.005152675506969034,0.003792851559600617,0.00195417,0.00181461,36.5,-1.06,-0.853,-0.1481887417218543,1.0286976372356982,-1.325075120679407,31.9,,,,,0.041,4.0
2026-09-14,SMH,VANECK:SEMICONDUCTOR,541.5,548.28,592.29,501.62,594.07,482.61,717.53,8.789795918367398,1.318204613841526,2.9891322805230094,-103.34000000000003,-51.10148514851485,-18.433963728394033,-83.76900656863566,-0.00459878,0.007800728976897693,-0.016762446975181006,0.032363904928976395,-0.03481912,0.03672541215946846,0.007821316965716404,0.06562950735322051,0.09886451,0.07189851296052616,0.05618839952151526,0.08760862639953705,-0.00457697,-0.01128272,39.5,-0.58,-0.864,0.5826688741721852,1.5176815979604257,-0.35234384961605536,3.0,0.008596594230311894,0.07665067410923754,-0.09907666628796183,0.25237801450643693,0.04125,4.0
2026-09-14,SPHB,INVESCO S&P500 HI BE,143.03,142.01,154.49,136.83,153.11,129.6,170.69,2.9819277108433813,1.6258064516129083,2.059568131049887,-15.430000000000007,-5.678712871287129,-0.90098072132787,-10.456445021246388,-0.00447402,0.0036471909570957102,-0.01180251389790451,0.01909689581209593,-0.01152958,0.020001864086378746,0.0007454750601895675,0.03925825311256792,0.0353292,0.01417538990131574,0.0018524131682661517,0.02649836663436533,-0.00406114,-0.00447084,44.4,-0.24,-0.776,0.48004966887417216,1.3267145903272575,-0.3666152525789132,6.2,0.21627311125043835,0.12756042195366732,-0.09507829728372938,0.350199141191064,0.04125,4.0
2026-09-14,SWK,"STANLEY BLACK & DECKER, INC.",88.89,86.0,94.92,80.37,103.23,77.46,114.17,-1.098557692307695,1.6830985915492969,2.211723534558179,-5.459999999999994,0.460990099009901,4.357919057542332,-3.4359388595225298,-0.03508091,0.003735381056105611,-0.0245760537381636,0.03204681585037482,0.01817202,0.011450026279069766,-0.025233104305592082,0.04813315686373161,-0.0494591,-0.05525040996710536,-0.06500572438346254,-0.04549509555074818,-0.00395543,-0.01322385,35.1,-1.0,-1.988,0.1618609271523179,1.1299907510962806,-0.8062688967916447,6.2,0.3024572159461063,0.08932079988051599,-0.12467325671072609,0.30331485647175804,0.04125,4.0
2026-09-14,TSN,"TYSON FOODS, INC.",53.16,48.78,53.57,48.25,57.09,48.48,62.11,-3.6936936936936666,-1.2493638676844754,1.9123931623931631,-2.6700000000000017,-3.3197029702970284,-1.4849874508474794,-5.154418489746577,-0.0407798,-0.000523278514851485,-0.019553864445029153,0.01850730741532618,-0.01302772,-0.00024347498338871037,-0.025625404717754673,0.02513845475097725,-0.01726453,0.012262838059210548,0.0032822264876590738,0.021243449630762024,0.00519466,0.00234445,57.3,0.58,-1.006,-0.06648675496688738,0.8224461067917224,-0.9554196167254971,18.5,-0.30224918431463654,0.11688224700915265,-0.28228330982654115,0.5160478038448465,0.03525,4.0
2026-09-14,VICI,VICI PROPERTIES INC.,25.04,24.17,25.76,23.54,26.53,22.93,28.06,-1.5333333333333266,-1.0067114093959717,1.4312796208530807,-0.3100000000000023,-0.7248514851485152,0.00217040052011086,-1.4518733708171412,-0.0135799,-0.00402996712871287,-0.01666717677505649,0.008607242517630752,-0.01011325,-0.013017042524916965,-0.02988357823490225,0.0038494931850683225,-0.03620505,-0.009833874046052632,-0.019157006451902662,-0.0005107416402026013,-0.00171948,0.002828,20.4,-1.34,-1.244,-0.3569668874172183,0.5100880424410972,-1.224021817275534,17.7,1.4468719785488684,0.32915208620352876,-0.2849742838346986,0.9432784562417561,0.039,4.0
2026-09-14,ALLE,ALLEGION PUBLIC LIMITED COMPANY,155.39,145.25,158.19,140.14,175.05,136.5,188.2,-4.104477611940288,1.289180327868854,1.7368978295394402,-11.820000000000022,-12.587755775577556,-6.787301844400565,-18.388209706754544,-0.0247152,0.0008481302310231018,-0.023205755516794848,0.024902015978841053,0.03018566,0.0018794711960132746,-0.0316666189930033,0.03542556138502985,0.02143751,0.03170093319078943,0.015425168761086745,0.04797669762049212,0.00210049,-0.00259966,31.9,-0.61,-1.005,0.02460596026490074,1.0092910864373341,-0.9600791659075326,21.6,0.28273381044636214,0.0821071512670614,-0.2581903082367008,0.42240461077082364,0.039,4.0
2026-09-14,AXP,AMERICAN EXPRESS COMPANY,327.78,314.33,326.94,296.51,349.01,291.65,388.82,,-1.4729156853509164,1.6894547467478558,-15.400000000000034,-27.174290429042873,-14.494545876071122,-39.854034982014625,-0.01376275,0.00025573217821782125,-0.019013932988998162,0.019525397345433803,-0.01785114,0.0035100803986710897,-0.020753900022111568,0.027774060819453744,0.01805958,0.03556377450657906,0.019368332226237975,0.05175921678692015,0.00227277,-0.00887144,37.5,-0.67,-0.907,0.08096357615894045,0.9678440559192402,-0.8059169036013593,15.3,0.3895095656484653,0.13149408104299243,-0.15055413401598972,0.41354229610197457,0.039,4.0
2026-09-14,BAX,BAXTER INTERNATIONAL INC.,23.86,23.21,25.57,21.6,29.13,20.19,31.86,1.382022471910112,2.3318584070796478,2.1798365122615815,-1.25,0.28877887788778933,1.6494714462193145,-1.0719136904437359,-0.02183237,-0.0050870041254125415,-0.04526360484800596,0.03508959659718088,0.06346267,-0.016906710398671095,-0.08219963149229276,0.048386210694950575,-0.05239028,-0.09028009769736818,-0.11431800071569023,-0.06624219467904613,-0.00284502,-0.01221344,25.4,-1.09,-1.683,-0.04585761589403977,0.8998139904093236,-0.9915292221974032,5.0,0.5301716479315417,0.11111753204376204,-0.34113855861456466,0.5633736227020887,0.04125,4.0
2026-09-14,CL,COLGATE-PALMOLIVE COMPANY,87.89,85.28,90.54,82.3,95.04,79.64,101.51,1.035019455252914,1.2790697674418607,1.6509090909090915,-3.730000000000004,-3.860957095709565,-1.3001786658122625,-6.421735525606868,-0.00678883,-0.0001658330363036305,-0.016807248265125786,0.016475582192518524,0.00301691,0.0005250147508305625,-0.01940878163736762,0.020458811139028744,-0.00741651,0.01091563756578945,0.0038639600342650574,0.017967315097313842,0.00046691,-0.00251652,28.0,-0.85,-0.978,-0.12958940397350993,0.8175791533770445,-1.0767579613240643,16.9,0.11238380158306449,0.14081206285671363,-0.18363091284519442,0.4652550385586217,0.039,4.0
2026-09-14,CLX,THE CLOROX COMPANY,89.31,82.32,91.89,76.64,101.16,78.86,113.48,-4.9113924050632995,-1.0691983122362876,2.312918660287081,-7.859999999999999,-0.17402640264026464,4.326130654143913,-4.674183459424443,-0.06676872,-0.005155505577557757,-0.03062047030218618,0.020309459147070667,-0.03211235,-0.01901190857142859,-0.05082317919976187,0.012799362056904687,-0.05899075,-0.04075633483552632,-0.04673933251510552,-0.03477333715594712,-0.00086931,-0.00169437,16.3,-1.35,-2.467,-0.21423841059602636,0.9252985310212357,-1.3537753522132885,3.0,0.24925315710435836,0.1428880810119809,-0.21310952463728436,0.4988856866612461,0.04125,4.0
2026-09-14,DD,"DUPONT DE NEMOURS, INC.",124.29,123.48,131.63,114.57,135.78,111.67,162.47,1.7314814814814765,1.1820987654320967,3.025356576862122,-15.219999999999985,-4.663881848184818,2.127897863565818,-11.455661559935454,-0.02844339,0.006353895577557746,-0.016792615466538804,0.029500406621654297,-0.02963401,0.015622082159468453,-0.019802547695512915,0.051046712014449824,0.010552,-0.0028681218092104694,-0.03381243726718055,0.02807619364875961,-0.00404908,-0.0057358,19.4,-1.38,-2.816,0.2840562913907286,1.185615653016483,-0.6175030702350257,0.2,0.4340235194565123,0.16754470882870007,-0.1933333787476598,0.52842279640506,0.04125,4.0
2026-09-14,DLR,"DIGITAL REALTY TRUST, INC.",179.14,179.45,196.33,167.81,207.98,161.04,222.44,6.07031250000007,2.5454545454545494,2.392265193370167,-21.28,-10.656138613861396,-4.71679672605996,-16.59548050166283,-0.01649687,0.0010988505280528065,-0.02008082655313012,0.022278527609235738,0.01367744,0.010664640265780722,-0.011706211398506408,0.03303549193006785,0.00887651,0.016234217631578993,0.006844987659772836,0.025623447603385148,-0.00505977,-0.00605053,34.7,-0.28,-1.389,-0.0024238410596026582,0.8830052959350061,-0.8878529780542115,3.4,0.024560088531002,0.2473972814757394,-0.04169718353299043,0.5364917464844692,0.04125,4.0
2026-09-14,EWM,ISHARES:MSCI MALAYSIA,27.84,27.15,28.45,26.67,29.38,25.81,31.02,-1.5744680851063835,1.3162393162393176,1.5665024630541862,-1.1999999999999993,-1.3549504950495048,-0.7228391002606284,-1.9870618898383814,-0.01356128,0.0021479088118811886,-0.008440924058825211,0.012736741682587586,0.00626232,0.012047325681063118,-0.0017934514505674338,0.025888102812693672,0.00272154,0.02495892506578946,0.016018748744965776,0.033899101386613145,-0.00170369,0.00093206,74.4,0.97,-0.221,0.22745033112582794,1.11792675509471,-0.6630260928430542,28.2,-0.14469559497849704,0.8010985556156023,-0.32096845996961787,1.9231655712008224,0.03525,4.0
2026-09-14,FIS,FIDELITY NATIONAL INFORMATION SERVICES,38.18,36.17,40.75,34.96,44.61,32.21,47.55,-1.0745614035087727,1.996894409937889,1.5695142378559463,-0.04999999999999716,-1.2560726072607264,1.7823633066031401,-4.294508521124593,-0.02370316,-0.014059156270627073,-0.03900641378437045,0.010888101243116306,0.01641455,-0.030476213853820627,-0.05566827505009787,-0.005284152657543381,-0.10867724,-0.047139271019736896,-0.08837192779500962,-0.005906614244464176,0.00114058,-0.00044224,35.3,-0.88,-1.241,-0.5048278145695367,0.3390953823389603,-1.3487510114780337,19.2,0.21893215335288718,0.25356520739894983,-0.12768135962072863,0.6348117744186283,0.039,4.0
2026-09-14,FTV,FORTIVE ,55.19,52.89,56.86,50.05,58.69,51.85,65.87,-2.341666666666657,-1.4685714285714286,3.197604790419167,-4.630000000000003,-1.5337623762376233,0.059702455038404656,-3.127227207513651,-0.02991822,0.002349089669966995,-0.019103780264677683,0.02380195960461167,-0.03626896,0.015687849634551467,-0.015953485767122712,0.04732918503622564,-0.00340199,-0.014293402171052641,-0.027905302154542035,-0.0006815021875632467,-0.00140189,-0.00148489,32.5,-0.61,-1.862,0.02225827814569538,0.7818745999336054,-0.7373580436422147,1.0,0.28228962901618715,0.22610166416243002,-0.13293511455004,0.5851384428749,0.04125,4.0
2026-09-14,GPC,GENUINE PARTS COMPANY,133.21,131.01,138.91,123.62,152.66,112.53,157.73,1.7499999999999976,2.0281543274243985,1.185686653771759,-3.569999999999993,-2.2707920792079177,4.127700657703477,-8.669284816119312,0.00293331,0.000553857095709572,-0.02989704104404223,0.031004755235461378,0.05541115,-0.0021246364119601423,-0.04920953024649238,0.044960257422572106,-0.0160417,-0.02724523460526307,-0.03813608253200609,-0.01635438667852005,-0.00402291,-0.01678029,25.0,-1.0,-0.273,0.04665231788079471,1.122735217547332,-1.0294305817857425,44.2,0.33618049862593113,0.08750556648840592,-0.21465012183644977,0.3896612548132616,0.04575,4.0
2026-09-14,MGM,MGM RESORTS INTERNATIONAL,39.83,38.77,41.63,36.0,43.49,35.3,50.1,1.0620155038759733,-1.0464480874316924,2.2671081677704197,-3.1300000000000026,-0.743135313531354,0.7919681964201349,-2.278238823482843,-0.026245,0.0026609196699669967,-0.026054109889048715,0.03137594922898271,-0.03203207,0.015638897176079733,-0.014624365083697174,0.04590215943585664,-0.00809109,-0.03228048115131587,-0.045366275956339616,-0.019194686346292122,-0.00220136,-0.00077741,17.5,-1.66,-2.345,-0.05883774834437087,0.8193686748612996,-0.9370441715500413,0.2,1.3399276475006472,0.192952829087605,-0.21952883453569896,0.605434492710909,0.04125,4.0
2026-09-14,MSCI,MSCI INC.,553.65,532.76,570.97,502.87,594.64,507.61,622.43,-1.3889908256880668,-1.2388387411563786,1.4939183318853178,-23.56000000000006,-24.72597359735977,-4.637668007222402,-44.814279187497135,-0.00515584,-0.0007665002970297035,-0.020572453715320464,0.019039453121261058,-0.03087987,-0.0001694386710963453,-0.01475336354863635,0.014414486206443658,-0.00275744,-0.005602693355263138,-0.01608279234225364,0.004877405631727365,0.0003724,0.0031025,39.1,-0.1,-0.432,0.0005860927152318285,0.7008683406572233,-0.6996961552267597,28.4,0.11264280002366256,0.05059662145735043,-0.306764443807241,0.4079576867219419,0.039,4.0
2026-09-14,NORW,GLBL X MSCI NORWAY ETF,37.4,37.3,38.69,35.44,40.56,32.76,42.43,4.482758620689683,1.6122448979591848,1.084051724137931,-1.3400000000000034,-1.5708250825082521,-0.555052623812111,-2.5865975412043936,0.00846891,0.0031271707920792068,-0.012803750243107148,0.01905809182726556,0.01385252,0.012967333887043195,-0.00909185611143931,0.0350265238855257,0.01839702,0.019159004276315828,0.007582896732146316,0.030735111820485342,-0.00027723,0.00774415,55.2,0.29,0.453,0.33134437086092694,1.4641027250513257,-0.8014139833294718,45.0,0.0033186755906819965,0.24636176682727884,-0.805323912772782,1.2980474464273397,0.026,3.0
2026-09-14,POWA,INVESCO BLOOMBERG PRICING POWER,88.63,85.65,89.36,83.83,93.29,82.9,98.04,-5.366666666666588,-1.0300429184549327,1.6422338568935475,-1.9200000000000017,-2.0149834983498343,-0.7411274670540999,-3.2888395296455686,-0.01560777,0.0004003161386138612,-0.007919532653146611,0.008720164930374334,0.00156159,0.0010495645182724289,-0.008021797772791555,0.010120926809336414,-0.00921019,0.0008606015131579072,-0.006744617858279977,0.008465820884595791,0.00110944,0.0006685,57.7,0.36,-1.713,0.018652317880794703,0.829883387807981,-0.7925787520463916,6.2,0.06592915633504792,0.17246016924762078,-0.10273683924969082,0.4476571777449324,0.0315,3.0
2026-09-14,SWKS,"SKYWORKS SOLUTIONS, INC.",79.26,73.3,92.96,68.31,105.13,51.53,94.97,3.971764705882352,2.3625570776255693,-1.7651177593889251,2.4200000000000017,0.1801320132013207,4.307824229061466,-3.9475602026588246,0.07960236,0.0006202765346534654,-0.03336729589787203,0.03460784896717896,0.05061171,0.00634119152823921,-0.03275901945563702,0.045441402512115446,-0.03692933,-0.06950450240131562,-0.08664934453550865,-0.052359660267122576,0.00641947,0.0100472,95.4,2.07,0.709,-0.11227483443708612,0.8420628691324059,-1.066612538006578,81.2,-0.16053132357165034,0.32197922257793643,-0.14255045692369456,0.7865089020795675,0.02775,3.0
2026-09-14,WFC,WELLS FARGO & COMPANY,88.71,86.97,92.94,84.32,94.97,77.44,104.18,2.772727272727294,1.4259681093394088,1.3726708074534177,-6.680000000000007,-7.707359735973597,-4.593260795473932,-10.821458676473263,0.01594345,0.001099052541254124,-0.017705151594776192,0.01990325667728444,0.01001507,0.012818096578073106,-0.00814016465017738,0.03377635780632359,0.04874332,0.04610125601973681,0.030973804176332307,0.061228707863141316,0.00234307,-0.00632412,69.4,0.59,-0.067,0.13388410596026504,1.0119803117696513,-0.7442120998491212,40.1,0.3229254741868075,0.12922606181340698,-0.11473450946848177,0.37318663309529576,0.026,3.0
2026-09-14,AMP,"AMERIPRISE FINANCIAL, INC.",558.54,540.8,568.6,524.11,610.03,482.62,643.92,-1.7647657841140365,1.4954981121115332,1.1246048472075876,-19.190000000000055,-20.552706270627066,-1.7548044590046352,-39.350608082249494,-0.00455972,-0.0017501051155115507,-0.02204314446345844,0.01854293423243534,0.03253926,-0.0006079966112956868,-0.021871729618384038,0.020655736395792663,0.00484345,0.0011298076973684222,-0.011479252632222072,0.013738868026958916,0.00052875,-0.0026627,66.7,0.75,-0.419,0.062278145695364225,0.9621634736350239,-0.8376071822442953,37.5,0.39277186289543065,0.13438020575075804,-0.14825648778369593,0.417016899285212,0.026,3.0
2026-09-14,APD,"AIR PRODUCTS AND CHEMICALS, INC.",287.13,285.35,304.03,265.82,331.92,259.33,341.46,2.799999999999991,2.10183012670108,1.9543165467625885,-18.920000000000016,-6.524125412541255,1.5929153947766013,-14.641166219859112,-0.0128755,0.0007013947854785489,-0.017016273720938065,0.01841906329189516,0.0282299,0.0025417178405315664,-0.024152694602220436,0.02923613028328357,-0.0148617,-0.0137407543092105,-0.027723016916882476,0.00024150829846147394,-0.00360667,-0.00407277,23.2,-1.09,-1.47,-0.0001490066225165524,0.8950555122150408,-0.895353525460074,7.3,0.41839501600891094,0.2706485591569684,-0.1643606240289835,0.7056577423429202,0.02625,3.0
2026-09-14,CORN,TEUCRIUM:CORN,20.02,19.47,20.92,18.68,22.21,16.62,22.62,1.4426229508196717,1.6343283582089563,-1.3076923076923064,-0.1999999999999993,-0.1926732673267327,0.2646060995621917,-0.6499526342156572,0.0203055,0.001283819504950495,-0.012177568894154243,0.014745207904055233,0.03940562,-0.0023200346511627877,-0.022588862993044606,0.017948793690719028,-0.00083004,-0.015406001250000006,-0.02829687377751141,-0.002515128722488604,-0.00185134,0.00277501,1.8,-3.2,1.971,0.047447019867549706,0.9670848740786875,-0.872190834343588,96.6,0.43929834365597764,0.45560656458573334,-0.010959116341688446,0.9221722455131551,0.04,3.0
2026-09-14,ECHO,ECHOSTAR CORPORATION,93.89,88.59,97.63,81.44,102.36,67.55,134.2,-1.1569620253164568,-1.469893742621016,1.530372057706909,-11.89,-24.197821782178224,-10.956623810828436,-37.439019753528015,0.02355312,0.024971626930693103,-0.05147562164185869,0.1014188755032449,-0.03457081,0.06834882993355479,-0.029116333584183293,0.16581399345129288,0.12231031,0.14653003236842155,0.08425630827658208,0.208803756460261,0.00576659,0.01375069,12.1,-1.64,0.236,0.16782450331125828,1.0885746988512655,-0.7529256922287489,65.3,0.7381985596764906,0.1852154750805408,-0.045265545604150886,0.4156964957652325,0.02525,3.0
2026-09-14,MTUM,ISHARES:MSCI USA MOM FCT,299.7,297.1,317.06,280.12,324.35,267.5,360.36,3.0709939148072953,1.2589376915219639,1.88385093167702,-25.77000000000004,-13.525511551155109,-2.564809306572304,-24.486213795737914,-0.00402689,0.0012792511881188119,-0.013391539323038004,0.01595004169927563,-0.01298981,0.011897354684385375,-0.012505548613977421,0.03630025798274817,0.03541433,0.017305243749999987,0.002433467240798603,0.03217702025920137,-0.00101968,-0.00598357,28.4,-0.78,-0.938,0.27286092715231763,1.0747471713919845,-0.5290253170873491,5.0,0.19372446649159292,0.14606471465301066,-0.1453582330662271,0.43748766237224845,0.02625,2.0
2026-09-14,NQ=F,NASDAQ 100 FUTURES,29457.5,28854.58,29776.16,28396.67,30037.33,27124.19,33026.67,-1.7332143863273457,-1.829553489815978,1.5296595823101071,-1353.25,-1195.791650165015,-503.8298543155994,-1887.7534460144307,0.000634,0.001888241122112212,-0.011853802588046889,0.015630284832271312,-0.01201277,0.011989055249169456,-0.0056190218406638685,0.029597132339002782,0.03015521,0.022618232236842117,0.015337337332123783,0.029899127141560452,0.00267296,-0.00264319,26.0,-1.23,-0.746,0.42341721854304626,1.418844526962428,-0.5720100898763354,7.7,,,,,0.0175,2.0
2026-09-14,SPX,S&P 500 INDEX,7619.98,7542.47,7764.68,7459.55,7898.72,7083.11,8331.4,1.3291232501842076,1.7374555881069735,1.3251252630990746,-195.3700000000008,-156.60620462046205,-26.09183073322879,-287.1205785076953,0.00153719,0.0026232264026402625,-0.007338054211605723,0.012584507016886248,0.0108725,0.01058405435215946,0.00045926457223313157,0.02070884413208579,0.00478039,0.007212444177631577,-2.865793781781003e-05,0.014453546293080963,3.318e-05,-0.00062405,35.3,-0.89,-0.958,0.4398112582781456,1.3185678667214602,-0.4389453501651689,4.2,,,,,0.0175,2.0
2026-09-14,SYF,SYNCHRONY FINANCIAL,75.88,73.96,79.5,69.64,83.57,65.97,96.35,-1.003597122302155,1.2323717948717956,2.065590312815339,-8.740000000000009,-7.399174917491749,-4.140161794546747,-10.658188040436752,-0.01382914,0.0005235959405940591,-0.024989501610055576,0.026036693491243695,-0.00206363,0.011331025813953472,-0.02274344140958066,0.0454054930374876,0.03797847,0.04958753144736845,0.03513891067158738,0.06403615222314953,-0.00068514,-0.00686959,49.4,0.2,-0.868,0.26587086092715206,1.29617696962488,-0.7644352477705758,18.8,0.009739159764245553,0.15790840596296646,-0.1304130660240569,0.4462298779499898,0.0175,2.0
2026-09-14,WDC,WESTERN DIGITAL ,426.94,433.0,503.56,373.07,498.34,366.54,791.88,7.257078142695368,1.3254130313718204,6.0420529801324525,-241.19,-108.12168316831684,4.58652678199654,-220.8298931186302,-0.02021107,0.0325305027062706,-0.017910673372289812,0.08297167878483101,-0.07325874,0.11286706039867092,0.0671482438567713,0.15858587694057052,0.28509784,0.17538635230263175,0.09727188077848793,0.2535008238267756,-0.00557915,-0.07512253,17.7,-1.43,-0.998,0.9160463576158945,1.950367698262787,-0.11827498303099804,2.2,0.08434548060755631,0.10265775201680855,-0.24399804303872152,0.4493135470723386,0.01875,2.0
2026-09-14,XLP,SEL SECTOR:C STP SPDR,84.42,81.47,84.79,79.14,89.46,79.07,93.22,-4.260869565217402,-1.0476190476190494,1.644859813084109,-3.539999999999992,-3.7877887788778866,-2.110438674559634,-5.465138883196139,-0.00865783,0.00043600363036303615,-0.009841738291993552,0.010713745552719625,3.452e-05,0.0036470361794019926,-0.008369240043140066,0.015663312401944053,0.0184066,0.01971829888157897,0.01311206149857648,0.026324536264581463,0.00158942,-0.00204666,42.3,-0.16,-0.514,-0.023321192052980045,0.9070383209328473,-0.9536807050388073,33.5,0.09475016757619104,0.3238476846006852,-0.13142498710888972,0.7791203563102601,0.017,2.0
2026-09-14,AIG,"AMERICAN INTERNATIONAL GROUP, INC.",76.29,72.56,77.25,71.31,80.3,69.0,86.17,-2.7538461538461694,-1.2418952618453905,1.355281207133057,-2.3699999999999903,-4.315445544554453,-1.3987319382678094,-7.232159150841095,-0.00287859,-0.001713635907590755,-0.02164408383690661,0.018216812021725103,0.00467465,-0.0044764680730897,-0.0175008537833821,0.008547917637202697,0.00672074,0.014288593322368388,0.0006859757391420342,0.02789121090559474,0.00151045,-0.00058951,34.7,-0.64,-0.182,-0.1845894039735098,0.7003671504832922,-1.069545958430312,50.2,1.0232784897629785,0.13755110126018086,-0.15027924937189127,0.42538145189225296,0.017,2.0
2026-09-14,AMAT,"APPLIED MATERIALS, INC.",424.21,429.54,483.56,381.68,489.02,392.44,687.3,6.061668681983084,1.523865506701153,8.281082782499217,-153.62000000000006,-58.24673267326731,3.2743858314436025,-119.76785117797823,-0.03617597,0.011775405841584147,-0.02805690882503834,0.05160772050820663,-0.05504049,0.0537171456478405,0.020091313937167503,0.08734297735851348,0.1740701,0.07871019565789482,0.03058645853881943,0.1268339327769702,-0.00824489,-0.02344437,30.4,-0.77,-1.272,0.4770364238410596,1.4069951743986655,-0.4529223267165463,3.0,0.11038834271276365,0.01406171384761242,-0.21538844457159087,0.24351187226681573,0.01875,2.0
2026-09-14,CINF,CINCINNATI FINANCIAL ,172.02,165.23,174.18,160.78,184.87,158.67,195.62,-1.8297213622291069,1.1432384341636996,1.7677902621722812,-10.849999999999994,-14.440726072607255,-9.779741595882946,-19.101710549331564,0.00366257,0.0022636029702970293,-0.010571862246604714,0.01509906818719877,0.01743098,0.008828412691029904,-0.0024356552421452918,0.0200924806242051,0.04247195,0.04943119828947362,0.04317154334208064,0.0556908532368666,0.00227959,-0.00269768,49.0,-0.48,-0.209,0.0878211920529801,0.8293902306581821,-0.6537478465522218,36.7,0.49671640716837495,0.11191572662856433,-0.1569776639303648,0.38080911718749344,0.017,2.0
2026-09-14,DE,DEERE & COMPANY,681.46,657.37,736.31,638.61,747.25,580.14,787.17,1.641983695652168,1.5353558926487731,1.0433280694828253,-78.26999999999998,-47.54623762376239,-16.538457724606847,-78.55401752291793,0.02927232,0.0037614379207920766,-0.018333786188985922,0.025856662030570077,0.03168934,0.015043579501661132,-0.016311882124789415,0.046399041128111676,0.08045053,0.04015052108552636,0.00894349345501717,0.07135754871603554,-0.01156211,0.00068512,53.6,0.5,0.966,0.07179801324503324,0.8575616507019519,-0.7139656242118855,83.1,-0.2311716336463403,0.10312210135911315,-0.2331063145880899,0.4393505173063162,0.01725,2.0
2026-09-14,DRI,"DARDEN RESTAURANTS, INC.",218.57,201.56,215.74,197.8,233.88,190.79,252.47,,-1.3566296538210305,1.2203023758099354,-14.200000000000017,-14.31801980198019,-7.123937840316854,-21.51210176364353,-0.01273957,-0.00046589749174917307,-0.020194860728761373,0.019263065745263028,0.01145471,-3.309126245847817e-05,-0.027593927092168687,0.02752774456725173,0.03880553,0.02702041878289463,0.017918032939391905,0.03612280462639735,0.00827094,-0.00044546,46.6,0.28,-0.376,-0.08269867549668866,0.7921301878423818,-0.957527538835759,33.5,0.16734422224612122,0.23813623232481448,-0.22878240253270613,0.7050548671823351,0.026,2.0
2026-09-14,KLAC,KLA ,169.09,168.76,194.47,146.53,198.86,156.37,266.68,4.036750483558983,1.3195921985815606,7.672169811320756,-62.94999999999999,-31.509537953795384,-6.946639012066861,-56.07243689552391,-0.01738452,0.009389946336633662,-0.026440852066151807,0.04522074473941913,-0.06484408,0.04972242498338872,0.018164540170256413,0.08128030979652102,0.18646415,0.11423151927631557,0.0769780848416006,0.15148495371103055,-0.00243789,-0.01906827,42.7,-0.58,-1.356,0.3927317880794706,1.242207481905635,-0.4567439057466939,1.4,0.198095099098325,0.07879166125362937,-0.1343088886029774,0.29189221111023617,0.01875,2.0
2026-09-14,LRCX,LAM RESEARCH ,273.49,286.65,328.22,244.7,331.96,249.57,443.29,,2.0309135116359824,7.098662207357855,-119.02999999999997,-46.336633663366364,-6.4378041660895065,-86.23546316064322,-0.02283988,0.01460808247524752,-0.022610183629205433,0.051826348579700476,-0.0513517,0.05709240136212627,0.019778827288317473,0.09440597543593507,0.18666328,0.10948058835526331,0.06371970070689457,0.15524147600363203,-0.00910373,-0.02147456,29.6,-0.65,-1.205,0.5650430463576158,1.4256186870521463,-0.2955325943369146,1.0,0.05622496449973946,0.050631610675307054,-0.1561978852907083,0.2574611066413224,0.01875,2.0
2026-09-14,MDT,MEDTRONIC PUBLIC LIMITED COMPANY,93.8,88.81,95.47,89.72,100.04,79.15,105.62,-2.412060301507525,1.5294117647058851,-1.2394247038917074,-2.0799999999999983,-2.996138613861385,0.024452191785691024,-6.0167294195084615,0.00098656,-3.332871287129038e-06,-0.01886868538397027,0.018862019641396013,0.04545832,0.0018538669767441862,-0.02729703503318926,0.03100476898667763,0.00376663,-0.0017679916118421093,-0.012675333030404478,0.009139349806720258,-0.0001287,0.00124771,94.2,1.99,0.357,-0.0357582781456955,1.0370294266910316,-1.1085459829824227,61.3,0.5405054341933435,0.16752599088609554,-0.13679369986174328,0.47184568163393437,0.0235,2.0
2026-09-14,TGT,TARGET ,158.7,151.38,166.12,148.03,177.84,130.97,190.16,-1.54022988505747,1.7938144329896941,1.1345113595384069,-6.900000000000006,0.30742574257425803,4.721736077763844,-4.1068845926153275,-0.00718534,0.007518940726072604,-0.012996011416226146,0.028033892868371352,0.04100242,0.01867715674418605,-0.005866425192257302,0.0432207386806294,-0.0124402,-0.04314532664473696,-0.05542645186055603,-0.030864201428917895,-0.00584304,-0.0063005,70.4,1.1,0.243,0.3505298013245033,1.209603889984268,-0.5085442873352615,37.1,-0.1765288328318949,0.23340902811788022,-0.1737270619282042,0.6405451181639646,0.017,1.0
2026-09-14,ABNB,"AIRBNB, INC.",170.65,159.3,179.91,150.18,207.12,143.62,217.6,-1.901689708141323,1.7816316560820713,1.7369589345172025,-25.389999999999986,-2.2919801980198,4.564769754172662,-9.148730150212263,-0.02931168,0.00472115702970297,-0.022283323080077914,0.031725637139483856,0.04309125,0.004253690232558138,-0.025141585294702163,0.03364896575981844,0.04289994,-0.028605137039473733,-0.0513388735425258,-0.005871400536421663,-0.00198376,-0.00736991,7.7,-1.87,-0.899,0.11738079470198674,1.048712184079169,-0.8139505946751957,12.1,-0.04874159063661032,0.288331877674703,-0.216204567275399,0.792868322624805,0.01125,1.0
2026-09-14,AMGN,AMGEN INC.,381.5,350.86,415.74,335.25,453.08,341.79,509.74,-1.3323017408123778,1.5476756756756753,3.2294132460337464,-80.44999999999999,-20.555313531353114,-6.788428781612858,-34.32219828109337,-0.04950845,0.006939713564356433,-0.013097928441914132,0.026977355570627,0.01398912,0.0108882015282392,-0.01158174398396414,0.03335814704044254,0.03628243,0.025467218421052665,0.017338309555822114,0.033596127286283216,-0.00567169,-0.00142075,89.9,1.69,-0.718,0.19643377483443705,1.045214687159812,-0.652347137490938,18.5,-0.41841443522773847,0.04716316097102358,-0.2617231266715045,0.35604944861355164,0.01375,1.0
2026-09-14,EL,THE ESTEE LAUDER COMPANIES INC.,98.22,93.74,106.44,87.7,115.75,73.71,127.09,-1.1128404669260696,1.6663498098859324,1.1778865769073847,-6.489999999999995,1.662508250825083,8.322740107887743,-4.997723606237576,-0.00078935,0.0029952546204620426,-0.03645255242748397,0.04244306166840806,0.03500945,0.0049590973754152475,-0.06020419361773058,0.07012238836856108,-0.01955585,-0.08050864822368395,-0.10954694603197912,-0.05147035041538878,-0.0169176,-0.00347923,65.5,0.55,0.669,0.19376490066225172,1.150588779219793,-0.7630589778952895,64.3,-0.4711622970814038,0.06756738745385284,-0.3443792477838617,0.47951402269156734,0.017,1.0
2026-09-14,EWO,ISHARES:MSCI AUSTRIA,43.3,43.57,45.68,41.85,46.71,40.56,50.61,5.11363636363639,2.351724137931044,2.667883211678838,-5.170000000000002,-2.993102310231024,-1.8008440547443607,-4.185360565717687,-0.00033353,0.005817210198019801,-0.009018301800220757,0.02065272219626036,0.00930342,0.01650184677740864,0.004780706988314816,0.02822298656650247,0.06596404,0.05444984983552647,0.04555703800359018,0.06334266166746276,-0.00326002,-0.00650734,42.1,-0.23,-0.643,0.5007218543046359,1.4049131811821598,-0.403469472572888,12.1,,,,,0.0075,1.0
2026-09-14,KHC,THE KRAFT HEINZ COMPANY,24.27,23.18,25.82,22.38,27.92,21.61,29.02,1.353448275862069,1.9312169312169318,1.7857142857142856,-1.4200000000000017,0.028448844884488535,0.8049850726955069,-0.7480873829265299,-0.01377298,-0.0023867648184818457,-0.019354516482534202,0.014580986845570512,0.03085768,-0.004580817009966775,-0.024859387955884903,0.015697753935951353,-0.02843096,-0.04609742990131584,-0.05845401524761413,-0.033740844555017545,-0.00080663,-0.00304901,8.5,-1.7,-0.684,-0.11434105960264908,0.5858030923103764,-0.8144852115156745,23.2,-0.1302401164940249,0.10639049199377112,-0.24995444479589543,0.46273542878343765,0.01125,1.0
2026-09-14,MRNA,"MODERNA, INC.",146.69,123.81,165.15,110.55,240.16,67.91,236.47,-2.7269076305220894,2.5863309352517985,1.1396293475501396,-27.50999999999999,-2.028811881188118,13.665422789383037,-17.723046551759275,-0.00192519,0.03518162887788777,-0.05567793123479424,0.12604118899056976,0.2828584,0.07422548418604655,-0.016185206858174248,0.16463617523026736,0.05225869,-0.10650434700657914,-0.17665203418753114,-0.036356659825627136,-0.04730523,-0.03422676,50.4,0.41,0.463,0.22359602649006627,1.1172769299413265,-0.670084876961194,57.7,-0.8819593486134618,0.07474570892265252,-0.3419551363383504,0.49144655418365546,0.017,1.0
2026-09-14,SHY,ISHARES:1-3 TRS BD ETF,81.34,79.66,83.27,77.96,84.72,79.86,83.44,1.0393258426966254,-1.0000000000000042,1.4189189189189113,-2.1199999999999903,-1.5046204620462067,-1.2023742828727553,-1.8068666412196581,-0.00280016,-0.0002820493729372936,-0.0019432175962686626,0.0013791188503940754,-0.00410612,0.0003275583056478408,-0.006189051911818609,0.006844168523114291,-0.00227647,0.0049357225328947275,0.002350192659813287,0.0075212524059761685,-0.00035065,0.00353258,66.7,0.68,-2.224,-0.7551192052980125,-0.25489349641324643,-1.2553449141827784,0.2,0.976511872652531,1.24310449173286,-0.3151768368510919,2.8013858203168116,0.3075,0.0
2026-09-14,SNDK,SANDISK CORPORATION,1551.99,1593.14,1899.53,1262.88,1934.72,1072.57,4057.24,7.935694822888274,1.3238213828646541,5.225585081974051,-1690.36,-814.6857755775577,-11.512471315778953,-1617.8590798393366,0.00092344,0.055311416105610585,-0.030989862386688834,0.14161269459791,-0.07935716,0.17156551797342204,0.060388942177389424,0.28274209376945464,0.60058405,0.5672775981250008,0.3809825501272376,0.753572646122764,-0.01329798,-0.02602034,19.6,-1.22,-0.255,0.8267781456953642,1.8668492014965952,-0.2132929101058667,14.5,-0.10678264672229676,-0.07441305561715639,-0.2601524022270859,0.11132629099277311,0.00375,0.0
2026-09-14,SYK,STRYKER ,281.87,246.12,289.46,240.31,327.77,266.78,367.8,-6.514981273408269,1.1044273339749753,5.694499668654727,-34.55000000000001,-16.937227722772274,-5.617253541360094,-28.257201904184456,-0.07163079,-0.005273699372937294,-0.025572984050120817,0.015025585304246232,-0.02299221,-0.009408380897009953,-0.03071190337618154,0.011895141582161633,-0.02142533,-0.000859867697368404,-0.014150743433215535,0.012431008038478726,0.00365878,0.0023458,60.1,0.83,-1.617,-0.247453642384106,0.5598373668506929,-1.0547446516189047,8.1,-0.22873000335548344,0.12814719935420235,-0.18535343406883412,0.44164783277723885,0.38625,0.0
2026-09-14,AON,AON PLC,311.54,282.05,323.01,271.71,344.69,287.89,378.92,-3.7008244994110946,-1.2015082956259446,2.8490486257928076,-43.19,-15.235742574257428,-5.041241880398566,-25.43024326811629,-0.05812616,-0.0011112548184818482,-0.017506833194079384,0.01528432355711569,-0.02907882,-0.00717876644518271,-0.02434286572874386,0.009985332838378439,-0.00279979,0.001906766085526314,-0.0014139836112255168,0.0052275157822781445,-0.00142673,-0.00291622,79.6,1.31,-1.128,-0.11078476821192058,0.5303820849455239,-0.7519516213693651,6.5,-0.33826629218576354,0.12993498497110545,-0.18042906773108536,0.44029903767329626,-0.23375,-0.0
2026-09-14,CASY,"CASEY'S GENERAL STORES, INC.",621.61,557.76,694.81,518.29,757.65,615.89,952.44,-2.5543293718166358,1.3166860240030962,57.83741258741232,-202.60000000000002,-94.88349834983494,-48.18519094075064,-141.58180575891924,-0.10739192,0.006169174488448852,-0.018460465031177216,0.030798814008074923,-0.07043024,0.024530777541528225,0.0008987671654610493,0.0481627879175954,0.0563548,0.09278685335526313,0.07987243623777027,0.10570127047275599,-0.00382886,0.00202338,90.7,1.84,-1.922,0.352798013245033,1.3555421197442752,-0.6499460932542092,1.0,-0.41404168644854467,0.07927970485978997,-0.3257188046057126,0.48427821432529256,0.22225,0.0
2026-09-14,COO,"THE COOPER COMPANIES, INC.",54.22,49.89,65.28,42.17,71.74,50.53,81.9,-1.0740740740740735,1.4539419087136929,7.501355013550142,-12.269999999999996,-0.1918481848184795,2.91701511387904,-3.300711483515999,-0.11836154,-0.0008610432343234324,-0.029593770753378563,0.0278716842847317,-0.06931371,-0.0025816852491694227,-0.042796810863010036,0.03763344036467119,-0.0836469,-0.04117861144736854,-0.05506675210484047,-0.02729047078989661,-0.0106812,0.02364911,97.4,2.37,-2.148,-0.08923841059602648,0.9539700265361595,-1.1324468477282124,8.1,-0.4711773389527988,0.2877867327334871,-0.1961484829994667,0.7717219484664408,0.32125,0.0
2026-09-14,EXPE,"EXPEDIA GROUP, INC.",287.86,246.71,290.58,243.22,342.26,250.83,385.62,-11.627976190476149,1.2186379928315403,2.6400216041047795,-54.0,-24.753993399339933,-8.498466201997715,-41.00952059668215,-0.06049986,0.012624852013201326,-0.024151178667711277,0.04940088269411393,0.0391272,0.028090912724252508,-0.008324760235918618,0.06450658568442363,0.05111731,0.038797241151315845,0.02317168262277294,0.05442279967985875,0.00431949,-0.0070111,76.0,1.25,-1.048,0.3705231788079469,1.2480096550981825,-0.5069632974822889,10.9,-0.1596967463494875,0.17565746346123975,-0.23903855294709667,0.5903534798695762,0.39225,0.0
2026-09-14,HWM,HOWMET AEROSPACE INC.,227.13,206.82,241.4,200.6,255.91,215.71,340.48,-2.153923541247485,1.084809649453449,9.925569176882675,-69.29000000000002,-44.86099009900989,-33.69783495401203,-56.02414524400775,-0.07824677,0.005239750000000004,-0.021393193128265254,0.03187269312826526,-0.04050223,0.03161264089701001,0.01058238772225752,0.05264289407176251,0.10051665,0.13680031848684196,0.1215831369098915,0.15201750006379242,0.00165434,-0.02125206,85.9,1.57,-1.584,0.2580596026490068,1.0768196669824779,-0.5607004616844644,1.0,-0.3461378837348619,0.21988702089576115,-0.09266334206317275,0.5324373838546951,0.22225,0.0
2026-09-14,LITE,LUMENTUM HOLDINGS INC.,835.03,878.05,1088.25,735.62,1079.93,683.01,1531.42,,2.463534855648327,4.580910406525458,-556.95,-250.01306930693076,-41.548246009404835,-458.47789260445666,0.01826991,0.032371012508250856,-0.017789118932545638,0.08253114394904734,-0.03012316,0.0999813711960136,0.026140218021517114,0.17382252437051007,0.32625675,0.23579328914473655,0.1336717826893083,0.3379147956001648,-0.0124415,-0.00800408,22.4,-1.32,-0.404,0.7254470198675499,1.6136647220963172,-0.1627706823612174,10.1,-0.15996209312512566,-0.024655458205989217,-0.21536374697394087,0.16605283056196243,0.00375,0.0
2026-09-14,SD,"SANDRIDGE ENERGY, INC.",14.47,14.05,15.4,13.52,16.03,12.05,16.87,2.781249999999994,1.6421052631578934,-1.008333333333333,-0.6099999999999994,-0.3675577557755778,0.4523295582779696,-1.1874450698291252,0.00918572,0.003959885907590759,-0.020114537053030755,0.028034308868212274,0.0041013,0.015512162425249212,-0.02062076509505298,0.051645089945551406,0.00610808,-0.027308182927631347,-0.06016245650102511,0.005546090645762419,3.093e-05,0.01199578,8.1,-1.95,0.503,0.1654205298013244,1.0735942578080198,-0.742753198205371,71.6,1.5957124019419244,0.24452040504379638,-0.14723851722821138,0.6362793273158042,-0.01625,-1.0
2026-09-14,DHR,DANAHER ,203.25,194.31,209.14,182.66,222.72,172.04,238.45,-3.23367697594502,-1.0575243965074477,1.1278436398590188,-4.52000000000001,-3.696534653465348,2.9427660211764093,-10.335835328107105,-0.02098687,0.001473774488448845,-0.020634227887072407,0.023581776863970096,-0.00743504,-0.0022149579401993316,-0.03493964428265192,0.03050972840225326,-0.0399657,-0.029591594638157876,-0.04627692578678745,-0.012906263489528298,-0.00807056,6.957e-05,41.1,-0.47,0.011,-0.031076158940397385,0.8858195992512569,-0.9479719171320516,41.3,-0.0169724257446624,0.05503996348255221,-0.24894834851868566,0.35902827548379007,-0.0105,-1.0
2026-09-14,GPN,GLOBAL PAYMENTS INC.,90.19,84.62,92.61,83.77,102.83,72.27,106.07,-3.4135802469135714,1.9688473520249217,-1.1284634760705294,1.2399999999999949,2.25914191419142,5.741929855486738,-1.2236460271038987,-0.00798001,0.0015152990429042874,-0.025526416921835385,0.028557015007643963,0.07219745,0.005288239534883727,-0.02231336983667609,0.032889848906443545,-0.05933933,-0.08121107016447365,-0.09981217818608037,-0.06260996214286693,-0.00206479,-0.00212023,2.2,-2.21,-0.441,0.03709271523178808,0.8572096289536486,-0.7830241984900725,35.9,0.3691134253070416,0.16731701441646704,-0.21518305344264774,0.5498170822755818,-0.00675,-1.0
2026-09-14,BEN,"FRANKLIN RESOURCES, INC.",33.47,32.66,35.62,31.85,36.5,29.83,40.6,1.348484848484849,1.870370370370374,1.9587912087912092,-3.1300000000000026,-0.6781188118811887,0.5297491961850249,-1.8859868199474024,-0.01259537,0.005033107887788776,-0.016827190717811816,0.026893406493389366,0.0219746,0.018076585083056478,-0.010581617107130483,0.04673478727324344,0.0267672,-0.01162177148026316,-0.02783191839499321,0.00458837543446689,-0.00503287,-0.00714444,29.6,-0.73,-0.237,0.3121589403973509,1.3441351955821874,-0.7198173147874857,31.2,0.6472347468334654,0.14235301441147089,-0.19094294920166063,0.4756489780246024,-0.0205,-2.0
2026-09-14,BKNG,BOOKING HOLDINGS INC.,175.35,159.58,184.0,154.21,210.51,157.47,237.65,-2.593272171253827,1.663197729422896,3.484340044742731,-24.789999999999992,-12.275379537953807,-3.110765411293956,-21.43999366461366,-0.06153883,-0.002388345016501651,-0.029325391804064935,0.024548701771061634,0.00720645,-0.003066134950166107,-0.0325873477450241,0.026455077844691886,-0.01277829,0.004904911250000033,-0.024474743344117797,0.03428456584411786,0.00212054,-0.00892916,36.1,-0.43,-1.806,-0.12816225165562933,0.7655884457623433,-1.0219129490736019,5.0,-0.0557366938237297,0.13198053238732851,-0.1790226001773559,0.4429836649520129,-0.015,-2.0
2026-09-14,CCL,CARNIVAL CORP,22.56,21.61,23.12,19.73,24.59,19.5,32.46,-3.3529411764705808,-1.3940886699507373,3.2352941176470607,-3.120000000000001,-2.9455445544554455,-1.3791014528529666,-4.511987656057924,-0.04927529,-0.0020216103300330023,-0.038875986762682536,0.034832766102616534,-0.06118666,0.008296619102990104,-0.03945124404297945,0.056044482248959665,0.01574313,0.03148481207236837,0.017273507015095384,0.045696117129641355,0.00261521,-0.01723296,8.3,-1.88,-2.766,-0.08258940397350986,0.9061140073192646,-1.0712928152662844,0.2,0.6456398605650024,0.08664002746393538,-0.17318435188065784,0.34646440680852864,-0.0175,-2.0
2026-09-14,CSGP,"COSTAR GROUP, INC.",31.52,27.67,31.29,26.89,33.23,23.08,37.18,-10.138888888888902,-2.7076023391812902,-1.491166077738516,2.1400000000000006,-2.110495049504951,2.078357875456985,-6.299347974466887,-0.02451702,-0.01922773313531353,-0.0517079134906368,0.013252447220009737,-0.03983887,-0.05202403910299003,-0.10152423561635898,-0.0025238425896210795,-0.11913011,-0.05792269055921059,-0.11106761181804922,-0.004777769300371965,0.00683288,0.01263988,1.0,-3.21,-0.234,-0.5279668874172184,0.38020407880186446,-1.4361378536363012,72.8,0.20693702627778143,0.2255528541599903,-0.1759583565759805,0.6270640648959611,-0.02325,-2.0
2026-09-14,DBA,INVESCO DB MS AGRI,28.96,28.44,29.95,28.13,30.73,26.04,32.32,1.7454545454545447,2.1325301204819223,1.1506849315068484,-1.2399999999999984,-1.3600660066006602,-0.8734592985253056,-1.846672714676015,0.00707117,0.001487732013201321,-0.007155049069146784,0.010130513095549425,0.02612635,0.0001413557475083065,-0.01644759711961223,0.016730308614628847,0.01827028,0.02787399328947368,0.020645437176470112,0.03510254940247725,-0.00096138,0.00242066,49.4,0.01,1.1,0.09737417218543044,1.0738775054425518,-0.8791291610716908,80.8,0.11924211319763467,1.1486964405696583,-0.5896334295862533,2.88702631072557,-0.016,-2.0
2026-09-14,EPOL,ISHARES:MSCI POLAND,45.14,44.44,47.08,43.22,48.63,41.37,50.7,1.6603773584905606,1.8177083333333328,1.474801061007957,-3.8200000000000003,-2.818052805280528,-1.8409999466320828,-3.7951056639289726,0.00549225,0.0054161700660066,-0.009132468931491167,0.019964809063504365,0.02381372,0.011389561162790714,-0.0040412307278311944,0.026820353053412623,0.06381687,0.047489006809210504,0.040035152983979715,0.054942860634441294,-0.00290778,-0.00121636,39.7,-0.3,0.236,0.3631490066225166,1.097361293391268,-0.3710632801462347,40.7,0.63246511660217,0.661000238445599,0.17347703987444762,1.1485234370167503,-0.0205,-2.0
2026-09-14,TNX,10 Y TSY YLD NDX,4.96,4.78,5.03,4.78,5.19,4.5,5.18,-1.0,1.2777777777777821,-2.090909090909093,-0.040000000000000036,-0.033828382838283794,0.05398838674225566,-0.12164515241882325,0.01799745,0.0018403649834983495,-0.007390178215056756,0.011070908182053455,0.02419371,0.004247239833887037,-0.007630165062722759,0.016124644730496834,0.02013332,-0.010743166480263168,-0.023138568185050105,0.0016522352245237678,0.00152286,-0.0016408,41.5,-0.41,1.293,0.06238410596026483,0.8061119333328424,-0.6813437214123128,95.0,,,,,-0.035,-3.0
2026-09-14,TPL,TEXAS PACIFIC LAND ,365.27,359.49,393.87,328.14,426.46,294.99,506.44,4.11459968602826,1.6479935362240776,2.0086795674445086,-47.56999999999999,-74.57465346534659,-38.13102490409267,-111.0182820266005,0.00764202,-0.0004654156105610564,-0.04261675349807379,0.04168592227695168,-0.00536304,-0.003739417109634544,-0.06823425114002928,0.06075541692076018,0.06928119,0.10952798233552642,0.08273986350121956,0.13631610116983328,-0.00291241,0.00410269,6.3,-2.23,0.159,-0.04478807947019866,0.9393636024435068,-1.0289397613839042,60.5,0.28767869928255996,0.042568988265979095,-0.23718288028457246,0.32232085681653067,-0.034,-3.0
2026-09-14,FRT,FEDERAL REALTY INVESTMENT TRUST,114.53,111.69,119.22,103.62,126.94,103.39,132.0,1.2478134110787151,1.1374885426214483,1.568222621184919,-2.3599999999999994,-0.44676567656765825,1.988095124465412,-2.8816264776007285,-0.00743487,0.0015268732673267332,-0.010926735977095457,0.013980482511748923,-0.01320574,0.009324704883720931,-0.007591807657816056,0.026241217425257916,-0.02606322,-0.023876977960526336,-0.03196888856478109,-0.01578506735627158,9.456e-05,-0.00270007,7.7,-1.99,-1.375,0.17669867549668894,1.0196489003969311,-0.6662515494035532,5.4,1.0507913761424605,0.20198717017521925,-0.09739610852772576,0.5013704488781643,-0.0325,-3.0
2026-09-14,GEOS,GEOSPACE TECHNOLOGIES ,5.07,4.99,5.43,4.48,5.64,3.53,8.96,2.071428571428563,-1.0350877192982464,2.5259740259740258,-0.3099999999999996,-3.100132013201318,-0.1247367783279989,-6.075527248074637,-0.01590302,-0.012733341452145207,-0.1159558150500354,0.09048913214574499,-0.06065715,-0.0117838288039867,-0.15311432882360976,0.12954667121563634,-0.04281636,0.04591062684210514,-0.01508139099205972,0.10690264467627,-0.00091048,0.00954094,12.1,-1.76,-0.605,-0.09064900662251647,0.9392026725262441,-1.1205006857712771,39.9,0.8475240970159938,0.1357722980297593,-0.36283979572070424,0.6343843917802229,-0.034,-3.0
2026-09-14,PFF,ISHARES:PREF AND INC SEC,29.94,29.49,30.78,28.48,31.57,28.59,31.72,1.303571428571424,1.1164383561643823,1.3185185185185153,-0.4800000000000004,-0.13508250825082474,0.17595278998075176,-0.44611780648240124,-0.00577095,-0.0011702226072607264,-0.006785800594124631,0.0044453553796031785,-0.0085141,-0.0017563923255813961,-0.008535070654498416,0.005022286003335623,-0.02078306,-0.014005992401315802,-0.01708373839235935,-0.010928246410272251,-0.00051949,0.00126572,49.8,0.12,-1.449,-0.08909271523178804,0.8332672209322042,-1.0114526513957802,9.3,-0.22490511813727154,0.5290672076423771,-0.4690047855578503,1.5271392008426046,-0.03525,-4.0
2026-09-14,ES=F,E-MINI S&P 500 FUTURES,7696.25,7527.7,7745.41,7517.07,7890.81,7164.48,8303.07,-2.6583471074380154,1.0858354727090083,1.1411324444778743,-111.59000000000015,-141.55914191419112,-15.595752189569566,-267.52253163881267,-0.00041293,0.001676158778877887,-0.008169501374610429,0.011521818932366201,0.00872401,0.009219769036544855,-0.00027027525636250105,0.01870981332945221,0.00220002,0.0038008846381578825,-0.003063735210311022,0.010665504486626787,0.00131899,-0.00061251,31.5,-0.96,-0.677,0.43090397350993365,1.3184160289523303,-0.456608081932463,10.9,,,,,-0.036,-4.0
2026-09-14,NXPI,NXP SEMICONDUCTORS NV,224.23,217.11,238.36,196.44,248.23,180.83,280.73,2.141984732824433,-1.1579166666666663,1.3018433179723516,-3.7700000000000102,-8.91749174917492,4.2090853927414,-22.04406889109124,0.00678708,-0.0011925313201320115,-0.03944784166437175,0.03706277902410772,-0.06282216,0.007476550730897018,-0.03932630633940109,0.05427940780119512,-0.03077786,-0.020715657236842093,-0.029867447625438432,-0.011563866848245754,0.00081762,-0.00187933,43.5,-0.44,-0.529,-0.1277847682119205,0.8514032454738876,-1.1069727818977286,41.1,0.36867271590937567,0.1362189028247047,-0.2362613672016963,0.5086991728511057,-0.049,-5.0
2026-09-14,ORCL,ORACLE ,144.79,149.37,176.98,123.96,174.73,109.37,209.91,9.543859649122831,1.4373499759961594,1.8385093167701871,-25.180000000000007,-32.90656765676569,-10.115031233108958,-55.69810408042242,0.0175565,-0.0038745609240924106,-0.05667003662283204,0.04892091477464722,-0.05916607,0.00504082850498334,-0.08411809462641548,0.09419975163638217,0.03059489,0.07033308506578968,0.0415005955188434,0.09916557461273597,-0.0076523,0.00134804,35.5,-0.82,-0.296,-0.23380794701986765,0.9526689770002822,-1.4202848710400175,47.0,0.012914765241807347,0.010684983215731192,-0.3319752946405971,0.3533452610720595,-0.049,-5.0
2026-09-14,SMCI,"SUPER MICRO COMPUTER, INC.",36.74,36.92,42.53,33.94,45.84,23.42,53.77,5.709302325581395,3.2499999999999956,1.2785285285285286,-2.280000000000001,-2.6447524752475218,3.172515481299068,-8.462020431794112,0.0079011,-0.0045262447524752406,-0.07508995430678658,0.06603746480183609,0.05804465,-0.004345458305647815,-0.07841668984118723,0.06972577322989161,-0.04869168,-0.06045240174342117,-0.156010990788204,0.03510618730136166,-0.00625715,0.01526578,9.3,-1.81,-0.432,-0.031102649006622515,0.9467093532143113,-1.0089146512275562,31.5,0.07466243989830201,0.011142956953912556,-0.36788833690329936,0.39017425081112445,-0.049,-5.0
2026-09-14,TKO,"TKO GROUP HOLDINGS, INC.",193.72,179.74,198.7,173.01,212.27,169.51,227.49,-1.8338762214983655,-1.11644204851752,1.3948781495249896,-16.439999999999998,-30.851848184818472,-21.956941210440593,-39.746755159196354,-0.00638249,0.0011748920792079205,-0.018976604859507803,0.021326389017923646,0.00385322,0.01245112116279068,-0.002333810843390724,0.027236053168972083,0.06534207,0.09571411000000019,0.07658864515123004,0.11483957484877033,0.00378408,0.00340549,68.7,1.06,-0.376,-0.008877483443708664,0.8197394654915328,-0.83749443237895,40.7,-0.13996234864507007,0.20570956914315197,-0.164924016175807,0.5763431544621109,-0.04875,-5.0
2026-09-14,TXN,TEXAS INSTRUMENTS INC.,263.42,248.37,272.35,239.69,285.07,215.62,336.79,-1.366795366795375,-1.0960739030023114,1.5349372384937237,-15.229999999999961,-16.449504950495047,-1.2352351994110329,-31.66377470157906,-0.00398439,0.0035175374257425734,-0.03642641310194791,0.04346148795343306,-0.01165286,0.026010452857142864,-0.021412079535959225,0.07343298525024496,0.02486102,0.01532910207236844,-0.003530874311551845,0.03418907845628873,0.00453334,-0.00464677,36.3,-0.58,-0.707,0.032248344370860924,1.1622465691279005,-1.0977498803861785,31.5,0.24806670420440513,0.13057743029993307,-0.2596666809645936,0.5208215415644597,-0.049,-5.0
2026-09-14,VLTO,VERALTO ,96.3,91.25,96.74,88.93,105.52,82.37,111.71,-5.659090909090851,1.251017639077342,1.1062455132806894,-1.7600000000000051,-7.366732673267325,-2.1750802849602104,-12.558385061574441,-0.01209263,-0.001957635148514853,-0.020100165952884334,0.01618489565585463,0.02901759,-0.008626619867109662,-0.03467760618107644,0.017424366446857117,-0.01568085,0.027031874342105352,-0.017305988866551724,0.07136973755076242,0.00285497,0.00086215,33.3,-0.6,-0.283,-0.09910927152317896,0.7246301185174157,-0.9228486615637735,47.4,0.3075763238416156,0.2265547093679801,-0.1837368063750211,0.6368462251109813,-0.045,-5.0
2026-09-14,APA,APA ,45.03,42.47,46.81,41.95,51.99,33.32,56.68,1.1036036036036023,2.259740259740261,-1.0051502145922748,-3.9399999999999977,-1.1046864686468645,1.8641708411401674,-4.073543778433896,0.00693567,0.011867564950495051,-0.018998048612981985,0.042733178513972084,0.06925093,0.03698224621262456,0.002114282356250899,0.07185021006899822,0.06467738,-0.03408575447368443,-0.09715617953944292,0.028984670592074067,0.00033255,0.024889,7.1,-1.98,1.132,0.4232847682119206,1.3476834243383156,-0.5011138879144744,83.1,0.4659455247839288,0.037787234713587026,-0.15923874941420696,0.234813218841381,-0.0575,-5.0
2026-09-14,CB,CHUBB LTD,341.85,330.09,347.74,316.13,378.48,314.26,384.15,-1.6118143459915761,1.4241835147744928,1.5331641899238821,-13.889999999999986,-16.820528052805276,-10.033890052338773,-23.60716605327178,0.00302404,0.00274259415841584,-0.010805814799309123,0.016291003116140804,0.03402467,0.011032815249169433,-0.008201730202324009,0.030267360700662875,0.02040668,0.02464030125000004,0.02166737274258455,0.027613229757415533,0.00036143,0.00082218,43.8,-0.11,-0.164,0.1257781456953642,0.9215304154814075,-0.6699741240906791,36.7,0.15562821654876835,0.13905502281982285,-0.14972219699199213,0.4278322426316378,-0.049,-5.0
2026-09-14,COR,"CENCORA, INC.",326.23,311.78,338.18,306.46,360.81,281.06,381.83,-1.2790492957746553,1.7491148204349982,1.2309054682311256,-22.529999999999973,-28.630660066006595,-14.937487688447565,-42.32383244356562,0.0032107,-0.0023952236633663364,-0.027825462857425064,0.023035015530692392,0.04873506,-0.001465361495016618,-0.043011110030967,0.040080387040933765,0.03019898,0.044703748486842096,0.027414058237866912,0.06199343873581728,0.00013824,0.00064696,2.6,-2.88,0.631,0.19716556291390736,1.2417134737089843,-0.8473823478811697,64.9,0.12687651928466104,0.12442306552548982,-0.2832752544941668,0.5321213855451464,-0.049,-5.0
2026-09-14,FICO,FAIR ISAAC ,1001.5,817.0,1039.81,797.39,1142.81,758.33,1366.69,-2.9152364273204956,-1.4444129927110614,1.501788871982564,-72.53999999999996,-183.86749174917475,-53.623787803345124,-314.11119569500437,-0.0711049,-0.01399653821782178,-0.05750850608890297,0.02951542965325941,-0.03937617,-0.014515394318936904,-0.07973805273342664,0.05070726409555283,-0.06979648,0.025911937960526214,-0.02717493054238607,0.0789988064634385,-0.00153525,0.00374449,51.4,0.09,-0.398,-0.21990066225165558,0.7283076096887998,-1.168108934192111,40.3,-0.20116899211747918,0.0411246742092493,-0.2537482890439827,0.33599763746248135,-0.05275,-5.0
2026-09-14,SJM,THE J. M. SMUCKER COMPANY,121.3,116.66,130.76,116.1,134.82,105.81,153.69,1.6967370441458733,2.599999999999998,2.0910264686894777,-14.11,-2.681716171617163,2.348816006855099,-7.712248350089425,0.00574864,0.003700465742574257,-0.018231399244209724,0.025632330729358235,0.03675719,0.0033490094684385545,-0.027583584376003882,0.03428160331288099,0.02272716,-0.01887569786184218,-0.04221335203025378,0.004461956306569419,-0.00268019,-0.00619565,36.3,-0.54,-0.047,0.06254966887417214,1.1563685159792505,-1.031269178230906,42.7,-0.23055676338606912,0.07333930614667636,-0.33658203369851525,0.4832606459918679,-0.06175,-6.0
2026-09-14,VTR,"VENTAS, INC.",89.1,87.55,92.57,82.87,100.83,83.57,104.58,1.9942528735632237,1.8828250401284146,2.7992766726943943,-10.700000000000003,-9.268613861386138,-5.817933144483183,-12.719294578289093,-0.00691564,0.003433735478547859,-0.013520826132268187,0.020388297089363905,0.02409167,0.01086088870431891,-0.0008534463314014695,0.02257522374003929,0.05863573,0.0728107308881577,0.060214019104236044,0.08540744267207936,-0.00206974,-0.00240954,10.1,-2.0,-0.771,0.3850695364238413,1.3555943517044868,-0.5854552788568044,12.1,0.3130298166752101,0.24023618456996398,-0.16402899189857217,0.6445013610385002,-0.0575,-6.0
2026-09-14,XLU,SEL SECTOR:UTIL SPDR,41.82,41.56,44.07,39.98,45.11,39.47,47.14,3.592592592592594,1.7880434782608658,2.2638297872340414,-2.6499999999999986,-2.784290429042901,-1.8008589410730436,-3.767721917012759,-0.00911185,-0.00017480323432343277,-0.011642276899054511,0.011292670430407645,-0.00391055,0.004878617176079742,-0.006400656483672363,0.016157890835831846,0.00708565,0.0324516962828947,0.021680592613629982,0.04322279995215943,0.00105239,-0.00558948,68.3,0.72,-1.5,0.024857615894039647,0.9677080951170403,-0.9179928633289609,2.2,0.23028081853450422,0.4206384813856225,-0.182837939490532,1.024114902261777,-0.0525,-6.0
2026-09-14,AMD,"ADVANCED MICRO DEVICES, INC.",493.41,478.2,554.81,438.0,552.53,381.75,728.73,3.295454545454538,1.0669554232088057,2.1074691026329924,-115.46999999999997,-55.439537953795345,-1.17577677500082,-109.70329913258988,0.02205744,0.019845119009900977,-0.036192419009143814,0.07588265702894577,-0.02369193,0.0730990667109635,-0.0029007797516751033,0.1490989131736021,0.16634537,0.0891020371052633,0.04173135768982793,0.13647271652069864,-0.0012972,-0.00443185,41.9,-0.68,-0.287,0.4204801324503311,1.4060426417498986,-0.5650823768492363,30.0,-0.07172094245100724,-0.07861299879440309,-0.35130225025021844,0.19407625266141226,-0.06175,-6.0
2026-09-14,LEN,LENNAR ,79.99,74.95,82.56,70.59,86.86,68.16,94.48,-3.0168539325842625,-1.368267831149925,1.224852071005918,1.019999999999996,-3.2206930693069347,3.4726920596806257,-9.914078198294495,-0.03473938,-0.004714596831683168,-0.03241428257533793,0.0229850889119716,-0.03489397,-0.011326604219269091,-0.046771184671729416,0.02411797623319123,-0.09216108,-0.033011469144736835,-0.0719063613146673,0.005883423025193631,-0.00124046,0.00270865,11.5,-1.86,-0.983,-0.22963576158940413,0.7017662786581603,-1.1610378018369687,22.0,0.4688499232031349,0.09585175882353174,-0.15477928395575857,0.3464828016028221,-0.06,-6.0
2026-09-14,MRVL,"MARVELL TECHNOLOGY, INC.",218.82,207.79,256.02,183.03,256.83,153.18,361.95,2.304227304227303,1.0620284995808884,2.1805301645338213,-69.79000000000002,-24.42036303630363,4.954786317131877,-53.79551238973914,-0.01849649,0.01771456788778878,-0.04146555395653418,0.07689468973211175,-0.07780366,0.06332897847176078,-0.017740936905646626,0.14439889384916818,0.16649058,0.07009954930921063,0.011800892402073111,0.12839820621634815,-0.01392223,-0.00603539,41.9,-0.42,-0.072,0.34533112582781467,1.3578914687856825,-0.6672292171300531,36.7,-0.17344013679190617,-0.15912653964794748,-0.33248068393912444,0.014227604643229474,-0.06175,-6.0
2026-09-14,PG,THE PROCTER & GAMBLE COMPANY,146.13,138.76,149.09,135.85,154.21,130.68,161.67,-1.951367781155016,-1.2722772277227705,1.0058252427184469,-4.590000000000003,-5.195676567656761,-1.5379183082239276,-8.853434827089595,0.00210223,-0.0014758966336633655,-0.014673470901369027,0.011721677634042296,-0.00856331,-0.0025461163455149545,-0.01355795468478946,0.008465721993759551,0.00237723,0.0008152938486842128,-0.0039842177739570555,0.005614805471325482,0.00383238,-0.00167562,64.5,0.77,0.179,-0.20400993377483456,0.6537091285842898,-1.0617289961339589,74.8,0.177268584044328,0.17201520574449009,-0.09372524845039254,0.4377556599393727,-0.06475,-7.0
2026-09-14,PM,PHILIP MORRIS INTERNATIONAL INC.,194.86,179.25,195.77,174.3,211.88,165.54,225.65,-3.41666666666669,-1.2079905992949485,1.0501364256480208,-9.849999999999994,-18.717161716171617,-12.298753184735627,-25.135570247607607,-0.0025606,-0.0007215734323432316,-0.023473940102534258,0.022030793237847797,0.01267107,0.0033167045182724334,-0.02673541002835518,0.033368819064900045,0.04323431,0.06018599026315785,0.053797534252563464,0.06657444627375224,0.00235456,-0.00419602,52.2,0.07,0.285,0.0028245033112582404,0.8138839877949889,-0.8082349811724724,60.5,0.1732911959538983,0.05734255904064294,-0.20517020971732897,0.31985532779861486,-0.069,-7.0
2026-09-14,V,VISA INC.,375.28,357.11,382.27,356.82,399.78,329.38,432.58,-1.9800221975582553,1.3271939328277371,1.2483660130718963,-20.02000000000004,-20.777524752475237,-12.074347696208392,-29.480701808742083,0.0050686,0.0003649448184818483,-0.01421820494934822,0.014948094586311918,0.03062114,0.001922968737541531,-0.018998467354569268,0.02284440482965233,0.02557845,0.021741430559210472,0.00970877003706284,0.03377409108135811,0.0008359,-0.00414114,58.7,0.52,0.484,-0.045947019867549704,0.7067319191387491,-0.7986259588738485,69.6,0.019614070653524607,0.10981710484077117,-0.16854796658206378,0.3881821762636061,-0.06475,-7.0
2026-09-14,FIX,"COMFORT SYSTEMS USA, INC.",1582.8,1528.85,1720.62,1389.87,1777.38,1372.15,2377.81,1.8306274681878059,1.0085523246773447,3.774080227866131,-471.66999999999985,-355.998712871287,-183.71566366340835,-528.2817620791657,-0.01301355,0.01350014561056107,-0.02144999699172616,0.0484502882128483,-0.04489394,0.05249135126245832,0.007448336647060162,0.09753436587785647,0.18921599,0.18103062496710545,0.16152464647897152,0.20053660345523938,0.00041748,-0.0056499,48.8,0.01,-0.693,0.5050132450331124,1.2176549869453308,-0.2076284968791059,5.0,-0.015493412044231047,0.15398926369634916,-0.026353406696468518,0.33433193408916684,-0.06125,-7.0
2026-09-14,KEY,KEYCORP,21.93,21.01,22.33,20.52,23.4,19.35,25.72,-2.100000000000007,1.0425531914893609,1.4689922480620161,-1.2199999999999989,-1.4016831683168325,-0.6768368918893019,-2.1265294447443632,-0.00605883,0.0032848024752475235,-0.01765046138426138,0.02422006633475643,0.00198502,0.01669899053156148,-0.007464449548332291,0.04086243061145525,0.01626395,0.03201725983552632,0.023518036363051737,0.04051648330800091,0.00481191,-0.00350583,72.4,0.97,-1.072,0.3061986754966886,1.398050143495426,-0.7856527925020489,8.5,0.24538351505606815,0.2236194503162641,-0.02946547202816671,0.4767043726606949,-0.0675,-7.0
2026-09-14,DBC,INVESCO DB CM IDX,33.15,32.35,34.21,31.36,36.56,27.58,36.45,2.2833333333333354,1.9050279329608968,-1.6878787878787858,-0.7899999999999991,-0.9513201320132011,0.031123557199648988,-1.933763821226051,0.02300096,0.005977305775577556,-0.010227037331187364,0.022181648882342475,0.04580914,0.023334164318936878,-0.004165956172596172,0.05083428481046993,0.03645858,0.009157595986842113,-0.010332885305945602,0.028648077279629827,-0.00055853,0.01184079,22.0,-1.13,1.901,0.2935761589403974,1.3362580570724085,-0.7491057391916138,92.3,0.4943519900760516,1.1969707308072584,-0.45433304382366435,2.848274505438181,-0.096,-8.0
2026-09-14,EWG,ISHARES:MSCI GERMANY,42.71,41.35,44.6,40.63,45.59,39.78,48.19,-1.0562499999999977,1.384615384615387,1.870307167235494,-2.8800000000000026,-2.0417491749174927,-1.0961508448750181,-2.9873475049599674,-0.01065908,-0.0002593683828382846,-0.013677782061371083,0.013159045295694513,0.00574809,-0.00451531142857143,-0.019292566613569952,0.01026194375642709,0.00689683,0.020412570822368404,0.009142975696437463,0.03168216594829935,-0.00226828,-0.00061943,52.0,-0.18,-1.084,0.06091390728476825,0.9285168940993209,-0.8066890795297845,12.9,0.4332849671263892,0.1422036667899745,-0.13446546236326237,0.41887279594321136,-0.0725,-8.0
2026-09-14,NTRS,NORTHERN TRUST ,181.71,181.67,190.28,175.5,201.17,167.13,223.25,4.849162011173117,3.1336553945249523,2.8491083676268834,-25.519999999999982,-14.143663366336636,-8.599056526160282,-19.68827020651299,-0.00442994,0.006642400528052803,-0.012876868216113401,0.026161669272219006,0.03294657,0.028786783986710914,0.0034768556835252824,0.05409671228989654,0.07650672,0.055935871315789414,0.04253149691347477,0.06934024571810406,-0.00399452,-0.00406423,87.9,1.53,-0.854,0.42130794701986773,1.1567449978162927,-0.31412910377655723,3.0,0.19897014868886997,0.12346354264295371,-0.19495223099096792,0.4418793162768754,-0.09,-9.0
2026-09-14,CEG,CONSTELLATION ENERGY,264.57,284.1,309.22,255.37,319.23,218.69,358.9,,5.941304347826097,2.0560156931124673,-36.75,-47.841980198019826,-20.652293410765168,-75.03166698527448,0.00314674,-0.0023788115181518146,-0.03315179553370243,0.0283941724973988,0.02088541,-0.003264502325581394,-0.04533426711610036,0.03880526246493758,0.00874671,0.07289876825657879,0.0198024233312322,0.12599511318192538,-0.01556529,-0.01076572,99.8,2.61,-0.565,-0.029192052980132388,0.7761950103609049,-0.8345791163211697,25.6,0.021493487664033806,0.11381192782072334,-0.13735891383722182,0.36498276947866853,-0.07725,-9.0
2026-09-14,META,"META PLATFORMS, INC.",665.6,630.2,695.1,568.14,743.54,480.27,724.91,1.7545064377682351,-1.2504490633820902,-3.1247681672567897,29.49000000000001,-72.2535313531353,-27.254988178723757,-117.25207452754685,0.05999563,-0.0030536748844884496,-0.031589985486392635,0.025482635717415734,0.00697499,-0.0051216133554817245,-0.03462925337696776,0.024386026666004316,-0.0057381,0.04336276141447363,0.002911692619170611,0.08381383020977665,0.00317531,0.00756788,45.4,-0.48,1.104,-0.16692384105960262,0.578223055756744,-0.9120707378759492,97.0,0.01775272407116657,0.101678285012893,-0.36721227094726544,0.5705688409730514,-0.092,-9.0
2026-09-14,ASC,ARDMORE SHIPPING ,18.75,17.33,19.23,16.55,20.9,13.94,22.27,-2.3269230769230806,-1.0232558139534886,-1.366477272727273,0.07000000000000028,-0.4753135313531347,0.2991564758783035,-1.2497835385845728,-0.00574169,0.009861379537953806,-0.0210650165819788,0.04078777565788641,0.01512416,0.023408746744186016,-0.008165161264499485,0.05498265475287152,-0.01392551,-0.01685800756578951,-0.02917973988478139,-0.0045362752467976285,-0.00173025,0.00094269,10.1,-1.61,0.648,0.36576490066225165,1.5582866407956772,-0.826756839471174,58.5,0.22838140318856248,0.5363418883064873,-0.23811409171925846,1.3107978683322332,-0.1015,-10.0
2026-09-14,BA,THE BOEING COMPANY,210.27,200.39,215.87,189.19,231.9,178.73,256.93,-2.038709677419369,1.026091081593927,1.4793912492073547,-4.799999999999983,-1.883564356435641,7.9011787935695255,-11.668307506440808,-0.01061877,0.0006068641584158405,-0.024326263932375886,0.02553999224920757,-0.00447029,0.004455408637873752,-0.022587889755914775,0.03149870703166228,-0.02081841,-0.03414079651315782,-0.043819272813444846,-0.024462320212870797,0.00478644,-0.00313091,23.6,-0.94,-1.584,-0.038384105960264904,1.0216507543762243,-1.0984189662967543,8.1,0.378367192536853,0.04688307646612786,-0.2355220301818762,0.32928818311413194,-0.11375,-10.0
2026-09-14,EWI,ISHARES:MSCI ITALY,60.91,59.56,62.82,57.65,64.86,58.24,68.22,1.042424242424247,1.211656441717793,2.7378277153558117,-4.52000000000001,-3.1279867986798697,-1.9937950306297896,-4.26217856672995,-0.01142173,0.0030839512541254127,-0.009097803254288116,0.015265705762538943,-0.00043835,0.010654754086378745,-0.00398338330835829,0.02529289148111578,0.03047444,0.031970871546052666,0.02549068493646863,0.0384510581556367,-0.00159301,-0.00224055,59.7,0.31,-1.165,0.3098907284768212,1.0039461452663474,-0.3841646883127051,5.4,0.633847418971738,0.28167274775084256,-0.04627709704347577,0.6096225925451608,-0.09,-10.0
2026-09-14,IBKR,"INTERACTIVE BROKERS GROUP, INC.",90.75,86.16,95.66,83.35,98.26,78.63,119.8,-1.244444444444447,1.0148648648648648,2.396864686468646,-18.480000000000004,-11.839504950495058,-7.957501718674811,-15.721508182315306,-0.0047346,0.007726057722772279,-0.015940109981507015,0.03139222542705158,6.25e-06,0.030158738671096412,-0.001211201983175883,0.06152867932536871,0.1123166,0.10460482651315799,0.09462931067047367,0.1145803423558423,-0.00289766,-0.00863575,60.7,0.74,-0.134,0.344569536423841,1.1250248384990624,-0.4358857656513805,29.6,-0.15273599273600424,0.06435992197838723,-0.13593375642615424,0.2646536003829287,-0.08625,-10.0
2026-09-14,INDA,ISHARES:MSCI INDIA,48.43,47.26,49.68,45.66,51.33,44.19,53.26,-1.3921568627450955,1.0469314079422365,1.1391509433962255,0.1700000000000017,-0.9999339933993399,0.4538461883409237,-2.4537141751396034,-0.00952447,-0.0021441701320132024,-0.014240483146551807,0.009952142882525404,-0.00552036,-0.0026577976744186003,-0.017435007163593714,0.012119411814756514,-0.03983771,-0.006363009539473689,-0.02928906135713273,0.016563042278185357,-0.00107762,-0.00622049,78.4,1.15,-0.885,-0.26687417218543036,0.5920361496325064,-1.1257844940033672,18.8,0.18134826079748967,0.24375378429783534,-0.08327384412789357,0.5707814127235642,-0.09225,-10.0
2026-09-14,NI,NISOURCE INC.,41.07,40.24,43.06,37.86,44.15,37.39,48.5,2.3250000000000077,-1.042207792207793,2.019021739130435,-3.030000000000001,-4.452145214521458,-3.313193527341386,-5.59109690170153,-0.00019201,-0.002216526303630363,-0.016833563994563205,0.012400511387302481,-0.03174525,0.0030992182392026607,-0.017866543175142774,0.024064979653548098,0.03038146,0.059178233125000264,0.04715436355045541,0.07120210269954512,0.00330943,-0.00401911,11.3,-1.5,-0.876,0.030397350993377502,0.895380346462902,-0.834585644476147,18.1,1.0109256221436835,0.40600829242153336,-0.059892273667921936,0.8719088585109886,-0.107,-11.0
2026-09-14,RL,RALPH LAUREN ,341.43,319.97,352.29,303.5,369.92,308.0,445.2,-3.617469879518077,-1.3313443313443312,3.10409811546515,-45.25,-44.47567656765676,-30.19531149493272,-58.7560416403808,-0.0347097,0.0013141665676567659,-0.02101412466058739,0.023642457795900924,-0.03885544,0.01350509232558139,-0.016046042144292574,0.04305622679545535,0.05580398,0.07559248621710514,0.05509215702695999,0.09609281540725029,-0.00071272,-0.01301843,20.4,-1.37,-1.905,0.14757284768211906,0.9580184408342058,-0.6628727454699677,2.6,0.31574609755855043,0.18204933489154523,-0.21170914152653664,0.5758078113096271,-0.09875,-11.0
2026-09-14,ADBE,ADOBE INC.,265.6,231.88,271.46,232.34,304.24,205.55,311.56,-4.8905325443787095,1.1617558628983753,-1.3065709312445613,7.220000000000027,3.620660066006602,19.0734437013076,-11.832123569294396,-0.021691,-0.007855164752475257,-0.03854157290163958,0.022831243396689068,0.07055106,-0.022523952425249225,-0.05180732828812837,0.0067594234376299155,-0.11250564,-0.0782583835855263,-0.10290893326511587,-0.05360783390593672,0.0005472,0.01436343,42.9,0.02,0.021,-0.3328907284768216,0.5933155073812213,-1.2590969643348644,60.9,-0.15282485357440723,0.2126144858373606,-0.10932529630972043,0.5345542679844416,-0.10525,-11.0
2026-09-14,BLK,"BLACKROCK, INC.",1065.6,1035.38,1107.72,987.29,1190.74,966.38,1294.11,-1.2022269034005355,1.5980079172519497,2.303063898407581,-90.29000000000019,-62.88531353135311,-25.220826835040178,-100.54980022766605,-0.02551928,0.0008348945874587467,-0.018664623782420314,0.02033441295733781,0.01172028,0.004532999667774081,-0.015171543979070102,0.024237543314618266,-0.00593664,0.017615952828947363,0.0031563408286610743,0.032075564829233655,-0.00140251,-0.0073495,41.5,-0.41,-1.602,0.08843046357615889,0.9876343677389345,-0.8107734405866167,4.2,0.30545412980854825,0.06595052215666895,-0.17009885644406575,0.3019999007574036,-0.09875,-11.0
2026-09-14,BNY,THE BANK OF NEW YORK MELLON ,157.66,158.18,168.46,151.74,176.61,149.87,189.61,7.107142857142841,3.2010135135135234,4.1014120667522524,-28.420000000000016,-15.66475247524752,-10.948275946192734,-20.381229004302305,-0.00350194,0.008620673828382833,-0.004269659518492518,0.021511007175258185,0.02704883,0.028552565315614627,0.01698975667149212,0.04011537395973713,0.09821763,0.08906384875000001,0.08050632549560204,0.09762137200439798,-0.00720922,-0.01157559,71.6,1.0,-0.659,0.6893211920529797,1.4927847985248723,-0.11414241441891304,3.4,0.35723651960907543,0.3327007314740356,0.013300093210186048,0.6521013697378852,-0.1125,-11.0
2026-09-14,CMI,CUMMINS INC.,541.1,529.01,568.7,486.08,574.18,478.43,747.38,1.0004705882352938,-1.6632406287787231,3.291527046433699,-92.38999999999999,-62.1640924092409,-26.674517402062975,-97.65366741641883,-0.03331914,0.0059461998019801985,-0.020150827786914634,0.03204322739087503,-0.0636545,0.026958904784053214,-0.005932802206596168,0.05985061177470259,0.07041875,0.07098848680921065,0.05451654132257018,0.08746043229585111,-0.00212286,-0.01774322,39.1,-0.62,-2.169,0.4446258278145692,1.4783960374071103,-0.589144381777972,1.8,0.2541446932389173,0.08147613978275084,-0.19851206360670356,0.3614643431722052,-0.09875,-11.0
2026-09-14,GNRC,GENERAC HOLDINGS INC.,176.98,171.56,197.65,155.28,196.44,147.97,262.73,1.9203640500568873,-1.1151079136690638,2.9558772836952794,-35.55000000000001,-26.451023102310227,-8.777009909849408,-44.12503629477105,-0.03599878,0.004621103432343232,-0.04441314924398439,0.05365535610867085,-0.08290808,0.028667523122923543,-0.02557788713649663,0.08291293338234372,0.03699648,0.047966389177631644,0.029743086971036767,0.06618969138422652,-0.00479616,-0.0082418,26.8,-0.92,-1.761,0.09964569536423849,1.2164402705751904,-1.0171488798467136,5.4,0.05570661791527587,0.0174338162980698,-0.3222791181289176,0.35714675072505714,-0.09875,-11.0
2026-09-14,HUBB,HUBBELL INC.,442.38,438.02,475.71,405.13,487.51,398.2,564.28,2.4539007092198646,1.2115436241610738,2.759167043911271,-49.120000000000005,-36.90009900990099,-17.35830485316254,-56.441893166639446,-0.01663224,0.0015236552145214527,-0.020650161939112132,0.023697472368155035,-0.02326837,0.011526307176079722,-0.01070158950332596,0.0337542038554854,0.01339628,0.024776525263157902,0.014985321171747992,0.03456772935456781,-0.00202171,-0.01698074,33.5,-0.9,-1.829,0.09300993377483428,0.9434738465957294,-0.7574539790460609,1.8,0.07630944767374936,0.17131520975710365,-0.0906370008097199,0.4332674203239272,-0.09875,-11.0
2026-09-14,IP,INTERNATIONAL PAPER COMPANY,34.25,32.41,36.52,30.68,39.53,30.47,46.86,-1.7500000000000013,1.4789915966386558,3.335978835978835,-5.170000000000002,-3.563201320132017,-1.0219709806814707,-6.104431659582564,-0.06248376,-0.00851935702970297,-0.042691843146093644,0.02565312908668771,-0.01022554,-0.01414546102990034,-0.05515549467135235,0.02686457261155167,-0.01273936,0.006418506052631561,-0.009614480124579647,0.022451492229842766,-0.00648519,-0.01076483,36.7,-0.67,-1.863,-0.09853311258278143,0.8683195358339321,-1.065385760999495,5.4,0.08183959648693095,0.049062648550629175,-0.35010441817452576,0.44822971527578415,-0.09875,-11.0
2026-09-14,IR,INGERSOLL RAND INC.,72.13,69.67,75.93,65.73,80.31,65.31,93.67,-1.2955465587044495,1.2781250000000028,3.158357771261001,-6.189999999999998,-3.70623762376238,-0.22199204478746326,-7.190483202737298,-0.03706423,-0.0032296876237623774,-0.02964909894377467,0.023189723696249918,-0.00990741,-0.0015447217607973424,-0.03379701123581611,0.03070756771422143,-0.02196756,-0.007306031743421061,-0.02280657833303552,0.008194514846193397,-0.002447,-0.01848912,30.2,-1.06,-2.424,-0.10592715231788084,0.8727071941284079,-1.0845614987641696,2.2,0.5205303382095943,0.048223406271362526,-0.22071323508755442,0.31716004763027944,-0.09875,-11.0
2026-09-14,PLD,"PROLOGIS, INC.",135.19,130.44,140.66,124.44,147.6,121.23,155.75,-1.2576419213973744,1.1544186046511624,1.472779369627508,-5.409999999999997,-1.2772277227722735,3.0132927350468033,-5.56774818059135,-0.01411776,0.004807770660066012,-0.009680817354042527,0.01929635867417455,-0.00039074,0.01029150016611295,-0.0012729873996088874,0.021855987731834788,-0.01974962,-0.024620321118421086,-0.042777685685926825,-0.0064629565509153435,-0.00220284,-0.00560864,36.1,-0.72,-1.05,0.19665562913907317,0.9051518424930887,-0.5118405842149423,5.4,0.9041301237597665,0.20612701354659235,-0.09033071523985242,0.5025847423330372,-0.11375,-12.0
2026-09-14,QQQ,INVESCO QQQ TRUST 1,709.18,701.79,729.66,673.81,745.43,634.91,821.52,1.6255545696539555,1.0248798416737346,1.5125892015618696,-45.09000000000003,-34.1648184818482,-15.489600036268495,-52.8400369274279,0.00029942,0.002650579042904289,-0.010994856339575232,0.01629601442538381,-0.00666447,0.013601626179401999,-0.0034067528373561487,0.030610005196160146,0.03113599,0.026068668684210577,0.019188104653329888,0.032949232715091266,-0.00088351,-0.0022559,27.2,-1.21,-0.921,0.4345066225165565,1.421575126143841,-0.552561881110728,3.4,0.49932903833067277,0.24954035296659616,-0.10005675759453447,0.5991374635277268,-0.11375,-12.0
2026-09-14,RVTY,"REVVITY, INC.",128.49,118.55,131.34,116.99,140.86,101.69,147.78,-4.60000000000004,1.0756521739130425,-1.3893208916537076,-3.1299999999999955,-4.148910891089108,0.6544054096983825,-8.952227191876599,0.00540231,0.0040139910231023115,-0.024703338865303563,0.03273132091150819,0.04160657,0.010113730664451816,-0.02263685733689518,0.04286431866579881,-0.00059442,-0.01670849273026323,-0.04061202304042567,0.007195037579899206,-0.00195933,0.00260933,97.2,1.98,0.872,0.1646324503311259,0.9680627417871999,-0.6387978411249482,77.2,0.10113823395642818,0.11336895236871226,-0.18199166755611695,0.40872957229354145,-0.11725,-12.0
2026-09-14,XLRE,SEL SECTOR:RL EST SPDR,43.12,42.32,44.18,40.81,46.42,40.61,47.28,-1.1494252873563158,1.4285714285714335,1.6573705179282896,-1.3300000000000054,-1.0996699669967,-0.34858385056682806,-1.850756083426572,-0.01614474,-2.7480198019801553e-05,-0.010113673838498738,0.010058713442459134,0.00404459,0.0065675066777408616,-0.00471737781650746,0.017852391171989182,-0.01660311,-0.0009858725657894726,-0.007221503386047873,0.005249758254468927,-0.0010748,-0.00311496,21.4,-1.51,-1.679,-0.012324503311258218,0.7491174104520092,-0.7737664170745256,3.4,0.02755632293095056,0.5369119426288669,-0.32586297122793995,1.3996868564856737,-0.11375,-12.0
2026-09-14,ADSK,"AUTODESK, INC.",228.93,187.71,222.8,194.78,254.25,189.79,288.34,-74.884615384618,-1.3487361769352297,1.5178845171180364,-12.48999999999998,-15.04019801980197,-2.1292481534782617,-27.95114788612568,-0.04770226,-0.004677867260726071,-0.03609565499877952,0.026739920477327376,0.04527571,-0.0063750225249169625,-0.04152423219201833,0.028774187142184406,-0.05062976,-0.008738830427631567,-0.038604860439270736,0.021127199584007605,0.01037317,0.00011424,96.2,2.06,-0.595,-0.20724503311258266,0.66115729542594,-1.0756473616511053,41.1,-0.2691828984860237,0.13865040286962063,-0.1747422089681013,0.45204301470734254,-0.11775,-12.0
2026-09-14,ALGN,"ALIGN TECHNOLOGY, INC.",153.0,145.23,155.61,137.9,165.37,129.7,192.68,-3.581730769230742,-1.2206952303961187,1.703004291845493,-3.569999999999993,2.297260726072608,12.461348823014353,-7.866827370869137,-0.01793104,-0.004540782937293729,-0.04571435809279343,0.03663279221820597,-0.01653706,-0.006454494418604636,-0.05340654419049186,0.04049755535328259,-0.04509831,-0.08571117595394745,-0.1281132589949196,-0.043309092912975286,0.00658488,-0.009187,25.4,-1.11,-1.754,0.031678807947019896,0.843362169783168,-0.7800045538891281,1.4,0.0777384967458481,0.21982335488551016,-0.3289307374553213,0.7685774472263417,-0.11375,-12.0
2026-09-14,APO,"APOLLO GLOBAL MANAGEMENT, INC.",128.31,126.3,134.13,115.24,146.21,107.83,163.24,1.2816091954022997,1.3695485845447586,1.70556640625,-9.379999999999995,-7.216237623762372,-0.9431187107343089,-13.489356536790435,-0.01156238,-0.0019334374587458734,-0.031363626149194024,0.027496751231702275,0.00012162,-0.003439126245847177,-0.03523835761568241,0.02836010512398806,-0.00351942,0.00149502694078946,-0.02074296190777645,0.02373301578935537,-0.00230151,-0.01111592,2.2,-2.51,-1.228,-0.0023079470198675528,0.9493308324797898,-0.953946726519525,9.3,0.2896104364513967,0.10788010906281911,-0.10280685336800935,0.3185670714936476,-0.11375,-12.0
2026-09-14,DIA,SPDR DOW JONES INDUS AVG,524.49,511.34,537.07,491.05,574.78,488.8,578.24,-1.1891891891891846,1.5038875598086114,1.5060240963855422,-15.17999999999995,-10.290198019801986,-2.928776208325206,-17.651619831278765,-0.00366413,0.0026788734653465317,-0.00540739356022462,0.010765140490917684,0.02370696,0.00925336431893688,-0.0035083275718299275,0.02201505620970369,-0.00421317,-0.0001618189144736777,-0.005955875678388445,0.0056322378494410895,0.0005196,-0.00122825,39.9,-0.5,-0.857,0.3230463576158943,1.078945824799428,-0.43285310956763945,9.3,0.33120629650200306,0.19995945380592064,-0.04994768757559065,0.44986659518743194,-0.11375,-12.0
2026-09-14,DOV,DOVER ,189.15,181.99,196.48,168.97,201.39,168.27,227.82,-1.6222222222222253,-1.6486928104575196,1.8520114942528734,-12.849999999999994,-7.704092409240926,-1.668833117387007,-13.739351701094844,-0.02335527,0.0009096659405940574,-0.01847486974078664,0.020294201621974754,-0.04627132,0.0030797468770764128,-0.02011044339402079,0.026269937148173616,-0.0095896,0.0016553274671052627,-0.004633209777335081,0.007943864711545607,-0.00229978,-0.00814658,41.1,-0.34,-1.645,-0.00018543046357625322,0.9878471520487417,-0.9882180129758942,6.5,0.419105743027012,0.1427751512409164,-0.20896370723700486,0.49451400971883763,-0.11375,-12.0
2026-09-14,PEG,PUBLIC SERVICE ENTERPRISE GROUP INC.,70.92,70.61,74.61,67.32,76.78,67.1,81.91,3.8571428571428354,1.6277777777777738,2.8769633507853336,-5.359999999999999,-7.029306930693067,-4.95748465759399,-9.101129203792144,-0.01105702,-0.0033012906600660068,-0.01544495816715796,0.008842376847025945,-0.01777944,-0.000124917375415286,-0.013293513574792986,0.013043678823962413,0.00958769,0.04632558187499988,0.033776195753052005,0.05887496799694776,0.00314009,-0.00776412,81.9,1.18,-1.574,-0.2194304635761589,0.579881009315851,-1.0187419364681687,3.8,0.4158990031184131,0.3440705154897122,0.03343559527722917,0.6547054357021952,-0.1185,-13.0
2026-09-14,SRE,SEMPRA,82.99,80.99,87.77,76.75,90.87,71.01,98.73,2.079601990049764,1.2628205128205154,1.3138564273789668,-4.0,-4.301650165016503,-1.9129072671354588,-6.690393062897547,-0.00991879,0.0009884618151815173,-0.013875359843303911,0.015852283473666948,-0.01321424,0.011604028471760803,-0.005156628847557847,0.028364685791079453,-0.01166749,0.012282560690789479,0.0008739542146388255,0.023691167166940134,0.00239853,-0.00140817,60.1,0.81,-0.508,0.08742715231788055,0.9726988805920671,-0.797844575956306,28.4,-0.03836920387339615,0.27138499950054495,-0.08663517661639258,0.6294051756174825,-0.12975,-13.0
2026-09-14,TEL,TE CONNECTIVITY LTD,203.37,199.92,213.83,190.66,220.59,179.13,249.67,2.721068249258153,1.3548387096774184,1.9100660066006587,-17.909999999999997,-20.172277227722773,-10.48868813187639,-29.855866323569156,0.00499642,0.001559521155115513,-0.02382538223481511,0.026944424545046135,-0.00663632,0.020215471893687734,-0.01851239975150213,0.0589433435388776,0.02839449,0.035771389868421224,0.024058515040414598,0.04748426469642785,0.0019113,-0.00137147,51.4,0.2,-0.634,0.2544933774834436,1.1231453852444493,-0.614158630277562,18.5,-0.12672467257789555,0.20918156779332264,-0.2040388717058202,0.6224020072924654,-0.12975,-13.0
2026-09-14,WBD,"WARNER BROS. DISCOVERY, INC.",28.1,27.41,28.89,25.65,31.45,23.59,37.27,-1.0277777777777821,1.3673469387755077,2.0332594235033254,-4.990000000000002,-3.0764686468646887,-1.0487041440240321,-5.104233149705346,-0.00377727,0.016021436138613877,-0.027214107928710915,0.05925698020593867,0.01718253,0.05120389196013281,-0.007076945472808793,0.10948472939307441,0.13280933,0.08024943467105276,0.029770766790069673,0.13072810255203585,-0.00124428,-0.00155986,27.6,-1.33,0.025,0.3360761589403974,1.3421408802264716,-0.6699885623456769,48.6,1.8081990337397094,0.79960448404186,-0.25436410417073574,1.8535730722544557,-0.1455,-13.0
2026-09-14,WMT,WALMART INC.,109.08,100.92,110.39,98.76,112.93,95.53,127.62,-3.5030674846625827,-2.680519480519473,1.3682656826568274,-9.129999999999995,-12.278778877887792,-8.424630322538025,-16.13292743323756,0.00267742,0.0014934309570957096,-0.016608678895515202,0.01959554080970662,-0.03591033,0.011171261926910295,-0.014531722081425237,0.036874245935245825,0.03975595,0.06479588026315777,0.05512450836149386,0.0744672521648217,0.01487216,-0.0013814,55.0,0.53,-0.535,0.09246688741721872,0.8594093676612748,-0.6744755928268373,25.4,-0.40178552046899374,0.24062638235947156,-0.2764958788132158,0.7577486435321589,-0.12975,-13.0
2026-09-14,WTW,WILLIS TOWERS WATSON,323.71,300.71,330.71,290.76,371.26,281.68,402.29,-4.9733606557377055,1.4430955993930206,1.869616940280754,-28.870000000000005,-24.461683168316828,-12.710027988069067,-36.21333834856459,-0.02405147,-0.0003791800660066005,-0.022870836919087346,0.022112476787074148,0.04361223,-0.005122387873754151,-0.03605710593821443,0.025812330190706126,0.02215706,0.029727404934210572,0.010610347989559385,0.04884446187886176,-0.00178779,-0.00134904,45.2,0.12,-0.337,0.09528145695364236,0.9384645082896668,-0.7479015943823821,37.9,-0.07893306452409898,0.16087868936263072,-0.20323980242588036,0.5249971811511418,-0.123,-13.0
2026-09-14,APP,APPLOVIN CORP,334.24,298.93,330.01,258.82,360.49,237.88,579.02,-11.700729927007261,-2.8731428571428577,2.5402656704026563,-60.589999999999975,-230.34369636963697,-139.64443391690025,-321.0429588223737,0.01825121,-0.006342706831683169,-0.06348324323121271,0.05079782956784638,-0.09880948,-0.0002911962790697727,-0.08403444049743088,0.08345204793929133,0.17218882,0.2781568150328935,0.2243451559385961,0.33196847412719094,0.01103438,0.02225088,13.7,-1.72,0.568,0.04134768211920526,1.1198690497840098,-1.037173685545599,73.6,0.5723126233102531,0.04722516498398912,-0.20716621215420725,0.30161654212218547,-0.12075,-13.0
2026-09-14,BSX,BOSTON SCIENTIFIC ,45.05,41.33,46.11,38.82,50.43,36.63,58.63,-8.083333333333258,-1.157992565055761,1.6128266033254173,-1.5,-7.209867986798674,-1.6001304751674743,-12.819605498429873,-0.04190965,-0.015431804983498347,-0.04176334957198937,0.010899739604992678,-0.02410759,-0.03394652036544855,-0.0634799274811316,-0.004413113249765503,-0.06019936,0.01141774516447353,-0.03899955247143027,0.061835042800377334,0.00193398,0.00468249,90.3,1.66,-1.09,-0.4476920529801331,0.4487824453275638,-1.34416655128783,29.2,-0.07660825270993388,0.18959408144117687,-0.2464557018326413,0.625643864714995,-0.12575,-13.0
2026-09-14,CAT,CATERPILLAR INC.,784.0,786.84,844.6,694.2,884.95,715.43,1078.1,4.03011583011582,1.1241648106904243,4.289047688493506,-159.26999999999998,-96.41669966996704,-32.22651122153465,-160.60688811839944,-0.01050958,0.012537314257425753,-0.013776333643052382,0.03885096215790389,-0.0377854,0.047001025880398624,0.016766903901664482,0.07723514785913277,0.11321388,0.08392146075657897,0.05410774070275916,0.11373518081039878,-0.00557862,-0.0115576,29.6,-0.6,-0.971,0.5853940397351,1.5800295447008352,-0.4092414652306352,6.9,0.11528091023091092,0.07879729707533692,-0.19660261059796455,0.35419720474863836,-0.12125,-13.0
2026-09-14,JCI,JOHNSON CONTROLS INTERNATIONAL PLC,137.76,139.19,151.0,130.25,153.55,129.13,174.65,6.610169491525501,2.1025299600532676,4.274623406720745,-23.22,-15.21973597359735,-9.87324427903792,-20.56622766815678,-0.00983265,0.004223965115511555,-0.017226909334724733,0.025674839565747842,0.00013945,0.01689011611295682,-0.00013912455546692681,0.03391935678138057,0.08024319,0.07604364391447357,0.0629600043084307,0.08912728352051645,-0.00699291,-0.00348839,68.7,0.96,-1.244,0.2580397350993378,1.1418644451053466,-0.6257849749066711,2.6,0.034264610164374654,0.2252666505934337,-0.24864915285917616,0.6991824540460436,-0.1125,-13.0
2026-09-14,MCO,MOODY'S ,477.93,452.03,492.34,437.8,532.52,417.08,561.45,-2.104199066874026,1.360328930974333,1.3725554642563682,-20.099999999999966,-17.92567656765677,-0.7110835517591276,-35.140269583554414,-0.01672557,-0.0017181973267326703,-0.021683714717832772,0.018247320064367432,0.01712921,-0.004096456411960109,-0.030120451810261222,0.021927538986341002,-0.02823082,-0.0058215934539473605,-0.021529873114788003,0.00988668620689328,-0.00053963,-0.00567494,75.2,1.09,-0.236,0.05884105960264904,0.8032602748365822,-0.6855781556312841,37.9,-0.025773040776986833,0.08693186325718137,-0.13440277098161746,0.30826649749598023,-0.123,-13.0
2026-09-14,MPWR,"MONOLITHIC POWER SYSTEMS, INC.",1143.24,1151.0,1241.82,1046.78,1291.16,1020.28,1677.83,5.409274193548348,1.5334853825419865,4.34767404033832,-244.94000000000005,-148.60240924092417,-51.36567967866243,-245.8391388031859,-0.0356604,0.006864339735973602,-0.03051917111273798,0.04424785058468518,-0.04033573,0.03766722352159465,0.00671005161098686,0.06862439543220245,0.05195903,0.061080300986842105,0.03989427065662573,0.08226633131705849,-0.00812246,-0.00736456,48.0,-0.48,-1.645,0.284903973509934,1.1469313339517426,-0.5771233869318745,0.6,0.1670921389085953,0.1988437506366737,-0.09226695299479454,0.48995445426814194,-0.12125,-13.0
2026-09-14,PPL,PPL ,33.79,33.48,35.47,31.82,37.35,31.64,38.74,2.4285714285714177,1.8071065989847737,2.3023255813953516,-2.3500000000000014,-2.602970297029702,-1.716163900341266,-3.489776693718138,-0.00973753,-0.00045505369636963814,-0.01353391839522999,0.012623811002490715,0.00496823,0.004169485149501656,-0.009015056490298658,0.017354026789301973,0.00732011,0.03406438476973688,0.021804677000309775,0.04632409253916399,0.00230817,-0.0052529,30.8,-0.87,-1.408,-0.017327814569536415,0.8224311101517361,-0.857086739290809,7.7,0.17840699409139082,0.16761163278032132,-0.1341967292239909,0.46941999478463353,-0.1275,-14.0
2026-09-14,TRMB,TRIMBLE INC.,58.74,54.48,60.76,53.07,66.05,47.44,70.4,-2.4186046511627945,1.2892416225749546,1.031858407079646,-2.559999999999995,-4.505049504950494,-1.4123701685702112,-7.5977288413307775,-0.01036931,-0.005036143102310232,-0.02805651293619868,0.017984226731578214,0.03630469,-0.008334007009966766,-0.039353028863597386,0.022685014843663857,-0.02477664,0.0036793412499999687,-0.02141290573692018,0.028771588236920116,-0.00220727,0.00961036,29.6,-1.05,0.191,-0.08636423841059618,0.9711952694833065,-1.143923746304499,69.2,0.3228158452936132,0.275445544987495,-0.10350304578711955,0.6543941357621096,-0.13975,-14.0
2026-09-14,VRT,VERTIV HOLDINGS CO,237.39,244.54,294.11,201.45,289.7,195.33,393.91,4.252190847127565,1.4554813578185868,3.721350451735619,-89.72000000000003,-47.36227722772274,-24.65258898324655,-70.07196547219894,-0.01327738,0.0082404301320132,-0.03344763541621842,0.049928495680244815,-0.08102334,0.04211732358803982,-0.01793923262623355,0.1021738798023132,0.11215678,0.127850157631579,0.11238413671280058,0.14331617855035744,-0.0147342,-0.00334182,42.3,-0.04,-1.124,0.30556622516556287,1.1016242711290327,-0.4904918207979071,2.6,-0.13274566063043047,0.020307155940117817,-0.16306413259934674,0.20367844447958236,-0.1275,-14.0
2026-09-14,AOS,A. O. SMITH ,57.38,54.83,59.88,52.88,63.16,51.18,69.4,-1.8666666666666716,1.2844444444444432,1.9387096774193544,-3.729999999999997,-3.387062706270623,-1.1528792355540571,-5.621246176987189,-0.03056529,-0.0008117223102310235,-0.022455697217481325,0.02083225259701928,-0.00146862,-0.001970158538205979,-0.03520775964669668,0.03126744257028472,-0.01990957,0.0057851325328947155,-0.010974774413371916,0.02254503947916135,-0.00393827,-0.00707183,27.6,-1.09,-1.012,-0.13764569536423835,0.912033491647613,-1.1873248823760898,25.2,-0.059338989991408964,0.07435380630298645,-0.2350527786308011,0.38376039123677397,-0.12875,-14.0
2026-09-14,DVA,DAVITA INC.,189.32,176.1,189.07,156.89,215.39,146.83,264.78,-5.740196078431305,-1.2439585730724978,1.7759472817133446,-1.990000000000009,-11.323300330033012,1.6777514740385442,-24.32435213410457,0.01247032,0.004089546864686463,-0.04052441911998135,0.04870351284935427,-0.00155416,0.023532240564784056,-0.0391575101101734,0.0862219912397415,0.02460611,0.02478234394736846,0.010334273869911512,0.03923041402482541,0.00571653,-0.00100894,19.8,-1.3,0.648,0.020711920529801284,1.0382792135400833,-0.9968553724804808,70.0,0.17315460439973052,0.26595694250888674,-0.35371662660957964,0.8856305116273531,-0.13975,-14.0
2026-09-14,ETN,EATON  PUBLIC LIMITED COMPANY,393.16,394.95,440.55,358.31,453.15,353.54,522.49,3.7823426573426566,1.7213773314203706,3.2642604745078234,-55.289999999999964,-29.742871287128715,-13.128467259339757,-46.35727531491767,-0.0138585,0.0005359255445544549,-0.023118194297096814,0.02419004538620572,-0.01404873,0.013857812524916932,-0.01037051131565478,0.038086136365488646,0.03631046,0.02876398197368412,0.012983301209791968,0.04454466273757628,-0.00604824,-0.00680131,38.5,0.05,-1.092,0.13536754966887435,0.9840777577389482,-0.7133426584011996,6.9,-0.11709717787327334,0.038751783932980365,-0.21310374495094844,0.29060731281690916,-0.1275,-14.0
2026-09-14,EWZ,ISHARES:MSCI BRAZIL,37.72,37.71,40.46,35.07,42.34,31.86,41.86,4.454545454545483,1.743396226415097,-1.4154589371980673,-0.730000000000004,-0.8213201320132015,0.5895246573568749,-2.232164921383278,0.03080474,0.0032587017491749215,-0.017265883367215153,0.023783286865565,0.03141024,0.011228696212624609,-0.012932713877980659,0.035390106303229876,0.01088049,-0.012636394046052588,-0.03143613783772307,0.006163349745617892,-0.00498354,0.00220627,46.4,0.08,1.558,0.2486655629139074,1.3092227868871233,-0.8118916610593085,87.9,0.8279433857071181,0.30151469011115706,-0.18629599300022148,0.7893253732225356,-0.1585,-14.0
2026-09-14,NEE,"NEXTERA ENERGY, INC.",81.63,80.57,84.61,77.78,87.12,74.15,93.9,1.882352941176473,1.4259740259740303,1.6403743315508057,-3.9200000000000017,-4.9915181518151845,-2.0653118846414418,-7.917724418988927,-0.01375903,0.0017097522442244188,-0.01733768375574576,0.0207571882441946,-0.00939667,0.010300303255813941,-0.011923044051366736,0.03252365056299462,-0.00153306,0.02133785506578953,-0.0013723256810285155,0.04404803581260758,0.00166137,-0.00267744,63.3,-0.15,-1.535,0.1080927152317881,1.1408717668437085,-0.9246863363801323,4.6,0.5563243509641105,0.233233564689869,-0.08863855674052329,0.5551056861202612,-0.1425,-15.0
2026-09-14,ROK,"ROCKWELL AUTOMATION, INC.",418.85,410.92,438.91,389.83,453.08,373.04,528.92,1.2398822663723272,1.1795313576843527,2.402750491159134,-35.17999999999995,-16.870363036303637,1.3746644510273534,-35.11539052363463,-0.01533023,0.0030764275247524716,-0.017575688183497713,0.023728543233002653,-0.00199139,0.01974996485049837,-0.01103795211659982,0.05053788181759657,0.02141562,0.00016612888157893513,-0.016456302316770862,0.016788560079928735,-0.00201351,-0.00248172,25.8,-1.27,-1.251,0.22742052980132446,1.0272162254593304,-0.5723751658566815,3.4,0.23831570354180442,0.20518841695281329,-0.2407972872864537,0.6511741211920803,-0.165,-15.0
2026-09-14,WDAY,"WORKDAY, INC.",194.21,174.62,197.84,176.84,230.04,138.52,255.67,-3.5602294455067,2.062751871042025,1.1036092655773027,2.170000000000016,-2.5747524752475264,8.479522619438336,-13.62902756993339,-0.00442603,-0.004954949075907584,-0.04681760510482165,0.03690770695300648,0.11775421,-0.024639423554817245,-0.07974919364006533,0.030470346530430844,-0.06807383,-0.06513849641447358,-0.11369292602228775,-0.016584066806659414,0.00252641,0.02592735,0.6,-3.35,-0.183,-0.2741854304635761,0.5905070054294861,-1.1388778663566383,52.6,-0.05229601056664279,0.045890788525383204,-0.23418850914901784,0.32597008619978424,-0.1465,-15.0
2026-09-14,EMR,EMERSON ELECTRIC CO.,148.3,144.12,154.91,135.27,165.37,132.49,185.0,-1.0145985401459876,1.310053722179585,2.321315623023402,-16.939999999999998,-9.640231023102316,-4.200929145715933,-15.0795329004887,-0.02108787,0.00035069369636963726,-0.024614072930536496,0.025315460323275772,0.00675932,0.008846618837209292,-0.01924079736439513,0.03693403503881371,0.03252333,0.023752692894736843,0.015649056513747067,0.03185632927572662,-0.00062926,-0.01057894,21.6,-1.15,-1.317,0.15904635761589392,1.132362614569312,-0.814269899337524,4.6,0.12340725024062271,0.03522329073829175,-0.2351353580289294,0.30558193950551293,-0.165,-15.0
2026-09-14,EWN,ISHARES:MSCI NETHERLANDS,66.53,66.76,69.88,63.86,71.29,61.79,77.79,3.4358974358974215,1.7827715355805251,2.3755274261603376,-5.349999999999994,-2.4662046204620465,-0.9393694579048812,-3.9930397830192117,-0.01010008,0.002213891617161717,-0.01185497587694856,0.016282759111271992,-0.00573646,0.007461396478405308,-0.007596879380962621,0.022519672337773237,0.02062896,0.012673710460526339,0.004844937762869313,0.020502483158183364,-0.00364822,-0.00410008,20.8,-1.02,-1.792,0.21085761589403992,1.0342609553296003,-0.6125457235415204,0.2,0.8349363372280836,0.058115397700984915,-0.4627787818748606,0.5790095772768304,-0.165,-15.0
2026-09-14,MSI,"MOTOROLA SOLUTIONS, INC.",474.13,444.36,482.44,439.31,525.72,398.08,568.35,-2.334963325183376,1.481619758759335,1.2389217619986852,-32.170000000000016,-35.205511551155084,-17.99483818256306,-52.41618491974711,-0.00584656,0.002347192277227722,-0.02308981890189631,0.027784203456351752,0.05267343,0.0021551475415282364,-0.03706394268636362,0.04137423776942009,0.02559406,0.0414958914802632,0.027409397363728896,0.0555823855967975,0.0016602,0.00515244,15.5,-1.49,0.207,0.14522516556291384,1.2863904915746622,-0.9959401604488346,54.2,-0.05356744671661928,0.2095031275006689,-0.20355166455751184,0.6225579195588496,-0.1465,-15.0
2026-09-14,PFE,PFIZER INC.,27.72,26.83,28.69,25.42,30.92,23.42,31.48,1.0224719101123592,1.3913043478260898,-1.1436170212765946,-0.5700000000000003,-0.04293729372937292,0.7995595587193645,-0.8854341461781103,-0.00110566,0.0024028485148514848,-0.012982598262649133,0.017788295292352103,0.01277643,0.009321009368770752,-0.01593701652434765,0.03457903526188916,-0.0229728,-0.03368662967105257,-0.05135756772786525,-0.016015691614239897,-0.00228292,0.00203871,50.8,-0.24,0.488,0.07182450331125827,0.8667737791511638,-0.7231247725286474,69.6,-0.191047263414861,0.05840369642038573,-0.2926020976188364,0.40940949045960784,-0.15375,-16.0
2026-09-14,PHM,"PULTEGROUP, INC.",118.94,112.07,122.12,106.05,132.09,107.31,144.7,-4.03225806451613,1.0201706749418158,2.2149613069647462,-7.900000000000006,-9.441848184818477,-3.74725258113786,-15.136443788499093,-0.03217998,0.0029302771617161676,-0.022357145001920008,0.02821769932535234,-0.0097415,0.012700672691029919,-0.019484147063965063,0.0448854924460249,-0.01060099,0.023645651447368486,0.002056743919696652,0.04523455897504032,-0.00102781,-0.01072601,23.2,-1.42,-1.158,0.008678807947019923,0.9016027291469537,-0.8842451132529139,14.1,0.30186805886062906,0.08993599700082723,-0.198136211196357,0.3780082051980114,-0.15225,-16.0
2026-09-14,WEC,"WEC ENERGY GROUP, INC.",105.17,103.1,107.83,97.64,113.53,99.11,118.45,1.1384615384615362,1.1102257636122175,2.191419141914191,-6.420000000000002,-7.271815181518151,-4.649481087971077,-9.894149275065224,-0.01121229,0.0003182951485148505,-0.011580947567507481,0.012217537864537184,-0.00933629,0.005457731760797343,-0.007199519705523033,0.018114983227117718,0.01928133,0.032830508190789386,0.02410606190686363,0.04155495447471514,0.00331897,-0.00206607,1.0,-3.05,-1.269,-0.0005794701986755204,0.9576730533978557,-0.9588319937952068,11.7,-0.044405362270938276,0.2848735473546362,-0.0888329798497896,0.658580074559062,-0.1425,-16.0
2026-09-14,COMT,ISHARES:GSCI COMM DYN RS,37.58,36.43,38.85,35.65,40.87,30.81,41.86,1.9186046511627903,1.704663212435233,-1.581775700934579,-1.3000000000000043,-1.3230693069306936,0.031123159782401766,-2.6772617736437887,0.02653978,0.005027633366336633,-0.013270733930147745,0.023326000662821013,0.0396183,0.015072584784053161,-0.022024711077397834,0.05216988064550416,0.05306911,0.013753016447368436,-0.012551139183623687,0.040057172078360556,-0.00018793,0.01344227,60.1,0.59,2.025,0.25545033112582777,1.3093327102143948,-0.7984320479627391,94.2,0.42401846984076097,0.9466918673120955,-0.3894333661969148,2.282817100821106,-0.186,-16.0
2026-09-14,CRESY,CRESUD INC.,12.12,11.73,13.26,11.08,13.62,9.67,14.26,3.3437500000000164,1.4423076923076934,-1.1448598130841114,-0.75,-1.2568976897689774,-0.6490535898857449,-1.8647417896522098,0.04467812,0.003850059438943895,-0.02975398329254753,0.03745410217043532,0.01375084,0.011512697641196029,-0.032668045236566495,0.055693440518958554,0.04463344,0.036062717565789555,0.027889146739688328,0.04423628839189078,0.00496571,-0.00167786,85.5,1.62,1.148,-0.060523178807947005,0.7072180335992023,-0.8282643912150963,96.6,0.042597446713267706,0.9404308868656059,-0.16804802437834954,2.0489097981095616,-0.186,-16.0
2026-09-14,CRH,CRH PUBLIC LIMITED COMPANY,88.98,85.55,92.6,79.49,95.36,80.1,109.97,-1.8614718614718584,-1.4874608150470243,2.3637387387387356,-7.0,-9.907293729372944,-4.671642134897298,-15.14294532384859,-0.01945747,-0.0010521463696369644,-0.025714710817163006,0.023610418077889078,-0.0469389,0.0011384447176079836,-0.02800519606618122,0.030282085501397184,-0.00280469,0.039145337565789376,0.012640032707017183,0.06565064242456156,-0.00280832,-0.01440493,26.0,-0.96,-1.106,-0.04265894039735103,0.8951176763721604,-0.9804355571668626,17.3,0.32275271654280346,0.039685219515332826,-0.1400525014153229,0.21942294044598856,-0.15225,-16.0
2026-09-14,DECK,DECKERS OUTDOOR ,80.54,77.43,83.72,70.96,85.73,65.79,110.11,-2.3352601156069537,-1.8458574181117566,2.004745762711864,-1.8900000000000006,-3.9500990099009936,2.4215037849689933,-10.321701804770981,-0.03353337,-0.0035824793399339937,-0.038173307423139485,0.0310083487432715,-0.08487514,-0.005856320631229225,-0.045380767484343845,0.03366812622188539,-0.07074482,-0.025319848092105253,-0.0543353859295337,0.0036956897453231906,-0.00300669,-0.00839033,28.4,-0.97,-1.491,-0.15831456953642378,0.9294629585230333,-1.246092097595881,13.3,0.22889707797686842,0.2188235207309787,-0.31029320839491514,0.7479402498568725,-0.15225,-16.0
2026-09-14,EXE,EXPAND ENERGY ,93.4,93.13,100.53,87.61,105.91,83.65,112.67,4.2797202797202525,2.160621761658027,1.976410256410256,-10.309999999999988,-7.846567656765676,-3.4457449498288444,-12.247390363702507,-0.00575433,-0.003626886105610558,-0.02530240205602834,0.018048629844807224,0.010972,-0.006128547308970085,-0.0309183815487849,0.018661286930844734,0.02756334,0.018101771217105336,0.007952651972014547,0.028250890462196126,-0.00518247,-0.0007158,10.1,-1.56,-0.335,-0.18294701986754966,0.7319184172038811,-1.0978124569389804,33.9,0.6285447832054407,0.1261730672861484,-0.10564709423065163,0.3579932288029485,-0.1605,-16.0
2026-09-14,FCX,FREEPORT-MCMORAN INC.,69.34,68.58,81.16,60.75,83.25,56.53,95.44,2.428571428571428,1.619324796274737,2.0374707259953153,-15.189999999999998,-4.674059405940594,-0.523082377836249,-8.82503643404494,-0.0102082,0.006796045709570957,-0.029872148087111416,0.04346423950625333,0.00132757,0.014212765880398685,-0.03968905767802802,0.0681145894388254,0.05720453,0.014585904967105264,-0.011116535094633916,0.040288345028844444,-0.02618713,-0.00716045,92.3,1.72,0.254,0.37969536423841055,1.3645558885786278,-0.6051651601018065,48.2,-0.0983926574421482,0.03475024776390633,-0.19495847165279567,0.26445896718060835,-0.17425,-16.0
2026-09-14,MLM,"MARTIN MARIETTA MATERIALS, INC.",500.92,485.51,520.71,456.82,536.01,459.32,593.86,-1.1061728395061745,-1.2567683100598477,2.234134615384614,-31.849999999999966,-33.847425742574266,-13.900458737813771,-53.79439274733476,-0.01682799,-0.0016570217821782148,-0.01903748092622253,0.0157234373618661,-0.03730948,0.0006424539867109437,-0.0256511586635766,0.026936066636998487,-0.00533465,0.012614807368421032,-0.00434616171064945,0.029575776447491514,-0.0011983,-0.00971672,22.6,-1.0,-1.239,-0.05620860927152322,0.7885635962733695,-0.900980814816416,11.7,0.08114379536474359,0.10199107528722515,-0.13072924055762483,0.33471139113207515,-0.15225,-16.0
2026-09-14,PWR,"QUANTA SERVICES, INC.",622.02,590.01,666.5,553.86,688.24,526.82,853.0,1.190575603936776,-1.0292962851102376,2.4262605042016827,-104.68000000000006,-75.03805280528056,-36.64928078719165,-113.42682482336946,-0.01829249,0.004281111254125414,-0.022160778018895315,0.03072300052714614,-0.031027,0.033112745049833886,-0.0035497846487697743,0.06977527474843755,0.08790418,0.07931743440789439,0.06220465918428344,0.09643020963150534,0.0052689,-0.00502572,32.9,-0.6,-0.778,0.28881788079470194,1.1304022886585912,-0.5527665270691873,9.3,-0.08104331679598287,0.13999434500827437,-0.18066703755654404,0.4606557275730928,-0.155,-17.0
2026-09-14,REG,REGENCY CENTERS ,74.53,73.63,76.77,68.61,80.75,69.59,84.26,1.8086956521739026,1.0506756756756752,1.9696356275303661,-2.8700000000000045,-3.43085808580858,-1.8450840181365924,-5.016632153480567,-0.00611324,0.0003932990429042903,-0.011440832538737063,0.012227430624545645,-0.019783,0.004067505215946843,-0.009364266742387512,0.017499277174281198,0.00091924,0.01581953289473684,0.00792477531323923,0.023714290476234454,-0.00158654,-0.00186836,4.4,-2.12,-0.996,-0.02222516556291393,0.830896685437063,-0.8753470165628909,11.7,0.06810944808265784,0.31202727575827566,-0.050531746318545345,0.6745862978350967,-0.16725,-17.0
2026-09-14,STNG,SCORPIO TANKERS INC.,85.46,80.31,87.19,76.63,93.07,64.99,99.45,-1.4305555555555474,-1.1603153745072272,-1.4631879914224435,-0.09000000000000341,-3.4525412541254115,-0.002002116275283239,-6.903080391975539,0.01820746,0.01120676904290428,-0.020255624195789027,0.04266916228159759,0.0080665,0.03281640777408636,0.0010241019972412266,0.0646087135509315,0.0175726,0.00579642726973686,-0.0027670424766512514,0.014359897016124973,0.00412227,-0.00273244,1.8,-2.45,0.988,0.269748344370861,1.3903205387302144,-0.8508238499884924,74.8,0.3981583031121336,0.17182629577732195,-0.14534823058966878,0.4890008221443127,-0.19225,-17.0
2026-09-14,XLY,SEL SECTOR:C DSC SPDR,112.85,109.66,114.65,102.62,121.9,103.62,130.03,-2.57446808510636,-1.1303867403314891,1.8613217768147374,-4.77000000000001,-4.847838283828386,-2.1517881873413236,-7.543888380315448,-0.01494759,-0.000267147194719471,-0.012429239975862257,0.011894945586423317,-0.01616464,0.0038867345182724304,-0.010036708749046046,0.017810177785590905,0.00037151,0.011704063651315764,0.003887096853464918,0.01952103044916661,-0.00083536,-0.00218326,30.4,-0.74,-1.033,0.05630132450331125,0.8308659060339251,-0.7182632570273025,12.3,0.16595258870487495,0.17960807729601688,-0.15420408994858734,0.5134202445406211,-0.16725,-17.0
2026-09-14,ACN,ACCENTURE PUBLIC LIMITED COMPANY,195.0,170.41,188.39,168.02,224.34,133.04,212.72,,1.0874722016308382,-3.496613995485328,26.419999999999987,-2.1335313531353095,11.96092588740683,-16.22798859367745,0.00366536,-0.010473559339933988,-0.05100454647703753,0.03005742779716956,0.08869854,-0.03797399322259139,-0.0852246111248095,0.00927662467962672,-0.13135855,-0.06026373328947387,-0.09924291264274052,-0.021284553936207228,0.00603714,0.08995608,56.3,0.54,0.714,-0.2801920529801324,0.71571493419925,-1.2760990401595147,80.0,0.14348208013007424,0.15115598252756554,-0.19943135886052935,0.5017433239156605,-0.1545,-17.0
2026-09-14,ARES,ARES MANAGEMENT CORP,131.52,127.51,139.71,115.21,153.66,103.21,175.96,-1.0102389078498346,1.3574494175352523,1.5697633345107727,-6.560000000000002,-7.29386138613861,1.9878486038545296,-16.575571376131748,-0.02300001,-0.006614593168316837,-0.04391322826703,0.030684041930396328,-0.00730621,-0.01984541073089698,-0.07717200405621859,0.03748118259442462,-0.04326812,-0.012569055921052655,-0.04714815332426852,0.022010041482163213,-0.00305561,-0.01276241,9.5,-1.95,-1.198,-0.0361721854304636,0.9283401145938533,-1.0006844854547805,16.9,0.6160552787507316,0.043231000581026253,-0.15203595262683853,0.23849795378889102,-0.16725,-17.0
2026-09-14,DHI,"D.R. HORTON, INC.",139.41,130.29,141.26,124.05,149.49,121.78,165.32,-6.259740259740283,-1.523809523809522,1.4696539988655701,-3.8499999999999943,-9.295610561056106,-1.5299641757505027,-17.06125694636171,-0.0320047,0.0014898648184818448,-0.0267321968500516,0.02971192648701529,-0.02593122,0.010745074352159465,-0.022217519856397503,0.04370766856071644,-0.03590194,0.00600940911184204,-0.018885115957390654,0.030903934181074733,0.00080657,-0.01204062,5.0,-2.37,-0.782,-0.039456953642384024,0.8911985273959548,-0.9701124346807228,28.4,0.09708787829356225,0.025081093416711258,-0.23337101587963197,0.2835332027130545,-0.16725,-17.0
2026-09-14,EXR,EXTRA SPACE STORAGE INC.,139.4,132.01,139.84,128.65,148.13,124.23,157.74,-6.591666666666726,-1.2313860252004596,1.2089650626235993,-1.1899999999999977,-2.9809570957095697,1.7107616980668623,-7.672675889486001,-0.02372898,-0.002132290297029702,-0.022811290965528565,0.018546710371469162,-0.0042629,0.006295637508305647,-0.010889929606843023,0.023481204623454318,-0.03302734,-0.020378123223684274,-0.029900592277186847,-0.0108556541701817,0.00359737,-0.00102489,43.7,-0.58,-1.542,-0.05039072847682122,0.8555043500701814,-0.9562858070238239,10.1,0.8642126398481387,0.1245202804940915,-0.15376343374919446,0.4028039947373775,-0.16725,-17.0
2026-09-14,FRO,FRONTLINE PLC,50.52,46.14,50.63,45.34,56.34,35.14,59.52,-2.8709677419354978,1.1235521235521237,-1.7088888888888891,-0.8499999999999943,-2.362112211221123,-0.11264910516389293,-4.611575317278353,0.03625817,0.016385626567656745,-0.010877365231195844,0.04364861836650934,0.06822963,0.046667465514950074,0.01944720518827972,0.07388772584162043,0.07037879,0.02545350569078952,0.005999340101565786,0.04490767128001326,0.00459293,-0.00777156,47.4,-0.51,1.944,0.49310596026490033,1.4159151096975715,-0.4297031891677708,92.3,1.2489892974963044,0.2835729270933845,-0.1262498215718178,0.6933956757585868,-0.195,-17.0
2026-09-14,HD,"THE HOME DEPOT, INC.",310.87,299.71,313.13,282.72,339.62,279.62,372.2,-17.83333333333411,1.0213143872113686,1.9625599999999994,-8.079999999999984,-12.126600660066014,0.8559181006796166,-25.109119420811645,-0.0294437,-0.0022544743894389466,-0.021445975378153063,0.016937026599275172,-0.00849548,-0.00896928295681063,-0.036443201917429724,0.01850463600380847,-0.0363513,-0.007172591776315794,-0.026168053962271967,0.011822870409640382,0.00200192,-0.00877654,18.8,-1.51,-1.55,-0.198225165562914,0.8691509769148461,-1.265601308040674,16.5,0.16549830142664712,0.21946058307586144,-0.1778249678365039,0.6167461339882268,-0.16725,-17.0
2026-09-14,KKR,KKR & CO. INC.,102.27,98.11,107.2,93.09,115.34,83.02,133.04,-1.6213017751479213,1.4237472766884551,1.5984415584415583,-5.5,-9.292541254125407,-0.9558729216989725,-17.62920958655184,-0.02591743,-0.0054245606270627075,-0.03755114607086788,0.026702024816742463,0.01874154,-0.009790604883720919,-0.05807428438608917,0.03849307461864734,-0.033955,0.014677145361842123,-0.027151431708832607,0.05650572243251685,-0.00143893,-0.00218457,1.2,-2.61,-1.207,-0.06488741721854309,0.8786284790011342,-1.0084033134382204,13.7,0.19283341939405552,0.11711981370866993,-0.08040397902875122,0.3146436064460911,-0.16725,-17.0
2026-09-14,KMB,KIMBERLY-CLARK ,99.09,93.62,103.68,90.52,111.49,88.11,122.55,-1.7734806629834305,1.4469078179696593,2.136612021857922,-5.22999999999999,-2.7792739273927376,1.7458105510781419,-7.304358405863617,-0.0327476,-0.004415661980198015,-0.023310091056185582,0.014478767095789553,0.00019011,-0.015130051594684387,-0.04265775980847736,0.01239765661910858,-0.04588567,-0.02201915039473687,-0.03950324794179838,-0.004535052847675358,-0.0004802,-0.00366184,33.3,-0.55,-1.575,-0.27416887417218555,0.6049868601967667,-1.1533246085411377,6.5,-0.11705087785455481,0.17255496298771517,-0.16432424192947404,0.5094341679049044,-0.155,-17.0
2026-09-14,MAA,"MID-AMERICA APARTMENT COMMUNITIES, INC.",125.6,122.6,129.22,114.57,136.42,116.29,140.97,-1.5634328358208907,-1.019408502772644,1.650912996777661,-3.1500000000000057,-4.906897689768977,-1.649958849584341,-8.163836529953613,-0.0189118,-0.0033475685148514843,-0.015769931962875027,0.00907479493317206,-0.01033599,-0.0073465032558139385,-0.023449598107898387,0.008756591596270508,-0.02451026,0.0001480703618421078,-0.009415793323132138,0.009711934046816355,-0.00145176,-0.00219035,22.4,-1.35,-1.466,-0.2841655629139073,0.554699870289042,-1.1230309961168568,11.3,0.5758446901479659,0.2349038916198102,-0.17667910091178077,0.6464868841514012,-0.16725,-17.0
2026-09-14,MAS,MASCO ,69.41,66.13,70.86,62.28,75.62,61.76,82.76,-5.011904761904734,-1.148148148148146,1.7450980392156876,-2.1099999999999994,-2.757458745874589,0.2674519272273632,-5.7823694189765416,-0.02927607,0.0018089587788778882,-0.024930194174810252,0.02854811173256603,-0.01481534,0.010059035116279081,-0.020963353739602567,0.04108142397216073,-0.02886352,-0.008609465657894742,-0.023270028779941554,0.0060510974641520675,-0.00104567,-0.0101621,24.8,-1.05,-1.002,-0.016824503311258183,1.0186519253025799,-1.0523009319250962,20.8,0.4211166451329422,0.057358777918737086,-0.24667344913270053,0.36139100497017473,-0.16725,-17.0
2026-09-14,O,REALTY INCOME ,59.27,58.42,61.23,55.52,64.89,55.66,69.07,1.187969924812024,1.498666666666666,2.7146814404432056,-4.119999999999997,-2.3357425742574267,-0.6885209440341373,-3.982964204480716,-0.02080731,0.0011038238943894391,-0.01215427586658637,0.014361923655365249,-0.00357871,0.00370582282392027,-0.011563682552785719,0.01897532820062626,0.00678585,0.009488351019736852,-0.004692589154047733,0.023669291193521437,-0.00210065,-0.00380162,13.7,-1.57,-1.93,0.024158940397351114,0.9696881166573996,-0.9213702358626974,3.0,0.39986841608699786,0.10616532421508063,-0.1598845468210039,0.37221519525116514,-0.165,-18.0
2026-09-14,PCAR,PACCAR INC,122.86,117.69,125.99,114.33,132.37,111.83,148.92,-2.7209302325581297,1.1148886283704578,2.3626473254759732,-11.83999999999999,-7.63848184818482,-4.077506694494582,-11.199457001875057,-0.02133262,0.005534084554455443,-0.01394456263878942,0.025012731747700308,0.0173802,0.013871048936877071,-0.004342570635115393,0.032084668508869534,0.03879711,0.029229765131578992,0.01929290675630272,0.039166623506855264,-0.004891,-0.00391017,26.6,-1.03,-1.316,0.18223509933774812,1.0517075943758205,-0.6872373957003244,9.3,0.7905592675697033,0.09666078873207717,-0.1323425494197349,0.32566412688388924,-0.165,-18.0
2026-09-14,WAB,WESTINGHOUSE AIR BRAKE TECHNOLOGIES ,278.42,267.59,290.79,251.47,314.92,262.19,332.76,-1.1698473282442783,1.3543599257884964,3.3481207640172466,-36.56,-22.078613861386142,-12.476515060419976,-31.680712662352306,-0.01698938,0.005224780726072607,-0.014381459895206651,0.024831021347351864,0.01808366,0.018537125780730933,-0.0035333706299668123,0.040607622191428674,0.05325473,0.052262505065789375,0.04681825382439522,0.05770675630718353,-0.00127585,-0.00671534,38.7,-0.59,-1.375,0.2748377483443708,1.1663276488423686,-0.6166521521536269,3.0,0.16633972356308635,0.115524920182722,-0.16521869868622802,0.396268539051672,-0.165,-18.0
2026-09-14,XLI,SEL SECTOR:INDUST SPDR,169.93,167.26,175.08,158.51,183.66,158.39,199.85,-1.1440217391304348,1.2022767075306453,2.592720970537256,-12.639999999999986,-6.2079537953795345,-2.8352430282979793,-9.58066456246109,-0.02030745,0.0018664907590759062,-0.00934150603278395,0.013074487550935763,-0.00488484,0.009541779933554826,-0.007393159160324925,0.026476719027434578,0.01390117,0.013245886019736816,0.009810014043167857,0.016681757996305776,-0.0009708,-0.00674362,36.3,-0.52,-2.435,0.21990728476821156,1.0873408564854379,-0.6475262869490148,1.4,0.4836329835669184,0.2172063789221043,-0.05574889084494092,0.49016164868914947,-0.165,-18.0
2026-09-14,AES,THE AES ,14.8,14.61,15.03,14.21,15.57,12.96,16.55,1.2105263157894584,1.3050847457627115,-1.0514285714285714,0.0600000000000005,-0.15861386138613873,0.5399452465098535,-0.857172969282131,0.00048372,0.006741225016501653,-0.018430206844584567,0.031912656877587875,0.00800162,0.027997505681063146,0.010758606215205947,0.045236405146920344,-0.01639872,-0.025284242138157876,-0.05173158751917441,0.001163103242858659,0.00028957,0.00181993,25.2,-1.03,0.209,0.18241390728476833,0.8511865353965898,-0.4863587208270531,53.4,,1.2999718658822335,-1.6701896450570561,4.270133376821523,-0.1765,-18.0
2026-09-14,BRO,"BROWN & BROWN, INC.",68.33,62.69,70.66,61.85,76.37,57.79,82.88,-3.1105263157894627,1.2407407407407423,1.3804554079696394,-2.549999999999997,-4.654356435643566,-0.14463733251871247,-9.164075538768419,-0.02517147,-0.007674683003300336,-0.03355651363335597,0.018207147626755297,0.02801775,-0.021452899900332223,-0.0512070867704682,0.008301286969803756,-0.04072374,-0.0011866655921052888,-0.03134483444897647,0.02897150326476589,-0.0016612,-0.00456784,51.8,0.29,-0.377,-0.35851986754966897,0.5199269409054772,-1.2369666760048152,46.0,0.1275618044814082,0.0886768435186666,-0.23002309165507706,0.4073767786924103,-0.18025,-18.0
2026-09-14,CMRE,COSTAMARE INC.,15.13,14.46,15.69,13.71,16.75,12.19,18.08,-1.783783783783788,1.1408450704225348,1.0034013605442165,-0.27999999999999936,-0.6437623762376238,0.07849702684047544,-1.366021779315723,-0.00726849,0.00860580610561055,-0.014888554049380035,0.03210016626060114,0.00879917,0.0180734592026578,-0.01959482623188278,0.05574174463719838,-0.02405346,0.003937388684210504,-0.023737072539283654,0.03161184990770466,-0.00656271,-0.00166868,54.2,0.25,0.308,0.36997682119205283,1.3966200156030386,-0.6566663732189328,59.7,0.6458688646924935,0.2450496131464442,-0.2587594858477636,0.748858712140652,-0.18025,-18.0
2026-09-14,EQIX,"EQUINIX, INC.",998.72,995.77,1067.36,929.35,1114.83,900.06,1227.6,5.316666666666668,1.6737782903272291,2.3198864788161333,-116.61999999999989,-43.52475247524751,-1.6909065358539834,-85.35859841464104,-0.01632255,0.0018199852145214474,-0.021594295384868574,0.02523426581391147,-0.01367044,0.011194424252491704,-0.032804735292108415,0.05519358379709182,0.02204021,0.005606570789473708,-0.01826778220874944,0.029480923787696855,-0.0035131,-0.00540449,30.2,-0.61,-1.387,0.18409602649006623,1.1270590814260442,-0.7588670284459118,4.2,0.18574771468520357,0.3417590334898976,-0.10412065890949934,0.7876387258892945,-0.165,-18.0
2026-09-14,EWP,ISHARES:MSCI SPAIN,60.99,60.77,62.92,59.02,64.82,58.53,69.45,2.0886075949367093,1.94416243654822,3.4390243902439015,-5.93,-4.194950495049502,-2.8631880141663055,-5.526712975932699,-0.00749521,0.0046025362046204655,-0.006266423941621697,0.015471496350862628,0.01104302,0.013539835348837192,-0.005194002784854924,0.03227367348252931,0.05512775,0.052650103914473834,0.046590601508331095,0.05870960632061657,-0.00305424,-0.00308474,55.4,-0.06,-0.901,0.48542384105960296,1.1417118818766032,-0.17086419975739725,2.2,0.9614405165058559,0.16375225059891857,-0.23456112702323922,0.5620656282210763,-0.165,-18.0
2026-09-14,MS,MORGAN STANLEY,206.58,208.92,220.33,197.86,227.12,189.44,257.33,5.419607843137228,2.355504587155963,2.9609101516919445,-32.51999999999998,-18.24646864686468,-10.202194075326744,-26.290743218402618,-0.01036578,0.0062547561386138645,-0.012915378858623879,0.025424891135851606,0.00130989,0.022894078604651133,0.0002657205909557536,0.04552243661834651,0.07143337,0.05956000217105276,0.04704649834331721,0.07207350599878831,-0.00471562,-0.01202986,51.4,-0.02,-0.747,0.488046357615894,1.3133039361533667,-0.3372112209215786,8.5,0.32216713881870307,0.21104999168469646,-0.078182115595404,0.5002820989647969,-0.165,-18.0
2026-09-14,NDX,NASDAQ 100 INDEX,29127.16,28935.26,29855.72,28185.85,30063.41,26629.17,33078.68,1.8435039079781808,-1.0054045393858493,1.5818798313844322,-1734.420000000002,-1268.964059405941,-536.1141406380516,-2001.8139781738305,4.493e-05,0.0024962714191419147,-0.011122594464620396,0.016115137302904224,-0.00693697,0.01343016571428572,-0.0037815513453170937,0.030641882773888532,0.03114168,0.026339622434210553,0.019446661877624474,0.033232582990796636,-0.00086543,-0.00224732,27.8,-1.19,-0.928,0.42802649006622484,1.4083185744597064,-0.5522655943272567,3.4,,,,,-0.18875,-19.0
2026-09-14,CIEN,CIENA CORPORATION,319.64,301.17,361.19,281.2,365.11,290.02,603.19,1.8483790523690764,1.1828824141519259,9.572923700202567,-180.51,-104.08636963696368,-18.937441946846405,-189.23529732708096,-0.06643294,0.02004067085808581,-0.028952425150256703,0.06903376686642833,-0.07539209,0.07061602986710964,0.011656688780071735,0.12957537095414756,0.21777447,0.18709864973684137,0.12462169888342835,0.2495756005902544,0.00027694,0.00049935,18.8,-1.11,-1.363,0.637347682119205,1.5447445438958214,-0.2700491796574115,1.4,-0.12069824993885658,0.17109750790017328,-0.08444902242981397,0.4266440382301605,-0.1775,-19.0
2026-09-14,DJI,DOW JONES INDUSTRIAL AVG INDEX,52421.2,51320.84,53540.55,51062.26,55419.5,49615.34,57013.6,-1.1128482336424463,2.206352009654594,1.6367174413548788,-1318.1100000000006,-773.5328052805273,-6.243013860793781,-1540.8225967002609,-0.00202651,0.0028980109900990122,-0.005407239717162659,0.011203261697360684,0.02543025,0.009689257142857122,-0.003675629293891548,0.023054143579605793,-0.0040486,-0.00015715036184210554,-0.006036776528477621,0.005722475804793409,0.00120976,-0.00129737,39.5,-0.47,-0.881,0.3275132450331126,1.089771189722829,-0.43474469965660384,9.3,,,,,-0.18875,-19.0
2026-09-14,ELV,"ELEVANCE HEALTH, INC.",424.24,392.35,432.19,375.81,462.67,310.14,482.67,-1.8759322033898316,-1.2602133749674733,-1.9527639911004622,28.970000000000027,4.648349834983496,24.20273507298447,-14.90603540301748,0.01365022,-0.0019979437953795407,-0.03663638596197824,0.03264049837121916,0.00387797,-0.007627430299003322,-0.05728871109598247,0.04203385049797583,-0.06349803,-0.06686460450657895,-0.07213223107429219,-0.06159697793886572,0.00047979,0.00089758,81.9,1.16,0.693,0.21765231788079478,1.310541372949497,-0.8752367371879075,64.5,0.14971010906792936,0.09253683416129134,-0.29215282864091224,0.4772264969634949,-0.1875,-19.0
2026-09-14,ICE,"INTERCONTINENTAL EXCHANGE, INC.",157.75,151.05,162.75,143.63,179.23,130.1,181.36,-1.4442060085836899,1.5212464589235115,-1.1711139347734008,1.1500000000000057,-6.915379537953794,0.4644898796155017,-14.295248955523089,-0.00748544,-0.003927092805280527,-0.026311897455739454,0.0184577118451784,0.02756221,-0.015703583355481714,-0.0398704571143242,0.008463290403360777,-0.04989259,-0.00018542240131577881,-0.027760499493542604,0.027389654690911043,-0.00108766,0.00510771,53.8,0.64,0.253,-0.16918874172185447,0.9349180863732587,-1.2732955698169677,60.9,0.2065271369519046,0.19463426901305658,-0.10844322679914792,0.4977117648252611,-0.1875,-19.0
2026-09-14,MET,"METLIFE, INC.",97.75,93.9,99.38,91.08,105.14,83.84,112.4,-1.9069767441860483,1.1079460269865065,1.0531991373112874,-2.719999999999999,-2.2309570957095697,0.1291205088360159,-4.591034700255156,0.00668634,0.0024645431353135312,-0.01365945721443287,0.018588543485059932,0.02034251,0.00802029710963454,-0.014175432556861389,0.03021602677613047,0.00547064,-0.007453582499999998,-0.01713162528001806,0.002224460280018062,0.00212077,-0.00217343,44.2,-0.14,-0.034,0.1843245033112582,1.0415087064643112,-0.6728596998417947,42.7,-0.014114250985435173,0.14352436007767372,-0.14424671964652402,0.43129543980187146,-0.21675,-19.0
2026-09-14,MSFT,MICROSOFT ,505.41,480.88,512.26,446.63,572.82,407.27,602.37,-1.798179059180579,1.1468186457978904,-1.0121699669967004,-2.839999999999975,-30.30343234323433,-8.070862741545959,-52.5360019449227,0.01862925,0.0008117318481848194,-0.027528112343246217,0.029151576039615858,0.03304729,0.0009272626578073068,-0.02395979098427898,0.025814316299893593,-0.01197394,0.015146979440789477,-0.013783156922938538,0.044077115804517494,0.00393341,0.00891831,27.2,-0.98,0.264,-0.044897350993377376,0.9029274954810591,-0.9927221974678138,68.8,0.04705765349979685,0.22619470847311243,-0.25628402144203066,0.7086734383882556,-0.18825,-19.0
2026-09-14,NCLH,NORWEGIAN CRUISE LINE HOLDINGS LTD.,14.72,14.02,15.2,12.82,16.3,12.37,21.55,-3.0666666666666775,-1.2025316455696204,2.9063829787234026,-1.299999999999999,-1.3972937293729366,-0.0098333536388866,-2.7847541051069866,-0.0558638,-0.00442510207920792,-0.044615126974554914,0.03576492281613908,-0.06091454,0.0018099546179401926,-0.05433787523417056,0.05795778447005095,-0.0492425,-0.011665425000000016,-0.036950707257486316,0.013619857257486287,0.00136944,-0.01171117,20.6,-1.39,-2.822,-0.08475165562913912,0.9883744239339504,-1.1578777351922287,0.6,0.3103045395773032,0.05901638265180441,-0.2791398431168736,0.39717260842048246,-0.1935,-20.0
2026-09-14,NWSA,NEWS CORP.,30.56,28.22,30.88,27.93,32.98,25.68,34.91,-5.044444444444411,-1.0867768595041327,-1.1218390804597704,-0.870000000000001,-1.3293069306930703,-0.24370038546385153,-2.414913475922289,-0.00046853,0.0015411458415841564,-0.017637387272509204,0.020719678955677518,0.03014293,-0.0015531536544850437,-0.024601973648535464,0.021495666339565376,0.00586474,0.0011363432565789518,-0.016840178854410692,0.019112865367568593,0.0002864,0.00410982,34.7,-0.59,0.669,0.125158940397351,0.94685413000284,-0.6965362492081381,73.6,0.29995467773189977,0.6113342661986393,-0.16420434334756917,1.3868728757448476,-0.19225,-20.0
2026-09-14,SBAC,SBA COMMUNICATIONS ,183.07,178.79,193.81,166.89,200.86,156.48,207.89,1.6429840142095928,1.099505562422745,-1.0713134568896057,-2.9000000000000057,-5.041386138613858,2.768865576093682,-12.8516378533214,0.00035062,-0.004793679306930695,-0.029941078342346904,0.020353719728485514,-0.0171776,-0.01843622196013284,-0.037270006065148006,0.00039756214488232897,-0.03878115,-0.02042302101973681,-0.030300821359267475,-0.01054522068020614,-0.00088975,0.00663992,31.0,-0.99,-0.22,-0.320341059602649,0.43760131557453996,-1.078283434779838,53.4,0.23060424579749528,0.11844303357512664,-0.2540388654410404,0.49092493259129366,-0.2005,-20.0
2026-09-14,SHW,THE SHERWIN-WILLIAMS COMPANY,324.5,308.54,328.0,288.34,358.39,298.28,379.97,-5.868421052631531,-1.0669814104455604,2.1155606407322645,-13.759999999999991,-16.694422442244225,-5.025003604685001,-28.36384127980345,-0.02635306,8.742742574257482e-05,-0.020428451331170727,0.020603306182655875,-0.01064777,-0.0027960399667773996,-0.021340468448412066,0.01574838851485727,-0.02322937,0.005053201809210592,-0.011902535032837072,0.022008938651258254,0.00235143,-0.00843089,32.3,-0.91,-1.65,-0.15075827814569548,0.7916308877764959,-1.093147444067887,9.3,0.17962680424353406,0.128765823804724,-0.3132108014937296,0.5707424491031776,-0.1935,-20.0
2026-09-14,SM,SM ENERGY COMPANY,39.03,36.45,40.19,35.62,45.07,25.86,47.29,-1.4666666666666686,1.7712609970674464,-1.594430992736078,1.0900000000000034,0.17673267326732683,2.068418442843326,-1.7149530963086723,0.01054987,0.002312523663366338,-0.033601146318883765,0.03822619364561644,0.06894307,0.0056121748837209325,-0.04894937663951794,0.06017372640695981,-0.03038509,-0.08051615434210573,-0.10715273195081582,-0.053879576733395634,-0.00067186,0.03471309,16.1,-1.6,1.298,0.11817549668874168,1.069025642084388,-0.8326746487069046,87.1,0.23929681751051635,-0.03048336588347173,-0.16753993092466435,0.1065731991577209,-0.2335,-20.0
2026-09-14,TDG,TRANSDIGM GROUP INC.,1111.22,1098.11,1160.22,1027.7,1212.22,1013.11,1420.01,1.7611282503305394,1.2092911877394639,3.147385587605748,-96.30999999999995,-113.0441584158416,-47.49695642665989,-178.5913604050233,-0.02140633,-0.005160565841584157,-0.026717892278546332,0.01639676059537802,-0.02301009,-0.006772830631229257,-0.03064399050788138,0.017098329245422865,0.00035556,0.033655190986842234,0.009554826777907387,0.05775555519577708,-0.00034358,-0.01484635,33.5,-0.93,-2.112,-0.09256953642384107,0.9403797907090872,-1.1255188635567692,1.8,0.3035422492821942,0.16093822061889795,-0.23975993073664253,0.5616363719744384,-0.1935,-20.0
2026-09-14,WELL,WELLTOWER INC.,234.21,231.06,243.77,217.09,266.37,217.46,283.29,2.7915407854984817,1.8785046728971955,2.930149253731344,-35.17999999999998,-30.10630363036305,-21.642089702452374,-38.57051755827373,0.00118429,0.006125872277227724,-0.011504896937997614,0.023756641492453063,0.02724064,0.01641559976744184,0.00695975735587144,0.025871442179012237,0.09939163,0.10434937279605261,0.09455669672414484,0.11414204886796038,-0.00187808,-0.00339724,5.0,-2.45,-0.23,0.44637086092715234,1.430136644952593,-0.5373949230982882,28.0,0.5736931046593212,0.18181002060769466,-0.09255097208135984,0.45617101329674914,-0.1825,-20.0
2026-09-14,BR,"BROADRIDGE FINANCIAL SOLUTIONS, INC.",174.39,158.04,176.42,156.69,194.6,137.52,207.27,-5.992156862745061,1.141807909604521,-1.1213503649635022,-1.2700000000000102,-9.19046204620461,1.0094850604160577,-19.390409152825278,-0.01498204,-0.005061765577557756,-0.03150805523242839,0.021384524077312873,0.04956327,-0.016370029634551496,-0.05226858593940895,0.01952852667030596,-0.04202575,-0.009078154901315806,-0.04629503184784703,0.02813872204521542,-0.00132996,0.01277046,22.4,-0.99,0.195,-0.4257649006622513,0.603219962296947,-1.4547497636214495,75.6,0.10688235454845385,0.21575046566405545,-0.07669505586812556,0.5081959871962365,-0.19225,-20.0
2026-09-14,CCI,CROWN CASTLE INC.,74.17,71.72,78.63,66.53,80.25,63.09,84.24,1.2410423452768706,-1.2565789473684215,-1.1002979145978158,-1.1099999999999994,-2.445610561056105,0.7835129447960703,-5.674734066908281,-0.01002091,-0.006611379570957096,-0.027337362995254112,0.014114603853339918,-0.04860473,-0.017425067607973424,-0.04456904449420615,0.009718909278259299,-0.04981643,-0.024719017861842125,-0.03818112659475665,-0.011256909128927602,-0.00350917,0.01324214,31.5,-1.07,-0.45,-0.2744768211920529,0.5124063683259388,-1.0613600107100445,38.7,0.5154168551570024,0.07618171286309608,-0.1907372589452557,0.34310068467144783,-0.2005,-20.0
2026-09-14,LHX,"L3HARRIS TECHNOLOGIES, INC.",248.93,239.55,256.63,226.39,262.9,224.65,323.57,-1.782752902155887,-1.6134574087330043,3.0741350906095546,-27.909999999999968,-28.943036303630368,-15.792122427270066,-42.09395017999067,-0.02833473,0.00038362422442244146,-0.021176629492213186,0.02194387794105807,-0.04624502,0.011596359202657808,-0.02388270594763263,0.047075424352948245,0.0246531,0.05046946578947368,0.03642633074274114,0.06451260083620622,0.00199745,-0.00535349,24.4,-1.01,-2.491,0.09767880794701993,1.2127379378905108,-1.017380321996471,2.2,0.16843138131451796,0.1603906232231165,-0.20355761266697833,0.5243388591132113,-0.1935,-20.0
2026-09-14,ROL,"ROLLINS, INC.",35.31,33.35,35.99,31.15,36.98,30.25,42.13,-3.0624999999999987,-2.4910179640718666,1.3478260869565213,-0.6099999999999994,-3.623333333333333,-1.4299026437865967,-5.816764022880069,-0.0130931,-0.010802091980198023,-0.0336542308787592,0.012050046918363151,-0.06808275,-0.0201771942857143,-0.053125848228820494,0.0127714596573919,-0.03152285,0.011469501447368418,-0.010642498108698497,0.033581501003435335,-0.00023139,0.00019416,40.7,-0.51,-0.498,-0.35388741721854283,0.6041756380381518,-1.3119504724752373,45.8,0.1299501921044024,0.2059302598383709,-0.3632190818304989,0.7750796015072406,-0.21,-21.0
2026-09-14,AZO,"AUTOZONE, INC.",2965.52,2831.81,2959.52,2740.66,3072.14,2607.48,3421.48,,-2.108985181016698,1.2734889956429452,-76.63000000000011,-276.8561386138612,-115.55747300122252,-438.1548042264999,-0.01205372,-0.005752544653465348,-0.02692887121147034,0.015423781904539647,-0.02223775,-0.012639126445182728,-0.04232614935917438,0.017047896468808922,0.00295205,0.029251780855263077,0.008264962214891453,0.0502385994956347,0.00361673,-0.00086403,34.7,-0.23,-0.331,-0.11488741721854313,0.8203404924895454,-1.0501153269266317,49.4,0.7457248135719738,0.20902728698139272,-0.36212503706089305,0.7801796110236785,-0.21,-21.0
2026-09-14,BTI,BRITISH AMERICAN TOBACCO P.L.C.,57.29,53.41,56.78,52.01,59.36,51.98,65.94,-9.999999999999982,-2.5507246376811596,1.6290018832391704,-3.5,-6.542013201320131,-4.161344732708628,-8.922681669931634,-0.00616293,0.0017529663366336607,-0.017223241997415564,0.020729174670682884,-0.02390146,0.013599535780730893,-0.010330013743960847,0.037529085305422635,0.05209932,0.0727640591776315,0.06141118620979854,0.08411693214546445,-0.0002752,0.00114673,24.4,-1.03,0.016,0.11669536423841047,1.1934831767936396,-0.9600924483168186,57.3,0.42665726317648067,0.16129441111257994,-0.2504143480982487,0.5730031703234085,-0.21,-21.0
2026-09-14,CPRT,"COPART, INC.",31.73,29.52,33.38,27.19,36.44,25.29,38.36,-2.6538461538461484,1.0374449339207044,1.0295031055900619,-1.4100000000000001,-2.3092739273927387,-0.35203719413502377,-4.266510660650454,-0.03356772,-0.009505506534653466,-0.030176857138254937,0.011165844068948003,0.01330274,-0.028488920764119637,-0.0505096390022749,-0.006468202525964372,-0.03421327,0.0013487391118421222,-0.03130737576868144,0.034004853992365684,-0.00645024,0.00421285,95.6,2.33,0.005,-0.42168211920529786,0.39362846402116514,-1.2369927024317608,68.1,-0.3858259563876201,0.3632809256781274,-0.1393454189344996,0.8659072702907544,-0.2085,-21.0
2026-09-14,CPT,CAMDEN PROPERTY TRUST,103.83,100.64,105.85,94.67,111.76,95.39,115.89,-2.8740740740740525,-1.1551071878940717,1.4289099526066358,-1.2399999999999949,-3.1450825082508267,-0.5758121368196258,-5.7143528796820275,-0.01773453,-0.0028392343894389433,-0.016108972759063533,0.010430503980185645,-0.01439124,-0.002415361362126239,-0.017290161612763057,0.01245943888851058,-0.02779296,-0.007482026513157895,-0.017321813747904834,0.002357760721589045,-0.00030991,0.00020769,11.1,-1.86,-1.601,-0.2084437086092717,0.6961256747140869,-1.1130130919326302,9.7,0.9542168925193704,0.19613947210063523,-0.11626662482222153,0.508545569023492,-0.2085,-21.0
2026-09-14,ESS,"ESSEX PROPERTY TRUST, INC.",275.73,263.88,280.93,251.75,297.07,252.47,307.97,-3.30569948186532,-1.1237113402061878,1.3860705073086836,-6.089999999999975,-10.003399339933996,-2.4149694491364695,-17.59182923073152,-0.01954702,-0.0011448810231023115,-0.015619589074100108,0.013329827027895483,-0.00675331,0.003678788770764119,-0.015533943980997288,0.022891521522525524,-0.02524994,-0.0008492157236841821,-0.01255365583922537,0.010855224391857005,-0.0007896,0.00201128,17.3,-1.47,-0.918,-0.03380132450331126,0.6650874234327211,-0.7326900724393437,7.7,0.4625628184895798,0.11268155292824733,-0.18308076066073448,0.40844386651722914,-0.2085,-21.0
2026-09-14,FVX,5 YR TSY YLD NDX,4.79,4.57,4.95,4.52,5.25,4.17,5.05,1.4374999999999958,1.7037037037037006,-2.384615384615387,0.009999999999999787,0.03056105610561059,0.12591339367357823,-0.06479128146235705,0.04014659,0.002474461683168316,-0.009677709564657924,0.014626632930994556,0.04522452,0.002409888803986714,-0.015886830313326876,0.020706607921300302,0.01800729,-0.029675091151315808,-0.04551174588820222,-0.013838436414429396,0.00195625,-0.0039326,24.4,-1.26,2.205,0.10749668874172183,0.8534536172514424,-0.6384602397679988,99.4,,,,,-0.24125,-21.0
2026-09-14,HIG,THE HARTFORD FINANCIAL SERVICES GROUP,137.59,132.25,140.16,128.18,147.62,125.05,156.88,-1.7490636704119993,1.0658873538788527,1.5382775119617211,-6.439999999999998,-10.557623762376243,-6.695761290457255,-14.419486234295231,-0.00439955,0.001024133333333333,-0.012619518257058433,0.0146677849237251,0.00700135,0.0034552945847176066,-0.004213058201571654,0.011123647371006868,0.01707633,0.04496028881578933,0.023513491059812715,0.06640708657176594,0.00128707,4.597e-05,42.3,-0.38,-0.119,0.02357615894039737,0.9480062046782769,-0.9008538867974822,48.6,0.05660280418586727,0.11283275605659003,-0.1391439536286727,0.3648094657418528,-0.21,-21.0
2026-09-14,HPQ,HP INC.,34.02,30.46,35.85,30.74,40.54,23.77,39.69,-1.0442804428044312,1.9878048780487765,-1.8077601410934767,0.7000000000000028,-0.34349834983498295,0.9189061829782778,-1.6059028826482438,0.02957725,0.004401093168316833,-0.027840620253364118,0.03664280658999779,0.07943512,0.004902857973421922,-0.043547291617016544,0.05335300756386039,-0.01897334,-0.043186640657894675,-0.06102923008085471,-0.02534405123493464,0.00579617,0.01743152,44.2,-0.03,0.763,-0.039678807947019806,0.952647827948077,-1.0320054438421167,83.1,-0.11588555926499322,0.12587229875245784,-0.2028049924402109,0.4545495899451266,-0.23725,-21.0
2026-09-14,LOW,"LOWE'S COMPANIES, INC.",198.17,190.57,201.86,181.24,214.5,174.92,241.37,-3.605932203389806,-1.0367421922841376,1.858064516129033,-8.030000000000001,-11.659636963696363,-2.4985564835819964,-20.82071744381073,-0.02998324,-0.0006828808910891086,-0.023127744149024125,0.021761982366845907,-0.01714327,-0.0033143030232558194,-0.03135761653360905,0.02472901048709741,-0.02042727,0.008867487532894725,-0.005619292609764558,0.023354267675554007,0.00080269,-0.0080876,16.9,-1.64,-1.852,-0.1674205298013244,0.9978837445420939,-1.3327248041447428,8.1,0.404949826487101,0.13020782815523296,-0.17642625322201294,0.43684190953247887,-0.2085,-21.0
2026-09-14,STX,SEAGATE TECHNOLOGY HOLDINGS,805.55,800.6,951.26,699.67,962.22,667.1,1405.61,3.6041856232939145,1.4796939931998496,4.334127843987001,-378.53999999999996,-150.33181518151818,-2.91907076785364,-297.74455959518275,-0.01427993,0.027554545478547895,-0.01975997933388879,0.07486907029098458,-0.02908463,0.09782569508305666,0.0554865454752746,0.14016484469083873,0.23735877,0.15406632914473672,0.09000020447361876,0.2181324538158547,-0.00800764,-0.03326109,23.8,-1.1,-0.977,0.7850960264900665,1.812108968039687,-0.24191691505955404,1.8,-0.03376025815602357,0.10470249802528471,-0.15297679841379325,0.36238179446436264,-0.24375,-22.0
2026-09-14,VNM,VANECK:VIETNAM,17.34,17.45,18.52,16.25,18.61,15.51,20.69,10.0,1.1651376146788988,1.8306010928961756,-1.5100000000000016,-0.9062376237623765,-0.20227600791034006,-1.610199239614413,0.00239164,0.0037862316501650183,-0.01835441132439669,0.025926874624726724,-0.02281801,0.008299722624584751,-0.02319234437238484,0.039791789621554344,0.02318236,0.019235929703947295,0.0076956637973826895,0.0307761956105119,-0.0100177,-0.00206638,37.5,-0.69,0.117,0.18635761589403965,1.2621616393737627,-0.8894464075856834,57.7,-0.005021708617266474,0.35239618159506314,-0.1437422867790243,0.8485346499691506,-0.21675,-22.0
2026-09-14,CHTR,"CHARTER COMMUNICATIONS, INC.",143.35,129.43,151.46,125.27,166.52,109.68,180.92,-1.8936170212765906,1.2815265486725673,1.115830115830116,0.21999999999999886,-7.356897689768967,13.261904078769682,-27.975699458307616,-0.02457397,-0.018005616534653462,-0.06732797767479173,0.0313167446054848,0.00470882,-0.04037661222591356,-0.074529052734739,-0.006224171717088112,-0.10559857,-0.05641105605263155,-0.0855239659518015,-0.027298146153461596,0.00268336,-0.00025552,78.4,1.45,-0.399,-0.3953907284768211,0.584195532233735,-1.374976989187377,45.8,-0.20123954127260657,0.3352774905483123,-0.24204773590744694,0.9126027170040716,-0.21775,-22.0
2026-09-14,EME,"EMCOR GROUP, INC.",749.7,716.59,795.3,665.39,824.34,643.84,1011.66,1.1201550387596877,-1.1295551982851029,2.4745890799168704,-113.7299999999999,-129.43075907590764,-92.73879394659036,-166.12272420522493,-0.01384265,0.0029172131683168363,-0.02662412986424214,0.03245855620087581,-0.03463157,0.030749095282391975,-0.006911485424993299,0.06840967598977725,0.0847418,0.10935208391447372,0.09400113422076083,0.12470303360818662,0.00262603,-0.00337415,28.4,-0.69,-0.943,0.3164701986754967,1.290233650395817,-0.6572932530448237,12.1,-0.11628929925231679,0.05092088984368536,-0.2700630835306921,0.3719048632180628,-0.2085,-22.0
2026-09-14,GLATF,GLOBAL ATOMIC ,0.35,0.35,0.41,0.3,0.41,0.25,0.54,5.0000000000000275,1.2000000000000002,1.900000000000001,-0.040000000000000036,0.028844884488448862,0.08093038823532725,-0.02324061925842953,-0.02445464,-0.011046115676567662,-0.07742082737138395,0.05532859601824863,-0.08112871,-0.023298080232558135,-0.08944503087833217,0.04284887041321589,-0.12666654,-0.17997970177631578,-0.2097309363002736,-0.15022846725235797,-0.01121479,-0.01325157,48.6,-0.22,-1.2,-0.17984105960264912,0.7223370621440168,-1.0820191813493152,8.9,,,,,-0.255,-22.0
2026-09-14,GREK,GLBL X MSCI GREECE,86.22,85.15,89.33,83.84,91.65,77.29,100.58,2.0496453900709275,2.2815126050420242,1.6080627099664067,-9.070000000000007,-6.825247524752476,-4.435278450971824,-9.215216598533129,0.00621612,0.006064495247524755,-0.011075404133122427,0.023204394628171934,0.02447035,0.014771056943521581,-0.00945926780122941,0.03900138168827257,0.08256014,0.0639536299013158,0.053128333206764494,0.0747789265958671,-0.00302589,-0.00064701,47.0,-0.18,0.91,0.41743708609271557,1.2579912544734206,-0.4231170822879896,72.0,0.8821227921149035,0.09615135443472332,-0.23352267729051002,0.4258253861599567,-0.25125,-22.0
2026-09-14,OTIS,OTIS WORLDWIDE ,70.18,66.63,70.95,64.96,73.77,62.61,78.33,-4.215909090909122,-1.4540389972144927,1.0766182298546874,-0.47999999999998977,-3.277821782178218,-0.2344892792958717,-6.321154285060564,-0.01299347,-0.0068541377227722775,-0.0262023509299186,0.012494075484374046,-0.01605926,-0.012745158239202666,-0.027832482300890964,0.002342165822485632,-0.02949251,-0.0049685734210526385,-0.018105577684365156,0.00816843084225988,0.00325243,-0.00828732,55.2,0.32,-0.622,-0.244158940397351,0.5603994027188856,-1.0487172835135876,29.2,-0.09376266279081846,0.13076822676303776,-0.24857879164852278,0.5101152451745983,-0.22875,-23.0
2026-09-14,T,AT&T INC.,26.51,24.5,26.79,23.72,29.6,20.88,29.93,-3.3392857142857237,1.107526881720429,-1.6461988304093584,0.030000000000001137,-2.520528052805279,-1.3750646203012942,-3.665991485309264,0.00676197,-0.0040745297359735975,-0.02779024879812102,0.019641189326173824,0.04134206,-0.007215551461794021,-0.03758651481379204,0.023155411890204,-0.00107206,0.04625640917763135,0.022213310288159406,0.0702995080671033,0.00195703,0.00561225,37.5,-0.66,1.07,-0.17447019867549662,0.9126593987356875,-1.2615997960866807,82.7,0.36373098270711934,0.17458253648046917,-0.22316676098716842,0.5723318339481067,-0.2295,-23.0
2026-09-14,IQV,IQVIA HOLDINGS INC,265.67,249.52,271.23,244.38,302.34,199.85,321.03,-2.6277372262773917,1.7224048849224953,-1.1889450867052036,-3.269999999999982,-7.229669966996704,4.751787446232379,-19.21112738022579,0.01354956,0.0072737165676567605,-0.028176178386399436,0.04272361152171296,0.07418276,0.012866114318936896,-0.05421969324733277,0.07995192188520656,-0.00380732,-0.02742106513157892,-0.04870111580843599,-0.006141014454721847,0.00022753,0.02076422,36.9,-0.75,1.402,0.3388940397350993,1.1553211977533389,-0.4775331182831402,93.5,0.285476047440105,0.07286325583600721,-0.3087684605116912,0.45449497218370566,-0.261,-23.0
2026-09-14,MO,"ALTRIA GROUP, INC.",70.61,67.09,71.2,64.0,76.65,61.04,79.19,-2.2900763358778584,-1.0943708609271512,-1.1153846153846156,-3.1500000000000057,-6.817590759075906,-4.368472698288328,-9.266708819863485,0.01839764,0.0011695575577557755,-0.018503859235428008,0.020842974350939562,0.01482144,0.009991047973421945,-0.015222808645470228,0.03520490459231412,0.04755022,0.06087326792763152,0.05030991781200533,0.07143661804325772,0.00209079,0.00410892,19.2,-1.18,0.976,0.1223476821192053,1.0470748350064605,-0.8023794707680499,86.3,0.25024858027600017,0.03153381151849096,-0.35284795307100336,0.41591557610798524,-0.2295,-23.0
2026-09-14,UNG,UNITED STATES NAT GAS,10.33,9.77,10.73,9.27,11.12,8.2,12.23,-1.5833333333333366,-1.3417721518987362,-1.1210526315789475,0.009999999999999787,-0.23264026402640273,0.7696750817010407,-1.234955609753846,0.00464937,-0.006827603201320136,-0.040118680072331374,0.026463473669691102,-0.02564424,-0.012824284684385411,-0.0466000691232685,0.02095149975449768,-0.04152899,-0.051878502861842195,-0.07320141187010828,-0.030555593853576098,0.00035847,-0.00065492,23.2,-1.25,0.539,-0.25963576158940394,0.5143321610630359,-1.033603684241844,84.3,0.7391130382383639,0.21984497913267428,-0.2173937763964954,0.657083734661844,-0.2335,-24.0
2026-09-14,AFL,AFLAC INC.,117.01,111.65,117.43,107.31,125.4,107.74,134.64,-8.688524590163961,-1.156138259833135,1.901833872707655,-5.739999999999995,-8.351386138613863,-5.908627806127194,-10.794144471100532,-0.00736961,0.0017566789768976886,-0.010796130023619564,0.014309487977414942,0.01093515,0.005189710863787376,-0.009244737727257889,0.01962415945483264,0.02220711,0.04105034618421046,0.03427081865923901,0.04782987370918191,0.00322828,-0.00098888,55.8,0.46,-0.656,0.08295033112582775,0.9057833398921902,-0.7398826776405347,20.0,-0.1250561230447389,0.1898204929105295,-0.11193103788326486,0.49157202370432385,-0.22475,-24.0
2026-09-14,AMCR,AMCOR PLC,42.25,41.21,44.75,39.07,48.29,38.43,53.11,-1.026490066225165,1.8993710691823897,2.8429319371727746,-3.5799999999999983,-1.5551815181518152,0.3354080785701834,-3.4457711148738137,-0.03530106,-0.0007202699339934014,-0.02578826785082137,0.024347727982834563,0.02161117,0.0024637447840531557,-0.02500928640635635,0.029936775974462662,-0.02013814,-0.012880453026315752,-0.019359463508287593,-0.00640144254434391,-0.00778895,-0.00793615,41.3,-0.84,-1.299,-0.03554966887417212,0.9284940515384447,-0.9995933892867889,9.3,-0.019020930456955965,0.27902360747141836,-0.6316546082714083,1.1897018232142451,-0.22125,-24.0
2026-09-14,CDW,CDW ,151.7,136.01,158.05,133.59,171.95,107.6,171.94,-1.8835978835978804,1.1181667586968536,-2.17885375494071,3.6499999999999773,-3.474191419141909,4.378179163335836,-11.326562001619653,0.01438972,-0.008176283630363036,-0.044429663483884774,0.0280770962231587,0.02596307,-0.012719418671096336,-0.0488497763683917,0.023410939026199028,-0.06989145,-0.04667356753289481,-0.07372359406412068,-0.01962354100166893,0.00557455,0.00479102,51.2,0.44,0.518,-0.18621192052980146,0.6302790285263724,-1.0027028695859752,80.4,-0.2673141279588188,0.09556368563067733,-0.2811305679159547,0.4722579391773093,-0.23725,-24.0
2026-09-14,PLTR,PALANTIR TECHNOLOGIES INC.,173.31,158.4,178.09,144.74,202.85,128.06,253.42,-3.9046454767726124,1.0339516975848793,1.7703867403314915,-51.109999999999985,-52.43379537953796,-34.76101534666135,-70.10657541241457,-0.01809465,0.0017971309570957142,-0.043560488274471676,0.04715475018866311,0.01319754,0.008427483255813925,-0.042082754058954355,0.058937720570582205,0.18341525,0.22598072006578962,0.18978169057948577,0.2621797495520935,-0.00315889,0.00364729,19.4,-1.36,-0.048,0.10039072847682133,0.975546315771763,-0.7747648588181204,51.8,-0.0929238148157987,0.07045159660714338,-0.26527935860907004,0.40618255182335683,-0.2455,-25.0
2026-09-14,SNPS,"SYNOPSYS, INC.",381.43,365.68,431.23,345.79,429.68,309.67,521.88,2.491785903550608,1.353815937149271,1.9572185061315497,-41.639999999999986,-19.628976897689764,23.582641442125063,-62.84059523750459,0.00359586,-0.005440743498349834,-0.04924692786170898,0.038365440865009315,-0.03325776,-0.03068733803986708,-0.10592624949341065,0.04455157341367649,-0.05927241,-0.03707082039473688,-0.06923638078911362,-0.00490526000036013,-0.00070635,-0.0005689,74.2,1.07,-0.572,0.013682119205298025,1.1043969073669102,-1.077032668956314,40.1,-0.26937583603735105,0.1253144266972856,-0.2542762518138058,0.5049051052083771,-0.22925,-25.0
2026-09-14,GLD,SPDR GOLD,392.84,382.73,418.45,364.65,440.69,356.6,494.35,1.64678178963894,1.6974104292302243,2.801048565121418,-74.16000000000003,-65.77976897689769,-37.476103073187694,-94.08343488060768,-0.01261928,0.003438820528052802,-0.016451784321272315,0.023329425377377918,0.0183921,0.019571471561461825,-0.022758749209153693,0.061901692332077346,0.09642562,0.11798376503289498,0.09308148123996744,0.14288604882582254,-0.00745613,-0.00251095,54.8,0.67,-0.31,0.3704933774834438,1.498970717942444,-0.7579839629755565,29.6,-0.13318528562141263,0.04799698463495077,-0.27074617736204737,0.3667401466319489,-0.22625,-25.0
2026-09-14,RSG,"REPUBLIC SERVICES, INC.",225.85,218.6,226.29,209.87,241.68,196.42,244.39,-2.7405857740585535,-1.0094756790903334,-1.5873786407767,-0.21000000000000796,-14.614620462046206,-6.831560250101371,-22.39768067399104,0.00599077,-0.0023465693069306954,-0.013850943772297715,0.009157805158436323,0.01034295,-0.008431910232558125,-0.019085735872272476,0.0022219154071562285,0.00200008,0.029092637105263306,0.006328380688287189,0.05185689352223942,0.00157349,0.00137997,25.2,-0.92,1.124,-0.21500000000000008,0.5257071282456292,-0.9557071282456293,95.4,0.27298688386666936,0.14738326052015577,-0.1374478743821988,0.43221439542251033,-0.257,-26.0
2026-09-14,RUT,RUSSELL 2000 INDEX,2892.24,2857.61,2969.53,2822.02,3027.13,2744.01,3256.77,1.1152764761012202,1.9209626886926903,2.4592187816231617,-170.10000000000036,-100.18343234323429,-39.35235025155262,-161.01451443491595,-0.0113901,0.003365875379537955,-0.008413533650148554,0.015145284409224462,0.00602004,0.011477168671096358,-0.0005755872925119702,0.023529924634704685,0.0155556,0.01742895177631578,0.011117172697490707,0.023740730855140856,-0.00058397,-0.00062287,31.3,-1.12,-1.672,0.3495761589403973,1.1222102257257611,-0.42305790784496644,0.2,,,,,-0.24,-26.0
2026-09-14,STZ,"CONSTELLATION BRANDS, INC.",125.0,115.17,128.95,111.28,134.13,105.95,147.12,-3.8148148148148024,-1.5027382256297925,1.161154855643045,1.8400000000000034,3.395049504950499,8.503594214927356,-1.7134952050263572,-0.02993736,-0.004332654587458748,-0.027768548351493158,0.019103239176575658,-0.04296619,-0.011101905614617942,-0.042275234111917345,0.020071422882681465,-0.08610684,-0.07108004009868436,-0.07928489838805607,-0.06287518180931266,-0.000855,-0.0105147,91.5,1.58,-1.088,-0.2234999999999999,0.7146831907125325,-1.1616831907125322,18.1,-0.056140721458171616,0.1779814182502136,-0.18327281198519194,0.5392356484856191,-0.24125,-26.0
2026-09-14,TSCO,TRACTOR SUPPLY COMPANY,33.83,32.45,35.52,30.7,38.25,26.47,41.71,-1.560975609756091,1.4121405750798732,1.070652173913044,-0.14000000000000057,-2.6971947194719474,0.3081964163333937,-5.702585855277288,-0.01345364,-0.00782698610561056,-0.03767278417091225,0.02201881195969113,0.02114182,-0.018465096843853814,-0.06964879502421165,0.03271860133650401,-0.05759464,-0.0032842696710526564,-0.05286506701082283,0.046296527668717516,-0.00192934,-0.00167224,26.4,-0.93,-0.808,-0.29711920529801306,0.7863878354440271,-1.3806262460400531,39.1,0.23472405190749068,0.2624150747666206,-0.07767079179515379,0.602500941328395,-0.25525,-26.0
2026-09-14,EPAM,"EPAM SYSTEMS, INC.",123.61,109.78,122.75,111.12,141.34,76.13,143.55,-4.591269841269845,1.4195356285028031,-2.3811434302908716,16.060000000000002,1.5102970297029727,12.026655663664812,-9.006061604258868,0.02861726,-0.01021238419141914,-0.05522201212354256,0.034797243740704274,0.09783091,-0.03533978368770763,-0.10232262549004315,0.03164305811462789,-0.10808424,-0.08203762733552628,-0.10586418554991715,-0.0582110691211354,0.00324979,0.0537414,16.5,-1.38,1.8,-0.11368211920529811,1.1051561293021608,-1.332520367712757,90.3,0.1034789696318612,0.2291228936378885,-0.18845960481399718,0.6467053920897742,-0.257,-26.0
2026-09-14,PCG,PG&E ,13.6,11.72,16.13,11.3,16.47,10.68,19.12,1.0829268292682936,1.247826086956522,1.89041095890411,-3.540000000000001,-0.49792079207920814,0.30464584829925734,-1.3004874324576736,-0.08271272,0.00010922907590759023,-0.023980191741158372,0.024198649892973555,-0.05891926,0.0018437269435215902,-0.027986743979781133,0.031674197866824315,-0.04617668,-0.014497054769736848,-0.0280533369532985,-0.0009407725861751929,-0.00471264,-0.0019131,79.6,1.08,-1.095,0.06984105960264893,0.9992038541505605,-0.8595217349452625,8.3,-0.4098842486974327,0.3106099026930881,-0.10416984813754371,0.7253896535237199,-0.24875,-27.0
2026-09-14,UHS,"UNIVERSAL HEALTH SERVICES, INC.",173.25,165.96,181.44,160.18,197.07,143.2,199.23,1.3474452554744523,1.8224942616679423,-1.1566589684372603,-0.38999999999998636,-13.959339933993412,-2.879497897083759,-25.039181970903066,-0.00156984,-0.0020519611551155117,-0.031866468461668275,0.027762546151437254,0.04686575,-0.008736779202657812,-0.0496742522343027,0.03220069382898707,-0.03457016,0.014135219605263176,-0.0159778623748046,0.044248301585330954,-0.00079372,0.00231315,15.5,-1.29,0.237,-0.017417218543046186,1.1243331708136757,-1.159167607899768,55.0,0.34259627947799753,0.1690617817301204,-0.1863758881507501,0.5244994516109909,-0.2625,-27.0
2026-09-14,UUP,INVESCO DB USD IDX BL,28.17,27.7,28.36,27.09,29.27,26.56,29.57,-1.400000000000019,1.0185185185185148,-1.1500000000000032,-0.13999999999999702,-0.26577557755775555,0.09965890366127306,-0.6312100587767842,0.00396678,0.0002725341584158426,-0.004389373932412807,0.004934442249244492,0.0045137,0.002578340564784052,-0.0030792355112452107,0.008235916640813315,-0.0027815,-0.00847306361842105,-0.013853859198717029,-0.0030922680381250713,0.00196872,-0.0025965,58.9,-0.09,-0.058,0.03942052980132453,0.8834873376166374,-0.8046462780139885,49.0,1.6393219875072091,1.3879777953312817,-1.1251525420945716,3.901108132757135,-0.30775,-27.0
2026-09-14,AMT,AMERICAN TOWER ,176.94,169.94,180.53,162.31,189.42,150.76,192.59,-1.8719346049046253,-1.1722756410256416,-1.672843450479233,2.289999999999992,-5.611419141914189,0.7064832286098621,-11.92932151243824,-0.00665086,-0.004235368943894387,-0.020942373487703957,0.012471635599915185,-0.01078804,-0.013894588903654507,-0.02610058621534935,-0.0016885915919596633,-0.03664005,-0.014757508421052654,-0.026981751550761657,-0.0025332652913436504,-6.15e-05,0.00876636,24.2,-1.04,0.077,-0.26050993377483467,0.445131852449434,-0.9661517199991033,60.9,0.33159369958924456,0.12245563358888742,-0.09894763322312758,0.3438589004009024,-0.2625,-27.0
2026-09-14,CMS,CMS ENERGY ,66.82,66.21,69.46,63.05,72.64,61.74,77.75,2.6162790697674434,1.5437665782493404,2.1515748031496114,-4.110000000000014,-4.2370297029702915,-2.625229747907224,-5.848829658033359,-0.0111393,-0.0013511650825082516,-0.01340492982058204,0.010702599655565536,-0.00027302,0.0003924733222591369,-0.009196983554372803,0.009981930198891077,0.00940386,0.022765415657894666,0.015950163706707397,0.029580667609081936,0.0025041,-0.0005956,8.7,-1.96,-1.841,-0.08341059602649013,0.8127924560688629,-0.9796136481218432,1.0,0.9160427991683415,0.29097650163457023,-0.1193449588613692,0.7012979621305097,-0.2525,-27.0
2026-09-14,EG,"EVEREST GROUP, LTD.",379.54,353.82,387.01,345.86,416.5,334.18,411.6,-2.4938398357289673,1.0973871733966738,-1.4148471615720528,-5.180000000000007,-7.461518151815172,2.098723349064029,-17.02175965269437,0.00270987,0.00021104016501650224,-0.01771291778418207,0.018134998114215078,0.02945025,-0.006580828305647837,-0.034576628628209136,0.021414972016913465,-0.01088199,-0.01856291407894729,-0.02417743426818497,-0.01294839388970961,0.00223296,-0.00128748,41.5,-0.22,0.379,0.11593046357615892,0.9748329494256618,-0.742972022273344,62.9,0.05616742910247341,0.1600860359451778,-0.13087303075734633,0.4510451026477019,-0.30775,-27.0
2026-09-14,ERIE,ERIE INDEMNITY COMPANY,253.88,226.43,254.32,216.44,286.39,203.69,281.84,-15.718562874251347,-1.1516456474930794,-1.7950643776824047,8.199999999999989,-13.105313531353147,4.204036174392865,-30.41466323709916,-0.02664937,-0.00731193646864687,-0.031443409724687475,0.016819536787393733,0.00620374,-0.02036941558139539,-0.038895057116877824,-0.00184377404591295,-0.08209439,-0.019914918026315755,-0.06412371076397543,0.024293874711343918,0.00245027,-0.00047574,40.9,-0.41,-0.107,-0.2654172185430461,0.4357153522513668,-0.966549789337459,61.7,0.06132222219603012,0.05870976671734186,-0.17542740287979358,0.2928469363144773,-0.2625,-27.0
2026-09-14,FOXA,FOX ,68.53,61.23,66.67,59.74,75.86,52.42,82.22,,-1.1991814461118693,-1.1767713659605552,-2.9099999999999966,-7.461155115511556,-3.4933086448259325,-11.42900158619718,-0.01490149,0.004381746468646866,-0.02843997463266122,0.03720346756995495,0.03615673,0.0006389801328903721,-0.042874503914382925,0.044152464180163664,0.02794949,0.06412784582236904,0.04000834889653296,0.08824734274820512,0.00860309,0.0882319,35.9,-0.13,-0.101,0.28798013245033094,1.3849310801520818,-0.80897081525142,28.8,-0.17854489075906077,0.13193532593974683,-0.23734753723819402,0.5012181891176877,-0.272,-29.0
2026-09-14,RDDT,"REDDIT, INC.",162.38,141.42,163.35,130.13,179.15,109.21,256.9,-3.6521739130434745,-1.9230769230769218,1.7776941884521342,-25.560000000000002,-62.84894389438939,-35.2102082715725,-90.48767951720629,0.0139455,0.001068122607260723,-0.060129327296055315,0.06226557251057677,-0.0529619,0.008920773421926978,-0.08003642825615978,0.09787797510001373,0.12169805,0.20071236651315819,0.13574067537766987,0.2656840576486465,0.01235588,0.00523626,23.6,-1.0,-0.424,0.06797350993377475,1.066477703155147,-0.9305306832875975,32.7,-0.28044893006810434,-0.3547236672551903,-0.46990886677302107,-0.23953846773735948,-0.3075,-31.0
2026-09-14,TSLA,"TESLA, INC.",358.97,354.13,388.18,308.6,418.16,275.89,467.91,5.063394683026538,1.175104228707564,1.3112662493981697,-28.569999999999993,-50.89887788778877,-22.827727227387506,-78.97002854819004,0.01754722,0.0002683507920792075,-0.03466090674612206,0.035197608330280475,-0.02590029,-0.001127780830564802,-0.041434584409648825,0.03917902274851923,0.03780984,0.0640269296052634,0.03503716736572174,0.09301669184480507,-0.01103705,0.00011576,49.0,0.2,0.309,0.05506953642384108,0.9022844921435409,-0.7921454192958588,67.3,-0.1851303529734032,0.020960615210940163,-0.2203454961769956,0.2622667265988759,-0.3085,-31.0
2026-09-14,EBAY,EBAY INC.,108.99,99.7,109.16,96.38,115.84,93.02,131.27,-3.5348837209302206,-1.8408759124087568,1.3951158422041339,-9.120000000000005,-14.110132013201317,-9.597654978452294,-18.62260904795034,0.0042619,0.0034566697029702943,-0.024087705587035945,0.031001044992976536,-0.0154487,0.02215372956810629,-0.0031188669515333257,0.04742632608774591,0.07665018,0.08962886006578963,0.08153659469939,0.09772112543218926,0.00304203,-0.00366997,9.5,-1.8,0.635,0.18371523178807952,0.9985577751453205,-0.6311273115691614,70.4,0.07901481378383424,0.12288179536760141,-0.285769285987726,0.5315328767229288,-0.30075,-31.0
2026-09-14,GLW,CORNING INC.,143.6,154.16,183.11,125.26,191.25,122.24,234.01,,2.5981461286804817,4.232677902621723,-59.390000000000015,-35.958844884488464,-6.73380540175636,-65.18388436722057,0.00490213,0.018711258382838297,-0.02951266585386883,0.06693518261954542,-0.02439405,0.06818033654485058,0.02538227430563681,0.11097839878406435,0.18843415,0.1535070195065789,0.09927129382130845,0.20774274519184938,-0.01480241,-0.00748954,45.6,0.07,-0.679,0.6110596026490069,1.5346981912121407,-0.3125789859141268,6.9,-0.16241220988231886,0.056376376780446574,-0.28573146455474197,0.39848421811563517,-0.29,-31.0
2026-09-14,RMD,RESMED INC.,222.99,207.93,230.73,205.38,252.24,184.24,273.67,-2.105263157894738,1.6609880749574093,1.3078709677419356,-14.719999999999999,-17.97333333333333,-7.327539783341354,-28.619126883325304,-0.00926507,-0.0036484342904290414,-0.023970455529919145,0.016673586949061063,0.04743158,-0.008887071926910286,-0.04611704137777998,0.028342897523959402,-0.00287481,0.024079468585526342,-0.001544122600972326,0.04970305977202501,-0.001415,-0.00023756,14.5,-1.59,-0.114,-0.19139403973509922,0.8110646156940191,-1.1938526951642177,56.2,-0.07604103298337717,0.3652937857637237,-0.3030220099662653,1.0336095814937127,-0.3115,-32.0
2026-09-14,SCHP,SCHWAB STR:US TIPS,25.59,25.03,26.43,24.53,26.66,24.79,29.45,1.2063492063492107,1.0094339622641524,4.824999999999995,-3.379999999999999,-9.837326732673265,-8.659703783631079,-11.014949681715452,-0.00393078,-6.976669966996718e-05,-0.0027407437899098705,0.0026012103905699363,-0.00718407,0.0010455006976744189,-0.004409343375712876,0.0065003447710617135,0.08781957,0.29624358983552596,0.2576162527442526,0.3348709269267993,-0.00061679,-0.00018169,55.8,0.24,-1.399,-0.37185099337748356,0.3882965624476448,-1.131998549202612,9.3,0.2059074879318079,1.6480406913046661,-1.5460964559691772,4.842177838578509,-0.302,-32.0
2026-09-14,CVNA,CARVANA CO.,70.87,69.25,77.45,63.25,79.61,55.18,97.35,1.77960526315789,1.1469816272965865,1.6876991714467802,-12.060000000000002,-20.258349834983502,-11.938952534690399,-28.577747135276603,0.00772755,-0.0034238069306930735,-0.04802685453599054,0.04117924067460439,-0.01008769,0.004359113189368817,-0.04717992364443762,0.055898150023175254,0.06838155,0.16305885924342095,0.10212164358413138,0.2239960749027105,-0.00632728,0.00243311,31.2,-1.01,-0.398,0.06034768211920541,0.9239519167454473,-0.8032565525070365,33.1,-0.03229938065289595,0.19796983002930166,-0.03543114492273772,0.43137080498134106,-0.3115,-32.0
2026-09-14,MOS,THE MOSAIC COMPANY,25.05,25.25,28.57,23.33,28.53,18.7,30.47,7.5999999999999694,2.0232558139534857,-1.1715867158671593,-0.9899999999999984,-0.8412871287128715,0.6865902436459944,-2.3691645010717375,0.03574969,-0.006998506534653466,-0.03688861876472919,0.022891605695422253,0.03110136,-0.013888268039867103,-0.049307017510639636,0.021530481430905427,-0.01254883,-0.03899972496710529,-0.05002252877303234,-0.02797692116117824,-0.02140949,-0.00331066,29.0,-0.73,1.265,-0.20984437086092717,0.6552847587579125,-1.0749735004797667,95.8,0.2052007213330802,0.1052129482623019,-0.20943450420164342,0.4198604007262472,-0.3725,-32.0
2026-09-14,VST,VISTRA CORP.,140.73,143.54,160.19,131.3,159.59,114.05,189.25,41.585365853658914,2.000000000000006,1.818590704647677,-14.840000000000003,-41.620726072607305,-20.436773174287666,-62.80467897092694,0.01485193,-0.004462752706270626,-0.026036675148052427,0.017111169735511175,-0.02752167,-0.011716840996677764,-0.059043778145055306,0.035610096151699785,0.0271435,0.13784174082236933,0.06021913809005412,0.21546434355468452,-0.00485724,-0.02234826,39.9,-0.54,-0.513,-0.10399999999999998,0.48098554941404803,-0.688985549414048,26.8,0.32886017659063116,0.15208485129612262,-0.11427812554473507,0.41844782813698034,-0.32825,-33.0
2026-09-14,WYNN,"WYNN RESORTS, LIMITED",87.76,84.72,91.98,79.02,96.35,78.27,114.61,-1.367132867132871,-1.0174621653085005,2.829293993677552,-9.349999999999994,-5.9353465346534655,-0.4802253188733916,-11.39046775043354,-0.04003569,0.0003783472937293754,-0.02794764290344909,0.028704337490907842,-0.03066477,0.011000345481727599,-0.03383292916200059,0.055833620125455785,-0.00062628,0.0019890524342105293,-0.012509231960352498,0.016487336828773555,-0.00228161,-0.00535027,45.4,-0.63,-2.37,-0.03286092715231781,0.9282335800064898,-0.9939554343111254,0.6,0.2988025040912279,0.23618613463050428,-0.0789567261506284,0.5513289954116369,-0.305,-33.0
2026-09-14,AJG,ARTHUR J. GALLAGHER & CO.,253.3,232.61,260.09,225.76,282.58,207.26,310.73,-4.0472727272727305,1.0631808278867085,1.2473935708079926,-10.129999999999995,-14.329306930693063,-1.5015006068909216,-27.157113254495204,-0.01579864,-0.005241873828382846,-0.0302707477536477,0.01978700009688201,0.0241811,-0.026779716345514924,-0.06418231605246767,0.010622883361437824,-0.01601635,0.0022644031907894753,-0.020483157704955728,0.02501196408653468,-0.00172718,-0.00524027,94.6,1.96,0.049,-0.17581788079470176,0.7578230629867546,-1.109458824576158,57.9,-0.17138640612404854,0.10302723562993905,-0.14190896904306471,0.3479634403029428,-0.324,-33.0
2026-09-14,DXY,US DOLLAR INDEX,99.45,98.0,100.03,96.85,101.95,94.83,103.57,-1.4827586206896788,-1.0400000000000034,-1.1213592233009746,-0.45999999999999375,-0.4892409240924091,0.31037762199492586,-1.288859470179744,0.00332072,-0.0004432481848184816,-0.005543502044812362,0.004657005675175398,0.00347,-0.0006858585382059811,-0.006539002239100785,0.005167285162688823,-0.00338846,-0.008338867861842136,-0.010371424035122548,-0.006306311688561724,0.00180891,-0.00238507,90.3,1.35,-0.34,-0.1654072847682118,0.6971392480493859,-1.0279538175858094,45.4,,,,,-0.38275,-33.0
2026-09-14,EWQ,ISHARES:MSCI FRANCE,44.51,44.03,45.65,41.57,47.7,42.39,49.66,-1.1265822784810147,1.0850340136054446,2.42924528301887,-1.9100000000000037,-1.0936633663366333,-0.2298901987874008,-1.9574365338858657,-0.01584085,0.00040716970297029675,-0.011056731561976231,0.011871070967916826,-0.01494375,-0.0013369046843853829,-0.013007635246160323,0.010333825877389556,-0.00395055,-0.003044102401315796,-0.007977394663747797,0.0018891898611162043,-0.00225477,-0.00082353,54.2,-0.21,-2.207,0.08202980132450331,0.842993909889561,-0.6789343072405544,1.0,1.1420255583540317,0.43022071400161765,-0.07705901817829575,0.937500446181531,-0.305,-33.0
2026-09-14,FERG,FERGUSON ENTERPRISES INC.,222.31,210.81,231.23,195.0,253.12,195.21,286.59,-1.976811594202899,1.1281581838154522,2.371955719557195,-23.069999999999993,-17.813927392739284,-7.326476893775261,-28.301377891703307,-0.03416293,-0.0010561471287128703,-0.024866741777252198,0.022754447519826457,-0.00540752,0.017356507840531575,-0.011503095606880578,0.04621611128794373,0.02031828,0.029774057269736816,0.01579793579970657,0.04375017873976706,-0.00115736,-0.00669337,12.1,-1.83,-1.62,0.07462251655629147,1.0742293179362516,-0.9249842848236687,9.3,0.37663601238644984,-0.11982611010952858,-0.3144137978437546,0.07476157762469747,-0.305,-33.0
2026-09-14,IRM,IRON MOUNTAIN INC.,112.06,108.71,119.0,101.93,125.52,95.6,143.66,1.1541666666666657,1.3287265547877591,1.9198055893074106,-10.060000000000002,-7.1733993399339875,-2.210150297700528,-12.136648382167447,-0.03388355,0.0012610697029702947,-0.027255878710453395,0.02977801811639398,-0.01805985,0.017402752358803966,-0.012000311687631781,0.04680581640523972,-0.01645434,0.023211293059210464,0.007721915024260503,0.03870067109416042,-0.00172784,-0.00486085,43.7,-0.52,-1.663,0.04733112582781463,1.057148271354695,-0.9624860196990657,4.6,0.068282468372036,0.1449006551639112,-0.14786195079844972,0.43766326112627213,-0.32,-33.0
2026-09-14,BTC=F,BITCOIN FUTURES,78505.0,74766.51,83967.84,73638.2,88400.87,59492.75,96113.96,1.055133863799502,2.033342237198979,-1.0796918159845892,-3484.600000000006,-11993.567095709574,-731.9883601707043,-23255.145831248443,0.01864571,-0.007818950132013202,-0.05018895363279063,0.03455105336876422,0.06153907,-0.03529121445182725,-0.09435931295967656,0.023776884056022053,0.00476366,0.052014234276316,-0.021091557533589177,0.12512002608622116,-0.01841283,-0.00043677,59.5,0.79,1.574,-0.10817549668874175,0.8746771412835139,-1.0910281346609974,94.6,,,,,-0.336,-34.0
2026-09-14,CBRE,"CBRE GROUP, INC.",140.9,134.69,144.59,130.81,155.52,123.94,174.22,-2.7108433734939967,1.4489593657086224,1.9646226415094326,-10.150000000000006,-16.544752475247524,-7.826288556598758,-25.26321639389629,-0.0286475,-0.0011190964026402646,-0.02939926769656865,0.02716107489128812,0.01728858,-0.00022748222591359888,-0.047068551308481574,0.04661358685665437,0.00361106,0.04798770259868411,0.022122172616517,0.07385323258085122,-0.00074497,-0.00241971,57.9,0.71,-0.78,0.12235761589403975,0.9887550091926133,-0.7440397774045339,22.4,-0.06627063533899358,0.15346356154825244,-0.1542071741876522,0.4611342972841571,-0.336,-34.0
2026-09-14,PBR,BRAZILIAN PETROLEUM  - PETROBRAS,21.15,20.1,22.9,19.1,24.64,16.34,24.15,1.845360824742273,1.7024390243902472,-1.6033333333333328,-0.6300000000000026,-0.7729372937293723,0.14730613398613102,-1.6931807214448755,0.0357114,0.007288295643564357,-0.022186808020327766,0.03676339930745648,0.05465014,0.019867194651162753,-0.02693128313919476,0.06666567244152027,0.03250179,0.002234721447368456,-0.020618490976982547,0.02508793387171946,-0.00318647,0.01856903,64.9,0.79,1.519,0.2195894039735101,1.4490475849990678,-1.0098687770520478,81.9,-0.17188634451219398,0.32567589139223696,-0.5940731218080458,1.2454249045925199,-0.40225,-35.0
2026-09-14,BRK.B,"BERKSHIRE HATHAWAY INC.,",514.95,498.46,516.07,478.06,560.81,461.94,580.5,-3.1742081447964163,1.2431553266467836,1.2365591397849443,-13.329999999999927,-32.6398679867987,-22.438365566167494,-42.841370407429906,0.00537414,0.001032766435643564,-0.008661710233930699,0.010727243105217827,0.03204284,0.0003829686378737514,-0.013639705000481969,0.014405642276229471,0.02096112,0.038762034078947315,0.026378081836481666,0.05114598632141296,0.00196224,0.000318,7.3,-1.95,0.614,-0.0474933774834437,0.6696861004789986,-0.764672855445886,86.7,0.5481351614421919,0.32656205181645664,0.023006365780169402,0.6301177378527438,-0.342,-35.0
2026-09-14,MMM,3M COMPANY,162.02,156.84,168.39,148.15,179.99,155.47,196.75,-1.3271983640081855,1.2956020187454933,5.302290076335867,-21.20999999999998,-18.32244224422444,-12.02532885299108,-24.6195556354578,-0.02950003,0.0028303996699669976,-0.01617593756829626,0.021836736908230257,-0.00073488,0.00614118471760798,-0.023712540302059763,0.035994909737275725,0.03166436,0.0646347625986841,0.04747445440869801,0.08179507078867018,-0.00101922,-0.00645146,48.8,-0.57,-2.841,0.04952980132450335,0.9456310711706599,-0.8465714685216532,0.6,0.47440046331816466,0.14365723961546903,-0.20599786439989984,0.49331234363083787,-0.3275,-35.0
2026-09-14,TMUS,"T-MOBILE US, INC.",182.9,170.55,188.02,162.7,200.12,153.63,210.38,-2.0524412296564183,-1.173054587688735,-1.0651382823871915,-4.449999999999989,-20.271749174917478,-10.529799879764635,-30.01369847007032,-0.00440086,-0.005690970033003299,-0.02327447904947377,0.011892538983467173,-0.0125008,-0.015471089235880387,-0.038258155153463015,0.007315976681702243,-0.00937246,0.042209507894736695,0.012434227253459426,0.07198478853601396,0.00116527,-0.00034654,29.0,-0.76,-0.02,-0.34055629139072824,0.5371234088924619,-1.2182359916739183,74.8,0.0852775211984913,0.1430767866523892,-0.17164467094099461,0.45779824424577303,-0.35325,-36.0
2026-09-14,VRSK,"VERISK ANALYTICS, INC.",187.03,164.76,186.18,166.69,202.37,145.55,221.11,-36.80701754386007,-1.3259452411994783,-1.217136150234741,4.8300000000000125,-7.67320132013201,4.265810197117009,-19.61221283738103,-0.01559809,-0.010705548976897687,-0.039585838130788864,0.018174740176993488,0.02724761,-0.03751378481727578,-0.0757970623992874,0.0007694927647358268,-0.0635247,-0.03363046470394738,-0.06583626220431799,-0.001424667203576778,0.00294477,0.00353867,53.8,0.45,0.22,-0.44269867549668945,0.4302271710026638,-1.3156245219960427,73.6,-0.20381673666251943,0.11245903177168341,-0.25747747114708386,0.4823955346904507,-0.357,-36.0
2026-09-14,CME,CME GROUP INC.,280.46,268.91,287.04,253.3,306.49,235.56,323.21,-1.6709585121602277,-1.043411448328849,-1.0502923976608183,-5.6200000000000045,-19.184257425742565,-8.783766892239537,-29.584747959245593,0.01377189,-0.0003967469306930695,-0.020006079744753307,0.019212585883367165,0.00574908,-0.006885231993355478,-0.035155908116093176,0.021385444129382217,-0.00120847,0.030005900296052726,0.013573999028725515,0.04643780156337994,0.00045949,0.00176809,52.2,0.02,0.589,0.07363576158940403,1.1004470627956997,-0.9531755396168916,68.5,0.08735243915670377,0.21584686672331552,-0.17241381114127527,0.6041075445879063,-0.35325,-36.0
2026-09-14,CTSH,COGNIZANT TECHNOLOGY SOLUTIONS ,64.1,55.52,62.96,54.47,74.45,44.12,74.95,,1.0747663551401883,-1.8414746543778784,5.159999999999997,-1.9467326732673245,2.142997667001378,-6.036463013536027,-0.00329728,-0.005715146567656765,-0.050348298902414525,0.03891800576710099,0.06527771,-0.02160968860465114,-0.06848242512976524,0.025263047920462963,-0.09033535,-0.034304259309210536,-0.0674552747721241,-0.0011532438462969682,0.00261418,0.03441163,47.4,0.19,0.647,-0.15454304635761587,1.0476293877231937,-1.3567154804384254,69.2,-0.14995725825655526,0.19461319798649404,-0.16448107944853316,0.5537074754215212,-0.357,-36.0
2026-09-14,EIDO,ISHARES:MSCI INDONESIA,12.92,12.68,13.55,12.38,13.86,10.64,14.07,1.5454545454545445,1.7407407407407425,-1.9826086956521727,0.9000000000000004,0.15300330033003326,0.7203007362344921,-0.4142941355744255,0.00768918,-0.006975027194719472,-0.028448486957015857,0.014498432567576915,0.01879844,-0.029711287375415264,-0.07062896391531891,0.011206389164488378,-0.09502014,-0.050519095789473716,-0.06968865776477938,-0.03134953381416805,-0.00276366,0.01013301,10.9,-1.96,0.391,-0.2955529801324505,0.7740997139173977,-1.3652056741822989,70.4,1.9808601761685294,0.5604935378842963,-0.3152729725646325,1.4362600483332253,-0.35325,-36.0
2026-09-14,EIX,EDISON INTERNATIONAL,56.13,47.26,63.7,45.73,67.82,41.73,81.82,-1.329394387001478,1.12403846153846,1.7840277777777764,-14.109999999999992,-2.1236633663366313,1.2792714955703675,-5.52659822824363,-0.1058861,0.00020428759075907227,-0.023682176782321443,0.024090751963839585,-0.05640859,0.006997940132890371,-0.02179390325986405,0.03578978352564479,-0.04942259,-0.014582410526315754,-0.03195935755525551,0.002794536502624,-0.00351141,-0.00213004,68.3,1.05,-0.875,0.2612880794701987,1.0187377081520799,-0.4961615492116823,8.5,-0.5118689080193651,0.19107923146352224,-0.11490923683389292,0.4970676997609374,-0.34875,-36.0
2026-09-14,EQR,EQUITY RESIDENTIAL,66.32,63.15,68.0,60.38,71.12,58.28,71.37,-2.012987012987001,-1.2374999999999952,-1.5920792079207868,0.21999999999999886,-1.8459075907590756,-0.4727043391461887,-3.2191108423719625,-0.00050207,-0.0026204722112211235,-0.016352282168316516,0.011111337745874268,-0.00399849,-0.0024897266445182715,-0.01566000681593704,0.010680553526900498,-0.03455275,-0.012336564374999987,-0.02027530612117935,-0.004397822628820623,-0.00151993,0.00790127,24.8,-0.98,0.035,-0.12134437086092711,0.6360558121076928,-0.878744553829547,50.4,0.0017987210219105876,0.11739018355528556,-0.2339364675883599,0.46871683469893105,-0.3615,-37.0
2026-09-14,JKHY,"JACK HENRY & ASSOCIATES, INC.",164.55,153.64,167.51,152.79,184.84,134.51,192.3,-2.292343387471002,1.7253401360544183,-1.0825225225225232,-2.8100000000000023,-4.320891089108911,1.6464690989413233,-10.288251277159144,-0.00258964,-0.002875657656765676,-0.02813798307558047,0.022386667762049117,0.05466523,-0.014892586777408668,-0.042102584620244826,0.012317411065427487,-0.02529596,-0.017620665921052676,-0.030950844713424477,-0.004290487128680872,0.00041287,0.00786515,48.2,0.27,0.682,-0.09927483443708618,1.0087978183927306,-1.207347487266903,68.8,-0.0720855474895915,0.11757904361292405,-0.12847816610700435,0.36363625333285243,-0.361,-37.0
2026-09-14,STLA,STELLANTIS NV,5.26,5.13,5.63,4.71,5.71,4.08,6.18,1.5882352941176505,-1.2222222222222214,-1.2826086956521736,0.4500000000000002,0.42250825082508214,1.0015034232573836,-0.15648692160721933,-0.00108261,-0.011139190693069309,-0.04748323945867454,0.02520485807253592,-0.05170512,-0.03412209893687703,-0.08478960499595145,0.016545407122197396,-0.15652316,-0.1295576906578951,-0.16626801940752367,-0.09284736190826652,-0.00424463,0.00757795,62.1,0.64,-0.158,-0.27550331125827815,0.6562394873970923,-1.2072461099136487,60.1,-0.007459868028985239,0.09375571126589938,-0.4414704720350397,0.6289818945668384,-0.36925,-38.0
2026-09-14,BLDR,"BUILDERS FIRSTSOURCE, INC.",60.24,56.38,63.43,52.24,67.76,51.47,77.35,-2.3131313131313194,-1.063829787234042,1.9509692132269083,-1.2899999999999991,-2.4699999999999944,4.319225979739782,-9.259225979739771,-0.05514141,-0.012355351089108917,-0.04679635015772915,0.02208564797951132,-0.05544924,-0.019147871694352177,-0.06630938734641897,0.02801364395771462,-0.11025915,-0.059055645526315946,-0.09235513780535334,-0.025756153247278556,-0.00180517,-0.01399452,17.5,-1.38,-1.41,-0.3495761589403975,0.6103606775550796,-1.3095129954358746,18.5,0.12948346626252327,0.07172053027820623,-0.17386927303941851,0.31731033359583094,-0.3735,-38.0
2026-09-14,CALM,"CAL-MAINE FOODS, INC.",75.02,69.25,77.64,66.22,84.25,66.72,100.26,-3.1202185792349724,1.0488636363636372,3.0409638554216887,-10.600000000000009,-12.539009900990093,-6.916743942041987,-18.1612758599382,-0.03304205,-0.002818714224422444,-0.028123302878168617,0.022485874429323725,0.00286278,0.0021800540863787265,-0.047857346512926585,0.052217454685684034,0.03744362,0.07514756305921029,0.049732662129243654,0.10056246398917693,-0.00762823,-0.00529515,34.9,-0.88,-1.058,-0.25078476821192053,0.6754591041005811,-1.1770286405244221,24.0,0.23880045429483698,0.22271705826504234,-0.05279167531301826,0.49822579184310295,-0.3585,-38.0
2026-09-14,DUK,DUKE ENERGY ,119.02,117.43,121.81,113.12,129.1,110.1,135.27,1.5870967741935564,1.7084745762711886,1.8217488789237681,-5.480000000000004,-7.830000000000004,-5.557100780736828,-10.102899219263179,-0.00956933,0.0005366402640264008,-0.010191087027380231,0.011264367555433034,0.01515612,0.004672162691029907,-0.009198156225765808,0.018542481607825623,0.01041134,0.03218535401315776,0.022328581342827503,0.042042126683488015,0.00275809,-6.908e-05,6.3,-2.26,-1.153,0.00896026490066236,0.8821550625042989,-0.8642345327029741,8.9,0.26233713932457237,0.2659095429277001,-0.08416902183166403,0.6159881076870641,-0.3695,-38.0
2026-09-14,TECH,BIO-TECHNE ,72.27,71.22,73.18,66.51,82.67,59.67,83.29,-1.493150684931484,1.8055555555555594,-1.1433756805807607,2.6199999999999903,-1.6709240924092392,2.342405577237313,-5.684253762055791,-0.00449859,0.0019342047854785478,-0.03528034091487573,0.03914875048583282,0.05190579,0.018545366411960123,-0.014806330827637926,0.051897063651558176,-0.05031452,-0.03472126569078949,-0.061548328084000375,-0.007894203297578603,-0.00208633,-0.01167229,28.6,-1.06,-0.575,0.20499006622516566,1.1282703639715435,-0.7182902315212122,24.0,3.0609171964885613,0.2850545397749127,-0.544750281739363,1.1148593612891884,-0.38075,-39.0
2026-09-14,VMC,VULCAN MATERIALS COMPANY,250.54,240.2,259.01,226.99,270.09,234.76,304.43,-2.5099999999999967,-1.20460358056266,3.415082382762992,-22.580000000000013,-14.533366336633675,-4.251068688654186,-24.815663984613163,-0.0345255,-0.000310551386138615,-0.020131513252664435,0.019510410480387208,-0.03810421,0.004397117308970107,-0.01483866043888061,0.023632895056820827,-0.00411026,0.007866441875000012,-0.005397238707670579,0.021130122457670604,-0.00399072,-0.01349514,23.2,-0.98,-1.614,0.00880794701986747,0.8917700804695813,-0.8741541864298464,6.9,-0.07732068055720764,0.08542914516462528,-0.15622239734091553,0.32708068767016607,-0.36125,-39.0
2026-09-14,AVGO,BROADCOM INC.,344.72,349.24,375.53,325.24,384.1,306.08,498.19,13.520618556700631,2.0215605749486634,3.971790890269146,-79.57,-68.55214521452145,-42.09124349982166,-95.01304692922123,-0.01398882,0.00357610280528053,-0.028734445267596578,0.035886650878157636,-0.01501719,0.03263628588039867,-0.008317724382507906,0.07359029614330526,0.08960436,0.11756384161184205,0.09728871723256072,0.13783896599112339,-0.00242486,-0.0027882,40.3,-0.47,-1.184,0.2004437086092714,1.0036302538083666,-0.6027428365898236,5.0,-0.027252331458975654,0.0934209801198977,-0.20501149219070974,0.3918534524305051,-0.36125,-39.0
2026-09-14,COHR,COHERENT CORP.,266.5,271.7,337.32,222.43,341.1,215.01,470.54,896.8571428572299,1.6927615157703662,3.9627112060594287,-95.5,-62.09702970297034,-19.767346353426802,-104.42671305251388,-0.00039643,0.0158681190759076,-0.03049736368049627,0.06223360183231147,-0.07856645,0.07217426415282394,0.015518463411078015,0.12883006489456986,0.12770562,0.13776295506578942,0.10307730387466146,0.17244860625691738,-0.005381,-0.00666437,16.9,-1.4,-0.799,0.48645695364238417,1.2812089990977404,-0.3082950918129722,6.9,-0.15431678235805157,0.015296699493084175,-0.24376194633875561,0.27435534532492395,-0.36125,-39.0
2026-09-14,QCOM,QUALCOMM INC.,180.15,170.9,194.17,149.44,198.92,129.68,217.5,1.3333333333333306,-1.6361214704315417,-1.3512717536813925,-4.519999999999982,-18.175214521452144,-5.01258201222233,-31.337847030681957,0.04353431,0.0023262167326732665,-0.0428004707993732,0.047452904264719736,-0.05313699,0.02016104146179402,-0.053487564469114054,0.0938096473927021,0.03565992,0.031858633552631646,0.013443595539358737,0.05027367156590455,-0.00307621,0.00517376,27.6,-1.31,1.026,-0.08258940397350986,0.9251403149157044,-1.090319122862724,85.9,0.712636477454327,0.19188625273260265,-0.21147809061985892,0.5952505960850643,-0.3945,-40.0
2026-09-14,VZ,VERIZON COMMUNICATIONS INC.,51.29,48.72,51.48,46.35,55.92,42.66,56.1,-4.700000000000003,-1.0669546436285087,-1.794178794178794,0.18999999999999773,-2.4592409240924065,-1.027173778560099,-3.891308069624714,-0.00098957,0.0020324694719471943,-0.021088398612469694,0.025153337556364085,0.01595325,0.0016690097342192739,-0.029288347382366804,0.032626366850805354,-0.00332927,0.01781227838815789,0.006190174753232941,0.029434382023082836,0.00047237,0.00233807,27.6,-1.0,1.261,0.025794701986754928,0.942974641131294,-0.8913852371577842,88.3,1.0852364643812047,0.10721629166110694,-0.3668764252979857,0.5813090086201996,-0.3945,-40.0
2026-09-14,NFLX,"NETFLIX, INC.",80.32,72.6,80.38,69.98,86.03,63.24,95.64,-4.692810457516331,-1.8108581436077014,-1.114882506527414,-1.1500000000000057,-11.314257425742571,-4.464442373393107,-18.164072478092038,0.00601373,-0.00866268851485149,-0.03617001141964278,0.0188446343899398,-0.01186983,-0.02115743425249169,-0.05606018608461354,0.013745317579630163,-0.01041684,0.04470781486842116,0.00487429557115094,0.08454133416569137,0.0064469,0.00948069,53.0,0.38,0.239,-0.44542384105960253,0.5219468457381535,-1.4127945278573586,80.4,-0.08282304111144789,0.2103711694182235,-0.2811939061884067,0.7019362450248537,-0.39825,-41.0
2026-09-14,NOW,"SERVICENOW, INC.",142.35,125.47,144.94,126.1,158.99,96.09,173.53,-3.371794871794867,1.024000000000001,-1.4836433611289281,6.3799999999999955,-7.080198019801987,2.5897364376278826,-16.75013247723186,0.02844056,-0.007943412607260737,-0.04885747247582489,0.032970647261303415,0.0671781,-0.016759085681063185,-0.07402191313608446,0.04050374177395809,-0.07408073,-0.04246409898026316,-0.08840839632428332,0.0034801983637570005,0.00247106,0.02109998,90.1,1.54,0.686,-0.32538410596026474,0.625071094379474,-1.2758393063000035,82.7,-0.23931955601779398,0.11392574901549218,-0.2855175661403743,0.5133690641713586,-0.39825,-41.0
2026-09-14,PNR,PENTAIR PUBLIC LIMITED COMPANY,56.18,54.4,58.92,48.3,62.69,49.35,72.81,-1.3021978021978007,-1.2104454685099855,2.4348462664714505,-2.6300000000000026,-5.989834983498352,-2.1210211040765814,-9.858648862920123,-0.04221391,-0.01260113178217822,-0.03828292879720027,0.01308066523284383,-0.08389322,-0.024348203554817288,-0.05780370702830571,0.009107299918671131,-0.06655942,0.000659641019736853,-0.03417872721580774,0.035498009255281446,-0.00333417,-0.01101223,14.9,-1.58,-2.524,-0.3586821192052979,0.500957540069922,-1.2183217784805178,0.6,0.47740122979980826,0.1334854329941749,-0.2992826834710175,0.5662535494593672,-0.39975,-41.0
2026-09-14,TT,TRANE TECHNOLOGIES PLC,426.01,430.03,451.99,397.84,461.37,388.11,535.34,3.893501805054176,1.2552360667376639,2.8846965699208473,-45.80000000000001,-45.9981188118812,-27.35361769369351,-64.64261993006889,-0.01864545,-0.0029602865016501627,-0.024206238634220754,0.01828566563092043,-0.02519572,0.0030671872757475033,-0.018388006242012242,0.02452238079350725,0.01936202,0.05400202726973673,0.03221627964762703,0.07578777489184643,-0.00630903,-0.01048074,31.5,-0.71,-2.044,-0.05474834437086092,0.8344316445729492,-0.9439283333146711,0.2,0.26930163946575525,0.14813173568615715,-0.20454905147380506,0.5008125228461193,-0.39975,-41.0
2026-09-14,BBY,"BEST BUY CO., INC.",94.83,83.05,94.86,83.31,101.27,67.14,101.93,-6.35632183908048,-1.7888198757763976,-3.899999999999995,7.280000000000001,-0.04184818481848023,3.253210409871264,-3.336906779508225,-0.00086494,0.0033894409900990102,-0.024299504336928696,0.031078386317126717,0.02151666,0.011447176245847174,-0.027717137705221516,0.05061149019691586,-0.05199679,-0.05178807921052632,-0.06363340252493375,-0.039942755896118884,0.00692106,0.00331015,86.1,1.37,0.723,0.014602649006622616,0.8494118008449093,-0.820206502831664,80.8,-0.009011446533241152,0.163199914640766,-0.17235044544126515,0.49875027472279715,-0.39825,-41.0
2026-09-14,GEN,GEN DIGITAL INC.,31.41,29.2,31.63,29.3,34.02,24.74,35.81,-3.5740740740740793,1.2369668246445515,-1.5159090909090907,0.129999999999999,-1.1582178217821777,0.05073969206078521,-2.3671753356251406,0.02622679,-0.001505458778877885,-0.030506570678889924,0.027495653121134157,0.06194991,-0.005290112358803989,-0.05028578637138474,0.03970556165377677,-0.0043789,-0.0069661743749999975,-0.024083771976763122,0.010151423226763125,0.00132417,0.01448249,57.3,0.51,0.927,-0.19117880794702016,0.8200161864821981,-1.2023738023762385,84.3,-0.12786969347184818,0.23877911243196503,-0.3035905167604076,0.7811487416243377,-0.39825,-41.0
2026-09-14,LII,LENNOX INTERNATIONAL INC.,365.51,354.85,392.16,299.51,410.57,316.13,484.71,-1.0827797649463466,-1.4647137150466045,2.4139327663021466,-30.860000000000014,-47.88359735973603,-19.756416568412345,-76.01077815105971,-0.03565492,-0.005767477458745874,-0.036615938841162314,0.025080983923670568,-0.10720198,-0.003079544352159466,-0.04213433797099085,0.03597524926667192,-0.01827519,0.028837769901315823,0.00275381492366944,0.05492172487896221,-0.00740907,-0.01091281,30.6,-0.97,-1.955,-0.1599403973509934,0.7215081366147769,-1.0413889313167637,1.8,0.2875628388526872,0.03861017340800929,-0.2455437431321664,0.32276408994818495,-0.39975,-41.0
2026-09-14,QUAL,ISHARES:MSCI USA QF,220.15,214.58,224.97,205.54,241.2,200.42,245.26,-1.2516268980477285,1.4407939767282658,1.272681196147996,-5.329999999999984,-5.348514851485144,-1.466088563743729,-9.230941139226559,-0.00202141,0.0024981283168316864,-0.0051490137886392034,0.010145270422302576,0.0238356,0.00962827099667773,-0.001047878440322907,0.020304420433678368,-0.0043313,0.0022983319736841978,-0.007357329720501973,0.01195399366787037,0.00073926,-0.00146041,38.9,-0.76,-1.206,0.3674139072847681,1.1184182387319686,-0.3835904241624324,4.6,0.7440762085685853,0.26545185673446314,-0.017177152497967085,0.5480808659668934,-0.41475,-42.0
2026-09-14,SO,THE SOUTHERN COMPANY,87.0,85.62,89.75,82.18,93.08,80.37,100.47,1.6575342465753506,1.2614107883817443,2.0316742081447976,-4.530000000000001,-5.556567656765681,-3.616228512548984,-7.496906800982378,-0.01289381,-0.00044161128712871215,-0.012943804901925001,0.012060582327667576,-0.00632856,-0.002097248272425256,-0.01697226110631873,0.01277776456146822,0.00606116,0.02771945167763158,0.018661231569409284,0.03677767178585387,0.00317783,-0.00165403,21.6,-1.29,-1.816,-0.11265562913907284,0.8570405595151191,-1.0823518177932647,5.8,-0.07580745600676653,0.25834770854068756,-0.08590591421910004,0.6026013313004752,-0.39,-42.0
2026-09-14,ACGL,ARCH CAPITAL GROUP LTD.,97.95,92.47,99.15,89.8,106.67,88.03,108.53,-3.1515151515151696,1.0699386503067476,1.0665322580645158,-1.730000000000004,-4.37019801980198,-2.0539018869148555,-6.686494152689104,-0.00783191,0.00017793115511551124,-0.015010765119705642,0.015366627429936665,0.02292284,0.009346179900332218,-0.005122800678061789,0.023815160478726227,-0.0150866,0.008257089177631613,-0.0029488924974827024,0.01946307085274593,0.00168444,-0.00202268,42.3,-0.05,-0.201,0.040301324503311205,0.8780180988081643,-0.7974154498015418,47.8,0.4350418672521019,0.15565457671355987,-0.11102018912835976,0.4223293425554795,-0.41625,-42.0
2026-09-14,CARR,CARRIER GLOBAL ,57.26,55.08,60.54,50.29,60.92,49.09,71.37,-1.2885375494071132,-1.9043715846994513,1.7270501835985332,-2.960000000000001,-3.976072607260727,-1.009596211495667,-6.942549003025787,-0.02012999,-0.004378083597359738,-0.030803313044428703,0.022047145849709224,-0.06775033,0.005671488770764119,-0.027591472203606564,0.038934449745134804,-0.01976635,0.007407831907894763,-0.002442212543395649,0.017257876359185173,-0.00334453,-0.00674353,32.9,-0.76,-1.605,-0.18324172185430457,0.8292775324711379,-1.195760976179747,7.7,0.6656408132597293,0.14639035222304797,-0.3232361142154155,0.6160168186615114,-0.41475,-42.0
2026-09-14,HOOD,"ROBINHOOD MARKETS, INC.",114.33,108.98,134.09,101.6,137.49,79.82,165.09,2.191761363636365,1.8193244304791834,1.4708780063749638,-28.35000000000001,-31.998679867986795,-17.178308923228947,-46.81905081274464,0.05076515,0.0017878236303630346,-0.05425888522458834,0.05783453248531441,0.03654351,0.019562746744186083,-0.08526876754091647,0.12439426102928863,0.16945967,0.18031424365131607,0.1321658263089152,0.22846266099371693,-0.01838508,-0.02026099,75.6,1.22,0.664,0.08152317880794704,0.9776852936096205,-0.8146389359937265,76.0,-0.3058150339701142,-0.026981558401343718,-0.2544575959303962,0.20049447912770874,-0.41475,-42.0
2026-09-14,NEM,NEWMONT ,123.07,121.37,135.06,108.4,149.33,96.88,166.73,2.8130841121495385,1.7900477164280875,1.6670484917907598,-27.74000000000001,-19.88636963696369,-9.135422442191945,-30.637316831735433,-0.0055227,0.012222621254125416,-0.02191839230832715,0.04636363481657799,0.03774283,0.03199492531561465,-0.011738854557399848,0.07572870518862915,0.12428003,0.12367189674342116,0.08686286844537408,0.16048092504146824,-0.01294339,-0.01217263,22.8,-1.17,0.304,0.5241754966887415,1.5526622858167705,-0.5043112924392874,50.6,-0.10173368391799731,0.03756542780423602,-0.2575053233107414,0.3326361789192134,-0.423,-43.0
2026-09-14,PAM,PAMPA ENERGIA SA,86.65,84.75,91.54,79.59,95.3,70.03,102.43,3.4701986754966736,1.2252124645892335,-1.0532319391634983,-1.0799999999999983,-7.783168316831691,-3.8403148780404965,-11.726021755622886,0.03541758,0.0027857638943894368,-0.03179987118557424,0.037371398974353105,0.00643503,0.0008702305315614612,-0.036372922726308675,0.0381133837894316,0.01134846,0.026047232368420957,0.020688563043592043,0.031405901693249874,0.00077141,0.00035694,47.8,-0.49,1.367,-0.0574635761589404,0.6704676687673864,-0.7853948210852671,97.8,0.6050198690616833,0.23112711917606138,-0.1882893686003716,0.6505436069524944,-0.422,-43.0
2026-09-14,ROST,"ROSS STORES, INC.",230.04,218.77,234.23,203.49,261.71,208.18,278.39,-2.6966019417475664,1.192843691148776,2.2118023787740175,-22.849999999999994,-13.288778877887783,-2.854802784700926,-23.72275497107464,-0.01072423,0.009117964917491755,-0.008155066551247408,0.02639099638623092,0.02035452,0.02279920903654485,0.0012912635713230904,0.044307154501766616,0.05279799,0.03137066200657897,0.01582006306347856,0.04692126094967937,-0.00218499,-0.00093676,74.0,0.83,-0.824,0.5094834437086092,1.3825504389216308,-0.36358355150441235,7.7,-0.22798955407499777,0.22786991226355097,-0.28123394482376923,0.7369737693508711,-0.47375,-43.0
2026-09-14,SPGI,S&P GLOBAL INC.,418.54,399.53,442.69,381.76,467.16,347.77,497.93,-1.2275975810885125,1.3219140837411627,1.1218030238801744,-5.9599999999999795,-17.529174917491748,4.915142280466121,-39.973492115449616,-0.00910221,-0.004568754983498352,-0.029495299771014415,0.020357789804017708,0.00085543,-0.013712762757475095,-0.042156798578801814,0.014731273063851627,-0.05193908,-0.012561375526315812,-0.03782129105836361,0.012698540005731987,-0.00256425,-0.00083866,71.6,1.07,-0.042,-0.06807284768211912,0.787684457927454,-0.9238301532916922,50.2,-0.08649772472422013,0.10819359401948125,-0.16747527455971656,0.38386246259867907,-0.424,-43.0
2026-09-14,TYL,"TYLER TECHNOLOGIES, INC.",359.54,315.13,372.32,321.21,402.27,258.31,430.94,-3.129656160458457,1.114792590660055,-1.4177871148459391,12.160000000000025,-21.6702310231023,7.725340110392139,-51.06580215659674,-0.00028999,-0.010229404719471953,-0.041921715749651575,0.021462906310707672,0.0519835,-0.033805682392026574,-0.07803606619408932,0.010424701410036173,-0.0982129,-0.030614911052631543,-0.0872842662637474,0.026054444158484315,0.00078368,0.00964555,56.5,0.56,0.664,-0.38084768211920544,0.39738112083365357,-1.1590764850720645,90.7,-0.05176845624154114,0.26007124186474045,-0.12887612886948052,0.6490186125989614,-0.42575,-43.0
2026-09-14,VIX,CBOE MKT VOLATILITY IDX,17.1,14.96,18.69,14.64,19.64,12.0,25.06,1.2921348314606718,1.0325203252032513,1.5607843137254893,-3.3699999999999974,-11.31798679867986,-7.6938117740574725,-14.942161823302246,0.04857958,0.021652368085808577,-0.03633561107546765,0.07964034724708481,-0.00478961,0.04680725063122919,-0.03415425666948775,0.12776875793194614,0.16280877,0.33968918088815786,0.27827081441164947,0.40110754736466625,0.00688382,0.00010972,65.7,0.45,0.634,-0.09345364238410597,0.4684783974971954,-0.6553856822654074,89.7,,,,,-0.417,-43.0
2026-09-14,YUM,"YUM! BRANDS, INC.",146.33,138.06,152.13,129.06,164.08,127.81,173.99,-2.3842364532019875,1.0277938621887661,1.4935205183585303,-10.219999999999999,-6.613333333333331,-2.264185691586383,-10.962480975080279,-0.01867897,0.0025937093399339924,-0.01032074838218598,0.015508167062053964,0.00118608,0.001289790099667773,-0.009278134934130601,0.011857715133466147,0.00236157,0.0041723438815789455,0.00020247389809430628,0.008142213865063586,-0.00483001,-0.01020112,28.4,-0.61,-0.166,0.006807947019867559,0.6881613999187038,-0.6745455058789688,40.7,-0.2708711243527716,0.01923514492059814,-0.19611688880856634,0.2345871786497626,-0.423,-43.0
2026-09-14,GDX,VANECK:GOLD MINERS,94.14,93.37,104.37,85.47,111.82,75.81,129.61,3.131687242798345,2.0392156862745083,1.935079105291872,-24.200000000000003,-17.064356435643557,-8.006968238231147,-26.121744633055968,-0.00930814,0.008449484191419134,-0.026932992140570645,0.04383196052340892,0.03141692,0.0269209216611296,-0.02079198770636766,0.07463383102862686,0.12966778,0.12877500687500038,0.0979100809108422,0.15963993283915856,-0.01582043,-0.014301,38.1,-0.32,0.278,0.4360860927152321,1.475112767590149,-0.6029405821596847,50.6,-0.16251852313924164,0.0077245023164029675,-0.21362925616257794,0.2290782607953839,-0.423,-43.0
2026-09-14,KR,THE KROGER CO.,60.91,54.59,60.14,53.53,64.44,50.98,65.87,-32.111111111109864,-2.0906515580736524,-2.002016129032255,0.0,-5.791089108910889,-3.5646116690865903,-8.017566548735187,0.00545932,-0.005039755280528054,-0.023695143328765114,0.013615632767709008,-0.00333851,-0.007788795315614617,-0.029544496119764847,0.013966905488535615,0.00846714,0.036546460296052664,0.019371751666822628,0.0537211689252827,0.00483068,0.01800454,95.8,1.98,0.893,-0.2147814569536424,0.49456939873460204,-0.9241323126418868,93.5,-0.0747967393691914,0.021877401479235448,-0.2592349628559616,0.3029897658144325,-0.42575,-43.0
2026-09-14,SILJ,ETFMG PRIME JR SILVR MNR,29.36,29.91,33.11,26.56,34.76,23.57,42.28,7.46153846153846,1.9285714285714275,2.2314335060449055,-8.420000000000002,-5.83640264026403,-2.092670757919832,-9.580134522608228,-0.01329513,0.01021017646864687,-0.03084824895417199,0.05126860189146573,0.00173455,0.03884150006644517,-0.01629345539012133,0.09397645552301168,0.13302029,0.12346890194078908,0.08397815055235142,0.16295965332922674,-0.01711218,-0.01184708,41.9,-0.19,-0.127,0.4292384105960266,1.4131456173368533,-0.5546687961448002,34.7,-0.05364462538033132,0.0966022210975766,-0.20890334023128904,0.40210778242644224,-0.408,-44.0
2026-09-14,CRM,"SALESFORCE, INC.",259.43,229.69,287.89,231.83,303.06,177.1,311.73,1.0507170339279475,1.5807971014492754,-1.5741873804971318,-4.990000000000009,-8.38656765676568,4.677114652016103,-21.450249965547464,0.07440612,-0.0032284084158415937,-0.03963030586993046,0.033173489038247274,0.10108786,-0.01724587627906978,-0.05499006200638629,0.020498309448246724,-0.02264172,-0.029351799572368484,-0.054356892110528895,-0.004346707034208072,-0.00144755,0.02228811,62.7,0.88,1.114,-0.18587417218543087,0.7444737554775414,-1.1162220998484031,90.7,-0.5276229657122005,0.09802654447802663,-0.23481141643965786,0.4308645053957111,-0.42975,-44.0
2026-09-14,GDXJ,VANECK:JR GOLD MINERS,120.89,121.33,134.85,110.68,143.16,97.14,169.2,4.607758620689646,2.1811949069539676,2.0341052631578944,-33.2,-23.72320132013202,-10.654944572592921,-36.791458067671115,-0.01159411,0.008194915610561059,-0.03033838282771674,0.046728214048838854,0.02553176,0.027140475548172754,-0.0240854246712437,0.0783663757675892,0.13432255,0.1348260512828949,0.10351408462455991,0.1661380179412299,-0.01625695,-0.01502674,39.1,-0.27,0.126,0.3981655629139077,1.4145475341079496,-0.6182164082801344,47.4,-0.09970310141688787,0.03756376750074345,-0.1991548897586608,0.2742824247601477,-0.408,-44.0
2026-09-14,CMG,"CHIPOTLE MEXICAN GRILL, INC.",37.03,34.82,38.84,33.86,41.79,28.37,43.33,-1.589403973509935,1.5015772870662447,-1.3746031746031753,0.6899999999999977,-0.9544224422442227,1.7614085527068744,-3.6702534371953197,0.01078322,-0.007332048085808577,-0.04489249574586879,0.030228399574251635,0.05621106,-0.02560541481727576,-0.06352137867607303,0.012310549041521512,-0.05597507,-0.042472309835526405,-0.0803631799254208,-0.004581439745632014,-0.00811871,-0.00169297,15.3,-1.18,1.019,-0.14514238410596028,0.8930511928571481,-1.1833359610690686,83.5,0.07200769568281595,0.1509302996604628,-0.3575685626975086,0.6594291620184342,-0.43975,-45.0
2026-09-14,XLC,SEL SECTOR:COMM SVC SPDR,115.07,109.25,114.36,102.24,124.69,101.15,126.28,-6.090909090909023,-1.3336798336798328,-1.2417484388938427,-0.9100000000000108,-6.277920792079207,-3.8349769119107853,-8.720864672247629,0.0075197,0.00038800234323432316,-0.009884245920895396,0.010660250607364042,-0.00269361,-0.0011988816611295731,-0.013896205646549751,0.011498442324290604,0.01244294,0.029318548881578966,0.016743190864271354,0.04189390689888658,0.00445781,0.0046202,35.5,-0.78,0.321,0.06411589403973508,0.9498946679770182,-0.821662879897548,72.8,-0.026422720831502655,0.34685170327580234,-0.06288674135987976,0.7565901479114845,-0.45075,-46.0
2026-09-14,CI,THE CIGNA GROUP,290.05,269.96,289.18,260.32,306.76,237.19,308.91,-5.236994219653211,-1.7791741472172384,-2.8027571580063615,16.310000000000002,-3.625280528052797,8.33543521266753,-15.585996268773126,0.00269382,-0.003320195148514851,-0.025156258922036465,0.018515868625006763,-0.00507936,-0.01280960823920265,-0.040706689667042495,0.01508747318863719,-0.05263128,-0.03895950625000006,-0.050661264408255115,-0.027257748091745006,0.0035207,-0.00215734,34.7,-0.68,0.34,-0.05422516556291392,0.691576440436141,-0.8000267715619688,74.6,0.15116730484724972,0.13336253350839777,-0.2348671722251049,0.5015922392419004,-0.45225,-46.0
2026-09-14,DHT,"DHT HOLDINGS, INC.",22.15,20.38,22.8,20.29,24.6,16.93,25.84,-1.7674418604651096,1.3172043010752708,-1.4146341463414627,-1.370000000000001,-1.6081518151815182,-0.4656708315026268,-2.7506327988604093,0.02626527,0.010318458778877887,-0.015421504532062492,0.036058422089818264,0.06216352,0.03465641926910308,-0.0029208102901783425,0.07223364882838451,0.09213594,0.05024718187499997,0.024806333379883968,0.07568803037011597,-0.0034707,-0.00765905,55.0,0.34,1.148,0.3145364238410597,1.3707076150064088,-0.7416347673242893,78.8,0.061628544095022164,0.2551537457503342,-0.19606918850555743,0.7063766800062259,-0.52975,-46.0
2026-09-14,DIS,THE WALT DISNEY COMPANY,108.59,101.0,109.01,97.88,116.79,87.35,124.29,-3.688524590163938,-1.3060975609756103,-1.352866242038217,0.8599999999999994,-2.4973927392739292,1.456337262639022,-6.451122741186881,0.00291872,-0.002341161320132013,-0.018548201517916908,0.013865878877652883,0.00408097,0.0013457796677740894,-0.02664187333693103,0.029333432672479207,-0.01992946,-0.01656643552631578,-0.04199310939634683,0.008860238343715274,0.00288117,-0.00032028,24.4,-1.05,0.174,-0.16903311258278153,0.7111134579444676,-1.0491796831100306,69.2,-0.1272870364766544,0.3158513624415857,-0.22932232390471602,0.8610250487878874,-0.45475,-46.0
2026-09-14,IT,"GARTNER, INC.",197.07,158.84,183.47,164.43,221.87,118.29,227.46,,-1.3161290322580634,-2.5923000987166813,29.159999999999997,3.180660066006611,25.82802548651463,-19.46670535450141,-0.01671762,-0.01682778270627062,-0.07121263585401462,0.03755707044147337,0.08566684,-0.06171100926910318,-0.13556092214482238,0.012138903606616014,-0.1640904,-0.12012738980263157,-0.17328420007597517,-0.06697057952928798,0.01394854,0.04250603,36.7,-0.67,0.45,-0.34708278145695354,0.6077532412892384,-1.3019188042031453,74.0,-0.19210146338077871,0.09702003863958743,-0.3074386687727987,0.5014787460519735,-0.45075,-46.0
2026-09-14,PODD,INSULET ,137.8,127.35,146.04,114.98,154.91,105.05,185.63,-2.2667876588021834,-1.3337229690239643,1.4604580152671744,-4.639999999999986,-21.08432343234322,-3.941864870320252,-38.226781994366185,-0.03125588,-0.01656415343234323,-0.05136109623399493,0.018232789369308472,-0.05149474,-0.040033780897009937,-0.08630151063613581,0.006233948842115929,-0.06662251,0.008682854440789459,-0.03308393632450154,0.05044964520608045,-0.00401168,-0.00197243,28.0,-1.17,-0.36,-0.46696688741721837,0.4665917519403654,-1.400525526774802,61.9,0.01679208490436812,0.2602096778395938,-0.25103271601676536,0.771452071695953,-0.4615,-47.0
2026-09-14,TLT,ISHARES:20+ TRS BD ETF,80.93,79.75,83.07,76.18,86.13,75.52,87.35,1.1612903225806348,1.0947368421052608,1.1866913123844685,-1.289999999999992,-1.291914191419142,-0.18629475554467967,-2.3975336272936048,-0.00453659,-0.0009245575907590761,-0.00661115217173772,0.0047620369902195685,-0.00570222,-0.003071678438538203,-0.009135586332248376,0.002992229455171969,-0.01721321,-0.005584808289473687,-0.012928985642912807,0.0017593690639654313,-0.00081983,-0.00392538,42.9,-0.22,-0.541,-0.2588841059602649,0.4921068206866611,-1.0098750326071908,39.5,0.16700870153208358,0.17665121096070416,-0.023440245404894477,0.3767426673263028,-0.4615,-47.0
2026-09-14,UBER,"UBER TECHNOLOGIES, INC.",72.63,67.55,75.35,63.3,80.84,61.13,88.49,-3.222891566265036,-1.1364190012180255,1.3791304347826094,-5.030000000000001,-5.737359735973598,-1.212911034498389,-10.261808437448806,-0.03258153,-0.003947577095709571,-0.026958976888610098,0.01906382269719096,-0.0186648,-0.008259694285714271,-0.03416102387354933,0.017641635302120783,-0.00993192,0.010578077730263058,-0.02617654267759481,0.047332698138120924,-0.00338213,-0.0032675,8.7,-1.83,-0.501,-0.14674834437086093,0.5547264638430274,-0.8482231525847492,30.0,0.049244851239167886,0.12439704146179133,-0.13586082178140274,0.38465490470498537,-0.4615,-47.0
2026-09-14,KDP,KEURIG DR PEPPER INC.,31.58,30.93,33.35,28.76,34.98,26.51,36.68,1.5978260869565237,1.205673758865249,1.0059171597633145,-0.8400000000000034,-0.9372277227722773,0.2976273794430856,-2.17208282498764,0.00042093,0.0005533269306930701,-0.027169801612067845,0.028276455473453987,-0.00872264,-0.003857652790697682,-0.03721147862527511,0.029496173043879744,-0.01914107,-0.017612814506578978,-0.023937852834007258,-0.011287776179150697,-0.00409455,-0.00323917,1.0,-3.85,0.02,0.0012483443708610244,0.9849001653408533,-0.9824034765991312,47.4,0.09280492124420192,0.08925021522964753,-0.33473579704252576,0.5132362275018209,-0.4615,-47.0
2026-09-14,TER,"TERADYNE, INC.",329.2,345.5,398.23,305.54,407.65,295.32,554.79,,3.315722738799666,6.658500590318773,-128.28000000000003,-58.107359735973596,-8.116311534413626,-108.09840793753357,-0.02745931,0.020203770924092406,-0.02373851366745849,0.0641460555156433,-0.02232709,0.06448505308970091,0.01736187454982476,0.11160823162957706,0.15875077,0.10093026401315783,0.04274964464018324,0.1591108833861324,-0.00859425,-0.01563697,46.8,-0.08,-1.12,0.5451953642384105,1.1993001783816908,-0.10890944990486984,1.0,-0.11566310680604708,-0.00964103946621455,-0.3192886119231776,0.30000653299074853,-0.45,-48.0
2026-09-14,COIN,"COINBASE GLOBAL, INC.",191.45,166.17,197.66,160.62,215.26,121.38,247.96,-5.160520607375254,-1.294834103317933,-1.239957529640771,0.20999999999997954,-44.04151815181514,-0.25163159595613394,-87.83140470767415,0.02515113,-0.00901445541254126,-0.06670398772349,0.048675076898407485,0.04200623,-0.025937828936877037,-0.11280993218828705,0.06093427431453299,-0.00793731,0.04392998996710511,-0.046129459808531226,0.13398943974274144,-0.01705645,0.00154972,91.7,1.91,0.997,-0.20410927152317845,0.6879243962450428,-1.0961429392913997,94.8,-0.305027966354834,-0.0021613975130473275,-0.2521979498016657,0.24787515477557104,-0.49075,-50.0
2026-09-14,GDDY,GODADDY INC.,104.47,87.68,103.18,88.52,113.68,70.48,115.2,-19.97333333333334,-1.7318132464712257,-3.1677539608574077,10.420000000000002,-8.125973597359726,2.9440368251406728,-19.195984019860127,-0.00074286,-0.014234731485148517,-0.04287792131417673,0.014408458343879696,0.02103943,-0.057803799800664454,-0.09730220618731016,-0.018305393414018753,-0.11258833,-0.023149262039473716,-0.09832389208396454,0.0520253680050171,0.01036226,0.00806888,23.0,-1.0,0.597,-0.5323245033112582,0.42392131260675947,-1.488570319229276,88.7,-0.11158392734025158,0.24981314987453365,-0.21140182097078844,0.7110281207198558,-0.492,-50.0
2026-09-14,ARE,"ALEXANDRIA REAL ESTATE EQUITIES, INC.",51.96,47.64,53.73,46.6,56.67,37.36,61.47,-3.188524590163938,-1.1380042462845008,-1.535226077812829,3.490000000000002,1.5736633663366333,5.425020499490768,-2.2776937668175012,-0.00450111,-0.008869518283828384,-0.04814764352692118,0.03040860695926441,-0.00026101,-0.026722206378737536,-0.07562109739060967,0.022176684633134592,-0.11837372,-0.09727011733552633,-0.12399237132321267,-0.07054786334784,-0.00580125,0.00026925,35.3,-0.65,0.532,-0.07061920529801333,0.9757065242214874,-1.116944934817514,80.4,-0.06669233123122686,0.007319637430700077,-0.30583021689432927,0.3204694917557294,-0.496,-51.0
2026-09-14,EDV,VANGUARD EXT DUR T;ETF,59.21,57.89,61.4,54.15,64.64,54.53,63.48,1.1034482758620687,1.0731225296442681,-1.0960187353629987,-0.6700000000000017,-0.6937623762376237,0.5723882677545336,-1.959913020229781,-0.00327151,-0.001548014884488448,-0.010730985279078597,0.007634955510101701,-0.00763213,-0.00473167890365449,-0.013855738623614413,0.004392380816305433,-0.03094556,-0.01521833595394736,-0.02580584830855344,-0.004630823599341281,-0.00145561,-0.0071136,43.5,-0.34,-0.138,-0.23870198675496693,0.5583682239917571,-1.035772197501691,60.5,0.14912016114720372,-0.07344615859742236,-0.3583377719949718,0.21144545480012705,-0.514,-52.0
2026-09-14,FXY,INVESCO:JAPANESE YEN,59.43,57.94,62.09,55.68,63.38,54.49,61.64,1.6196319018404886,1.0533333333333341,-2.235294117647057,0.18999999999999773,-0.8950825082508248,-0.2791301875459131,-1.5110348289557365,0.01060116,-0.0013412654785478551,-0.007318654765996212,0.004636123808900501,-0.00310026,-0.007783780863787379,-0.016163798933606276,0.000596237206031516,-0.01007988,-0.006977558684210528,-0.010359421219896664,-0.003595696148524392,-0.0009128,0.00230641,42.3,-0.03,0.928,-0.5905397350993377,0.33686244701259604,-1.5179419172112714,96.6,0.013073611969773635,0.3262083896950294,-0.34985956431958365,1.0022763437096425,-0.521,-53.0
2026-09-14,GE,GENERAL ELECTRIC COMPANY,317.56,311.6,337.28,291.91,354.65,295.75,422.95,1.2014925373134293,1.446003898635478,4.832187070151305,-53.610000000000014,-42.214488448844904,-27.889304736361872,-56.539672161327935,-0.02974415,0.004795798778877883,-0.0176455494949964,0.027237147052752167,-0.01101107,0.023269884186046516,-0.004712146656669369,0.051251915028762404,0.05740414,0.08606097421052633,0.057217355654455127,0.11490459276659754,-0.00201375,-0.01979369,45.8,0.13,-1.661,0.26767880794701987,1.1799143989920844,-0.6445567830980445,2.6,-0.07919312627956232,0.12020771586866114,-0.1303708057102516,0.3707862374475739,-0.49625,-53.0
2026-09-14,GEV,GE VERNOVA INC.,874.76,895.65,1001.29,826.09,999.48,785.4,1385.23,17.230769230769216,2.5625642079309663,5.712511190689346,-324.3599999999999,-296.2639273927391,-240.11809848211624,-352.409756303362,-0.01774443,0.008476330099009902,-0.024308360023100203,0.04126102022112001,-0.01494732,0.045879454916943396,0.005138637282677473,0.08662027255120933,0.17703794,0.26900395213815803,0.2126953015819321,0.32531260269438395,-0.0058718,-0.03341909,52.2,0.37,-1.362,0.2495132450331127,1.0696072463039008,-0.5705807562376755,1.4,-0.08563380562165424,0.05282556134454632,-0.25098151987873446,0.35663264256782706,-0.49625,-53.0
2026-09-14,IBM,INTERNATIONAL BUSINESS MACHINES ,249.09,228.48,246.85,202.25,280.53,196.13,293.42,-4.649164677804296,-1.4898218829516554,-1.194676291450485,-3.430000000000007,-36.93125412541252,-18.143677710104605,-55.71883054072044,0.0098404,-0.005172223531353136,-0.044976282401708825,0.03463183533900255,-0.03395442,-0.006165217674418609,-0.04494202770081349,0.03261159235197627,0.03125159,0.057005277598684116,0.029733433082061656,0.08427712211530658,-0.00277717,0.02606992,72.2,1.29,0.617,-0.03096357615894036,0.9129829117792388,-0.9749100640971197,72.8,-0.03522031045991514,0.11435751462215635,-0.3733383856632698,0.6020534149075826,-0.522,-53.0
2026-09-14,NVR,"NVR, INC.",6299.56,5896.23,6326.8,5651.08,6710.54,5404.96,6999.17,-6.3933040793109335,-1.577887001800577,-1.278712425494205,118.03000000000065,-397.5367326732672,-119.07486558657195,-675.9985997599624,-0.01261955,-0.002938131980198019,-0.022720873374540825,0.016844609414144784,-0.01240445,-0.005741975249169435,-0.02726452365536068,0.01578057315702181,-0.04435681,0.003491426809210531,-0.021147482511307485,0.028130336129728546,0.00137668,-0.00445097,39.5,-0.68,-0.068,-0.1701688741721854,0.7403364770710582,-1.0806742254154291,60.5,,-0.2600656919919101,-0.36067511876779956,-0.15945626521602066,-0.54375,-55.0
2026-09-14,IWF,ISHARES:RUSS 1000 GR ETF,121.26,120.05,125.09,115.04,128.13,106.82,160.32,1.6231884057970953,1.1045016077170404,2.7049861495844847,-22.769999999999996,-68.81897689768978,-59.22647406791697,-78.41147972746259,5.151e-05,0.0012001900660066009,-0.01197294915617398,0.014373329288187183,-0.00420831,0.008801334850498348,-0.008464759688826864,0.02606742938982356,0.1391697,0.4343501472697369,0.37827397473077107,0.49042631980870277,-0.0015432,-0.00139562,28.2,-1.16,-0.916,0.27305298013245055,1.1961614567711671,-0.6500554965062659,5.4,0.49823757221556897,0.27401159144214643,-0.028614210818643127,0.576637393702936,-0.56075,-57.0
2026-09-14,Q,"QNITY ELECTRONICS, INC.",117.23,116.08,130.12,105.79,133.0,105.59,196.05,4.9514170040485865,1.3784965034965033,6.7714776632302405,-53.86999999999999,-88.25903225806451,-69.4771171940201,-107.04094732210892,-0.021369,0.006104242995391713,-0.03426023318888269,0.04646871917966612,-0.0483442,0.06714981856435656,0.00845241443779867,0.12584722269091445,0.26413941,0.4401963299358974,0.34153950441204434,0.5388531554597504,-0.00371552,-0.01495076,41.1,-0.16,-1.337,0.1997711442786071,1.043182910477766,-0.6436406219205516,3.2,0.031179334319240137,0.08936300278750228,-0.12579445752455534,0.30452046309955993,-0.58325,-60.0
2026-09-14,RCL,ROYAL CARIBBEAN CRUISES LTD.,255.34,246.11,268.53,230.95,284.91,226.69,364.57,-1.2010204081632685,1.2123821238212384,3.812565445026177,-45.869999999999976,-47.82630363036306,-30.114674526948914,-65.5379327337772,-0.04093304,-0.0020813208250825086,-0.03888723946540685,0.034724597815241835,-0.02280401,0.008233289667774073,-0.040228536947506985,0.056695116283055125,0.04751487,0.0774643901973683,0.05450483581566462,0.10042394457907197,-0.00074063,-0.01260711,28.4,-1.09,-2.864,-0.08254966887417221,1.0965808835461497,-1.2616802212944942,0.6,0.8228988574746974,0.1085400625490549,-0.2553182207741636,0.4723983458722734,-0.606,-62.0
2026-09-14,ZTS,ZOETIS INC.,73.67,70.78,75.41,66.02,80.32,56.5,86.77,-2.3008130081300724,-1.1503759398496265,-1.310687022900764,6.320000000000007,1.2628382838283814,8.231089786433794,-5.70541321877703,-0.01189264,-0.01371303204620462,-0.050553534447466714,0.02312747035505747,-0.02450235,-0.04311627591362129,-0.09055526501769459,0.004322713190452,-0.1392598,-0.08267481641447343,-0.11957804028429608,-0.04577159254465077,-0.00516336,-0.00132008,6.2,-2.13,-0.053,-0.42993708609271486,0.3444954889610711,-1.204369661146501,66.5,0.10895658138349407,0.3057545643175693,-0.19842278319612028,0.8099319118312589,-0.60475,-62.0
2026-09-14,AWK,"AMERICAN WATER WORKS COMPANY, INC.",138.92,137.02,144.55,130.73,152.54,121.21,153.7,1.8591549295774816,1.663003663003664,-1.1982408660351822,-2.219999999999999,-5.844719471947191,-2.553554220484701,-9.135884723409681,0.00235479,-0.00030257755775577646,-0.013983869765991216,0.013378714650479665,0.02850802,-0.01079821946843853,-0.03181751143863026,0.010221072501753194,-0.00814176,0.004515925625000001,-0.0027184585909379036,0.011750309840937907,-0.00045878,-0.00040558,44.2,-0.33,0.287,-0.10706622516556297,0.5864537067267241,-0.8005861570578501,67.7,-0.003120657177639985,0.041222389890167556,-0.1779451984746785,0.2603899782550136,-0.61575,-63.0
2026-09-14,ETR,ENTERGY ,103.64,103.51,110.32,97.5,113.73,99.74,123.33,4.161971830985908,1.643322475570033,5.0487179487179406,-16.22,-14.270429042904292,-10.625746422329955,-17.91511166347863,-0.00739254,0.003408068382838286,-0.01245385868279366,0.01926999544847023,-0.00412974,0.011005347574750843,-0.004177764835730052,0.026188459985231737,0.08058124,0.09670908927631557,0.08832619435941735,0.10509198419321378,-0.00087708,-0.00430735,31.0,-0.78,-0.925,0.24489735099337745,1.1148021149752025,-0.6250074129884475,8.1,-0.012788697605244037,0.2005289511547146,-0.0835084096764824,0.4845663119859116,-0.59,-63.0
2026-09-14,PGR,THE PROGRESSIVE ,221.02,208.35,223.72,199.29,244.78,186.78,245.47,-3.656250000000006,1.093419236079152,-1.4004089979550112,-1.0699999999999932,-15.489801980198013,-3.7484465031894327,-27.231157457206592,0.00018583,-0.004947088679867984,-0.023877903552376237,0.01398372619264027,0.02451611,-0.015436473023255808,-0.036130988956047896,0.005258042909536282,-0.02048922,0.020467171480263124,-0.015136808501180338,0.05607115146170659,0.00021943,-0.00127055,46.6,-0.32,0.637,-0.2196026490066225,0.572228905276489,-1.0114342032897339,87.9,-0.07722942419299961,0.13552490892353217,-0.39510910495522156,0.666158922802286,-0.657,-67.0
2026-09-14,XYL,XYLEM INC.,107.49,102.88,109.87,96.44,119.56,97.45,125.57,-2.0810810810810776,1.0923076923076933,1.8007968127490053,-3.3700000000000045,-6.335181518151807,-1.440457650714011,-11.229905385589603,-0.02085271,-0.0025620512541254135,-0.023405726917938106,0.018281624409687277,-0.00462634,-0.001978490764119606,-0.02408464467512247,0.020127663146883256,-0.03053921,-0.0005403635855263084,-0.028630632052752188,0.027549904881699568,0.00163498,-0.00209759,36.7,-0.67,-1.572,-0.15383774834437092,0.7432911698419042,-1.050966666530646,8.1,-0.029406317595100595,0.22496955472550678,-0.13345222214956776,0.5833913316005813,-0.67725,-69.0
2026-09-14,EPHE,ISHARES:MSCI PHILIPPINES,24.14,23.31,25.05,22.78,25.32,21.67,27.31,-1.0476190476190466,-1.1525423728813557,1.283400809716599,-0.6099999999999994,-0.7151815181518152,-0.08510172446512865,-1.3452613118385017,-0.01058535,-0.0018077428712871312,-0.01384814224124608,0.010232656498671819,-0.01706242,-0.00392370714285715,-0.015687584562229347,0.007840170276515047,-0.01994202,-0.0013242556250000004,-0.006487368198116166,0.0038388569481161653,-0.00069339,-0.00544481,54.8,0.57,-1.612,-0.1842019867549669,0.6072520405506198,-0.9756560140605536,6.9,,,,,-0.696,-71.0
2026-09-14,HCA,"HCA HEALTHCARE, INC.",425.49,388.71,442.21,379.4,466.17,355.38,493.78,-1.597381342062196,-1.1329891838741402,-1.0266510470054189,-24.20999999999998,-45.97224422442244,-23.5233074161691,-68.42118103267578,-0.00793765,0.0007261656435643554,-0.02563028077669949,0.027082612063828202,0.00434337,-0.0022068806312292273,-0.040290380987617114,0.035876619725158654,0.01872634,0.04947220144736829,0.02831201590051393,0.07063238699422264,-0.00385371,-0.00327031,43.5,0.14,0.51,0.059632450331126026,1.1568857837721618,-1.0376208831099096,66.1,-0.06728655980548592,0.14227814941687777,-0.23649151108549915,0.5210478099192547,-0.7735,-79.0
2026-09-14,NRG,"NRG ENERGY, INC.",108.47,108.74,122.23,99.79,124.57,91.7,157.84,3.7242524916943487,1.8548387096774204,2.943947525342875,-15.040000000000006,-28.72211221122112,-17.434239998091222,-40.00998442435102,-0.01574935,-0.006130067590759077,-0.0308020051594028,0.018541869977884647,-0.02597287,0.0014564055481727635,-0.04046814465049312,0.04338095574683865,0.02145044,0.09567820503289481,0.04925085310126813,0.14210555696452148,-0.00520882,-0.0122955,24.4,-0.87,-1.025,-0.10946026490066225,0.5682756106589304,-0.787196140460255,8.1,-0.10584610736085531,0.03880419561149183,-0.2917666506466637,0.36937504186964737,-0.82325,-84.0
