Date,Ticker,Ticker_name,Category,Close,lt_pt_sm,change_pct,Ivol,rvol,prem_disc,model_score,Spread_Quad,rating,day_rr_ratio,week_rr_ratio,month_rr_ratio,day_pr_low,day_pr_high,week_pr_low,week_pr_high,month_pr_low,month_pr_high,day_dn,day_up,week_dn,week_up,month_dn,month_up
2026-09-11,A,"AGILENT TECHNOLOGIES, INC.",Health Care,146.93,157.18,0.0698,0.3134,0.30374283,0.031793902756486414,13.0,2,Neutral,-2.5993690851735147,1.6383587786259501,1.4340770791075046,138.69,150.1,136.45,164.1,122.28,182.28,-0.056081127067311054,0.02157489961206016,-0.07132648199823055,0.1168583679303068,-0.16776696386034173,0.24059075750357306
2026-09-11,AAPL,APPLE INC.,Information Technology,332.27,338.01,0.0173,0.2426,0.23343464,0.03926306738365826,-7.0,1,Neutral,-4.888185654008421,-1.308921036769138,-1.4020460358056257,309.1,337.01,288.84,365.45,277.45,371.37,-0.06973244650434873,0.014265506967225505,-0.13070695518704667,0.09985854877057809,-0.16498630631715172,0.11767538447647996
2026-09-11,ABBV,ABBVIE INC.,Health Care,257.12,275.26,0.0706,0.2659,0.24411818,0.08922653773676359,-9.0,2,Neutral,-3.4081632653061416,1.2657675525585068,1.2438752783964362,240.42,262.02,231.91,289.03,221.2,301.8,-0.06495021779713761,0.019057249533291687,-0.09804760423148728,0.12410547604231481,-0.13970130678282522,0.1737710018668326
2026-09-11,ABNB,"AIRBNB, INC.",Consumer Discretionary,170.19,197.33,0.1595,0.3044,0.32199852,-0.05465404002478025,1.0,3,Neutral,-1.1203703703703691,4.391208791208795,1.7817504655493488,159.3,179.91,161.09,210.15,143.34,218.03,-0.06398730830248534,0.057112638815441485,-0.05346965156589689,0.23479640401903756,-0.15776485104882776,0.2810975968035725
2026-09-11,ABT,ABBOTT LABORATORIES,Health Care,101.95,113.69,0.1152,0.269,0.22286222,0.207023783573546,41.0,2,Buy,2.06603773584905,5.136919315403416,2.552823315118395,98.77,108.52,97.86,122.96,90.97,129.98,-0.031191760666993695,0.06444335458558115,-0.040117704757233974,0.20608141245708667,-0.10769985286905348,0.27493869543894056
2026-09-11,ACGL,ARCH CAPITAL GROUP LTD.,Financials,96.09,99.68,0.0374,0.1831,0.17412748,0.05152845489982405,-5.0,1,Neutral,-1.183006535947713,2.1932938856015727,1.5420792079207917,92.47,99.15,91.02,107.21,88.01,108.55,-0.03767301488188157,0.03184514517639725,-0.052763034655010976,0.11572484129461946,-0.08408783432198974,0.1296701009470287
2026-09-11,ACN,ACCENTURE PUBLIC LIMITED COMPANY,Information Technology,183.9,168.56,-0.0834,0.5065,0.41272133,0.22722031352244376,-36.0,1,Sell,-3.004454342984425,1.284923477694562,-1.749231294841136,170.41,188.39,153.19,223.36,132.7,213.17,-0.07335508428493753,0.02441544317563893,-0.16699293094072865,0.21457313757476904,-0.2784121805328984,0.15916258836324082
2026-09-11,ADBE,ADOBE INC.,Information Technology,252.23,258.38,0.0244,0.4232,0.47902915,-0.11654645651522455,-1.0,3,Neutral,-1.058242329693188,3.6148390616475763,1.2710740265297393,231.88,271.46,233.9,318.49,205.49,311.64,-0.08068033144352371,0.07623993973754106,-0.07267176783094786,0.2626967450342941,-0.18530706101573957,0.23553899218966823
2026-09-11,ADI,"ANALOG DEVICES, INC.",Information Technology,378.78,396.83,0.0477,0.3535,0.28593164,0.23630948991863931,12.0,1,Neutral,,-3.4874651810584916,1.1745908028059244,349.57,378.51,328.7,393.14,314.63,454.13,-0.07711600401288343,-0.0007128148265483913,-0.132213950050161,0.03791118855272191,-0.16935952267807164,0.1989281377052643
2026-09-11,ADM,ARCHER-DANIELS-MIDLAND COMPANY.,Consumer Staples,86.72,90.23,0.0405,0.3134,0.26159602,0.198030459331912,21.0,1,Neutral,1.3539823008849565,-1.5679190751445076,-1.3467889908256867,83.33,91.31,75.87,93.64,72.04,97.62,-0.03909132841328411,0.052928966789667964,-0.12511531365313644,0.0797970479704797,-0.169280442804428,0.1256918819188193
2026-09-11,ADP,"AUTOMATIC DATA PROCESSING, INC.",Industrials,268.26,284.26,0.0596,0.265,0.24905515,0.06402136233681577,5.0,1,Neutral,-1.3544444444444441,5.247813411078707,1.6063800277392526,256.07,277.26,261.4,304.26,232.21,326.17,-0.045440990084246624,0.033549541489599655,-0.025572206068739334,0.13419816595839862,-0.13438455230000734,0.215872660851413
2026-09-11,ADSK,"AUTODESK, INC.",Information Technology,212.4,241.42,0.1366,0.3834,0.50488872,-0.2406247459836297,66.0,4,Buy,-2.37403846153846,3.057184750733136,3.315766738660907,187.71,222.8,191.94,274.95,189.25,289.16,-0.11624293785310735,0.048964218455743946,-0.09632768361581923,0.2944915254237288,-0.10899246704331456,0.3613935969868174
2026-09-11,AEE,AMEREN ,Utilities,104.9,113.28,0.0799,0.172,0.11891594,0.44639986868034676,12.0,1,Neutral,1.5381165919282451,2.1896024464831725,2.7098039215686214,102.67,108.33,101.63,112.06,99.8,118.72,-0.02125834127740711,0.03269780743565298,-0.031172545281220265,0.06825548141086735,-0.04861773117254531,0.1317445185891324
2026-09-11,AEP,"AMERICAN ELECTRIC POWER COMPANY, INC.",Utilities,123.33,131.59,0.067,0.1892,0.16026903,0.1805150377462197,2.0,1,Neutral,1.6767676767676787,1.4355400696864116,1.6576402321083168,120.36,128.31,117.59,131.57,112.99,140.47,-0.024081731938701,0.04037946971539785,-0.04654179842698447,0.06681261655720427,-0.0838401037865889,0.13897672910078662
2026-09-11,AES,THE AES ,Utilities,14.79,14.74,-0.0034,0.0003,0.02858999,-0.9895068168964033,-37.0,3,Sell,1.3333333333333366,1.3437500000000109,-1.0395480225988702,14.61,15.03,14.47,15.22,12.95,16.56,-0.012170385395537497,0.016227180527383478,-0.02163624070317771,0.02907369844489538,-0.12440838404327248,0.1196754563894522
2026-09-11,AFL,AFLAC INC.,Financials,115.28,122.85,0.0657,0.1718,0.20498752,-0.16190019763154362,-5.0,4,Neutral,-1.6883720930232493,1.576298701298701,2.507594936708859,111.65,117.43,109.12,124.99,107.38,135.09,-0.031488549618320594,0.018650242886884216,-0.05343511450381677,0.08422970159611376,-0.06852879944483004,0.17184247050659263
2026-09-11,AIG,"AMERICAN INTERNATIONAL GROUP, INC.",Financials,75.33,78.66,0.0442,0.2906,0.13728274,1.1167992422062674,2.0,1,Neutral,-1.44270833333333,1.460317460317467,1.7073552425665095,72.56,77.25,72.18,79.93,68.94,86.24,-0.03677153856365323,0.025487853444842612,-0.041816009557944955,0.06106464887826912,-0.08482676224611707,0.14482941723085085
2026-09-11,AIZ,"ASSURANT, INC.",Financials,282.46,299.05,0.0587,0.2068,0.14606135,0.4158434110050331,26.0,1,Buy,-1.2165605095541323,2.149816176470593,1.687671232876714,274.82,288.74,271.58,305.85,253.26,331.74,-0.027048077603908482,0.022233236564469516,-0.03851872831551373,0.0828081852297673,-0.10337746937619485,0.17446718119379745
2026-09-11,AJG,ARTHUR J. GALLAGHER & CO.,Financials,240.32,263.84,0.0979,0.2774,0.31485499,-0.1189594930669513,-12.0,4,Neutral,2.564202334630355,10.642857142857135,2.1259771497294047,232.61,260.09,235.7,289.49,207.06,311.03,-0.03208222370173097,0.08226531291611172,-0.019224367509986684,0.2046021970705727,-0.13839880159786944,0.294232689747004
2026-09-11,AKAM,"AKAMAI TECHNOLOGIES, INC.",Information Technology,106.79,124.54,0.1662,0.4939,0.4152295,0.18946269472665134,26.0,1,Buy,1.2266244057052285,-1.4383301707779907,2.42629757785467,100.48,114.53,91.63,117.33,92.34,141.85,-0.059087929581421506,0.07247869650716354,-0.1419608577582172,0.09869837999812714,-0.13531229515872278,0.3283078939975652
2026-09-11,ALB,ALBEMARLE ,Materials,117.52,146.34,0.2452,0.4901,0.48755376,0.005222480491176906,64.0,2,Buy,5.424242424242426,2.2157190635451527,2.9459064327485387,114.88,131.84,105.56,144.02,97.0,177.97,-0.0224642614023145,0.1218515997277061,-0.10176991150442471,0.2254935330156571,-0.17460857726344448,0.5143805309734513
2026-09-11,ALGN,"ALIGN TECHNOLOGY, INC.",Health Care,150.82,157.33,0.0432,0.4002,0.33984146,0.17760793518248197,-12.0,1,Neutral,-1.1670146137787014,2.0655542312276567,1.9765698219306467,145.23,155.61,142.43,168.15,129.48,193.0,-0.03706404986076117,0.031759713565840286,-0.055629226892984884,0.11490518498872837,-0.14149317066702027,0.27967113114971487
2026-09-11,ALL,THE ALLSTATE ,Financials,253.71,275.81,0.0871,0.227,0.21463922,0.0575886364104381,40.0,1,Buy,-1.2312056737588692,3.2966457023060745,2.3563218390804583,245.03,260.76,244.17,285.16,231.96,304.96,-0.034212289622009395,0.02778763154783004,-0.03760198652004265,0.12396042725946943,-0.0857277994560719,0.20200228607465198
2026-09-11,ALLE,ALLEGION PUBLIC LIMITED COMPANY,Industrials,153.35,167.45,0.0919,0.2669,0.20509864,0.3013250599808952,40.0,1,Buy,-1.673553719008262,1.7448591012947452,2.042261564820105,145.25,158.19,140.22,176.26,135.84,189.11,-0.05282034561460702,0.031561786762308364,-0.08562112813824585,0.14939680469514172,-0.11418324095207033,0.23319204434300622
2026-09-11,AMAT,"APPLIED MATERIALS, INC.",Information Technology,456.49,578.6,0.2675,0.5162,0.44778812,0.15277734478529714,23.0,1,Neutral,1.0044526901669761,-1.1193543610247307,3.7404275686024255,429.54,483.56,380.9,524.02,393.81,690.94,-0.05903743784091653,0.05930031325987417,-0.16558960765843722,0.1479331420184451,-0.13730859383557148,0.5135928497886044
2026-09-11,AMCR,AMCOR PLC,Materials,42.32,46.16,0.0907,0.2193,0.23630792,-0.07197355044215192,-24.0,3,Neutral,2.18918918918919,6.053030303030304,2.819121447028425,41.21,44.75,41.0,50.31,38.45,53.23,-0.02622873345935728,0.05741965973534979,-0.031190926275992403,0.18879962192816646,-0.09144612476370506,0.2577977315689981
2026-09-11,AMD,"ADVANCED MICRO DEVICES, INC.",Information Technology,516.13,608.88,0.1797,0.4872,0.51241324,-0.049204895642431024,14.0,3,Neutral,1.0197732665436314,-5.3797389683032835,1.58451536643026,478.2,554.81,429.57,532.22,380.77,730.61,-0.0734892372076803,0.07494235948307582,-0.16770968554433963,0.03117431654815661,-0.26225950826342204,0.41555422083583604
2026-09-11,AME,"AMETEK, INC.",Industrials,241.87,258.29,0.0679,0.2333,0.23268854,0.002627804532187028,27.0,1,Buy,-4.77319587628867,-1.413855421686745,1.476190476190476,227.98,244.78,218.4,258.47,216.46,279.38,-0.05742754372183412,0.01203125646008174,-0.09703559763509317,0.06863190970355992,-0.10505643527514774,0.15508330921569424
2026-09-11,AMGN,AMGEN INC.,Health Care,377.35,465.26,0.233,0.231,0.4208967,-0.4511717483173424,1.0,4,Neutral,1.4492261230653067,17.433460076045467,3.688913403199112,350.86,415.74,372.09,469.05,341.09,511.11,-0.07020007950178886,0.10173578905525371,-0.013939313634556916,0.24301046773552404,-0.09609116205114632,0.35447197561945143
2026-09-11,AMP,"AMERIPRISE FINANCIAL, INC.",Financials,557.61,578.01,0.0366,0.2473,0.18995436,0.3018916754529879,3.0,2,Neutral,-1.52957233848954,1.5049151027703278,1.1541284403669716,540.8,568.6,524.04,608.13,481.31,645.67,-0.030146518175786063,0.019709115690177637,-0.060203367945338204,0.09060095765857845,-0.13683398791269885,0.15792399705887616
2026-09-11,AMT,AMERICAN TOWER ,Real Estate,177.85,174.65,-0.018,0.2797,0.22244948,0.2573641439845127,-78.0,1,Sell,-2.951492537313424,-1.7581837381203809,-1.7942894224529533,169.94,180.53,161.2,187.32,150.2,193.26,-0.04447568175428729,0.015068878268203578,-0.09361821759910038,0.05324711835816709,-0.15546809108799553,0.08664605004217041
2026-09-11,AMZN,"AMAZON.COM, INC.",Consumer Discretionary,256.78,274.6,0.0694,0.2927,0.25657967,0.1407762742854881,12.0,1,Neutral,-2.9481268011527035,-1.0885416666666632,1.8708530805687231,246.55,260.25,227.52,283.66,223.02,319.94,-0.03983955136692874,0.013513513513513598,-0.11394968455487176,0.10468104992600691,-0.131474413895163,0.24596931225173302
2026-09-11,ANET,"ARISTA NETWORKS, INC.",Information Technology,199.59,230.38,0.1543,0.4645,0.45358231,0.024069920187143268,62.0,1,Buy,-2.127055306427503,-1.0345162858531847,1.4654328866198687,185.36,206.28,178.31,220.16,152.58,268.48,-0.07129615712210025,0.03351871336239287,-0.1066185680645323,0.10306127561501066,-0.23553284232676985,0.34515757302470074
2026-09-11,AON,AON PLC,Financials,302.69,356.06,0.1763,0.2327,0.40386335,-0.4238150106960684,-0.0,4,Neutral,-1.0157480314960627,2.1666055045871566,5.148548278190411,282.05,323.01,275.44,361.73,287.88,378.94,-0.06818857577059034,0.06713138854934098,-0.09002609930952454,0.19505104232052606,-0.048927946083451745,0.25190789256334867
2026-09-11,AOS,A. O. SMITH ,Industrials,57.39,61.43,0.0704,0.2416,0.2845188,-0.15084697390822677,-14.0,3,Neutral,-1.028112449799197,2.5653846153846147,1.9157566302652096,54.83,59.88,54.79,64.06,50.98,69.67,-0.044607074403206215,0.04338734971249347,-0.04530405994075626,0.11622233838647844,-0.11169193239240294,0.2139745600278795
2026-09-11,APA,APA ,Energy,44.73,48.59,0.0863,0.4145,0.31795052,0.3036619660191151,6.0,1,Neutral,-1.0865384615384577,1.3129411764705896,1.0267934312878135,42.47,46.81,40.48,50.31,33.16,56.61,-0.05052537446903638,0.04650122959982128,-0.09501453163425,0.1247484909456742,-0.2586630896490052,0.26559356136820944
2026-09-11,APD,"AIR PRODUCTS AND CHEMICALS, INC.",Materials,291.43,307.0,0.0534,0.2328,0.17636578,0.3199839560712969,29.0,1,Buy,2.0723684210526314,3.385120350109412,1.6115859449192755,285.35,304.03,277.72,337.84,259.84,342.34,-0.020862642830182132,0.0432350821809695,-0.04704388703976936,0.15924921936657155,-0.10839652746800277,0.17469032014548946
2026-09-11,APH,AMPHENOL ,Information Technology,83.92,94.39,0.1248,0.4062,0.40070433,0.013715025240680578,34.0,1,Buy,-2.993670886075955,-1.6283333333333327,1.4691075514874146,79.19,85.5,74.15,89.92,70.81,103.18,-0.056363203050524335,0.018827454718779668,-0.11642040038131551,0.07149666348903727,-0.15622020972354622,0.2295042897998094
2026-09-11,APO,"APOLLO GLOBAL MANAGEMENT, INC.",Financials,128.98,138.26,0.0719,0.3614,0.30496517,0.18505336199540423,9.0,1,Neutral,1.9216417910447836,1.977064220183489,1.6624879459980726,126.3,134.13,118.08,150.53,108.24,163.46,-0.020778415258179472,0.03992867111180032,-0.08450922623662582,0.16708016746782461,-0.16080012405024036,0.2673282679485194
2026-09-11,APP,APPLOVIN CORP,Information Technology,323.96,395.07,0.2195,0.5226,0.33226932,0.5728205059678697,-26.0,1,Sell,-4.137190082644616,-3.1513907888736874,2.9075484764542945,298.93,330.01,254.85,345.89,237.32,575.87,-0.0772626250154339,0.01867514507963941,-0.21332880602543525,0.06769354241264347,-0.2674404247437955,0.7775959995061119
2026-09-11,APTV,APTIV PLC,Consumer Discretionary,45.54,45.98,0.0097,0.3994,0.36206578,0.10311446721090278,12.0,1,Neutral,-1.1093749999999976,-1.7119565217391297,1.6646090534979425,42.7,48.1,39.24,49.22,35.82,61.72,-0.06236275801493185,0.05621431708388225,-0.13833992094861658,0.08080808080808088,-0.2134387351778656,0.3552920509442248
2026-09-11,ARE,"ALEXANDRIA REAL ESTATE EQUITIES, INC.",Real Estate,51.14,48.58,-0.0501,0.5319,0.47560026,0.11837617582463067,-62.0,1,Sell,-1.3513513513513533,1.302832244008713,-1.3247373447946513,47.64,53.73,46.55,57.12,37.27,61.61,-0.06843957763003516,0.050645287446225984,-0.0897536175205319,0.11693390692217442,-0.2712162690653108,0.204732107938991
2026-09-11,ARES,ARES MANAGEMENT CORP,Financials,131.64,139.02,0.0561,0.4013,0.33306305,0.20487697449476894,14.0,1,Neutral,1.953995157385002,2.474528301886799,1.5661375661375674,127.51,139.71,121.04,157.87,103.29,176.04,-0.03137344272257658,0.061303555150410416,-0.08052263749620159,0.19925554542692203,-0.2153600729261621,0.3372835004557886
2026-09-11,ASC,ARDMORE SHIPPING ,MR Discretion,18.67,18.63,-0.0021,0.403,0.34087331,0.18225741991944178,6.0,1,Neutral,-2.3928571428571543,-1.5345911949685545,-1.3032786885245917,17.33,19.23,16.23,20.26,13.9,22.33,-0.07177289769684003,0.029994643813604727,-0.13069094804499204,0.08516336368505617,-0.25549009105516873,0.19603642206748773
2026-09-11,ATO,ATMOS ENERGY ,Utilities,163.19,177.96,0.0905,0.1601,0.13104406,0.22172649412724232,-38.0,1,Sell,3.9707602339181056,2.6139240506329093,2.816261879619854,161.48,169.98,158.45,175.58,153.72,189.86,-0.01047858324652251,0.04160794166309212,-0.02904589742018515,0.0759237698388382,-0.05803051657577052,0.1634291316869907
2026-09-11,AVGO,BROADCOM INC.,Information Technology,361.99,426.33,0.1777,0.347,0.36792347,-0.05686908204034935,-31.0,3,Sell,1.0619607843137226,-1.1022615535889875,2.43582409724705,349.24,375.53,328.36,392.5,306.05,498.25,-0.035221967457664594,0.037404348186413916,-0.09290311887068703,0.08428409624575273,-0.15453465565347113,0.37641923810050004
2026-09-11,AVY,AVERY DENNISON ,Materials,169.38,181.11,0.0693,0.2756,0.21140082,0.3036846309300032,29.0,1,Buy,-1.279393173198484,2.5257918552036234,1.5287902799788688,159.26,177.29,158.33,197.29,150.45,198.32,-0.059747313732436025,0.0466997284213011,-0.06523792655567351,0.16477742354469238,-0.11176053843428979,0.17085842484354696
2026-09-11,AWK,"AMERICAN WATER WORKS COMPANY, INC.",Utilities,137.69,141.14,0.0251,0.1938,0.20384456,-0.04927558527929321,-37.0,3,Sell,10.238805970149466,2.5639097744360964,-1.0224924012158059,137.02,144.55,132.37,151.33,120.87,154.14,-0.004866003340837977,0.04982206405693956,-0.03863751906456525,0.0990631127896,-0.12215847192969709,0.11947127605490593
2026-09-11,AXON,"AXON ENTERPRISE, INC.",Industrials,479.34,623.23,0.3002,0.5604,0.57040282,-0.01753641400300221,-38.0,3,Sell,-1.8285843509724073,3.4623085983510027,4.190341753343243,438.91,501.45,428.4,655.71,412.04,761.35,-0.0843451412358659,0.0461259231443234,-0.10627112279384154,0.36794342220553267,-0.14040138523803558,0.58832978679017
2026-09-11,AXP,AMERICAN EXPRESS COMPANY,Financials,324.69,343.18,0.0569,0.2411,0.17406398,0.38512287263568257,-15.0,1,Neutral,-4.60444444444445,1.1003745318352063,1.922039859320046,314.33,326.94,297.99,354.07,290.57,390.27,-0.03190735778742804,0.00692968677815764,-0.08223228310080377,0.09048631001878715,-0.10508485016477254,0.2019772706273677
2026-09-11,AZO,"AUTOZONE, INC.",Consumer Discretionary,2876.75,3048.44,0.0597,0.3748,0.20914664,0.7920440892571836,6.0,1,Neutral,1.8417890520694233,1.730426507483344,2.0206158857058263,2831.81,2959.52,2761.16,3076.77,2606.57,3422.68,-0.015621795428869434,0.028772051794559772,-0.04018075953767275,0.06952985139480305,-0.09391848440079942,0.18977318154167033
2026-09-11,BA,THE BOEING COMPANY,Industrials,210.45,215.56,0.0243,0.2954,0.21825861,0.35344030643281377,48.0,1,Buy,-1.856088560885604,-1.0288362512873312,1.4646654158849295,200.39,215.87,190.47,229.87,178.47,257.29,-0.04780232834402476,0.025754335946780893,-0.09493941553813257,0.09227845093846532,-0.15196008553100493,0.22257068187217888
2026-09-11,BAC,BANK OF AMERICA ,Financials,62.69,66.6,0.0624,0.234,0.15744337,0.4862486746822048,36.0,1,Buy,-1.0962566844919743,2.1880341880341936,1.4613259668508296,60.64,64.56,60.35,67.81,55.45,73.27,-0.03270059020577443,0.029829318870633337,-0.03732652735683517,0.08167171797734896,-0.11548891370234482,0.16876694847663098
2026-09-11,BALL,BALL ,Materials,59.9,64.21,0.072,0.209,0.16557112,0.26229743448011944,32.0,1,Buy,1.3658536585365892,3.714285714285709,2.004658385093169,57.85,62.7,57.73,67.96,53.46,72.81,-0.03422370617696158,0.046744574290484175,-0.0362270450751252,0.13455759599332207,-0.10751252086811347,0.21552587646076793
2026-09-11,BAX,BAXTER INTERNATIONAL INC.,Health Care,23.8,25.31,0.0634,0.2314,0.24059404,-0.03821391419338571,-20.0,3,Neutral,3.0,6.858695652173899,2.2383561643835597,23.21,25.57,22.88,30.11,20.15,31.97,-0.024789915966386578,0.07436974789915962,-0.038655462184874034,0.265126050420168,-0.15336134453781525,0.34327731092436964
2026-09-11,BBY,"BEST BUY CO., INC.",Consumer Discretionary,90.8,86.84,-0.0436,0.3668,0.41557874,-0.11737544610679551,-74.0,4,Sell,-1.9088669950738906,-1.6684280052840137,-2.5867678958785247,83.05,94.86,78.17,98.37,66.95,100.02,-0.08535242290748901,0.044713656387665335,-0.13909691629955945,0.08337004405286352,-0.26266519823788537,0.1015418502202643
2026-09-11,BDX,"BECTON, DICKINSON AND COMPANY",Health Care,177.85,191.08,0.0744,0.2288,0.22757694,0.005374270345668508,25.0,1,Neutral,-1.170487106017187,3.059777102330294,1.5112908661948103,169.68,184.83,167.98,208.05,148.18,222.69,-0.04593758785493385,0.03924655608659,-0.05549620466685412,0.16980601630587588,-0.1668259769468653,0.2521225752038234
2026-09-11,BEN,"FRANKLIN RESOURCES, INC.",Financials,33.65,36.6,0.0877,0.2926,0.21462335,0.3633185764736224,16.0,1,Neutral,1.9898989898989847,2.353741496598642,1.810741687979539,32.66,35.62,32.18,37.11,29.74,40.73,-0.02942050520059436,0.0585438335809807,-0.04368499257057945,0.1028231797919763,-0.11619613670133733,0.21040118870728075
2026-09-11,BF.B,BROWN-FORMAN ,Consumer Staples,26.22,26.32,0.0038,0.3689,0.32510992,0.13469315239596513,14.0,1,Neutral,1.1428571428571466,3.0267857142857215,1.2750000000000008,25.1,27.5,25.1,29.61,22.62,30.81,-0.04271548436308148,0.048817696414950484,-0.04271548436308148,0.12929061784897034,-0.13729977116704795,0.1750572082379862
2026-09-11,BG,BUNGE LIMITED,Consumer Staples,122.41,127.23,0.0394,0.3352,0.33098349,0.012739336333664308,11.0,1,Neutral,2.7524999999999977,-1.3954918032786867,-1.3461950696677383,118.41,133.42,101.98,137.05,97.29,141.07,-0.032677068866922676,0.08994363205620459,-0.16689812923780734,0.11959807205293704,-0.20521199248427413,0.15243852626419407
2026-09-11,BIIB,BIOGEN INC.,Health Care,217.15,226.03,0.0409,0.32,0.29799626,0.07383898039525727,19.0,2,Neutral,-2.236507936507943,1.151759953837276,-1.0104529616724742,203.06,223.45,199.82,237.11,179.45,254.46,-0.06488602348606953,0.029012203545935922,-0.07980658530969387,0.09191802901220347,-0.17361271010822021,0.17181671655537656
2026-09-11,BKNG,BOOKING HOLDINGS INC.,Consumer Discretionary,173.92,201.45,0.1583,0.3574,0.36876482,-0.030818612252654698,-24.0,3,Neutral,-1.4226190476190435,5.272727272727277,3.863278886872354,159.58,184.0,165.01,220.9,157.39,237.78,-0.08245170193192264,0.0579576816927323,-0.05123045078196875,0.27012419503219887,-0.09504369825206993,0.36718031278748864
2026-09-11,BKR,BAKER HUGHES COMPANY,Energy,59.06,70.58,0.1951,0.3236,0.2871381,0.12698384505574145,41.0,2,Buy,4.005649717514119,2.5691964285714244,2.8735244519392906,57.29,66.15,54.58,70.57,53.13,76.1,-0.029969522519471825,0.12004740941415526,-0.07585506264815445,0.19488655604470018,-0.1004063664070437,0.28852014900101586
2026-09-11,BLDR,"BUILDERS FIRSTSOURCE, INC.",Industrials,60.37,62.05,0.0278,0.5274,0.47059979,0.12069748267418468,-17.0,1,Neutral,-1.3039215686274483,1.7364864864864895,1.8994475138121558,56.38,63.43,54.45,70.65,51.32,77.56,-0.06609243001490794,0.050687427530230256,-0.09806195130031459,0.17028325327149263,-0.149908895146596,0.28474407818452874
2026-09-11,BLK,"BLACKROCK, INC.",Financials,1079.65,1159.76,0.0742,0.2601,0.22824367,0.13957158154703686,18.0,2,Neutral,-1.577128607053797,2.580920823160091,1.9109396914445995,1035.38,1107.72,1022.31,1227.64,965.57,1297.65,-0.041004029083499316,0.025999166396517337,-0.05310980410318167,0.13707219932385506,-0.10566387255128984,0.2019172880100033
2026-09-11,BMY,BRISTOL-MYERS SQUIBB COMPANY,Health Care,63.64,70.45,0.107,0.2798,0.25229355,0.10902557754647324,15.0,2,Neutral,1.4670329670329678,4.447368421052636,2.169757489300998,61.82,66.31,61.74,72.09,56.63,78.85,-0.02859836580766817,0.0419547454431175,-0.029855436832180948,0.13277812696417346,-0.11015084852294155,0.23900062853551218
2026-09-11,BNY,THE BANK OF NEW YORK MELLON ,Financials,162.66,186.21,0.1448,0.2548,0.16822216,0.5146637042349238,54.0,1,Buy,1.2946428571428625,2.005326231691081,2.3111480865224605,158.18,168.46,155.15,177.72,150.64,190.44,-0.027542112381654937,0.03565719906553544,-0.04616992499692607,0.09258576171154553,-0.07389647116685116,0.17078568793803028
2026-09-11,BR,"BROADRIDGE FINANCIAL SOLUTIONS, INC.",Industrials,167.74,175.66,0.0472,0.2991,0.26605675,0.12419624760506909,-26.0,1,Sell,-1.1175115207373318,2.9269717624147975,1.3092580433355214,158.04,176.42,157.47,197.8,137.28,207.62,-0.05782759031834994,0.05174675092404901,-0.061225706450459105,0.17920591391439133,-0.18159055681411718,0.2377488971026589
2026-09-11,BRK.B,"BERKSHIRE HATHAWAY INC.,",Financials,510.37,528.28,0.0351,0.1533,0.10191434,0.5042044132356642,-21.0,1,Neutral,-2.089473684210514,1.3214135464871684,1.3766336633663363,498.46,516.07,486.6,541.78,459.87,579.89,-0.023336011129180823,0.011168368046711397,-0.04657405411760096,0.06154358602582444,-0.09894782216823084,0.1362149029135724
2026-09-11,BRO,"BROWN & BROWN, INC.",Financials,66.19,71.03,0.0731,0.3007,0.29723429,0.011659859298198683,14.0,1,Neutral,1.277142857142857,8.39455782312926,1.9799999999999998,62.69,70.66,64.72,78.53,57.69,83.02,-0.052878078259555816,0.06753285994863267,-0.02220879286901345,0.18643299592083395,-0.1284181900589213,0.2542680163166642
2026-09-11,BSX,BOSTON SCIENTIFIC ,Health Care,42.98,46.88,0.0907,0.3596,0.41300707,-0.12931272580878583,-34.0,4,Sell,1.8969696969697,3.513944223107573,2.4496124031007773,41.33,46.11,40.47,51.8,36.53,58.78,-0.03838994881340152,0.0728245695672407,-0.05839925546765934,0.2052117263843649,-0.15006979990693337,0.3676128431828758
2026-09-11,BTC=F,BITCOIN FUTURES,Futures,77260.0,82224.58,0.0643,0.0,0.48020386,,-29.0,,,2.6901411274959925,3.0653406620779773,1.0611636578536356,74766.51,83967.84,73004.61,90304.22,59492.75,96113.96,-0.03227400983691442,0.08682164121149372,-0.055078824747605504,0.16883536111830177,-0.22996699456381053,0.24403261713694024
2026-09-11,BTI,BRITISH AMERICAN TOBACCO P.L.C.,MR Discretion,55.24,60.85,0.1016,0.3558,0.20124114,0.7680281477236712,6.0,1,Neutral,-1.1883116883116924,-1.175862068965519,3.0758017492711387,53.41,56.78,51.83,58.14,51.81,65.79,-0.03312816799420715,0.027878349022447457,-0.06173062997827672,0.05249818971759601,-0.06209268645908761,0.19098479362780596
2026-09-11,BTU,PEABODY ENERGY ,MR Discretion,28.21,30.73,0.0893,0.4985,0.55022632,-0.09400917062637071,-1.0,4,Neutral,8.052631578947311,1.599348534201953,1.190687361419069,27.83,31.27,25.14,33.12,19.19,38.95,-0.013470400567174856,0.10847217298830203,-0.10882665721375395,0.1740517546969158,-0.31974477135767454,0.380716058135413
2026-09-11,BX,BLACKSTONE INC,Financials,128.51,141.26,0.0992,0.3489,0.33298368,0.04779909934324711,14.0,1,Neutral,-1.0136986301369835,3.3079096045197836,1.861942015646573,122.59,134.35,121.43,151.93,106.78,168.97,-0.04606645397245346,0.04544393432417704,-0.05509298887246117,0.18224262703291583,-0.1690918994630768,0.31483931211578864
2026-09-11,BXP,"BOSTON PROPERTIES, INC.",Real Estate,64.7,67.9,0.0495,0.3115,0.29201157,0.06673855422920405,23.0,2,Neutral,-1.059171597633139,2.6121212121212056,1.5160599571734465,61.12,68.08,61.4,73.32,55.36,78.86,-0.05533230293663072,0.052241112828438796,-0.051004636785162316,0.13323029366306005,-0.14435857805255026,0.21885625965996902
2026-09-11,C,CITIGROUP INC.,Financials,138.82,153.65,0.1068,0.2969,0.21405186,0.38704704551504476,22.0,1,Neutral,-1.1820128479657308,-1.5088300220750535,1.469063987308303,133.3,143.49,125.15,147.88,119.91,166.6,-0.03976372280651186,0.033640685780147006,-0.09847284252989474,0.06526437112807959,-0.1362195649041925,0.20011525716755507
2026-09-11,CAG,"CONAGRA BRANDS, INC.",Consumer Staples,14.6,15.11,0.0349,0.3568,0.28767783,0.24027631882512446,19.0,1,Neutral,1.870370370370373,3.7894736842105283,1.4678111587982832,14.06,15.61,13.84,17.48,12.27,18.02,-0.03698630136986292,0.0691780821917809,-0.05205479452054795,0.19726027397260282,-0.15958904109589045,0.23424657534246585
2026-09-11,CAH,"CARDINAL HEALTH, INC.",Health Care,234.57,270.89,0.1548,0.2497,0.23680003,0.0544762177606144,-1.0,1,Neutral,3.6567505720823803,2.9846431797651345,2.9152830991911483,230.2,250.55,223.5,267.61,211.08,303.05,-0.01862983331201773,0.06812465362152031,-0.04719273564394422,0.14085347657415714,-0.10014068295178402,0.2919384405507952
2026-09-11,CALM,"CAL-MAINE FOODS, INC.",MR Discretion,73.98,85.73,0.1588,0.3027,0.25832587,0.171775788464392,-38.0,1,Sell,-1.2923497267759585,1.9009740259740215,3.5953678474114423,69.25,77.64,67.82,85.69,66.64,100.37,-0.06393619897269542,0.04947283049472828,-0.08326574749932425,0.1582860232495269,-0.09921600432549338,0.35671803190051365
2026-09-11,CANE,TEUCRIUM:SUGAR,Commodities,11.52,11.6,0.0069,0.2318,0.23403787,-0.009561999517428532,-5.0,4,Neutral,2.7999999999999927,1.985294117647059,-1.485294117647057,11.37,11.94,10.84,12.87,9.5,12.88,-0.01302083333333337,0.03645833333333326,-0.05902777777777779,0.1171875,-0.1753472222222222,0.11805555555555558
2026-09-11,CARR,CARRIER GLOBAL ,Industrials,57.46,60.25,0.0486,0.2773,0.20747982,0.3365155223288703,-21.0,1,Neutral,1.2941176470588214,-1.3861607142857155,1.7110311750599516,55.08,60.54,51.25,61.94,49.12,71.73,-0.041420118343195256,0.05360250609119377,-0.10807518273581629,0.07796728158719102,-0.14514444831186923,0.24834667594848603
2026-09-11,CASY,"CASEY'S GENERAL STORES, INC.",Consumer Staples,615.47,844.94,0.3728,0.3251,0.56656119,-0.4261873108533961,-0.0,4,Neutral,1.3748050597816646,6.532492113564657,,557.76,694.81,583.77,822.55,615.91,952.42,-0.09376574000357452,0.12890961379108634,-0.05150535363218356,0.33645831640859813,0.0007149008075129082,0.5474677888442978
2026-09-11,CAT,CATERPILLAR INC.,Industrials,818.57,943.27,0.1523,0.3344,0.2952976,0.13241692448567144,58.0,1,Buy,-1.218978102189783,-1.3884875846501155,2.4905054322153988,786.84,844.6,695.55,907.17,712.72,1082.19,-0.038762720353787694,0.03179935741598139,-0.15028647519454674,0.1082375361911625,-0.12931087139768138,0.3220494276604322
2026-09-11,CB,CHUBB LTD,Financials,338.25,355.74,0.0517,0.1847,0.17022235,0.08505140482433715,36.0,1,Buy,1.162990196078429,2.214715719063548,1.900532132623823,330.09,347.74,323.3,371.36,313.82,384.68,-0.02412416851441246,0.028056171470805635,-0.0441980783444198,0.09788617886178863,-0.0722246858832225,0.13726533628972648
2026-09-11,CBOE,"CBOE GLOBAL MARKETS, INC.",Financials,281.04,318.99,0.135,0.357,0.35666844,0.0009296028546847968,47.0,1,Buy,3.0460772104607585,2.507676560900714,2.091957336408185,273.01,305.5,261.5,330.04,246.35,353.61,-0.02857244520352986,0.08703387418161102,-0.06952746939937382,0.17435240535155128,-0.12343438656419026,0.25821947053800165
2026-09-11,CBRE,"CBRE GROUP, INC.",Real Estate,140.51,151.62,0.0791,0.3257,0.39267183,-0.1705542004375511,-25.0,4,Neutral,-1.4264705882352882,2.4597855227882137,2.0293237582286063,134.69,144.59,133.05,158.86,123.8,174.42,-0.04142053946338331,0.02903707921144405,-0.053092306597395056,0.1305956871397056,-0.11892392000569352,0.24133513628923198
2026-09-11,CCI,CROWN CASTLE INC.,Real Estate,75.62,75.28,-0.0045,0.335,0.21467097,0.5605277229613304,-31.0,1,Sell,-1.2956810631229294,-1.7076923076923134,-1.4212910532276337,71.72,78.63,66.74,80.82,63.07,84.45,-0.05157365776249678,0.039804284580798655,-0.11742925152076178,0.06876487701666201,-0.16596138587675224,0.1167680507802169
2026-09-11,CCJ,CAMECO ,MR Discretion,96.68,118.88,0.2296,0.4608,0.46223392,-0.0031021522609159247,9.0,4,Neutral,3.7055016181229696,1.3700623700623686,2.242841409691628,93.59,108.13,87.06,109.86,78.52,137.41,-0.03196110881257763,0.11843194042201066,-0.09950351675630953,0.13632602399668992,-0.18783616052958219,0.42128671907323123
2026-09-11,CCL,CARNIVAL CORP,Consumer Discretionary,22.75,25.84,0.1358,0.4319,0.30902904,0.39760328026129854,19.0,1,Neutral,-3.0810810810810745,1.2382978723404248,3.059561128526644,21.61,23.12,20.4,25.66,19.56,32.51,-0.05010989010989009,0.01626373626373634,-0.10329670329670337,0.12791208791208786,-0.14021978021978032,0.429010989010989
2026-09-11,CDNS,"CADENCE DESIGN SYSTEMS, INC.",Information Technology,289.37,336.79,0.1639,0.3789,0.41854727,-0.09472590754205612,55.0,4,Buy,-1.6659077973819005,1.464274061990213,3.2751655629139074,260.1,306.94,258.72,334.25,259.17,388.28,-0.10115077582334031,0.06071811176003039,-0.10591975671285891,0.15509555240695305,-0.10436465424888552,0.3418115215813664
2026-09-11,CDW,CDW ,Information Technology,153.79,148.05,-0.0373,0.3787,0.55381396,-0.31619636312526334,-79.0,4,Sell,-4.173708920187774,-1.1044176706827304,-2.503504043126683,136.01,158.05,134.54,171.22,107.35,172.34,-0.1156121984524352,0.027700110540347378,-0.12517068730086478,0.11333636777423761,-0.30197021912998245,0.12061902594446972
2026-09-11,CEG,CONSTELLATION ENERGY,Utilities,284.75,301.43,0.0586,0.388,0.33831751,0.14685166605772193,-21.0,1,Neutral,37.64615384615521,1.989861751152075,1.1529793146032725,284.1,309.22,263.05,327.93,219.97,359.44,-0.0022827041264266157,0.08593503072870945,-0.07620719929762942,0.15164179104477604,-0.2274978050921861,0.26230026338893775
2026-09-11,CF,"CF INDUSTRIES HOLDINGS, INC.",Materials,133.07,149.75,0.1253,0.4356,0.378861,0.14976204993388076,21.0,1,Neutral,7.771428571428568,2.0849141824751607,1.3151382823871918,131.32,146.67,122.0,156.15,105.59,169.21,-0.013150973172014746,0.10220184865108584,-0.08318929886525883,0.17344254903434297,-0.2065078530096941,0.27158638310663563
2026-09-11,CFG,"CITIZENS FINANCIAL GROUP, INC.",Financials,70.48,77.12,0.0942,0.2917,0.20511452,0.42213237756156907,46.0,1,Buy,-2.8083333333333305,1.0401459854014596,1.6909547738693458,67.11,71.68,65.0,76.18,62.52,83.94,-0.047814982973893416,0.017026106696935273,-0.07775255391600455,0.08087400681044277,-0.11293984108967081,0.19097616345062418
2026-09-11,CHD,"CHURCH & DWIGHT CO., INC.",Consumer Staples,94.15,104.32,0.108,0.2078,0.22692609,-0.08428334529537784,-39.0,3,Sell,1.1020408163265287,3.1804281345565624,2.4495005549389544,90.72,97.93,90.88,104.55,85.14,116.22,-0.03643122676579935,0.04014869888475836,-0.03473181093998945,0.11046202867764188,-0.09569835369091884,0.23441317047264998
2026-09-11,CHRW,"C.H. ROBINSON WORLDWIDE, INC.",Industrials,152.78,168.07,0.1001,0.3273,0.26505666,0.23483031892124484,-5.0,1,Neutral,1.1497326203208564,-1.770218228498073,1.3943956503555002,145.3,161.38,125.2,168.36,128.87,186.12,-0.04895928786490367,0.056290090325958886,-0.18052101060348213,0.10197669852074887,-0.15649954182484616,0.21822228040319414
2026-09-11,CHTR,"CHARTER COMMUNICATIONS, INC.",Communication Services,145.77,143.59,-0.015,0.5572,0.68000042,-0.1805887414010715,-49.0,4,Sell,-2.8717047451669613,1.3983862834089749,-1.0240248728094972,129.43,151.46,125.94,173.5,109.54,181.15,-0.11209439528023601,0.039034094806887465,-0.1360362214447418,0.1902311861151127,-0.2485422240515881,0.24271112025794062
2026-09-11,CI,THE CIGNA GROUP,Health Care,280.76,272.24,-0.0303,0.2457,0.20728932,0.18529985046986508,-37.0,1,Sell,-1.2826603325415666,-1.0337773549000968,-1.6521577380952381,269.96,289.18,259.03,301.78,236.35,307.64,-0.03846701809374564,0.02999002706938314,-0.07739706510898992,0.07486821484541961,-0.1581778031058555,0.09574013392221103
2026-09-11,CIEN,CIENA CORPORATION,Information Technology,349.54,500.15,0.4309,0.6224,0.71873422,-0.13403316179936453,-1.0,3,Neutral,-4.151931330472111,-1.6985645933014373,4.260833053409471,301.17,361.19,278.54,391.34,290.0,603.23,-0.13838187331921958,0.033329518796131996,-0.20312410596784347,0.11958574125994148,-0.17033815872289304,0.7257824569434113
2026-09-11,CINF,CINCINNATI FINANCIAL ,Financials,169.8,182.87,0.077,0.196,0.15341124,0.2776117317088369,13.0,1,Neutral,-1.043378995433796,1.765418502202641,2.286585365853655,165.23,174.18,160.72,185.83,158.32,196.05,-0.026914016489988368,0.025795053003533575,-0.05347467608951717,0.09440518256772679,-0.06760895170789172,0.15459363957597172
2026-09-11,CL,COLGATE-PALMOLIVE COMPANY,Consumer Staples,86.8,91.62,0.0555,0.2092,0.16522188,0.26617612630966314,-11.0,1,Neutral,2.4605263157894863,2.9425675675675764,2.021419009370818,85.28,90.54,83.84,95.51,79.33,101.9,-0.01751152073732709,0.043087557603686655,-0.03410138248847916,0.10034562211981579,-0.08605990783410133,0.17396313364055316
2026-09-11,CLX,THE CLOROX COMPANY,Consumer Staples,87.76,97.63,0.1125,0.3006,0.22927552,0.3110863296700841,4.0,1,Neutral,-1.3171912832929826,2.273269689737467,2.84918032786885,82.32,91.89,79.38,106.81,78.61,113.83,-0.06198723792160454,0.04706016408386504,-0.09548769371011856,0.2170692798541476,-0.10426162260711036,0.29706016408386504
2026-09-11,CMBT,CMB.TECH NV,MR Discretion,19.48,19.42,-0.0031,0.4725,0.2637232,0.7916512464584078,-23.0,2,Neutral,2.1304347826086927,1.468749999999998,-1.339152119700749,19.02,20.46,18.2,21.36,14.11,23.49,-0.02361396303901442,0.0503080082135523,-0.06570841889117052,0.0965092402464065,-0.27566735112936347,0.20585215605749485
2026-09-11,CMCSA,COMCAST ,Communication Services,25.2,26.05,0.0337,0.2017,0.35108062,-0.4254880830505541,-13.0,4,Neutral,-1.2411347517730495,1.8873239436619724,1.0663716814159294,23.45,26.61,23.07,29.22,20.68,30.02,-0.06944444444444442,0.055952380952380976,-0.08452380952380945,0.1595238095238094,-0.1793650793650794,0.19126984126984126
2026-09-11,CME,CME GROUP INC.,Financials,275.54,286.08,0.0383,0.2193,0.21136907,0.03752171497939605,-24.0,1,Neutral,1.7345399698340886,1.5631659056316585,1.194712132443784,268.91,287.04,255.83,306.35,235.07,323.89,-0.024061842200769346,0.04173622704507518,-0.0715322639181244,0.11181679610945783,-0.14687522682732101,0.17547361544603302
2026-09-11,CMG,"CHIPOTLE MEXICAN GRILL, INC.",Consumer Discretionary,36.2,36.34,0.0039,0.3318,0.32536391,0.01978120437512576,-24.0,1,Neutral,1.9130434782608665,3.8159509202453923,-1.0892857142857155,34.82,38.84,34.57,42.42,28.27,43.48,-0.03812154696132608,0.07292817679558006,-0.04502762430939233,0.17182320441988952,-0.2190607734806631,0.20110497237569036
2026-09-11,CMI,CUMMINS INC.,Industrials,556.75,636.75,0.1437,0.32,0.23954632,0.33585855128143893,12.0,1,Neutral,-2.321338912133883,-1.5319623389494539,2.71864838116782,529.01,568.7,494.92,597.11,486.02,749.04,-0.04982487651549172,0.021463852716659293,-0.11105523125280647,0.07249214189492603,-0.12704086214638532,0.3453794342164347
2026-09-11,CMRE,COSTAMARE INC.,MR Discretion,15.28,15.45,0.0111,0.5914,0.33855563,0.746832566334815,-33.0,2,Sell,-1.9999999999999956,1.2231404958677714,-1.097560975609756,14.46,15.69,14.07,16.76,12.13,18.15,-0.05366492146596846,0.026832460732984398,-0.07918848167539261,0.09685863874345557,-0.20615183246073288,0.18782722513089012
2026-09-11,CMS,CMS ENERGY ,Utilities,67.15,71.25,0.0611,0.2279,0.12675795,0.7979148447888276,-33.0,1,Sell,2.4574468085105945,1.693215339233033,2.0036630036630005,66.21,69.46,63.76,72.89,61.69,78.09,-0.013998510796723984,0.034400595681310264,-0.05048399106478041,0.08548026805658959,-0.0813104988830976,0.1629188384214444
2026-09-11,CNC,CENTENE ,Health Care,66.42,62.24,-0.0629,0.37,0.30228238,0.22402106268979338,-10.0,1,Neutral,-1.6755852842809411,-1.4087452471482884,-1.0277540563620837,61.41,69.41,59.01,71.68,42.35,89.84,-0.07542908762420963,0.04501656127672371,-0.11156278229448968,0.0791930141523638,-0.3623908461306835,0.3526046371574827
2026-09-11,CNP,"CENTERPOINT ENERGY, INC.",Utilities,39.11,43.54,0.1133,0.1777,0.17954068,-0.010252161237219393,54.0,3,Buy,2.160493827160488,1.3555555555555554,3.5628415300546497,38.3,40.86,36.41,42.77,37.28,45.63,-0.0207108156481719,0.04474558936333417,-0.06903605216057285,0.09358220403988748,-0.04679110201994374,0.16670928151367947
2026-09-11,CNR,"CORE NATURAL RESOURCES, INC.",MR Discretion,97.47,105.97,0.0872,0.4374,0.32664975,0.33904893544232007,5.0,1,Neutral,2.9098712446351955,1.7643020594965688,1.1613339342045965,95.14,104.25,88.73,112.89,75.28,123.24,-0.02390479121781064,0.06955986457371499,-0.08966861598440545,0.15820252385349343,-0.22765979275674564,0.2643890427823945
2026-09-11,COF,CAPITAL ONE FINANCIAL ,Financials,208.3,233.39,0.1205,0.2759,0.25986569,0.061702297059684996,40.0,1,Buy,1.4645161290322515,3.1493305870236825,2.380046403712294,202.1,217.38,198.59,238.88,186.75,259.59,-0.029764762361978003,0.04359097455592886,-0.0466154584733558,0.14680748919827158,-0.10345655304848778,0.24623139702352348
2026-09-11,COHR,COHERENT CORP.,Information Technology,305.37,362.0,0.1854,0.7525,0.81736254,-0.0793559000146985,-6.0,3,Neutral,-1.0538341158059477,-2.5128965312777924,1.83117595436595,271.7,337.32,220.61,339.1,214.21,472.3,-0.11025968497232874,0.10462717359269069,-0.2775649212430821,0.11045616792743229,-0.2985231031208042,0.5466483282575236
2026-09-11,COIN,"COINBASE GLOBAL, INC.",Financials,175.26,191.24,0.0912,0.6351,0.82715711,-0.23218939628047208,-46.0,4,Sell,2.464246424642464,2.2475192943770694,1.3560007351589782,166.17,197.66,157.12,216.03,120.85,249.04,-0.05186579938377267,0.12781011069268522,-0.10350336642702263,0.23262581307771324,-0.3104530411959374,0.4209745520940318
2026-09-11,COMT,ISHARES:GSCI COMM DYN RS,Commodities,37.53,38.68,0.0306,0.297,0.19546282,0.5194705571115774,-16.0,2,Neutral,1.1999999999999986,-1.7135922330097073,-1.5506912442396328,36.43,38.85,34.0,39.59,30.8,41.87,-0.029309885424993354,0.035171862509991936,-0.09405808686384232,0.05488942179589662,-0.17932320810018654,0.11564082067679182
2026-09-11,COO,"THE COOPER COMPANIES, INC.",Health Care,53.91,68.22,0.2654,0.3159,0.55006757,-0.42570691815189166,-29.0,4,Sell,2.828358208955228,5.301801801801806,8.299703264094962,49.89,65.28,49.47,77.45,50.54,81.88,-0.07456872565386752,0.21090706733444642,-0.08235948803561488,0.43665368206269717,-0.06251159339640133,0.5188276757558894
2026-09-11,COP,CONOCOPHILLIPS,Energy,137.35,141.22,0.0282,0.3016,0.22275109,0.35397766179281076,10.0,1,Neutral,1.1040462427745705,1.3506012950971333,-1.377445932028835,132.16,143.08,126.54,151.95,110.6,156.77,-0.03778667637422639,0.041718238077903314,-0.07870404077175097,0.10629777939570428,-0.19475791772843098,0.14139060793593017
2026-09-11,COR,"CENCORA, INC.",Health Care,321.57,348.76,0.0846,0.2421,0.19854247,0.2193864617479575,-26.0,1,Sell,1.696629213483144,3.3177966101694913,1.4861246348588129,311.78,338.18,309.77,360.72,280.49,382.62,-0.03044438224958801,0.05165282831109863,-0.03669496532636751,0.12174643157010934,-0.12774823522094714,0.18984979942158797
2026-09-11,CORN,TEUCRIUM:CORN,Commodities,19.92,20.22,0.0151,0.2194,0.17293689,0.26867090069678023,3.0,1,Neutral,2.222222222222208,2.115789473684202,-1.2222222222222228,19.47,20.92,18.97,21.93,16.62,22.62,-0.022590361445783302,0.050200803212851364,-0.047690763052208984,0.10090361445783125,-0.1656626506024097,0.1355421686746987
2026-09-11,COST,COSTCO WHOLESALE ,Consumer Staples,904.77,958.23,0.0591,0.2232,0.19001786,0.17462642722110444,24.0,2,Neutral,-1.9048582995951364,1.7716145833333337,2.2259105578607663,876.54,919.59,866.37,972.8,839.7,1049.61,-0.031201299777844138,0.016379853443416525,-0.04244172552140324,0.07519037987554844,-0.07191883019994028,0.16008488345104266
2026-09-11,CPAY,"FLEETCOR TECHNOLOGIES, INC.",Financials,408.22,426.75,0.0454,0.2424,0.24141952,0.004061312026467423,31.0,1,Buy,1.2729912875120935,1.745793708851496,1.2438460267635871,397.89,421.37,380.88,455.95,347.69,483.51,-0.025304982607417648,0.03221302238988777,-0.06697369065699876,0.11692224780755467,-0.14827788937337716,0.18443486355396588
2026-09-11,CPER,UNITED STATES COPPER IDX,Commodities,39.18,44.73,0.1417,0.2409,0.25532558,-0.05649876522360198,31.0,4,Buy,5.8571428571428354,1.9047619047619069,3.519480519480517,38.76,41.64,37.5,42.38,36.87,47.31,-0.01071975497702915,0.06278713629402755,-0.04287901990811638,0.08167432363450744,-0.05895865237366005,0.20750382848392035
2026-09-11,CPRT,"COPART, INC.",Industrials,29.95,33.19,0.1082,0.3256,0.48293428,-0.32578817970842744,-12.0,4,Neutral,7.976744186046525,4.239999999999999,1.7978947368421059,29.52,33.38,28.2,37.37,25.2,38.49,-0.014357262103505852,0.11452420701168631,-0.058430717863105164,0.24774624373956589,-0.1585976627712855,0.2851419031719533
2026-09-11,CPT,CAMDEN PROPERTY TRUST,Real Estate,103.01,105.4,0.0232,0.2458,0.15437959,0.5921793807069962,-21.0,1,Neutral,1.198312236286913,1.5233644859813045,1.6875800256081932,100.64,105.85,97.66,111.16,95.2,116.19,-0.023007475002426947,0.027570138821473522,-0.05193670517425497,0.07911853218134146,-0.07581788175905257,0.12794874284050084
2026-09-11,CRESY,CRESUD INC.,MR Discretion,12.14,12.87,0.0601,0.393,0.40676839,-0.033848229947267994,-37.0,4,Sell,2.731707317073168,1.0312499999999993,-1.1596244131455407,11.73,13.26,10.86,13.46,9.67,14.27,-0.03377265238879734,0.09225700164744643,-0.10543657331136747,0.10873146622734753,-0.20345963756177932,0.17545304777594728
2026-09-11,CRH,CRH PUBLIC LIMITED COMPANY,Materials,88.55,96.51,0.0899,0.3161,0.28283611,0.11760835630217104,6.0,1,Neutral,1.349999999999999,1.6090909090909107,2.5306603773584904,85.55,92.6,83.05,97.4,80.07,110.01,-0.033879164313946886,0.04573687182382824,-0.06211180124223603,0.09994353472614348,-0.0957651044607567,0.24234895539243384
2026-09-11,CRL,CHARLES RIVER LABORATORIES,Health Care,278.26,287.15,0.0319,0.4561,0.29790101,0.5310454972945542,4.0,1,Neutral,-1.5225718194254434,4.078313253012058,1.0693175711982807,267.13,285.57,264.98,332.42,203.82,357.86,-0.03999856249550782,0.02627039459498315,-0.04772514914109094,0.19463810824408845,-0.2675195859987063,0.2860633939481061
2026-09-11,CRM,"SALESFORCE, INC.",Information Technology,247.72,264.42,0.0674,0.3964,0.85669957,-0.5372940364613467,-10.0,4,Neutral,2.2279534109816965,2.943614457831326,-1.0956267323683397,229.69,287.89,226.97,308.8,176.57,312.66,-0.07278378814790898,0.16215888906830278,-0.08376392701437108,0.24656870660423058,-0.2872194413046989,0.26215081543678354
2026-09-11,CRWD,"CROWDSTRIKE HOLDINGS, INC.",Information Technology,206.74,269.38,0.303,0.4783,0.92346775,-0.48206095989816644,63.0,4,Buy,1.778585591539987,2.6152032999410726,2.360861270100845,191.61,233.65,189.77,251.12,170.05,293.36,-0.07318370900648152,0.13016349037438335,-0.08208377672438816,0.2146657637612459,-0.17746928509238658,0.41898036180710063
2026-09-11,CSCO,"CISCO SYSTEMS, INC.",Information Technology,112.13,130.26,0.1617,0.2932,0.36424058,-0.19503752162924837,9.0,3,Neutral,,-2.0273972602739727,2.5021398002853084,106.5,111.99,101.77,117.24,98.11,147.21,-0.0502095781681976,-0.0012485507892624481,-0.09239275840542227,0.045572103808079856,-0.12503344332471233,0.3128511549094801
2026-09-11,CSGP,"COSTAR GROUP, INC.",Real Estate,30.46,29.38,-0.0355,0.4958,0.51966789,-0.04592912215530576,-79.0,3,Sell,-3.361445783132536,-1.2996632996633,-1.0891812865497081,27.67,31.29,26.6,33.43,23.01,37.3,-0.09159553512803675,0.027248850952068304,-0.12672357189757055,0.0975049244911359,-0.24458305975049244,0.22455679579776744
2026-09-11,CSX,CSX ,Industrials,48.95,54.75,0.1185,0.2315,0.17719126,0.3064978487087908,47.0,1,Buy,-1.6023391812865568,1.4847560975609744,2.193704600484259,46.21,50.66,45.67,53.82,44.82,58.01,-0.05597548518896833,0.034933605720122385,-0.06700715015321757,0.09948927477017366,-0.08437180796731358,0.18508682328907033
2026-09-11,CTAS,CINTAS ,Industrials,201.5,207.55,0.03,0.2691,0.16379317,0.642925648242842,-5.0,1,Neutral,-2.631578947368426,1.488052568697729,1.1764269829503344,194.0,204.35,184.76,226.41,174.52,233.24,-0.037220843672456594,0.014143920595533377,-0.08307692307692316,0.12362282878411901,-0.1338957816377171,0.15751861042183624
2026-09-11,CTSH,COGNIZANT TECHNOLOGY SOLUTIONS ,Information Technology,60.0,58.94,-0.0177,0.3618,0.38554417,-0.061586121247793724,-58.0,3,Sell,-1.513513513513512,2.0544488711819384,-1.053184504267892,55.52,62.96,52.47,75.47,43.96,75.23,-0.07466666666666666,0.04933333333333345,-0.12550000000000006,0.25783333333333336,-0.2673333333333333,0.25383333333333336
2026-09-11,CTVA,"CORTEVA, INC.",Materials,83.9,91.6,0.0918,0.3025,0.2508331,0.2059811882881486,26.0,1,Buy,3.1106557377048984,2.4602026049204015,1.3006814310051094,81.46,91.49,76.99,100.9,72.16,99.17,-0.02908224076281296,0.09046483909415959,-0.08235995232419557,0.20262216924910614,-0.1399284862932063,0.18200238379022649
2026-09-11,CVNA,CARVANA CO.,Consumer Discretionary,69.16,83.3,0.2045,0.5656,0.58422951,-0.031887314285100055,-30.0,3,Sell,,2.7516778523489935,2.0263532763532766,69.25,77.45,64.69,81.46,55.12,97.61,0.0013013302486988287,0.11986697513013311,-0.0646327356853672,0.17784846732215143,-0.20300751879699253,0.411364950838635
2026-09-11,CVS,CVS HEALTH ,Health Care,94.66,100.49,0.0616,0.2759,0.23710165,0.16363593420796518,4.0,1,Neutral,1.641176470588239,1.1149567367119908,1.7590361445783131,91.26,100.24,86.57,103.68,81.38,118.02,-0.03591802239594333,0.05894781322628351,-0.0854637650538771,0.09528840059159105,-0.14029156982886115,0.24677794210859916
2026-09-11,CVX,CHEVRON ,Energy,214.06,224.29,0.0478,0.2437,0.17247653,0.4129458657360512,1.0,1,Neutral,1.1883024251069894,1.006056935190793,-1.1404605263157899,207.05,222.39,197.55,230.67,179.39,244.46,-0.03274782771185647,0.03891432308698484,-0.07712790806315983,0.07759506680369976,-0.16196393534523035,0.14201625712417076
2026-09-11,D,"DOMINION ENERGY, INC.",Utilities,64.36,69.82,0.0848,0.1796,0.13234577,0.35705130583319744,27.0,1,Buy,2.5978260869565175,1.8724137931034515,2.703208556149731,63.44,66.75,61.46,69.79,60.62,74.47,-0.01429459291485402,0.03713486637663155,-0.04505904288377871,0.08436917339962724,-0.058110627719080155,0.15708514605344925
2026-09-11,DAL,"DELTA AIR LINES, INC.",Industrials,79.91,88.6,0.1087,0.4144,0.28423306,0.4579584795660294,14.0,1,Neutral,-3.4520547945205236,-1.29673202614379,1.9992217898832692,74.87,81.37,69.99,87.56,67.06,105.6,-0.06307095482417713,0.018270554373670533,-0.12413965711425357,0.09573269928669759,-0.16080590664497552,0.3214866725065699
2026-09-11,DASH,"DOORDASH, INC.",Consumer Discretionary,201.95,234.0,0.1587,0.4274,0.36498668,0.17100163764880394,57.0,2,Buy,-1.7577586206896505,4.086261980830679,2.2609609609609627,181.56,213.55,189.43,253.11,168.65,277.24,-0.10096558554097546,0.057439960386234334,-0.06199554345134928,0.2533300321861849,-0.1648923000742757,0.37281505323099795
2026-09-11,DBA,INVESCO DB MS AGRI,Commodities,28.93,30.2,0.0439,0.1679,0.12755167,0.3163292961981603,6.0,2,Neutral,2.0816326530612304,2.520547945205478,1.1730103806228374,28.44,29.95,28.2,30.77,26.04,32.32,-0.016937435188385752,0.035257518147251865,-0.025233321811268583,0.0636017974421017,-0.09989630141721395,0.1171793985482199
2026-09-11,DBB,INVESCO DB MS BMTL,Commodities,25.41,27.26,0.0728,0.203,0.17649278,0.15018869327119222,81.0,2,Buy,7.4705882352940405,1.5752212389380555,1.993589743589745,25.24,26.68,24.28,27.19,23.85,28.52,-0.006690279417552181,0.04998032270759545,-0.044470680834317156,0.07005116096025188,-0.06139315230224318,0.1223927587563951
2026-09-11,DBC,INVESCO DB CM IDX,Commodities,33.16,33.78,0.0187,0.2686,0.18425541,0.4577590964628935,-23.0,1,Neutral,1.2962962962963094,-1.2031249999999982,-1.691842900302113,32.35,34.21,30.08,35.72,27.56,36.47,-0.024427020506634367,0.03166465621230419,-0.09288299155609159,0.0772014475271412,-0.16887816646562115,0.09981905910735844
2026-09-11,DD,"DUPONT DE NEMOURS, INC.",Materials,126.99,140.43,0.1058,0.2763,0.19778049,0.39700331412870904,27.0,1,Buy,1.3219373219373256,1.726495726495727,2.5854885057471257,123.48,131.63,118.8,141.13,113.07,162.98,-0.027639971651311046,0.03653831010315778,-0.06449326718639259,0.11134735018505393,-0.10961493030947322,0.28340814237341516
2026-09-11,DDOG,"DATADOG, INC.",Information Technology,221.21,268.55,0.214,0.5446,0.58365803,-0.06691937400398662,28.0,3,Buy,-1.9096826688364534,-1.0762068965517244,2.74749129633422,197.74,233.5,190.0,250.21,172.38,355.37,-0.10609827765471724,0.05555806699516297,-0.1410876542651779,0.13109714750689383,-0.22074047285384935,0.6064825279146513
2026-09-11,DE,DEERE & COMPANY,Industrials,675.74,759.73,0.1243,0.2969,0.39749768,-0.2530774016089855,8.0,4,Neutral,3.2972237343494784,1.6522118108520365,1.1683341928829285,657.37,736.31,629.85,751.56,578.79,789.01,-0.027185011986858854,0.08963506674164612,-0.06791073489803767,0.11220291828217954,-0.14347234143309562,0.16762364222925985
2026-09-11,DECK,DECKERS OUTDOOR ,Consumer Discretionary,81.27,83.04,0.0218,0.3461,0.35835114,-0.034187529025301866,-23.0,3,Neutral,-1.567346938775504,1.0254010695187181,1.8922273024167207,77.43,83.72,73.79,88.94,65.96,110.24,-0.04724990771502391,0.030146425495262807,-0.09203888273655703,0.09437676879537338,-0.18838439768672333,0.35646610065214723
2026-09-11,DELL,DELL TECHNOLOGIES INC.,Information Technology,567.29,645.86,0.1385,0.6335,0.86098568,-0.2642154048369306,3.0,4,Neutral,-2.3382449246889254,-2.3166304685076002,-1.1976731423553941,495.88,597.83,417.96,631.75,349.05,749.51,-0.1258791799608665,0.05383489925787521,-0.26323397204251797,0.1136279504309965,-0.38470623490630884,0.3212113733716442
2026-09-11,DG,DOLLAR GENERAL ,Consumer Staples,124.58,141.16,0.1331,0.3241,0.33615858,-0.03587170079073987,26.0,4,Buy,1.9788053949903661,3.335205992509359,1.833333333333333,119.39,134.85,119.24,142.39,106.52,157.69,-0.04165997752448225,0.08243698828062285,-0.042864023117675454,0.1429603467651308,-0.14496708942045278,0.26577299727083004
2026-09-11,DGX,QUEST DIAGNOSTICS INC.,Health Care,235.02,262.33,0.1162,0.2674,0.17646103,0.5153487430057506,-1.0,1,Neutral,-2.1397459165154338,1.379166666666665,2.273972602739722,223.23,240.53,218.22,258.19,218.23,273.2,-0.050165943323972506,0.02344481320738656,-0.0714832780188921,0.0985873542677218,-0.0714407284486428,0.16245425921198176
2026-09-11,DHI,"D.R. HORTON, INC.",Consumer Discretionary,137.89,143.48,0.0405,0.3281,0.3175854,0.03310794513853588,-17.0,1,Neutral,-2.255192878338274,1.5616438356164462,1.6954407294832847,130.29,141.26,129.86,150.43,121.44,165.78,-0.05511639712814553,0.02443977083182247,-0.05823482486039577,0.09094205526144039,-0.11929799115236772,0.2022626731452608
2026-09-11,DHR,DANAHER ,Health Care,200.14,208.41,0.0413,0.2595,0.29744065,-0.1275570437329261,-22.0,3,Neutral,1.5437392795883405,2.006474820143889,1.365256903180707,194.31,209.14,186.24,228.03,171.53,239.2,-0.029129609273508494,0.04496852203457591,-0.06945138403117812,0.13935245328270218,-0.14294993504546816,0.19516338563005897
2026-09-11,DHT,"DHT HOLDINGS, INC.",MR Discretion,22.0,23.36,0.0618,0.3826,0.37784504,0.012584418204880876,16.0,2,Neutral,-2.0249999999999995,-1.2694063926940637,-1.311855670103093,20.38,22.8,19.22,24.19,16.91,25.88,-0.07363636363636372,0.036363636363636376,-0.12636363636363646,0.0995454545454546,-0.23136363636363633,0.17636363636363628
2026-09-11,DIA,SPDR DOW JONES INDUS AVG,Sector & Style ETFs,525.79,540.18,0.0274,0.1336,0.10624808,0.2574344872867349,-12.0,1,Neutral,-1.2810283687943154,2.2699309478970617,1.4140500266098992,511.34,537.07,509.86,561.95,488.21,578.93,-0.027482454972517556,0.021453431978546655,-0.030297266969702585,0.06877270393122736,-0.07147340192852658,0.10106696589893294
2026-09-11,DIS,THE WALT DISNEY COMPANY,Communication Services,106.55,107.71,0.0109,0.2854,0.25918309,0.1011520851919776,-20.0,1,Neutral,-2.256097560975601,1.0388471177944865,-1.08157602663707,101.0,109.01,98.57,114.84,87.06,124.57,-0.052088221492257114,0.023087752229000502,-0.07489441576724543,0.07780384795870487,-0.1829188174565931,0.16912247770999533
2026-09-11,DJI,DOW JONES INDUSTRIAL AVG INDEX,Indices,52573.29,53807.71,0.0235,0.0,0.10928011,,-19.0,,,-1.2948431652296195,2.688011493979155,1.5011443736371444,51320.84,53540.55,51313.5,55959.62,49615.34,57013.6,-0.023822933660800127,0.018398315950932442,-0.023962548282597473,0.06441160520865252,-0.05626336110979557,0.08445942797188444
2026-09-11,DLR,"DIGITAL REALTY TRUST, INC.",Real Estate,188.58,200.46,0.063,0.2676,0.2314027,0.15642557325389905,57.0,1,Buy,-1.1780645161290353,1.119526017516742,1.2527075812274358,179.45,196.33,169.17,210.31,160.88,223.28,-0.048414466009120916,0.04109661682044763,-0.1029271396754694,0.11522961077526772,-0.14688726270018038,0.1840067875702618
2026-09-11,DLTR,"DOLLAR TREE, INC.",Consumer Staples,118.17,144.04,0.2189,0.3433,0.38979854,-0.11928864587332733,-8.0,4,Neutral,1.0904419321685503,6.09020618556702,2.8001355013550127,108.44,128.78,114.29,141.8,103.41,159.5,-0.08233900313108233,0.08978590166708988,-0.032834052636032784,0.19996615046120003,-0.12490479817212496,0.3497503596513498
2026-09-11,DOC,"HEALTHDOC PROPERTIES, INC.",Real Estate,20.3,21.2,0.0443,0.0003,0.16257084,-0.9981546506126191,-20.0,3,Neutral,1.2307692307692277,2.081632653061223,1.703056768558952,19.65,21.1,19.32,22.34,18.01,24.2,-0.032019704433497664,0.039408866995073843,-0.0482758620689655,0.10049261083743843,-0.11280788177339895,0.1921182266009851
2026-09-11,DOV,DOVER ,Industrials,189.05,202.71,0.0723,0.2381,0.19641529,0.21222741875136109,9.0,1,Neutral,1.052407932011328,-1.0258103241296523,1.9761421319796926,181.99,196.48,171.96,205.71,169.35,227.98,-0.03734461782597198,0.03930177201798446,-0.09039936524728909,0.08812483469981491,-0.10420523670986515,0.20592435863528147
2026-09-11,DOW,DOW INC.,Materials,29.03,29.85,0.0282,0.3899,0.31885537,0.22281145837374483,-8.0,1,Neutral,1.6033057851239638,1.4079422382671478,1.428571428571428,27.82,30.97,26.26,32.93,22.94,37.73,-0.04168101963486048,0.0668274199104375,-0.09541853255253185,0.13434378229417843,-0.20978298312090937,0.2996899758870133
2026-09-11,DPZ,"DOMINO'S PIZZA, INC.",Consumer Discretionary,311.6,345.13,0.1076,0.4062,0.34871531,0.16484704958896135,32.0,2,Buy,4.919597989949727,6.862869198312223,3.0937499999999982,305.63,340.97,302.12,376.66,285.04,393.77,-0.0191591784338897,0.09425545571245197,-0.030423620025674003,0.20879332477535306,-0.08523748395378694,0.2637034659820281
2026-09-11,DRI,"DARDEN RESTAURANTS, INC.",Consumer Discretionary,209.89,232.77,0.109,0.3572,0.26972376,0.3243178873081112,47.0,1,Buy,-1.4239316239316158,2.309973045822104,2.214212152420187,201.56,215.74,198.76,235.6,190.47,252.89,-0.03968745533374618,0.02787174234122647,-0.05302777645433321,0.12249273428938978,-0.09252465577207103,0.2048692172090143
2026-09-11,DTE,DTE ENERGY COMPANY,Utilities,132.58,143.2,0.0801,0.2212,0.13852096,0.5968702498163456,-6.0,1,Neutral,4.759999999999991,2.149888143176731,2.570414201183427,131.33,138.53,128.11,142.19,124.13,154.3,-0.009428269723940286,0.04487856388595546,-0.033715492532810365,0.07248453763765261,-0.06373510333383625,0.16382561472318602
2026-09-11,DUK,DUKE ENERGY ,Utilities,119.42,124.86,0.0456,0.1597,0.13488569,0.18396547476607794,-38.0,1,Sell,1.2010050251256315,2.038071065989849,1.7068607068607062,117.43,121.81,115.48,127.45,109.8,135.84,-0.016663875397755823,0.02001339809077196,-0.032992798526209954,0.06724166806230114,-0.08055602076704071,0.13749790654831684
2026-09-11,DVA,DAVITA INC.,Health Care,181.55,191.24,0.0534,0.3011,0.21100396,0.4269874366338906,-3.0,1,Neutral,1.3798165137614602,1.0746376811594194,2.3239476678043207,176.1,189.07,153.95,211.21,146.39,263.26,-0.030019278435692742,0.04142109611677203,-0.15202423574772805,0.16337097218397134,-0.19366565684384485,0.4500688515560449
2026-09-11,DVN,DEVON ENERGY ,Energy,50.23,49.89,-0.0068,0.3937,0.25972282,0.5158467785002487,-7.0,1,Neutral,-2.6283185840707897,-1.3387096774193519,-1.7669902912621351,47.26,51.36,45.25,53.95,39.31,56.41,-0.05912801114871591,0.022496516026279112,-0.09914393788572562,0.07405932709536156,-0.21739996018315744,0.12303404340035828
2026-09-11,DXCM,"DEXCOM, INC.",Health Care,83.03,90.68,0.0921,0.322,0.23038673,0.39764994277231147,2.0,1,Neutral,1.0979020979020948,4.808724832214758,1.8477272727272724,78.74,87.74,80.05,97.36,69.83,107.42,-0.051668071781283964,0.056726484403227584,-0.03589064193664948,0.17258822112489458,-0.1589786824039504,0.2937492472600265
2026-09-11,DXY,US DOLLAR INDEX,Indices,99.09,99.91,0.0083,,0.04835375,,5.0,,,-1.1595744680851128,1.3478260869565208,1.0516431924882592,98.0,100.03,96.79,102.19,94.83,103.57,-0.011000100918357125,0.009486325562619857,-0.023211222121303887,0.03128469068523554,-0.04299122010293677,0.045211423958017916
2026-09-11,EBAY,EBAY INC.,Consumer Discretionary,107.75,117.66,0.092,0.2873,0.29128134,-0.013668366123281372,-32.0,3,Sell,-5.7092198581560405,-1.975570032573289,1.5566666666666662,99.7,109.16,95.62,113.89,92.75,131.1,-0.07470997679814384,0.013085846867749495,-0.1125754060324825,0.05698375870069605,-0.13921113689095133,0.21670533642691403
2026-09-11,EC,ECOPETROL SA,MR Discretion,17.75,19.99,0.1262,0.3509,0.29226556,0.20062042205725517,-2.0,1,Neutral,1.2352941176470575,1.2105263157894732,1.424908424908425,16.9,18.8,16.04,19.82,15.02,21.64,-0.04788732394366202,0.05915492957746493,-0.09633802816901416,0.11661971830985918,-0.1538028169014085,0.21915492957746485
2026-09-11,ECH,ISHARES:MSCI CHILE,Foreign,39.48,45.01,0.1401,0.2267,0.18682708,0.21342152326097485,71.0,2,Buy,7.172413793103488,3.7352941176470758,3.4320987654321007,39.19,41.56,38.46,43.29,37.05,47.82,-0.007345491388044523,0.05268490374873358,-0.02583586626139811,0.09650455927051671,-0.06155015197568392,0.21124620060790278
2026-09-11,ECHO,ECHOSTAR CORPORATION,Communication Services,93.14,105.76,0.1355,0.4053,0.27312091,0.4839581487920497,12.0,1,Neutral,-1.0133630289532298,-3.4678217821782136,1.5809598127194695,88.59,97.63,79.13,97.18,67.51,133.66,-0.04885119175434827,0.048207000214730567,-0.15041872450075167,0.043375563667597206,-0.2751771526733948,0.43504401975520723
2026-09-11,ECL,ECOLAB INC.,Materials,276.18,295.35,0.0694,0.2125,0.18293783,0.16159681133202475,-16.0,1,Neutral,-2.0073529411764746,1.471549295774648,1.6292056885189021,265.26,281.62,258.43,302.3,247.35,323.15,-0.0395394308059962,0.019697298863060375,-0.06426967919472804,0.09457600115866471,-0.10438844232022593,0.17007024404373938
2026-09-11,ED,"CONSOLIDATED EDISON, INC.",Utilities,106.46,111.95,0.0516,0.1125,0.13829871,-0.18654338858258324,-23.0,3,Neutral,2.5798319327731205,1.807881773399021,1.6202393906420027,105.27,109.53,102.4,113.8,97.27,121.35,-0.011177907195190628,0.028837121923727338,-0.03813638925417984,0.06894608303588212,-0.08632350178470782,0.13986473792973886
2026-09-11,EDEN,ISHARES:MSCI DENMARK,Foreign,115.22,118.42,0.0278,0.0,0.1387432,,18.0,,Neutral,2.9878787878787816,2.8653846153846168,1.229199372056515,113.57,120.15,111.58,125.65,102.48,130.88,-0.014320430480819324,0.04278771046693297,-0.03159173754556499,0.09052247873633057,-0.11057108140947747,0.13591390383613944
2026-09-11,EDV,VANGUARD EXT DUR T;ETF,Bonds,59.02,59.97,0.0161,0.1788,0.17074621,0.047168191903058876,5.0,1,Neutral,2.106194690265478,1.89400921658986,1.0022271714922044,57.89,61.4,56.85,63.13,54.53,63.52,-0.019146052185699758,0.04032531345306678,-0.03676719756014912,0.06963741104710275,-0.07607590647238227,0.07624534056252119
2026-09-11,EFNL,ISHARES:MSCI FINLAND,Foreign,55.92,59.4,0.0622,0.0,0.12913912,,31.0,,Buy,1.4785276073619589,-1.4166666666666676,1.06159420289855,54.29,58.33,53.03,57.96,50.4,61.78,-0.029148783977110182,0.04309728183118744,-0.051680972818311854,0.03648068669527893,-0.09871244635193144,0.10479256080114441
2026-09-11,EFX,EQUIFAX INC.,Industrials,169.0,177.97,0.0531,0.3712,0.41073702,-0.09625872048251227,18.0,4,Neutral,-1.288331726133077,2.208702064896754,1.717381689517912,155.64,179.37,155.44,198.95,146.39,207.83,-0.07905325443786992,0.06136094674556225,-0.08023668639053261,0.17721893491124252,-0.1337869822485208,0.22976331360946745
2026-09-11,EG,"EVEREST GROUP, LTD.",Financials,371.71,384.72,0.035,0.196,0.19063696,0.028132215285010975,22.0,1,Neutral,-1.1692810457516323,2.284039087947888,1.0653029110936274,353.82,387.01,356.36,406.77,333.58,412.33,-0.04812891770466221,0.041161120228134784,-0.04129563369293254,0.09432084151623576,-0.1025799682548223,0.10927873880175398
2026-09-11,EIDO,ISHARES:MSCI INDONESIA,Foreign,12.75,12.02,-0.0573,0.5513,0.20043154,1.7505651056714928,-46.0,1,Sell,11.428571428571392,2.2413793103448287,-1.5864661654135332,12.68,13.55,12.17,14.05,10.64,14.08,-0.005490196078431375,0.06274509803921569,-0.04549019607843141,0.10196078431372557,-0.1654901960784313,0.10431372549019602
2026-09-11,EIRL,ISHARES:MSCI IRELAND,Foreign,84.48,85.85,0.0162,0.0,0.09937442,,-18.0,,Neutral,1.1843575418994319,1.1695906432748533,-1.180048661800487,82.69,86.6,81.06,88.48,74.78,92.7,-0.021188446969697017,0.025094696969696795,-0.040482954545454586,0.04734848484848486,-0.1148200757575758,0.09730113636363624
2026-09-11,EIS,ISHARES:MSCI ISRAEL,Foreign,123.72,137.06,0.1078,0.0,0.20330482,,48.0,,Buy,1.739726027397263,1.1649305555555558,1.9712525667351128,121.53,127.53,117.96,130.43,113.98,142.92,-0.017701260911736183,0.030795344325897256,-0.046556741028128124,0.05423537019075342,-0.07872615583575815,0.15518913676042678
2026-09-11,EIX,EDISON INTERNATIONAL,Utilities,56.0,70.24,0.2543,0.3782,0.96948794,-0.6098971587000865,-27.0,4,Sell,-1.1350649350649349,1.1305099394987033,1.8088235294117645,47.26,63.7,44.43,69.08,41.72,81.83,-0.15607142857142864,0.13749999999999996,-0.20660714285714288,0.23357142857142854,-0.255,0.46124999999999994
2026-09-11,EL,THE ESTEE LAUDER COMPANIES INC.,Consumer Staples,97.12,105.34,0.0846,0.3449,0.66744368,-0.48325227980284424,1.0,4,Neutral,2.757396449704132,2.8638297872340375,1.2830429239269017,93.74,106.44,90.07,117.31,73.59,127.31,-0.03480230642504123,0.09596375617792408,-0.07259060955518959,0.20788714991762758,-0.24227759472817134,0.3108525535420099
2026-09-11,ELV,"ELEVANCE HEALTH, INC.",Health Care,418.72,392.17,-0.0634,0.3079,0.27315266,0.1272084994522844,-29.0,2,Sell,-1.9576837416481114,-1.6522867337009433,-1.7076657241595994,392.35,432.19,367.78,449.55,310.01,482.38,-0.0629776461597249,0.032169468857470296,-0.12165647688192605,0.07362915552158955,-0.2596245701184563,0.15203477264042786
2026-09-11,EME,"EMCOR GROUP, INC.",Industrials,780.66,863.43,0.106,0.3539,0.39235434,-0.09800921279474062,-24.0,3,Neutral,-4.376366120218579,-2.659479884418759,1.6874637260592003,716.59,795.3,661.01,825.65,642.82,1013.26,-0.08207158045756147,0.01875336253938964,-0.1532677478031409,0.05763072272179959,-0.17656854456485527,0.29795301411626074
2026-09-11,EMR,EMERSON ELECTRIC CO.,Industrials,152.19,165.79,0.0894,0.2786,0.24899166,0.11891297885238417,14.0,1,Neutral,-2.966911764705881,1.0124309392265198,1.6613939693524484,144.12,154.91,137.71,166.85,131.96,185.8,-0.05302582298442726,0.017872396346671815,-0.09514422761022401,0.09632695972140093,-0.13292594782837241,0.220842368092516
2026-09-11,ENZL,ISHARES:MSCI NEW ZLND,Foreign,45.8,48.05,0.0491,0.2282,0.18339819,0.24428708920191644,52.0,2,Buy,1.700934579439252,4.095744680851075,2.0339622641509445,44.73,47.62,44.86,49.65,43.15,51.19,-0.02336244541484722,0.03973799126637556,-0.020524017467248856,0.0840611353711791,-0.05786026200873362,0.11768558951965069
2026-09-11,EOG,"EOG RESOURCES, INC.",Energy,147.36,155.41,0.0546,0.3544,0.22017942,0.6095963918880338,3.0,1,Neutral,-1.3844444444444486,1.1764102564102563,1.0642890661661173,141.13,151.86,137.61,158.83,126.05,170.04,-0.04227741585233458,0.03053745928338758,-0.06616449511400646,0.07783659066232351,-0.14461183496199792,0.15390879478827335
2026-09-11,EPAM,"EPAM SYSTEMS, INC.",Information Technology,117.91,106.54,-0.0964,0.4415,0.3669075,0.20330055940529967,-24.0,1,Neutral,-1.6797520661157004,1.3231179213857445,-1.8466608084358531,109.78,122.75,102.9,137.77,75.88,140.67,-0.0689508947502332,0.041048257145280376,-0.12730048341955724,0.1684335510134849,-0.35645831566448993,0.19302858112119403
2026-09-11,EPHE,ISHARES:MSCI PHILIPPINES,Foreign,24.12,24.75,0.0261,0.0,0.13607628,,-29.0,,Sell,1.1481481481481446,-1.0472972972972974,1.2995951417004026,23.31,25.05,22.57,25.6,21.65,27.33,-0.03358208955223885,0.03855721393034828,-0.06426202321724717,0.06135986733001664,-0.10240464344941969,0.13308457711442778
2026-09-11,EPOL,ISHARES:MSCI POLAND,Foreign,45.56,48.96,0.0746,0.2968,0.18595399,0.5960937434039462,63.0,2,Buy,1.357142857142848,1.0470588235294078,1.2240566037735838,44.44,47.08,43.01,48.23,41.32,50.75,-0.024582967515364484,0.03336259877085146,-0.05597014925373145,0.05860403863037744,-0.09306409130816506,0.11391571553994728
2026-09-11,EPU,ISHARES:MSCI PERU,Foreign,90.72,107.7,0.1872,0.3078,0.24459442,0.25840973804717216,45.0,1,Buy,3.433333333333337,2.251381215469612,2.6480446927374297,89.22,95.87,87.1,98.87,81.77,114.42,-0.016534391534391513,0.056768077601411004,-0.03990299823633159,0.08983686067019403,-0.09865520282186957,0.2612433862433863
2026-09-11,EQIX,"EQUINIX, INC.",Real Estate,1037.72,1116.41,0.0758,0.2831,0.2218145,0.2762916761528216,75.0,1,Buy,-1.4153171390013572,-1.2370689655172409,1.4148067104303428,995.77,1067.36,957.36,1102.68,900.62,1231.69,-0.04042516285703279,0.02856261804725735,-0.07743900088655897,0.06259877423582472,-0.13211656323478393,0.186919400223567
2026-09-11,EQR,EQUITY RESIDENTIAL,Real Estate,65.54,66.12,0.0088,0.2119,0.23310127,-0.0909530437135756,-37.0,3,Sell,1.0292887029288644,-1.2191780821917828,-1.2376237623762412,63.15,68.0,60.2,69.92,58.04,71.6,-0.036466280134269224,0.0375343301800426,-0.08147696063472698,0.06682941714983204,-0.11443393347574016,0.09246261824839763
2026-09-11,EQT,EQT ,Energy,54.07,60.71,0.1228,0.3032,0.16896826,0.7944198513969429,22.0,1,Neutral,2.3140495867768553,1.8223684210526319,1.9619377162629748,52.86,56.87,51.03,59.61,48.29,65.41,-0.022378398372480124,0.0517847235065656,-0.056223414092842594,0.10245977436656184,-0.10689846495283895,0.20972813020159053
2026-09-11,ERIE,ERIE INDEMNITY COMPANY,Financials,245.03,245.68,0.0027,0.364,0.34109555,0.06714965938429862,-31.0,1,Sell,-2.0021528525296026,1.713527851458885,-1.121951219512195,226.43,254.32,218.64,290.25,203.63,281.93,-0.07590907235848665,0.037913724850018315,-0.10770109782475623,0.18454883075541773,-0.16895890299147043,0.15059380484022378
2026-09-11,ES,EVERSOURCE ENERGY,Utilities,68.52,72.91,0.0641,0.2498,0.1710002,0.4608170048923921,-26.0,2,Sell,4.213483146067413,2.4820143884892096,2.100000000000003,67.63,72.27,65.74,75.42,63.52,79.02,-0.012988908347927652,0.05472854640980729,-0.04057209573847054,0.10070052539404561,-0.07297139521307638,0.1532399299474605
2026-09-11,ES=F,E-MINI S&P 500 FUTURES,Futures,7660.75,7807.84,0.0192,0.0,0.08783365,,20.0,,,-1.5715804394046824,1.5709298266030494,1.2942954440123302,7527.7,7745.41,7488.89,7930.73,7164.48,8303.07,-0.017367751199295123,0.011051137290735147,-0.022433834807296882,0.035241980223868374,-0.06478086349247791,0.0838455764774988
2026-09-11,ESS,"ESSEX PROPERTY TRUST, INC.",Real Estate,272.91,282.37,0.0347,0.2425,0.18384268,0.3190625811155494,-42.0,1,Sell,-1.1259351620947693,1.5184940554821589,1.705374280230322,263.88,280.93,257.77,295.9,252.07,308.45,-0.03308783115312752,0.029386977391814062,-0.05547616430325031,0.0842402257154371,-0.07636217067897855,0.13022608185848794
2026-09-11,ETN,EATON  PUBLIC LIMITED COMPANY,Industrials,425.37,448.45,0.0543,0.373,0.37286044,0.0003742955407122217,32.0,1,Buy,-2.0039525691699605,-1.9419905771495887,1.3556127982646424,394.95,440.55,359.42,459.33,351.61,525.36,-0.07151421115734535,0.035686578743211905,-0.15504149328819616,0.07983637774173058,-0.17340197945318192,0.23506594259115587
2026-09-11,ETR,ENTERGY ,Utilities,105.33,120.14,0.1406,0.1837,0.15349062,0.19681580542185584,45.0,1,Buy,2.7417582417582493,1.6771653543307083,4.099099099099102,103.51,110.32,100.25,113.85,100.89,123.53,-0.017279027817335924,0.047374916927750865,-0.048229374347289466,0.0808886357163201,-0.04215323269723725,0.1727902781733599
2026-09-11,EVRG,"EVERGY, INC.",Utilities,81.62,88.03,0.0785,0.2356,0.14872826,0.5840970640011522,75.0,1,Buy,-1.1576576576576616,-1.0173267326732691,1.8814814814814789,79.05,83.84,77.51,85.66,76.22,91.78,-0.03148738054398437,0.02719921587846108,-0.05035530507228625,0.04949767213918155,-0.06616025483950017,0.124479294290615
2026-09-11,EW,EDWARDS LIFESCIENCES ,Health Care,84.37,94.43,0.1192,0.2639,0.1984631,0.3297182196589694,-15.0,1,Neutral,2.1125541125541085,3.384816753926693,3.6652892561983434,82.06,89.25,80.55,97.3,79.53,102.11,-0.027379400260756248,0.0578404646201256,-0.04527675714116397,0.15325352613488197,-0.057366362451108266,0.21026431195922712
2026-09-11,EWA,ISHARES:MSCI AUSTRALIA,Foreign,29.27,30.25,0.0335,0.0813,0.14518825,-0.4400373308446104,-14.0,3,Neutral,1.7500000000000073,2.427083333333333,1.4146341463414631,28.67,30.32,28.31,31.6,26.81,32.75,-0.020498804236419477,0.03587290741373428,-0.03279808677827134,0.07960368978476251,-0.0840450973693202,0.11889306457123339
2026-09-11,EWC,ISHARES:MSCI CANADA,Foreign,60.58,65.29,0.0777,0.226,0.13647314,0.6560035183480062,42.0,2,Buy,1.4130434782608763,1.7397769516728665,2.0110192837465584,59.2,62.53,57.89,65.26,56.95,67.88,-0.02277979531198404,0.032188841201716833,-0.044404093760316954,0.07725321888412018,-0.059920765929349584,0.12050181578078578
2026-09-11,EWD,ISHARES:MSCI SWEDEN,Foreign,51.9,55.25,0.0645,0.1887,0.15128406,0.24732242114602165,62.0,2,Buy,1.7452830188679338,1.729559748427673,1.9261363636363662,50.84,53.75,48.72,57.4,48.38,58.68,-0.020423892100192576,0.035645472061657024,-0.06127167630057806,0.10597302504816963,-0.06782273603082845,0.130635838150289
2026-09-11,EWG,ISHARES:MSCI GERMANY,Foreign,42.87,45.7,0.066,0.1624,0.11661413,0.39262711988675814,46.0,1,Buy,1.1381578947368478,2.0892857142857175,1.7715231788079497,41.35,44.6,41.19,46.38,39.85,48.22,-0.03545602985770924,0.04035456029857709,-0.039188243526941946,0.08187543736878955,-0.0704455330067646,0.12479589456496387
2026-09-11,EWH,ISHARES:MSCI HONG KONG,Foreign,22.52,23.93,0.0626,0.2754,0.1532525,0.7970343061287741,10.0,2,Neutral,1.5849056603773548,2.437499999999996,1.704663212435233,21.99,23.36,21.88,24.08,20.59,25.81,-0.023534635879218557,0.03730017761989335,-0.028419182948490218,0.06927175843694489,-0.0857015985790408,0.14609236234458245
2026-09-11,EWI,ISHARES:MSCI ITALY,Foreign,61.96,65.46,0.0565,0.1779,0.10931186,0.6274537822336936,46.0,1,Buy,-2.7906976744186047,-1.056149732620321,1.7692307692307703,59.56,62.82,58.01,65.7,58.32,68.4,-0.03873466752743704,0.013879922530664945,-0.06375080697224023,0.06036152356358948,-0.058747579083279544,0.10393802453195611
2026-09-11,EWJ,ISHARES:MSCI JAPAN,Foreign,98.56,102.13,0.0362,0.2096,0.16895239,0.24058617933726767,48.0,1,Buy,-1.3216080402010062,-1.2051282051282066,-1.309065934065934,95.93,100.55,92.45,103.63,89.03,105.84,-0.026684253246753165,0.020190746753246724,-0.06199269480519476,0.051440746753246724,-0.09669237012987009,0.07386363636363646
2026-09-11,EWK,ISHARES:MSCI BELGIUM,Foreign,26.93,28.51,0.0587,0.2809,0.13528256,1.0763947695844904,13.0,2,Neutral,1.7777777777777821,2.1392405063291178,1.8011363636363666,26.39,27.89,26.14,28.62,25.17,30.1,-0.02005198663200891,0.03564797623468263,-0.029335313776457483,0.06275529149647241,-0.06535462309691786,0.1177125881916079
2026-09-11,EWL,ISHARES:MSCI SWITZERLAND,Foreign,60.3,64.41,0.0682,0.1129,0.16091989,-0.29840866781601705,-26.0,4,Sell,1.1830065359477184,2.7680412371134078,3.227450980392162,58.77,62.11,58.36,65.67,57.75,68.53,-0.025373134328358082,0.03001658374792715,-0.032172470978441114,0.08905472636815936,-0.04228855721393032,0.13648424543946946
2026-09-11,EWM,ISHARES:MSCI MALAYSIA,Foreign,27.76,29.08,0.0476,0.0982,0.13737799,-0.28518389299479496,4.0,4,Neutral,1.1311475409835974,1.6826923076923033,1.6599999999999984,27.15,28.45,26.72,29.51,25.76,31.08,-0.021974063400576505,0.02485590778097979,-0.03746397694524506,0.06304034582132556,-0.0720461095100865,0.11959654178674328
2026-09-11,EWN,ISHARES:MSCI NETHERLANDS,Foreign,67.84,71.99,0.0612,0.2754,0.14320394,0.9231314445677958,27.0,1,Buy,1.8888888888888844,1.3054945054945037,1.7641843971631208,66.76,69.88,63.29,73.78,62.2,77.79,-0.015919811320754707,0.030070754716980952,-0.06706957547169812,0.08755896226415083,-0.08313679245283023,0.14666863207547176
2026-09-11,EWO,ISHARES:MSCI AUSTRIA,Foreign,44.45,48.49,0.0909,0.0,0.10351767,,46.0,,Buy,1.3977272727272652,1.2991803278688476,1.6541554959785492,43.57,45.68,42.01,47.62,40.72,50.62,-0.019797525309336428,0.0276715410573678,-0.05489313835770537,0.07131608548931379,-0.08391451068616429,0.13880764904386944
2026-09-11,EWP,ISHARES:MSCI SPAIN,Foreign,62.14,67.01,0.0784,0.156,0.11081994,0.407688905083327,77.0,1,Buy,-1.7564102564102506,1.3513513513513495,2.214285714285714,60.77,62.92,59.55,65.64,58.78,69.58,-0.022046990666237498,0.012552301255230214,-0.041680077244930835,0.05632442870936605,-0.054071451560991246,0.119729642742195
2026-09-11,EWQ,ISHARES:MSCI FRANCE,Foreign,44.93,46.56,0.0363,0.1705,0.10320018,0.6521289013255598,9.0,1,Neutral,-1.25,1.3070175438596472,1.9999999999999971,44.03,45.65,42.65,47.91,42.55,49.69,-0.02003115958157131,0.016024927665257094,-0.05074560427331409,0.06632539505898061,-0.05297128867126644,0.10594257734253287
2026-09-11,EWS,ISHARES:MSCI SINGAPORE,Foreign,33.62,36.14,0.075,0.1702,0.14248958,0.1944733081534804,-2.0,1,Neutral,1.454545454545468,4.416666666666718,1.6204081632653113,32.85,34.74,33.02,36.27,31.17,37.59,-0.02290303390838777,0.03331350386674603,-0.017846519928613747,0.07882212968471158,-0.0728732897085067,0.11808447352766227
2026-09-11,EWT,ISHARES:MSCI TAIWAN,Foreign,110.91,118.96,0.0726,0.2689,0.22157638,0.21357700671885693,38.0,1,Buy,2.314465408805031,-1.0197044334975365,1.0219721329046085,109.32,114.59,102.63,119.03,92.25,129.98,-0.014335948065999471,0.03318005590118123,-0.07465512577765754,0.07321251465151923,-0.1682445225858804,0.17194121359660985
2026-09-11,EWU,ISHARES:MSCI UK,Foreign,47.94,50.12,0.0455,0.2233,0.09448507,1.3633363450966378,47.0,2,Buy,1.000000000000006,1.6935483870967778,1.6666666666666694,46.74,49.14,46.08,51.09,45.24,52.44,-0.025031289111389188,0.0250312891113893,-0.038798498122653347,0.06570713391739691,-0.0563204005006257,0.09386733416770965
2026-09-11,EWW,ISHARES:MSCI MEXICO,Foreign,75.38,81.94,0.087,0.1911,0.15144281,0.26186248128914125,37.0,1,Buy,2.4761904761904976,1.5959595959595996,2.0532110091743156,74.12,78.5,72.41,80.12,69.93,86.57,-0.016715309100557074,0.04139028920137977,-0.039400371451313365,0.06288140090209615,-0.07230034491907655,0.14844786415494826
2026-09-11,EWY,ISHARES:MSCI S KOREA,Foreign,188.72,218.02,0.1553,0.4464,0.46680578,-0.04371364039237047,14.0,3,Neutral,1.9819004524886914,-1.5188984881209493,1.3352340223330954,184.3,197.48,160.59,207.24,146.63,244.92,-0.02342094107672732,0.046417973717676864,-0.1490568037303942,0.09813480288257748,-0.22302882577363292,0.2977956761339551
2026-09-11,EWZ,ISHARES:MSCI BRAZIL,Foreign,38.19,38.45,0.0068,0.3759,0.22159226,0.6963588890695009,-31.0,1,Sell,4.729166666666704,1.2315789473684253,-1.7021276595744654,37.71,40.46,35.34,41.7,31.79,41.95,-0.01256873527101332,0.059439643885834004,-0.07462686567164167,0.09190887666928527,-0.16758313694684468,0.0984550929562713
2026-09-11,EXC,EXELON ,Utilities,43.16,46.93,0.0873,0.1615,0.1573005,0.02669730865445441,19.0,1,Neutral,1.4324324324324362,1.883040935672525,2.5960784313725536,42.05,44.75,41.45,46.38,40.61,49.78,-0.025718257645968468,0.03683966635773883,-0.03962001853568109,0.07460611677479156,-0.059082483781278894,0.1533827618164969
2026-09-11,EXE,EXPAND ENERGY ,Energy,94.83,103.99,0.0966,0.2935,0.18458878,0.5900208019143958,21.0,1,Neutral,3.3529411764705843,3.329192546583852,1.6605335786568527,93.13,100.53,91.61,105.55,83.96,112.88,-0.01792681640830962,0.06010756089844982,-0.033955499314562876,0.11304439523357579,-0.11462617315195622,0.1903406095117579
2026-09-11,EXPD,EXPEDITORS INTERNATIONAL OF WASHINGTON,Industrials,192.6,201.75,0.0475,0.2138,0.14233084,0.5021340420670601,6.0,1,Neutral,-3.928571428571415,1.0764505119453929,-1.1420982735723773,182.7,195.12,177.95,208.37,158.2,222.72,-0.051401869158878566,0.013084112149532867,-0.07606438213914857,0.08187954309449652,-0.17860851505711317,0.15638629283489092
2026-09-11,EXPE,"EXPEDIA GROUP, INC.",Consumer Discretionary,280.83,342.2,0.2185,0.4273,0.47848942,-0.10698129960741865,-36.0,4,Sell,-3.499487179487177,2.941676322904599,3.4852208568581884,246.71,290.58,254.94,356.99,250.72,385.77,-0.12149699106220835,0.034718512979382554,-0.09219100523448343,0.2711960972830538,-0.10721788982658542,0.373678025851939
2026-09-11,EXR,EXTRA SPACE STORAGE INC.,Real Estate,137.64,140.59,0.0214,0.2554,0.14822028,0.7231110344684277,-42.0,1,Sell,-2.5590909090908873,1.3656330749354066,1.4948755490483194,132.01,139.84,129.9,148.21,123.98,158.06,-0.040903807032839246,0.015983725661145032,-0.05623365300784644,0.076794536471956,-0.09924440569601845,0.14835803545480974
2026-09-11,F,FORD MOTOR COMPANY,Consumer Discretionary,13.97,15.26,0.0923,0.3095,0.39314806,-0.2127647787451883,7.0,4,Neutral,-1.5423728813559328,1.0944881889763758,1.7541899441340767,13.06,14.56,12.7,15.36,12.18,17.11,-0.06513958482462423,0.04223335719398702,-0.09090909090909105,0.09949892627057966,-0.1281317108088762,0.22476735862562625
2026-09-11,FANG,"DIAMONDBACK ENERGY, INC.",Energy,204.97,205.55,0.0028,0.3608,0.21970319,0.6422155727461218,-9.0,1,Neutral,-2.346756152125282,-1.1432225063938606,-1.2727972297037322,194.48,209.44,187.09,220.61,171.89,230.96,-0.05117822120310289,0.021808069473581604,-0.08723227789432597,0.0763038493438064,-0.16138947162999473,0.12679904376250195
2026-09-11,FAST,FASTENAL COMPANY,Industrials,49.32,54.11,0.0971,0.3291,0.20806717,0.5817007555781146,75.0,1,Buy,-2.1052631578947305,-1.092643051771116,1.7636022514071297,47.32,50.27,45.31,52.99,43.99,58.72,-0.04055150040551503,0.019261962692619594,-0.08130575831305753,0.07441200324412,-0.1080697485806974,0.19059205190592055
2026-09-11,FCX,FREEPORT-MCMORAN INC.,Materials,71.07,84.7,0.1918,0.4604,0.53947928,-0.1465844619648785,1.0,4,Neutral,4.052208835341375,2.202511773940349,1.773584905660379,68.58,81.16,64.7,85.1,57.29,95.51,-0.03503588011819325,0.14197270296890396,-0.08962994231039811,0.19741100323624594,-0.19389334458984098,0.3438863092725484
2026-09-11,FDS,FACTSET RESEARCH SYSTEMS INC.,Financials,259.71,289.35,0.1141,0.537,0.45193136,0.18823354059784658,41.0,2,Buy,4.776119402985084,18.569506726457483,2.0868127325341073,251.67,298.11,255.25,342.53,211.33,360.67,-0.030957606561164308,0.14785722536675538,-0.017173000654576165,0.3188941511686112,-0.18628470216780246,0.38874128836009403
2026-09-11,FDX,FEDEX ,Industrials,311.99,351.21,0.1257,0.2863,0.25781788,0.11047379646438804,31.0,2,Buy,-1.7136986301369823,1.727326615293419,2.5506980161645827,299.48,319.29,295.12,341.13,284.77,381.42,-0.04009743902048135,0.023398185839289765,-0.05407224590531745,0.0934004295009454,-0.08724638610211877,0.22253918394820338
2026-09-11,FE,FIRSTENERGY CORP.,Utilities,46.13,48.39,0.049,0.2025,0.14233084,0.42274155060140184,-39.0,2,Sell,1.0639999999999987,1.4821428571428543,1.6544943820224711,44.88,47.46,44.45,48.62,42.57,52.02,-0.027097333622371544,0.028831562974203306,-0.036418816388467334,0.05397788857576402,-0.07717320615651424,0.12768263602861474
2026-09-11,FERG,FERGUSON ENTERPRISES INC.,Industrials,222.54,245.38,0.1026,0.2392,0.22156051,0.0796147743115414,5.0,1,Neutral,-1.3498273878020706,1.2783286118980177,2.3356288510329835,210.81,231.23,194.3,258.64,194.95,286.98,-0.052709625235912605,0.0390491597016267,-0.1268985350948143,0.16221802821964593,-0.123977711872023,0.2895659207333514
2026-09-11,FFIV,"F5, INC.",Information Technology,411.71,465.71,0.1312,0.3538,0.39135424,-0.09595971159019512,18.0,4,Neutral,-1.8664576802507773,-2.1313269493844023,1.475852066715012,381.94,427.66,364.97,433.64,342.76,513.47,-0.07230817808651713,0.03874086128585663,-0.11352651137936887,0.05326564815039725,-0.1674722498846275,0.24716426610964048
2026-09-11,FICO,FAIR ISAAC ,Information Technology,985.39,1074.04,0.09,0.4894,0.76404006,-0.3594576703216321,-43.0,4,Sell,-3.0942668136714464,1.009234475374732,1.6793590702997763,817.0,1039.81,761.23,1211.62,758.22,1366.89,-0.17088665401516145,0.055226864490201866,-0.22748353443814118,0.2295842255350673,-0.23053816255492743,0.3871563543368617
2026-09-11,FIS,FIDELITY NATIONAL INFORMATION SERVICES,Financials,38.14,38.39,0.0066,0.348,0.39284645,-0.11415770716522966,-13.0,4,Neutral,1.324873096446701,4.425287356321836,1.5936454849498318,36.17,40.75,36.4,45.84,32.16,47.67,-0.05165180912427891,0.06843209229155733,-0.045621394861038334,0.20188778185631895,-0.15679077084425808,0.24986890403775575
2026-09-11,FISV,"FISERV, INC.",Financials,51.58,45.9,-0.1101,0.3609,0.45867803,-0.21317356316368585,-49.0,4,Sell,-4.070796460176983,1.0817843866171013,-1.2058823529411764,46.98,52.71,46.2,57.4,34.77,65.52,-0.0891818534315626,0.021907716169057734,-0.10430399379604494,0.11283443195036846,-0.3259015122140364,0.27025979061651806
2026-09-11,FITB,FIFTH THIRD BANCORP,Financials,54.72,57.86,0.0574,0.2267,0.19755825,0.1475096585437461,20.0,2,Neutral,-2.5584415584415465,1.0055865921787719,1.4435146443514633,52.75,55.49,51.14,58.32,47.55,65.07,-0.03600146198830412,0.01407163742690054,-0.0654239766081871,0.06578947368421062,-0.13103070175438603,0.1891447368421051
2026-09-11,FIX,"COMFORT SYSTEMS USA, INC.",Industrials,1690.82,2054.47,0.2151,0.5343,0.54332091,-0.016603281475031095,29.0,3,Buy,-5.435234899328869,-3.210154708752978,2.1492200772200776,1528.85,1720.62,1381.65,1787.13,1367.07,2386.63,-0.09579375687536229,0.017624584521119813,-0.1828521072615653,0.05696052802782092,-0.19147514223867712,0.4115222199879349
2026-09-11,FLEX,FLEX LTD.,Information Technology,115.78,141.64,0.2234,0.682,0.5732761,0.18965364158736087,50.0,1,Buy,-2.426559356136822,-3.372703412073489,2.0778374233128836,103.72,120.75,90.08,123.4,89.7,169.97,-0.10416306788737262,0.04292623941958884,-0.22197270685783388,0.06581447572983246,-0.22525479357401967,0.4680428398687164
2026-09-11,FOXA,FOX ,Communication Services,65.94,71.44,0.0834,0.2897,0.35585884,-0.18591315590193014,-32.0,3,Sell,-6.452054794520514,-1.0735963581183605,1.2050147492625376,61.23,66.67,51.79,79.12,52.38,82.28,-0.0714285714285714,0.011070670306339236,-0.2145890203215044,0.199878677585684,-0.20564149226569606,0.24780103124052166
2026-09-11,FRO,FRONTLINE PLC,MR Discretion,49.21,50.8,0.0323,0.6294,0.35614458,0.7672598021848318,-8.0,1,Neutral,-2.1619718309859133,-1.2693110647181627,-1.4842436974789925,46.14,50.63,43.13,54.0,35.08,58.73,-0.06238569396464133,0.028855923592765675,-0.12355212355212353,0.09733793944320257,-0.2871367608209714,0.193456614509246
2026-09-11,FRT,FEDERAL REALTY INVESTMENT TRUST,Real Estate,114.36,116.89,0.0221,0.1883,0.1064862,0.7683042497525501,-33.0,1,Sell,1.8202247191011223,1.5544267053701006,1.5978742249778561,111.69,119.22,107.47,125.07,103.07,132.4,-0.02334732423924446,0.042497376705141754,-0.060248338579923066,0.09365162644281222,-0.09872332983560694,0.15774746414830365
2026-09-11,FSLR,"FIRST SOLAR, INC.",Information Technology,209.03,227.94,0.0905,0.4774,0.36578041,0.3051546418245854,25.0,1,Neutral,-1.1170212765957441,-1.2466641250476553,2.275853476202343,194.33,222.19,176.33,235.26,168.9,300.36,-0.07032483375592014,0.06295747021958564,-0.15643687508969994,0.12548438023250252,-0.1919820121513658,0.4369229297230064
2026-09-11,FTI,TECHNIPFMC PLC,MR Discretion,76.34,90.56,0.1863,0.3729,0.25603994,0.45641340175286715,6.0,1,Neutral,1.5672131147541002,2.3774703557312247,1.9736308316430016,73.29,81.12,71.28,88.37,66.48,95.8,-0.03995284254650244,0.06261461881058428,-0.06628242074927959,0.15758449043751632,-0.1291590254126277,0.254912234739324
2026-09-11,FTNT,"FORTINET, INC.",Information Technology,156.07,189.49,0.2141,0.4476,0.53162139,-0.15804742168105756,63.0,4,Buy,1.554252199413492,2.088777219430486,2.245882803523556,145.84,171.97,144.13,181.01,129.96,214.71,-0.06554751073236365,0.10187736272185566,-0.07650413276094059,0.15980008970333826,-0.1672967258281539,0.3757288396232461
2026-09-11,FTV,FORTIVE ,Industrials,54.69,60.02,0.0975,0.1999,0.20714645,-0.034982255307778654,-2.0,3,Neutral,1.2055555555555584,1.7570093457943923,3.821548821548826,52.89,56.86,51.48,60.33,51.72,66.04,-0.0329127811300054,0.03967818614006213,-0.05869445968184317,0.10312671420735064,-0.05430608886450905,0.20753336990309035
2026-09-11,FVX,5 YR TSY YLD NDX,Yields,4.79,4.74,-0.0104,0.0,0.15988804,,-15.0,,,-1.3749999999999973,-1.2258064516129044,-2.384615384615387,4.57,4.95,4.41,5.1,4.17,5.05,-0.045929018789144016,0.03340292275574108,-0.07933194154488521,0.06471816283924836,-0.12943632567849694,0.05427974947807934
2026-09-11,FXA,INVESCO:AU DOLLAR,Currencies,71.02,72.54,0.0214,0.0882,0.06079937,0.4506729263806517,19.0,1,Neutral,1.774193548387117,1.2702702702702742,-1.0,70.09,72.67,68.8,73.84,66.44,75.6,-0.013094902844269063,0.02323289214305846,-0.031258800337932935,0.03970712475359073,-0.06448887637285272,0.06448887637285261
2026-09-11,FXB,INVESCO:GBP STERLING,Currencies,130.02,133.2,0.0245,0.064,0.04135309,0.5476473463047138,26.0,1,Buy,-1.1152416356877386,-1.0763358778626024,1.132459970887918,127.02,132.71,125.79,133.95,123.15,137.8,-0.023073373327180513,0.02068912475003848,-0.03253345639132443,0.03022611905860617,-0.052838024919243276,0.05983694816182128
2026-09-11,FXC,INVESCO:CANADIAN DOLLAR,Currencies,70.52,71.9,0.0196,0.0661,0.04813151,0.3733207206671887,47.0,2,Buy,1.4743589743589796,1.1980676328502473,1.0611246943765318,69.74,71.67,68.45,73.0,66.43,74.86,-0.01106069200226889,0.016307430516165677,-0.029353374929098064,0.03516732841747028,-0.05799773114010198,0.06154282473057293
2026-09-11,FXE,INVESCO:EURO,Currencies,107.01,109.82,0.0263,0.0681,0.04490898,0.5164005060903185,-5.0,1,Neutral,1.1655629139072747,1.0781249999999991,1.2651757188498396,105.5,108.77,103.17,111.15,100.75,114.93,-0.014110830763480076,0.016447061022334175,-0.03588449677600225,0.038687973086627414,-0.058499205681712074,0.07401177460050468
2026-09-11,FXY,INVESCO:JAPANESE YEN,Currencies,59.68,59.23,-0.0075,0.1169,0.10489875,0.11440794099071727,-53.0,1,Sell,1.3850574712643684,-1.6490566037735848,-2.6099999999999994,57.94,62.09,55.31,62.33,54.46,61.68,-0.02915549597855227,0.040382037533512216,-0.07322386058981234,0.04440348525469173,-0.08746648793565681,0.03351206434316345
2026-09-11,GD,GENERAL DYNAMICS ,Industrials,355.9,393.51,0.1057,0.2129,0.15326837,0.3890667722244323,-18.0,1,Neutral,-7.5388601036268925,1.8048897411313571,3.895446880269823,341.35,357.83,335.04,393.55,338.11,425.2,-0.04088227030064617,0.005422871593144141,-0.05861196965439719,0.10578814273672399,-0.04998595110986226,0.19471761730823278
2026-09-11,GDDY,GODADDY INC.,Information Technology,98.07,94.05,-0.041,0.4572,0.58935698,-0.22423927175682223,-54.0,3,Sell,-2.0332681017612444,1.3438596491228088,-1.592550143266475,87.68,103.18,86.67,113.39,70.28,115.52,-0.10594473335372678,0.05210563882940766,-0.11624349954114399,0.15621494850616924,-0.28336902212705206,0.17793412868359337
2026-09-11,GDX,VANECK:GOLD MINERS,Commodities,97.1,118.38,0.2192,0.4216,0.52668442,-0.19952065413288678,6.0,3,Neutral,1.9490616621983996,1.9143446852425197,1.5765722515602498,93.37,104.37,87.41,115.65,76.27,129.94,-0.03841400617919655,0.07487126673532463,-0.09979402677651905,0.19104016477857888,-0.21452111225540682,0.3382080329557158
2026-09-11,GDXJ,VANECK:JR GOLD MINERS,Commodities,125.41,154.22,0.2297,0.4954,0.55692536,-0.11047325982785206,6.0,3,Neutral,2.3137254901960786,1.9874686716791976,1.618387449835827,121.33,134.85,113.44,149.2,98.0,169.77,-0.032533290806155746,0.07527310421816447,-0.09544693405629534,0.1896977912447173,-0.2185631129893948,0.35371979905908635
2026-09-11,GE,GENERAL ELECTRIC COMPANY,Industrials,323.66,375.56,0.1604,0.2859,0.31348978,-0.0880085468814964,-2.0,4,Neutral,1.1293532338308412,2.209391471011018,4.1759603469640565,311.6,337.28,302.79,369.77,299.45,424.76,-0.03726132361119694,0.042081196317122815,-0.06448124575171477,0.1424643144040041,-0.07480071680158207,0.3123648272878945
2026-09-11,GEHC,GE HEALTHCARE TECHNOLOGIES INC.,Health Care,63.93,68.19,0.0666,0.2473,0.21221042,0.16535276637216967,-11.0,1,Neutral,1.0830188679245278,2.8743961352657,2.1943820224719097,61.28,66.8,59.79,75.83,55.03,83.46,-0.041451587674018464,0.04489285155638978,-0.06475832942280624,0.18614109181917726,-0.139214766150477,0.3054903801032378
2026-09-11,GEN,GEN DIGITAL INC.,Information Technology,30.26,31.28,0.0337,0.1658,0.34836608,-0.5240638813055507,-5.0,4,Neutral,1.292452830188674,2.222891566265061,1.0142602495543669,29.2,31.63,28.6,33.95,24.65,35.95,-0.03502974223397226,0.045274289491077147,-0.05485789821546594,0.12194315928618638,-0.1853932584269664,0.18803701255783212
2026-09-11,GEOS,GEOSPACE TECHNOLOGIES ,MR Discretion,5.1,5.41,0.0608,1.2809,0.59099205,1.1673726406302758,14.0,1,Neutral,3.000000000000016,1.1111111111111116,2.464968152866243,4.99,5.43,4.47,5.8,3.53,8.97,-0.021568627450980316,0.06470588235294117,-0.12352941176470589,0.13725490196078427,-0.307843137254902,0.7588235294117649
2026-09-11,GEV,GE VERNOVA INC.,Industrials,957.27,1199.75,0.2533,0.4398,0.419214,0.049106184430863564,43.0,1,Buy,-1.399818264425262,-1.159421641791044,2.52317300957273,895.65,1001.29,832.98,1064.47,785.95,1389.54,-0.06437055376226142,0.04598493632935319,-0.12983797674637243,0.11198512436407704,-0.17896727151169467,0.4515653890751825
2026-09-11,GGB,GERDAU SA,MR Discretion,5.15,5.26,0.0214,1.3939,0.39691032,2.511876435966694,13.0,2,Neutral,1.0740740740740724,-1.555555555555557,-1.5783132530120487,4.88,5.44,4.31,5.69,3.84,5.98,-0.05242718446601946,0.056310679611650594,-0.16310679611650503,0.10485436893203892,-0.25436893203883504,0.1611650485436893
2026-09-11,GILD,"GILEAD SCIENCES, INC.",Health Care,143.72,164.3,0.1432,0.2784,0.26561227,0.04814434965673842,39.0,1,Buy,2.268211920529792,3.6629001883239134,1.8673349056603774,140.7,150.57,138.41,163.17,126.76,175.39,-0.021013080990815558,0.047662120790425755,-0.03694684107987756,0.13533259114945717,-0.11800723629279153,0.22035903145004165
2026-09-11,GIS,"GENERAL MILLS, INC.",Consumer Staples,35.85,38.93,0.0859,0.418,0.3458579,0.20858884530323007,39.0,2,Buy,1.7287234042553168,8.83695652173911,1.9455645161290316,33.97,39.1,34.93,43.98,30.89,45.5,-0.05244072524407262,0.09065550906555098,-0.025662482566248257,0.2267782426778242,-0.13835425383542543,0.26917712691771256
2026-09-11,GL,GLOBE LIFE INC.,Financials,171.17,185.55,0.084,0.2169,0.21286128,0.018973483575782213,54.0,1,Buy,-1.2046511627906895,1.4414168937329717,2.022622107969153,165.99,175.47,160.16,187.04,151.72,210.51,-0.030262312321084228,0.025121224513641405,-0.06432201904539347,0.09271484489104398,-0.11362972483495937,0.2298299935736403
2026-09-11,GLATF,GLOBAL ATOMIC ,MR Discretion,0.35,0.39,0.1143,0.0,0.60334242,,5.0,,Neutral,,2.500000000000002,1.900000000000001,0.35,0.41,0.31,0.45,0.25,0.54,0.0,0.17142857142857149,-0.11428571428571421,0.2857142857142858,-0.2857142857142857,0.5428571428571431
2026-09-11,GLD,SPDR GOLD,Commodities,398.77,467.86,0.1733,0.2283,0.2765498,-0.17447056551839857,18.0,4,Neutral,1.2269326683291804,1.864368845120863,2.381899552461464,382.73,418.45,376.43,440.42,358.55,494.57,-0.04022368784010821,0.049351756651704104,-0.05602226847556224,0.10444617197883499,-0.10086014494570794,0.24023873410738017
2026-09-11,GLW,CORNING INC.,Information Technology,166.4,202.99,0.2199,0.4658,0.60940648,-0.23564974235259195,17.0,3,Neutral,1.3651960784313721,-1.6452371618972956,1.5353942652329746,154.16,183.11,124.43,191.91,121.76,234.94,-0.07355769230769238,0.10042067307692304,-0.25222355769230764,0.15330528846153846,-0.2682692307692308,0.4118990384615384
2026-09-11,GM,GENERAL MOTORS COMPANY,Consumer Discretionary,85.62,96.71,0.1295,0.3108,0.24802331,0.25310802440302904,37.0,1,Buy,1.135135135135132,1.3584637268847788,2.277631578947366,82.66,88.98,78.59,95.17,78.02,102.93,-0.0345713618313479,0.03924316748423262,-0.08210698434945107,0.11153935996262554,-0.088764307404812,0.2021723896285914
2026-09-11,GNK,GENCO SHIPPING & TRADING LIMITED,MR Discretion,26.83,28.69,0.0693,0.3734,0.3144105,0.18761937021823383,29.0,1,Buy,1.4770642201834892,1.6250000000000049,1.2296296296296305,25.74,28.44,25.39,29.17,22.78,31.81,-0.04062616474096159,0.06000745434215449,-0.05367126351099505,0.08721580320536715,-0.15095042862467378,0.18561311964219152
2026-09-11,GNRC,GENERAC HOLDINGS INC.,Industrials,186.99,212.81,0.1381,0.4475,0.40040271,0.11762480328866909,-3.0,1,Neutral,-1.4474671669793633,-1.9986541049798148,2.0269916142557647,171.56,197.65,157.29,201.85,148.83,264.34,-0.08251778169955615,0.05700839617091824,-0.15883202310283984,0.0794694903470774,-0.20407508422910314,0.4136584844109308
2026-09-11,GOOGL,ALPHABET INC.,Communication Services,338.5,381.52,0.1271,0.2777,0.19116082,0.4527035404012181,58.0,1,Buy,-3.2675781250000004,-1.4359455654622253,2.610247693054881,321.77,343.62,307.9,359.81,297.32,445.99,-0.04942392909896609,0.015125553914328016,-0.09039881831610053,0.06295420974889221,-0.12165435745937958,0.3175480059084195
2026-09-11,GPC,GENUINE PARTS COMPANY,Consumer Discretionary,133.68,136.85,0.0237,0.2452,0.21363913,0.14772981897089732,4.0,1,Neutral,1.9588014981273254,3.195876288659789,1.156946420104315,131.01,138.91,126.89,155.38,112.59,158.08,-0.019973070017953454,0.03912327947336913,-0.05079293836026333,0.1623279473369239,-0.15776481149012567,0.1825254338719331
2026-09-11,GPN,GLOBAL PAYMENTS INC.,Financials,88.29,89.24,0.0108,0.324,0.36297062,-0.10736576971436429,7.0,3,Neutral,1.177111716621251,7.881081081081044,1.1148648648648642,84.62,92.61,86.44,102.87,72.01,106.44,-0.04156756144523732,0.048929663608562546,-0.02095367538792625,0.16513761467889898,-0.1843923434137501,0.20557254502208622
2026-09-11,GREK,GLBL X MSCI GREECE,Foreign,87.51,95.26,0.0886,0.2411,0.1259166,0.9147594518911726,8.0,1,Neutral,-1.2967032967033012,-1.113350125944585,1.279727095516568,85.15,89.33,83.09,91.48,77.25,100.64,-0.026968346474688598,0.020797623128785192,-0.05050851331276429,0.045366243857844823,-0.11724374357216327,0.15003999542909385
2026-09-11,GRMN,GARMIN LTD,Consumer Discretionary,282.67,313.39,0.1087,0.2669,0.22976763,0.1616083605858667,46.0,1,Buy,,1.0266245487364616,1.98018796037592,261.85,281.01,238.35,328.17,243.3,360.63,-0.07365479180670031,-0.005872572257402675,-0.15679060388438826,0.1609650829589273,-0.1392790179361093,0.27579863445006536
2026-09-11,GS,"THE GOLDMAN SACHS GROUP, INC.",Financials,1029.18,1144.78,0.1123,0.348,0.25369051,0.3717501691332483,46.0,1,Buy,-1.290334171757103,1.0910104011887047,1.8390757339034605,993.27,1057.01,948.42,1117.29,907.57,1252.83,-0.034891855652072645,0.027040945218523404,-0.07847023844225509,0.08561184632425811,-0.1181620319088984,0.21730892555238146
2026-09-11,GWW,"W.W. GRAINGER, INC.",Industrials,1280.0,1392.24,0.0877,0.2182,0.20279684,0.07595364898190726,40.0,1,Buy,1.1479536003501856,1.417527137940164,2.059343331982166,1234.31,1332.45,1204.46,1387.08,1156.65,1534.02,-0.03569531250000002,0.040976562500000036,-0.059015625000000016,0.08365624999999999,-0.09636718749999995,0.1984531249999999
2026-09-11,HAL,HALLIBURTON COMPANY,Energy,35.84,38.79,0.0823,0.3477,0.30677486,0.1334044777984742,23.0,1,Neutral,2.8373983739837265,1.4322766570605159,1.158753709198812,34.61,39.33,32.37,40.81,29.1,43.65,-0.03431919642857151,0.09737723214285698,-0.09681919642857162,0.138671875,-0.1880580357142857,0.21791294642857117
2026-09-11,HAS,"HASBRO, INC.",Consumer Discretionary,91.54,99.05,0.082,0.3392,0.20209836,0.6783906608643435,46.0,1,Buy,-2.863387978142084,1.4798488664987384,1.6178451178451165,86.3,93.37,83.6,103.29,79.66,110.76,-0.05724273541621161,0.019991260651081477,-0.08673803801616797,0.1283591872405505,-0.1297793314398078,0.20996285776709622
2026-09-11,HBAN,HUNTINGTON BANCSHARES INC.,Financials,16.86,17.62,0.0451,0.254,0.19438335,0.30669627825634227,11.0,1,Neutral,-3.684210526315761,-1.1142857142857134,1.4413145539906111,16.16,17.05,15.69,17.91,14.73,19.93,-0.04151838671411623,0.011269276393831573,-0.06939501779359425,0.06227758007117434,-0.12633451957295372,0.18208778173190976
2026-09-11,HCA,"HCA HEALTHCARE, INC.",Health Care,426.94,447.83,0.0489,0.2959,0.32106192,-0.07837092608179752,-44.0,4,Sell,-2.503601833660777,-1.9558541266794613,-1.105903834449178,388.71,442.21,375.99,452.99,354.26,492.66,-0.08954419824799742,0.0357661498102777,-0.11933761184241343,0.061015599381646135,-0.1702346933995409,0.1539326369044831
2026-09-11,HD,"THE HOME DEPOT, INC.",Consumer Discretionary,308.74,320.02,0.0365,0.2247,0.19511358,0.15163690810244979,6.0,1,Neutral,-2.0569476082004687,2.1538908246225272,2.1445981554677203,299.71,313.13,291.52,345.83,278.38,373.85,-0.029247910863509863,0.014219084018915584,-0.0557750858327396,0.1201334456176717,-0.09833516875040493,0.21088942151972545
2026-09-11,HIG,THE HARTFORD FINANCIAL SERVICES GROUP,Financials,136.36,144.07,0.0565,0.1599,0.17636578,-0.09336153532731806,-25.0,3,Neutral,-1.0815789473684294,1.5639730639730558,1.7901861252115046,132.25,140.16,130.42,145.65,124.54,157.52,-0.03014080375476691,0.02786740979759439,-0.04356116163097701,0.06812848342622457,-0.08668231152830752,0.15517747139923732
2026-09-11,HII,"HUNTINGTON INGALLS INDUSTRIES, INC.",Industrials,279.69,308.56,0.1032,0.2929,0.20355881,0.4388962089137778,49.0,1,Buy,1.1078546307151254,1.7559153175591533,2.3634832812124134,271.16,289.14,255.6,321.99,238.12,377.94,-0.030498051414065475,0.03378740748686049,-0.08613107368872686,0.15123887160785165,-0.14862883907182955,0.3512817762522793
2026-09-11,HLT,HILTON WORLDWIDE HOLDINGS INC.,Consumer Discretionary,306.19,338.24,0.1047,0.2325,0.1976535,0.17630095090651055,32.0,1,Buy,-1.929292929292928,1.0679911699779259,2.176339993656837,292.82,313.12,283.54,330.38,274.66,374.81,-0.04366569776935891,0.022633005650086524,-0.07397367647539099,0.07900323328652137,-0.10297527678892182,0.2241092132336131
2026-09-11,HLX,"HELIX ENERGY SOLUTIONS GROUP, INC.",MR Discretion,8.88,10.68,0.2027,0.4329,0.42937369,0.008212682989495734,23.0,1,Neutral,1.0799999999999983,2.7816091954022957,3.1578947368421035,8.13,9.69,8.01,11.3,7.74,12.48,-0.08445945945945943,0.091216216216216,-0.09797297297297303,0.2725225225225225,-0.1283783783783784,0.40540540540540526
2026-09-11,HON,HONEYWELL INTERNATIONAL INC.,Industrials,202.36,222.4,0.099,0.2463,0.18733507,0.31475649487306345,55.0,1,Buy,-1.092307692307696,1.8146453089244827,3.0866828087167066,195.97,208.21,189.25,226.15,181.71,266.1,-0.03157738683534306,0.028908875271792756,-0.06478553073729998,0.11756275943862415,-0.10204585886538842,0.3149831982605258
2026-09-11,HOOD,"ROBINHOOD MARKETS, INC.",Financials,112.57,142.68,0.2675,0.5828,0.92946831,-0.3729748569910899,-21.0,4,Neutral,5.994428969359352,2.0633245382585756,1.6044525770051854,108.98,134.09,97.41,143.85,79.78,165.18,-0.031891267655680844,0.19116993870480603,-0.134671759793906,0.2778715465932309,-0.2912854224038376,0.4673536466198811
2026-09-11,HPE,HEWLETT PACKARD ENTERPRISE COMPANY,Information Technology,62.09,68.47,0.1028,0.6432,0.72103602,-0.10795025191667962,33.0,4,Buy,-32.4062500000007,-4.087677725118485,-1.0753623188405799,51.72,62.41,44.84,66.31,39.83,82.79,-0.16701562248349178,0.005153808986954278,-0.27782251570301175,0.06796585601546146,-0.35851183765501693,0.3333870188436141
2026-09-11,HPQ,HP INC.,Information Technology,35.48,33.0,-0.0699,0.5378,0.55776671,-0.035797600756775294,-35.0,4,Sell,-13.56756756756739,-2.0892307692307677,-2.6924829157175387,30.46,35.85,28.69,38.73,23.66,39.87,-0.14148816234498296,0.010428410372040675,-0.19137542277339337,0.09160090191657266,-0.33314543404735053,0.12373167981961664
2026-09-11,HRL,HORMEL FOODS ,Consumer Staples,20.57,22.46,0.0919,0.2408,0.3837186,-0.37245679516187125,-14.0,4,Neutral,-1.214285714285717,2.366972477064219,2.151851851851852,19.04,21.83,19.48,23.15,17.87,26.38,-0.07438016528925628,0.06125425376762261,-0.052989790957705396,0.12542537676227505,-0.13125911521633438,0.28245017015070495
2026-09-11,HSIC,"HENRY SCHEIN, INC.",Health Care,88.36,94.54,0.0699,0.281,0.14393416,0.9522815153817552,6.0,1,Neutral,-1.1692913385826738,2.5347222222222254,1.63283922462942,85.39,90.9,85.48,95.66,79.59,102.68,-0.033612494341330956,0.028746038931643403,-0.03259393390674503,0.08261656858306932,-0.09925305568130371,0.16206428248076055
2026-09-11,HST,"HOST HOTELS & RESORTS, INC.",Real Estate,22.24,23.27,0.0463,0.2257,0.15363349,0.4690807323325141,31.0,1,Buy,-2.4324324324324222,-1.3680981595091983,1.7557755775577573,21.34,22.61,20.01,23.87,19.21,27.56,-0.040467625899280546,0.016636690647481966,-0.10026978417266175,0.07329136690647498,-0.13624100719424448,0.23920863309352525
2026-09-11,HSY,THE HERSHEY COMPANY,Consumer Staples,173.32,184.56,0.0649,0.2362,0.21275015,0.11022248397944723,57.0,1,Buy,-2.037914691943127,1.3113113113113133,1.6334152334152343,164.72,177.54,163.33,186.42,152.97,206.56,-0.04961920147703669,0.02434802677129011,-0.05763904915762741,0.07558273713362573,-0.1174128779136856,0.19178398338333724
2026-09-11,HUBB,HUBBELL INC.,Industrials,460.4,493.22,0.0713,0.2801,0.25456361,0.100314377219902,-15.0,1,Neutral,-1.4617896799477461,-1.1686143572621033,1.7234842294492572,438.02,475.71,411.4,502.33,399.21,565.86,-0.04860990443092961,0.03325369244135534,-0.10642919200695045,0.09107298001737618,-0.13290616854908777,0.22906168549087758
2026-09-11,HUM,HUMANA INC.,Health Care,409.8,410.26,0.0011,0.5797,0.20701946,1.800219844066833,-10.0,1,Neutral,-1.096774193548386,-1.2322169941876568,-1.1159173022882378,390.42,427.47,365.28,445.93,298.61,509.44,-0.04729136163982428,0.04311859443631039,-0.1086383601756955,0.08816495851634953,-0.27132747681796,0.2431429965836993
2026-09-11,HWM,HOWMET AEROSPACE INC.,Industrials,229.61,299.9,0.3061,0.3649,0.53685998,-0.3203069448387641,-0.0,4,Neutral,-1.9329940627650581,2.559866962305984,9.278428093645477,206.82,241.4,211.57,275.79,217.65,340.58,-0.09925525891729459,0.05134793780758673,-0.0785680066199208,0.20112364444057307,-0.05208832367928229,0.48329776577675165
2026-09-11,HYD,VANECK:HIGH YIELD MUNI,Bonds,49.05,50.22,0.0239,0.0904,0.04871886,0.8555442389251307,33.0,2,Buy,-1.2278481012658116,1.3125000000000029,1.5305164319248883,48.08,49.84,47.29,51.36,46.92,52.31,-0.019775739041794083,0.01610601427115199,-0.03588175331294596,0.04709480122324172,-0.0434250764525993,0.06646279306829772
2026-09-11,HYG,ISHARES:IBOXX $HY CORP,Bonds,78.6,80.14,0.0196,0.0329,0.0401625,-0.18082788671023964,7.0,4,Neutral,1.1960784313725563,2.0598802395209805,1.1834319526627235,77.07,80.43,76.93,82.04,75.22,82.6,-0.019465648854961826,0.02328244274809177,-0.021246819338422207,0.0437659033078881,-0.043002544529262,0.05089058524173029
2026-09-11,IBKR,"INTERACTIVE BROKERS GROUP, INC.",Financials,91.37,109.56,0.1991,0.3632,0.44793099,-0.18916081247247474,34.0,4,Buy,-1.2144522144522185,1.398447606727037,2.2200772200772194,86.16,95.66,83.64,102.18,78.42,120.12,-0.05702090401663573,0.04695195359527182,-0.08460107256211014,0.1183101674510234,-0.14173142169202146,0.31465470066761525
2026-09-11,IBM,INTERNATIONAL BUSINESS MACHINES ,Information Technology,243.29,248.95,0.0233,0.3348,0.31729966,0.05515398283124551,-2.0,2,Neutral,-4.16011235955056,-1.8930865130336225,-1.0308226611677873,228.48,246.85,193.18,269.76,195.8,289.36,-0.060873854248016834,0.01463274281721394,-0.20596818611533552,0.10880019729540868,-0.19519914505322855,0.18936248921040733
2026-09-11,ICE,"INTERCONTINENTAL EXCHANGE, INC.",Financials,157.4,156.68,-0.0046,0.2481,0.23927646,0.036875921684899504,-40.0,2,Sell,-1.1869158878504675,1.8081180811808106,-1.1357054199420782,151.05,162.75,146.56,177.0,129.95,181.57,-0.04034307496823375,0.033989834815755904,-0.06886912325285899,0.12452350698856418,-0.17439644218551476,0.15355781448538752
2026-09-11,ICL,ICL GROUP LTD,MR Discretion,5.66,6.32,0.1166,1.2565,0.28578877,3.396603827365224,22.0,2,Neutral,42.00000000000089,2.2333333333333343,1.5802469135802462,5.65,6.08,5.36,6.33,4.85,6.94,-0.0017667844522968323,0.07420494699646651,-0.053003533568904526,0.11837455830388688,-0.14310954063604253,0.22614840989399299
2026-09-11,IDXX,"IDEXX LABORATORIES, INC.",Health Care,504.7,563.24,0.116,0.2876,0.25196019,0.14145016321824522,-33.0,1,Sell,1.573487031700287,2.790460526315791,3.5037939297124607,490.82,526.54,474.3,589.53,454.62,680.17,-0.027501486031305755,0.04327323162274621,-0.06023380225876751,0.16808004755300177,-0.09922726372102231,0.3476718842876956
2026-09-11,IEF,ISHARES:7-10 TRS BD ETF,Bonds,91.01,94.01,0.033,0.0631,0.05370346,0.17497084917806038,11.0,2,Neutral,1.4736842105263066,1.2422535211267556,1.8721311475409745,89.3,93.53,87.46,95.42,87.96,96.72,-0.018789144050104456,0.027689264915943257,-0.03900670256015837,0.048456213602900755,-0.033512800791121955,0.06274035820239532
2026-09-11,IEX,IDEX ,Industrials,224.21,238.79,0.065,0.237,0.18535075,0.2786568168728747,27.0,1,Buy,-2.331360946745564,1.225462304409672,1.8652068126520678,216.33,227.59,210.15,241.44,203.66,262.54,-0.03514562240756436,0.015075152758574628,-0.06270906739217696,0.07684759823379861,-0.09165514473038672,0.17095580036572855
2026-09-11,IFF,INTERNATIONAL FLAVORS & FRAGRANCES INC.,Materials,83.61,86.41,0.0335,0.2733,0.21051185,0.298264206979322,5.0,1,Neutral,2.662420382165621,3.444827586206888,1.1406113537117903,82.04,87.79,80.71,93.6,72.16,96.67,-0.018777658174859435,0.04999401985408447,-0.03468484631025004,0.11948331539289558,-0.13694534146633186,0.1562014113144361
2026-09-11,INCY,INCYTE ,Health Care,121.47,142.86,0.1761,0.3426,0.27826425,0.23120379279767356,-1.0,1,Neutral,2.689655172413792,2.812400635930051,2.807829181494663,118.57,129.27,115.18,139.16,110.23,153.03,-0.023874207623281518,0.06421338602123994,-0.05178233308635871,0.1456326665020169,-0.09253313575368405,0.2598172388244011
2026-09-11,INDA,ISHARES:MSCI INDIA,Foreign,48.57,48.35,-0.0045,0.1451,0.11951917,0.21403118846959868,-10.0,2,Neutral,-1.1801801801801828,1.9254658385093184,1.0723981900452488,47.26,49.68,46.96,51.67,44.15,53.31,-0.026971381511220915,0.02285361334156888,-0.03314803376569897,0.06382540662960667,-0.09100267654931027,0.09759110562075368
2026-09-11,INTC,INTEL ,Information Technology,102.94,126.34,0.2273,0.5922,0.580753,0.019710617078172676,38.0,1,Buy,1.5826210826210834,-2.5212649945474372,1.644028103044497,95.92,114.05,79.82,112.11,73.05,152.08,-0.06819506508645812,0.10792694773654565,-0.22459685253545758,0.089081018068778,-0.29036331843792507,0.47736545560520716
2026-09-11,INTU,INTUIT INC.,Information Technology,321.57,323.31,0.0054,0.4462,0.4895857,-0.0886171716208215,-22.0,4,Neutral,-3.032581453634079,3.282136105860118,1.2017304729169134,285.27,333.54,300.41,391.02,237.2,422.96,-0.11288366452094412,0.037223621606493174,-0.06580215816151991,0.2159716391454427,-0.26236900208352776,0.3152968249525765
2026-09-11,INVH,INVITATION HOMES INC.,Real Estate,27.54,28.7,0.0421,0.2682,0.17149231,0.5639185220608434,4.0,1,Neutral,1.1842105263157954,2.5250000000000026,2.220095693779905,26.78,28.44,26.34,30.57,25.45,32.18,-0.027596223674654974,0.03267973856209161,-0.04357298474945537,0.1100217864923747,-0.07588961510530134,0.16848220769789402
2026-09-11,IP,INTERNATIONAL PAPER COMPANY,Materials,34.36,39.75,0.1569,0.3417,0.3289198,0.03885506436523434,-11.0,1,Neutral,1.107692307692308,2.9365079365079363,3.210256410256412,32.41,36.52,31.84,41.76,30.46,46.88,-0.05675203725261946,0.06286379511059392,-0.07334109429569269,0.21536670547147851,-0.11350407450523858,0.36437718277066367
2026-09-11,IQV,IQVIA HOLDINGS INC,Health Care,261.77,269.01,0.0277,0.3424,0.27623231,0.2395363887736377,-35.0,1,Sell,-1.294926004228322,1.7062028499580915,-1.0435586949209543,249.52,271.23,237.91,302.48,199.72,321.23,-0.04679680635672523,0.036138594949765235,-0.09114871834052785,0.15551820300263608,-0.23704014974978027,0.2271459678343586
2026-09-11,IR,INGERSOLL RAND INC.,Industrials,72.93,78.93,0.0823,0.3002,0.21043248,0.4265858578485604,12.0,1,Neutral,-1.0866666666666684,2.1884615384615365,2.7467362924281935,69.67,75.93,67.73,84.31,65.27,93.97,-0.044700397641574185,0.04113533525298241,-0.071301247771836,0.15604003839297942,-0.1050322226792817,0.2884958179075825
2026-09-11,IRM,IRON MOUNTAIN INC.,Real Estate,115.18,122.65,0.0649,0.3562,0.30663199,0.16165309431674113,57.0,1,Buy,-1.6937172774869174,-1.080762250453722,1.464867617107942,108.71,119.0,103.27,126.2,95.54,143.95,-0.05617294669213413,0.033165480118076074,-0.10340336864038902,0.09567633269664877,-0.17051571453377323,0.24978294842854654
2026-09-11,ISRG,"INTUITIVE SURGICAL, INC.",Health Care,369.15,369.92,0.0021,0.3244,0.32277637,0.005030200940669971,-23.0,1,Neutral,-13.689795918367079,-1.3712209983595025,1.0178598922247888,335.61,371.6,310.64,411.82,304.2,435.26,-0.09085737505079228,0.006636868481647129,-0.15849925504537454,0.1155898686170933,-0.17594473791141807,0.17908709196803474
2026-09-11,IT,"GARTNER, INC.",Information Technology,179.59,167.91,-0.065,0.5091,0.53306597,-0.044958731843265154,-58.0,3,Sell,-5.347938144329903,1.9757437070938215,-1.2697693574958813,158.84,183.47,157.74,222.76,117.93,228.15,-0.11554095439612455,0.021604766412383736,-0.12166601703881064,0.2403808675315997,-0.3433376023163873,0.2703936744807618
2026-09-11,ITW,ILLINOIS TOOL WORKS INC.,Industrials,268.16,292.98,0.0926,0.2208,0.14777579,0.4941554364216223,30.0,1,Buy,-3.3892944038929884,1.489537444933916,2.692549842602304,254.23,272.27,250.0,295.21,249.1,319.48,-0.05194659904534615,0.015326670644391305,-0.06772076372315039,0.10087261336515496,-0.07107696897374716,0.1913782816229117
2026-09-11,IVZ,INVESCO LTD.,Financials,32.28,35.34,0.0948,0.3187,0.24900753,0.27988097388058897,39.0,1,Buy,1.3404255319148897,1.6652173913043467,1.4052044609665426,31.34,33.54,29.98,36.11,26.9,39.84,-0.029120198265179753,0.03903345724907048,-0.07125154894671626,0.11864931846344473,-0.16666666666666674,0.23420074349442377
2026-09-11,IWD,ISHARES:RUSS 1000 VL ETF,Sector & Style ETFs,255.58,262.11,0.0255,0.1289,0.09138954,0.41044587816067324,37.0,2,Buy,-1.4278606965174117,3.3089430894308838,1.2547008547008545,249.84,259.6,250.66,271.86,238.03,277.6,-0.02245872133969795,0.015728930276234454,-0.01925033257688402,0.06369825494952663,-0.06866734486266535,0.08615697628922447
2026-09-11,IWF,ISHARES:RUSS 1000 GR ETF,Sector & Style ETFs,122.27,144.22,0.1795,0.1602,0.13858445,0.1559738484368196,7.0,1,Neutral,1.2702702702702742,1.0235690235690236,2.498691099476439,120.05,125.09,116.33,128.35,106.99,160.45,-0.018156538807557077,0.02306371145824815,-0.04858100924184183,0.049726016193669675,-0.12496933017093315,0.31225975300564324
2026-09-11,IWM,ISHARES:RUSS 2000 ETF,Sector & Style ETFs,288.89,307.68,0.065,0.1859,0.12709131,0.4627278607797811,27.0,1,Buy,1.3632148377125244,2.075450450450452,2.0029585798816596,282.42,297.71,280.01,307.32,268.61,329.51,-0.022396067707431744,0.030530651805185327,-0.03073834331406411,0.06379590847727501,-0.07019973000103841,0.1406071515109557
2026-09-11,J,JACOBS SOLUTIONS INC.,Industrials,141.85,153.24,0.0803,0.2676,0.19868534,0.3468532706036591,5.0,1,Neutral,1.1414141414141452,3.433628318584068,1.6384698275862077,136.9,147.5,136.2,161.25,123.29,172.26,-0.0348960169192809,0.03983080719069454,-0.03983080719069443,0.13676418752203046,-0.1308424391963341,0.21438138879097646
2026-09-11,JBHT,"J. B. HUNT TRANSPORT SERVICES, INC.",Industrials,270.45,290.03,0.0724,0.3737,0.33785715,0.10608877154146357,46.0,2,Buy,-1.3177189409368641,-1.4657107231920175,1.3034653465346548,257.51,280.27,246.94,286.49,230.05,323.11,-0.047846182288777905,0.03630985394712516,-0.08692919208726191,0.05930855980772787,-0.1493806618598631,0.19471251617674246
2026-09-11,JBL,JABIL INC.,Information Technology,318.08,372.54,0.1712,0.5347,0.45716995,0.1695869336993825,42.0,1,Buy,-4.510204081632653,-1.7586089328332735,2.208341688389813,291.56,323.96,266.5,347.41,268.21,428.21,-0.08337525150905423,0.01848591549295775,-0.16216046277665996,0.09220950704225372,-0.15678445674044272,0.3462336519114688
2026-09-11,JCI,JOHNSON CONTROLS INTERNATIONAL PLC,Industrials,146.01,161.14,0.1036,0.3018,0.24918215,0.21116219600802077,11.0,1,Neutral,-1.3667334669338638,-1.5165929203539765,1.7780443911217778,139.19,151.0,132.3,155.05,129.34,175.65,-0.04670912951167727,0.034175741387576286,-0.0938976782412162,0.06191356756386557,-0.11417026231080052,0.20299979453462114
2026-09-11,JKHY,"JACK HENRY & ASSOCIATES, INC.",Financials,161.12,167.36,0.0387,0.2895,0.34533404,-0.1616812521580555,8.0,4,Neutral,-1.1705790297339647,2.5014955134596213,1.175665680473373,153.64,167.51,151.09,186.21,134.08,192.91,-0.04642502482621658,0.03965988083416083,-0.06225173783515392,0.15572244289970216,-0.1678252234359483,0.19730635551142006
2026-09-11,JNJ,JOHNSON & JOHNSON,Health Care,265.58,294.58,0.1092,0.2407,0.22378294,0.07559584300751432,5.0,2,Neutral,1.8486562942008495,2.3551020408163286,1.8256530672145583,258.51,278.65,250.88,300.2,231.51,327.78,-0.026620980495519198,0.04921304315083974,-0.05535055350553497,0.13035620152119898,-0.12828526244446115,0.2342043828601552
2026-09-11,JNK,SPDR BBG HIGH YIELD BD,Bonds,94.61,96.4,0.0189,0.0937,0.03930528,1.3839036383915855,33.0,2,Buy,1.1880341880341867,1.6086956521739109,1.0893203883495133,92.27,97.39,91.16,100.16,89.46,100.22,-0.024733114892717456,0.02938378606912595,-0.03646548990592968,0.058661875066060576,-0.05443399217841671,0.05929605749920719
2026-09-11,JPM,JPMORGAN CHASE & CO.,Financials,356.23,384.38,0.079,0.2506,0.14218797,0.762455712673864,11.0,1,Neutral,-1.481675392670159,2.096577946768055,1.7147229874502588,344.91,363.87,343.08,383.8,323.56,412.25,-0.03177722258091675,0.021446818066979123,-0.03691435308648916,0.07739381860034245,-0.09171041181259298,0.157257951323583
2026-09-11,KDP,KEURIG DR PEPPER INC.,Consumer Staples,31.39,32.42,0.0328,0.245,0.30186964,-0.18839138642759834,-43.0,3,Sell,4.260869565217385,1.8177339901477811,1.0853658536585356,30.93,33.35,29.36,35.08,26.47,36.73,-0.014654348518636562,0.06244026760114685,-0.06467027715833074,0.1175533609429753,-0.15673781459063396,0.17011787193373684
2026-09-11,KEY,KEYCORP,Financials,21.84,23.2,0.0623,0.2292,0.20701946,0.10714229473886183,20.0,2,Neutral,-1.69387755102041,1.0769230769230753,1.5537848605577673,21.01,22.33,20.54,23.24,19.33,25.74,-0.03800366300366298,0.022435897435897356,-0.059523809523809534,0.0641025641025641,-0.11492673992673996,0.1785714285714286
2026-09-11,KEYS,"KEYSIGHT TECHNOLOGIES, INC.",Information Technology,338.64,388.37,0.1469,0.3481,0.38525843,-0.09645066040475736,23.0,3,Neutral,-2.2154017857142727,-1.908819769919044,1.6408082265920978,318.79,347.6,293.84,362.11,283.21,429.59,-0.0586168202220646,0.026458776281597096,-0.13229388140798493,0.0693066383179779,-0.1636841483581385,0.26857429718875503
2026-09-11,KHC,THE KRAFT HEINZ COMPANY,Consumer Staples,24.6,25.69,0.0443,0.2612,0.29245606,-0.10687437969314095,11.0,3,Neutral,-1.1639344262295106,2.6859504132231384,1.4816053511705676,23.18,25.82,23.39,27.85,21.61,29.03,-0.05772357723577237,0.04959349593495932,-0.049186991869918706,0.13211382113821135,-0.1215447154471545,0.18008130081300822
2026-09-11,KIM,KIMCO REALTY .,Real Estate,23.19,24.59,0.0604,0.3458,0.11929693,1.8986496131962491,-11.0,1,Neutral,1.8888888888888722,1.6637168141592873,2.5414012738853486,22.74,24.04,22.06,25.07,21.62,27.18,-0.019404915912031195,0.03665373005605854,-0.048727899956878096,0.0810694264769296,-0.0677015955153083,0.17205692108667514
2026-09-11,KKR,KKR & CO. INC.,Financials,101.08,108.46,0.073,0.3631,0.35258869,0.029811818410851565,-17.0,1,Neutral,2.0606060606060628,3.9237472766884514,1.7685541506322158,98.11,107.2,96.49,119.09,82.89,133.25,-0.029382667194301493,0.060546102097348786,-0.04540957657301148,0.17817570241392966,-0.17995647012267513,0.3182627621685794
2026-09-11,KLAC,KLA ,Information Technology,180.64,232.04,0.2845,0.5316,0.4435655,0.19847012447992451,10.0,1,Neutral,1.1641414141414157,-1.1730632551528064,3.5012067578439288,168.76,194.47,147.63,208.78,155.78,267.68,-0.06576616474756425,0.07656111603188664,-0.18273914968999105,0.15577945084145273,-0.13762178919397694,0.48184233835252455
2026-09-11,KMB,KIMBERLY-CLARK ,Consumer Staples,98.15,104.78,0.0675,0.2174,0.25026162,-0.13130906768684714,-39.0,3,Sell,1.2207505518763797,4.212765957446803,2.427579365079362,93.62,103.68,93.92,115.97,88.07,122.62,-0.04615384615384621,0.05634233316352533,-0.04309730005094248,0.1815588385124809,-0.10269994905756508,0.24931227712684656
2026-09-11,KMI,"KINDER MORGAN, INC.",Energy,30.86,35.38,0.1465,0.2336,0.2588656,-0.09760122627340195,37.0,4,Buy,2.1162790697674434,2.618320610687025,2.839506172839506,30.0,32.68,29.55,34.29,28.43,37.76,-0.027867790019442618,0.05897602073882058,-0.042449773169150995,0.11114711600777705,-0.07874270900842517,0.22359040829552823
2026-09-11,KO,THE COCA-COLA COMPANY,Consumer Staples,88.29,95.7,0.0839,0.1954,0.15571305,0.2548723437117184,5.0,1,Neutral,-1.397540983606563,2.3718749999999944,1.6994949494949483,84.88,90.73,85.09,95.88,80.37,101.75,-0.03862272057990723,0.027636198890021557,-0.036244195265602075,0.08596670064559953,-0.08970438328236496,0.1524521463359383
2026-09-11,KR,THE KROGER CO.,Consumer Staples,58.49,60.85,0.0403,0.2557,0.23741914,0.07699825717505338,-12.0,2,Neutral,-2.3636363636363646,-1.5793450881612103,-1.1643625192012301,54.59,60.14,52.22,62.46,50.91,65.0,-0.06667806462643189,0.028209950418875085,-0.10719781159172515,0.0678748504017781,-0.12959480253034716,0.11130107710719783
2026-09-11,KVUE,KENVUE INC.,Consumer Staples,17.78,18.5,0.0405,0.2387,0.21787762,0.09556915483104689,23.0,2,Neutral,1.1408450704225321,3.3333333333333335,1.7438016528925604,17.07,18.59,17.03,20.28,15.36,22.0,-0.03993250843644547,0.04555680539932494,-0.04218222722159726,0.140607424071991,-0.13610798650168743,0.2373453318335208
2026-09-11,L,LOEWS ,Financials,108.79,117.46,0.0797,0.1454,0.1130265,0.28642398021702875,19.0,1,Neutral,-1.6614583333333504,1.2760834670947003,2.7280130293159606,105.6,110.71,102.56,116.74,102.65,125.54,-0.02932254802831158,0.017648680944939654,-0.057266292857799495,0.07307656953764119,-0.05643901093850534,0.15396635720194873
2026-09-11,LDOS,"LEIDOS HOLDINGS, INC.",Industrials,128.86,139.01,0.0788,0.3401,0.28650312,0.18707258755157707,-17.0,1,Neutral,-1.8837837837837932,1.8433556050482525,1.5206324720401068,121.89,132.56,115.39,153.69,102.93,168.29,-0.05408970976253302,0.02871333229861861,-0.10453205028713342,0.19268974080397316,-0.20122613689275182,0.3059909979823061
2026-09-11,LEN,LENNAR ,Consumer Discretionary,79.6,79.29,-0.0039,0.4328,0.31795052,0.36121809141875283,4.0,1,Neutral,-1.570945945945939,1.4970873786407808,1.301656495204883,74.95,82.56,74.45,87.31,68.13,94.53,-0.05841708542713553,0.0371859296482413,-0.06469849246231141,0.0968592964824122,-0.14409547738693462,0.1875628140703518
2026-09-11,LH,LABORATORY  OF AMERICA HOLDINGS,Health Care,311.54,354.97,0.1394,0.2399,0.2345776,0.022689293436372493,15.0,2,Neutral,1.3556085918854395,3.0589636688504998,2.3204237007613333,298.97,328.58,294.75,362.9,281.33,381.64,-0.040347948899017716,0.054696026192463165,-0.05389356101945186,0.1648584451434807,-0.09696989150670876,0.225011234512422
2026-09-11,LHX,"L3HARRIS TECHNOLOGIES, INC.",Industrials,245.54,277.99,0.1322,0.2459,0.21230567,0.15823567029556962,12.0,1,Neutral,1.8514190317195391,2.0333575054387243,3.6156987295825798,239.55,256.63,231.75,273.58,223.5,325.23,-0.024395210556324765,0.045165757106785165,-0.05616192880996984,0.11419727946566738,-0.08976134234747901,0.32454997149140685
2026-09-11,LII,LENNOX INTERNATIONAL INC.,Industrials,366.04,398.46,0.0886,0.3283,0.25951645,0.26504504820407315,-41.0,1,Sell,2.3342269883824853,1.047878128400434,2.8096357226791993,354.85,392.16,310.9,423.82,323.49,485.59,-0.030570429461261095,0.0713583214949185,-0.15063927439624092,0.1578516009179325,-0.11624412632499181,0.32660364987433055
2026-09-11,LIN,LINDE PUBLIC LIMITED COMPANY,Materials,466.22,491.88,0.055,0.1763,0.14917275,0.18185124293813737,14.0,1,Neutral,-1.4292643492320196,1.313206328705196,1.8771971496437039,448.54,478.59,435.25,506.89,424.12,545.25,-0.037922011067736294,0.0265325382866457,-0.06642786667238643,0.08723349491656296,-0.09030071639998294,0.16951224743683224
2026-09-11,LITE,LUMENTUM HOLDINGS INC.,Information Technology,927.03,1391.98,0.5015,0.7146,0.86504956,-0.17392016244710884,35.0,3,Buy,3.2915475704369124,-1.1610057051877403,2.4745171238435324,878.05,1088.25,752.02,1077.77,680.59,1536.85,-0.05283539907014878,0.17391022944241286,-0.18878569194092965,0.16260530942903673,-0.2658382145130146,0.6578212139844448
2026-09-11,LLY,ELI LILLY AND COMPANY,Health Care,1115.7,1240.76,0.1121,0.3125,0.29439275,0.06150711931594799,-33.0,1,Sell,-1.5382352941176498,2.7258501982057104,2.455155946873599,1073.86,1142.9,1067.77,1246.35,981.68,1444.74,-0.03750112037286024,0.024379313435511474,-0.04295957694720809,0.11710137133638066,-0.12012189656717764,0.29491798870664154
2026-09-11,LMT,LOCKHEED MARTIN ,Industrials,524.19,583.45,0.1131,0.2481,0.27356539,-0.09308703122131068,-10.0,3,Neutral,-1.102601865488471,1.6339021615472098,2.869109947643976,501.73,544.56,480.24,596.0,468.8,683.11,-0.04284705927240129,0.03885995535969755,-0.08384364448005499,0.1369923119479577,-0.10566779221274736,0.30317251378317
2026-09-11,LNT,ALLIANT ENERGY ,Utilities,67.26,72.22,0.0737,0.1413,0.12224959,0.15583209726920155,12.0,1,Neutral,1.7083333333333268,1.1724137931034453,2.405275779376498,66.06,69.31,63.2,72.02,63.09,77.29,-0.017841213202497763,0.03047873922093358,-0.06036277133511747,0.07077014570324103,-0.06199821587867982,0.14912280701754388
2026-09-11,LOW,"LOWE'S COMPANIES, INC.",Consumer Discretionary,196.82,206.96,0.0515,0.2505,0.19112907,0.3106326525839318,-41.0,1,Sell,-1.24007936507936,1.8104089219330888,2.0083296799649277,190.57,201.86,186.06,216.3,174.01,242.63,-0.03175490295701655,0.02560715374453837,-0.05466924093079972,0.09897368153642927,-0.11589269383192768,0.23275073671374868
2026-09-11,LQD,ISHARES:IBOXX $IG CORP,Bonds,104.32,106.79,0.0237,0.0493,0.06597445,-0.25274102322944725,-16.0,4,Neutral,1.6351351351351475,1.827586206896561,1.3901581722319885,102.84,106.74,102.58,107.5,98.63,112.23,-0.014187116564417068,0.02319785276073616,-0.016679447852760654,0.030483128834355888,-0.054543711656441674,0.07582438650306766
2026-09-11,LRCX,LAM RESEARCH ,Information Technology,298.22,392.89,0.3175,0.557,0.52017587,0.07079169204830671,23.0,1,Neutral,2.5929127052722447,1.117764074000397,3.109533898305083,286.65,328.22,247.95,354.41,251.02,444.99,-0.03879686137750671,0.10059687479042312,-0.16856682985715254,0.18841794648246268,-0.15827241633693245,0.49215344376634684
2026-09-11,LULU,LULULEMON ATHLETICA INC.,Consumer Discretionary,98.97,112.37,0.1354,0.4002,0.72959238,-0.4514745343146265,48.0,4,Buy,-1.5023364485981303,1.9882943143812721,3.157071783937456,86.11,107.53,87.01,122.75,84.9,143.39,-0.12993836516115997,0.08649085581489335,-0.12084470041426687,0.240274830756795,-0.14216429220976046,0.44882287561887435
2026-09-11,LUV,SOUTHWEST AIRLINES CO.,Industrials,39.24,42.64,0.0866,0.3727,0.27737528,0.34366696267958696,12.0,1,Neutral,-3.545454545454569,-1.5180055401662063,2.222222222222221,36.9,39.9,33.76,42.85,33.12,52.84,-0.059633027522935866,0.01681957186544336,-0.13965341488277283,0.09199796126401627,-0.15596330275229364,0.3465851172273191
2026-09-11,LVS,LAS VEGAS SANDS CORP.,Consumer Discretionary,42.83,44.56,0.0404,0.2806,0.27153346,0.03339013910108912,23.0,2,Neutral,-1.27631578947368,1.4457364341085297,1.6335766423357667,40.89,44.35,40.25,46.56,35.98,54.02,-0.045295353724025156,0.03548914312397855,-0.060238150828858195,0.0870884893766053,-0.15993462526266644,0.26126546812981566
2026-09-11,LYB,LYONDELLBASELL INDUSTRIES NV,Materials,63.69,64.86,0.0184,0.3842,0.30533028,0.2583095263267041,26.0,1,Buy,1.884920634920638,1.50796178343949,1.0946372239747644,61.17,68.44,57.41,73.16,47.84,81.04,-0.039566650965614625,0.07457999685978955,-0.09860260637462714,0.1486889621604648,-0.24886167373213997,0.27241325168786323
2026-09-11,LYV,"LIVE NATION ENTERTAINMENT, INC.",Communication Services,170.15,191.28,0.1242,0.2488,0.22795793,0.09142945805833547,65.0,1,Buy,-1.1781512605042073,2.3350785340314095,3.106598984771576,163.14,176.1,162.51,187.99,156.36,212.99,-0.04119894210990316,0.03496914487217162,-0.04490155744930957,0.10484866294446071,-0.08104613576256237,0.2517778430796356
2026-09-11,MA,MASTERCARD INC..,Financials,569.19,606.31,0.0652,0.1999,0.19666928,0.01642717154402562,5.0,1,Neutral,-1.2380952380952408,3.4076179647526907,1.5812995245641814,547.35,586.83,551.6,629.13,506.09,668.97,-0.03837031571180105,0.030991408844146973,-0.030903564714770182,0.10530754229694828,-0.11085929127356431,0.1753017445844094
2026-09-11,MAA,"MID-AMERICA APARTMENT COMMUNITIES, INC.",Real Estate,124.79,129.16,0.035,0.2169,0.15930069,0.36157602330536065,-42.0,1,Sell,2.0228310502282962,2.0772277227722715,1.9508196721311442,122.6,129.22,119.74,135.28,116.25,141.45,-0.01754948313166127,0.035499639394182214,-0.04046798621684444,0.08406122285439532,-0.06843497075086147,0.13350428720250007
2026-09-11,MAR,"MARRIOTT INTERNATIONAL, INC.",Consumer Discretionary,334.69,373.56,0.1161,0.2343,0.18665246,0.25527410675433915,24.0,1,Neutral,-3.3147353361945617,-1.5179913009094486,1.9711299153807857,311.52,341.68,296.3,359.98,294.51,413.89,-0.06922824105889036,0.020884998057904447,-0.11470315814634435,0.07556246078460682,-0.12005139083928418,0.23663688786638382
2026-09-11,MAS,MASCO ,Industrials,68.52,71.79,0.0477,0.2679,0.24041942,0.11430266323743754,17.0,1,Neutral,-1.0213675213675202,2.06032482598608,2.078459343794581,66.13,70.86,64.21,77.4,61.51,83.09,-0.03488032691185061,0.03415061295971977,-0.06290134267367198,0.12959719789842405,-0.1023058960887332,0.21263864565090507
2026-09-11,MCD,MCDONALD'S ,Consumer Discretionary,252.53,265.98,0.0533,0.1914,0.17549268,0.0906437806978615,-62.0,1,Sell,-1.3984375,1.604240282685513,2.4819350887936293,247.16,256.37,241.21,270.69,236.2,293.06,-0.02126480022175581,0.01520611412505457,-0.04482635726448336,0.07191224804973673,-0.06466558428701541,0.16049578267928566
2026-09-11,MCHI,ISHARES:MSCI CHINA,Foreign,52.96,56.58,0.0684,0.1784,0.12598009,0.4160967816422423,-16.0,1,Neutral,1.376623376623374,1.640394088669949,2.383033419023135,52.19,54.02,50.93,56.29,49.07,62.23,-0.01453927492447138,0.020015105740181394,-0.03833081570996977,0.06287764350453173,-0.07345166163141992,0.17503776435045304
2026-09-11,MCHP,MICROCHIP TECHNOLOGY INC.,Information Technology,74.2,72.08,-0.0286,0.4514,0.30836232,0.4638623811106364,34.0,1,Buy,-3.5073529411764692,-2.1938325991189482,1.2423428264373988,69.43,75.56,64.24,78.74,55.59,97.32,-0.06428571428571428,0.01832884097035037,-0.13423180592991923,0.06118598382749307,-0.25080862533692716,0.3115902964959567
2026-09-11,MCK,MCKESSON ,Health Care,881.51,1021.99,0.1594,0.2573,0.27193032,-0.05380172391221405,20.0,3,Neutral,1.952362658470999,4.679201485608177,2.1890136503742825,855.48,932.33,859.97,982.3,790.67,1080.36,-0.02952887658676584,0.05765107599460029,-0.024435343898537742,0.11433789747138423,-0.103050447527538,0.22557883631495956
2026-09-11,MCO,MOODY'S ,Financials,474.95,498.66,0.0499,0.2618,0.26972376,-0.02937731551717948,-4.0,4,Neutral,-1.3179988499137454,2.8577919127669267,1.4931530297843194,452.03,492.34,452.94,537.85,416.53,562.18,-0.04825771133803558,0.036614380461101215,-0.04634172018107163,0.13243499315717444,-0.12300242130750605,0.18366143804611013
2026-09-11,MDLZ,"MONDELEZ INTERNATIONAL, INC.",Consumer Staples,62.44,62.16,-0.0045,0.2877,0.19944732,0.44248616627187576,-31.0,1,Sell,-2.3274336283185746,-1.1999999999999957,-1.1197278911564608,59.81,63.57,58.42,65.79,54.21,69.79,-0.04212043561819334,0.018097373478539458,-0.06438180653427283,0.053651505445227565,-0.1318065342729019,0.1177130044843051
2026-09-11,MDT,MEDTRONIC PUBLIC LIMITED COMPANY,Health Care,90.96,95.88,0.0541,0.2545,0.21024198,0.21050990863004615,45.0,1,Buy,2.097674418604662,4.274418604651185,1.2431761786600508,88.81,95.47,88.81,100.15,78.87,105.99,-0.02363676341248888,0.04958223394898864,-0.02363676341248888,0.1010334212840811,-0.1329155672823218,0.16523746701846975
2026-09-11,MDY,SPDR S&P MIDCAP 400 ETF,Sector & Style ETFs,678.68,701.4,0.0335,0.1553,0.11637602,0.33446735848158404,9.0,1,Neutral,-1.0203784570596777,1.4208481709291072,1.5756687431293535,664.66,692.42,647.79,722.57,624.1,764.68,-0.020657747391996217,0.02024518182353985,-0.04551482289149522,0.06466965285554327,-0.0804208168798255,0.12671656745447035
2026-09-11,MET,"METLIFE, INC.",Financials,97.14,100.53,0.0349,0.251,0.21721089,0.1555590053518956,22.0,1,Neutral,-1.4464285714285725,1.2358208955223877,1.1536780772032045,93.9,99.38,90.44,105.42,83.41,112.98,-0.03335392217418154,0.023059501750051448,-0.06897261684167189,0.08523780111179735,-0.1413423924233066,0.16306361951822113
2026-09-11,META,"META PLATFORMS, INC.",Communication Services,648.03,631.6,-0.0254,0.3655,0.37017765,-0.012636230199203125,-36.0,3,Sell,2.639932697700518,-2.293850598431694,-2.2294583883751637,630.2,695.1,536.87,696.49,479.26,723.73,-0.02751415829514059,0.07263552613304958,-0.17153526842893074,0.07478048855762864,-0.26043547366634257,0.11681557952563937
2026-09-11,MGM,MGM RESORTS INTERNATIONAL,Consumer Discretionary,39.89,43.16,0.082,0.3587,0.15633215,1.2944736575298172,23.0,1,Neutral,1.553571428571434,1.533898305084745,2.3028953229398645,38.77,41.63,37.53,43.51,35.4,50.23,-0.028077212333918244,0.04361995487590886,-0.05916269741789926,0.09074956129355716,-0.1125595387315117,0.25921283529706685
2026-09-11,MKC,"MCCORMICK & COMPANY, INC.",Consumer Staples,51.32,53.27,0.038,0.3743,0.25953233,0.442209531274967,29.0,2,Buy,-2.0990990990990985,2.51778656126482,1.488888888888888,48.99,52.43,48.79,57.69,44.12,62.04,-0.04540140296180828,0.021628994544037328,-0.04929851909586913,0.12412314886983622,-0.14029618082618867,0.20888542478565864
2026-09-11,MLM,"MARTIN MARIETTA MATERIALS, INC.",Materials,509.96,534.27,0.0477,0.2749,0.25483347,0.07874369877708753,4.0,1,Neutral,-2.27441860465115,-1.2585365853658523,1.650991061018267,485.51,520.71,463.52,546.86,458.5,594.92,-0.047944936857792775,0.021080084712526537,-0.09106596595811434,0.07235861636206775,-0.10090987528433604,0.1666013020629069
2026-09-11,MMM,3M COMPANY,Industrials,164.97,183.99,0.1153,0.2477,0.14310869,0.7308522634090213,12.0,1,Neutral,-2.3771929824561475,1.614145031333932,3.4745945945945964,156.84,168.39,153.8,183.0,155.72,197.11,-0.04928168757955986,0.020731042007637646,-0.06770928047523783,0.10929259865430074,-0.05607080075165183,0.1948233012062801
2026-09-11,MNST,MONSTER BEVERAGE ,Consumer Staples,43.4,49.62,0.1433,0.3143,0.26323109,0.19400789625571968,-15.0,1,Neutral,-3.317073170731705,1.5939393939393947,3.2583333333333333,40.68,44.22,40.1,48.66,39.8,55.13,-0.06267281105990785,0.018894009216589902,-0.07603686635944695,0.12119815668202771,-0.08294930875576045,0.2702764976958527
2026-09-11,MO,"ALTRIA GROUP, INC.",Consumer Staples,68.98,73.75,0.0692,0.2659,0.23592694,0.12704382127789238,-40.0,1,Sell,1.1746031746031735,1.1905660377358485,1.2515337423312878,67.09,71.2,63.68,75.29,60.83,79.18,-0.0273992461583068,0.03218324151928087,-0.07683386488837352,0.09147579008408235,-0.11815018846042336,0.14786894752102064
2026-09-11,MOS,THE MOSAIC COMPANY,Materials,25.19,26.04,0.0337,0.45,0.4218333,0.06677211116334347,1.0,2,Neutral,,1.8540540540540524,-1.2232645403377114,25.25,28.57,23.34,28.62,18.67,30.52,0.002381897578404013,0.13418023025009918,-0.07344184200079407,0.1361651448987693,-0.25883287018658196,0.21159190154823326
2026-09-11,MP,MP MATERIALS CORP,MR Discretion,50.51,66.13,0.3092,0.6415,0.57594302,0.1138254614145684,58.0,1,Buy,11.096774193548438,2.270061728395063,2.447513812154697,49.89,57.39,44.03,65.22,36.03,85.95,-0.0122747970698871,0.13621065135616717,-0.1282914274401108,0.29122945951296786,-0.28667590576123536,0.7016432389625817
2026-09-11,MPC,MARATHON PETROLEUM ,Energy,395.93,423.85,0.0705,0.4675,0.21349626,1.1897339091560668,23.0,1,Neutral,4.645224171539962,1.7152704135736994,-1.2876465284039673,390.8,419.76,358.21,460.63,295.97,473.56,-0.012956835804308842,0.0601874068648498,-0.09526936579698442,0.16341272447149735,-0.2524688707599828,0.19607001237592492
2026-09-11,MPWR,"MONOLITHIC POWER SYSTEMS, INC.",Information Technology,1234.46,1395.56,0.1305,0.4799,0.38860795,0.23492069578092778,31.0,1,Buy,-11.339673913043637,-1.4671899242493391,2.238283004741701,1151.0,1241.82,1073.7,1344.03,1034.11,1682.9,-0.0676085089836852,0.00596212108938321,-0.13022698183821269,0.0887594575765922,-0.16229768481765317,0.3632681496362782
2026-09-11,MRK,"MERCK & CO., INC.",Health Care,143.93,156.99,0.0907,0.2828,0.51161951,-0.44724547349650534,1.0,4,Neutral,2.851063829787215,3.4849726775956302,1.3547765793528497,140.64,153.31,136.61,169.44,117.97,179.1,-0.022858333912318618,0.06517056902661023,-0.05085805599944415,0.17723893559369142,-0.18036545542972282,0.24435489474049876
2026-09-11,MRNA,"MODERNA, INC.",Health Care,143.97,175.97,0.2223,0.7038,6.26574763,-0.8876750163651261,1.0,4,Neutral,1.0505952380952386,3.161326906719592,1.218310784184947,123.81,165.15,108.7,255.47,67.84,236.72,-0.1400291727443217,0.14711398207959991,-0.24498159338751124,0.7744669028269779,-0.528790720288949,0.6442314371049525
2026-09-11,MRSH,"MARSH & MCLENNAN COMPANIES, INC.",Financials,176.91,192.11,0.0859,0.2747,0.20044741,0.37043427001626017,4.0,1,Neutral,1.0783289817232369,3.851796407185623,2.323308270676691,169.25,185.17,170.23,202.64,160.95,213.99,-0.043298852523882214,0.04669040755186238,-0.037759312644847665,0.1454411847832231,-0.09021536374427674,0.2095981007291845
2026-09-11,MRVL,"MARVELL TECHNOLOGY, INC.",Information Technology,236.1,288.61,0.2224,0.6359,0.798456,-0.2035879246946607,-19.0,3,Neutral,-1.4211847389558243,-2.7717443536761133,1.5193789118921524,207.79,256.02,178.42,256.91,153.02,362.33,-0.11990681914443035,0.08437102922490469,-0.24430326132994495,0.08814061838204168,-0.35188479457856836,0.5346463362981788
2026-09-11,MS,MORGAN STANLEY,Financials,214.38,239.39,0.1167,0.2958,0.21784587,0.3578407522713192,39.0,1,Buy,1.0897435897435912,1.2623798965262387,1.8554768846314047,208.92,220.33,200.85,231.46,190.37,258.93,-0.0254687937307585,0.027754454706595766,-0.06311223061852789,0.07967161115775734,-0.11199738781602753,0.207808564231738
2026-09-11,MSCI,MSCI INC.,Financials,554.61,577.93,0.042,0.2532,0.25851636,-0.020564888040354612,-34.0,3,Sell,-1.3355745721271397,-1.034543454345437,1.4713242961418138,532.76,570.97,507.59,600.06,506.66,625.16,-0.039397053785543035,0.029498205946520972,-0.0847802960639008,0.08194947801157548,-0.08645715006941812,0.1272065054723137
2026-09-11,MSFT,MICROSOFT ,Information Technology,495.63,508.25,0.0255,0.2255,0.21424236,0.052546284497613005,12.0,1,Neutral,1.1274576271186438,1.4977777777777777,1.215089344804765,480.88,512.26,441.63,576.51,404.97,605.79,-0.029760103302867047,0.033553255452656305,-0.10895224260032688,0.1631862478058228,-0.18291870952121536,0.22226257490466672
2026-09-11,MSI,"MOTOROLA SOLUTIONS, INC.",Information Technology,466.16,506.3,0.0861,0.1963,0.2152107,-0.0878706309676982,-22.0,3,Neutral,-1.339066339066342,2.528107074569785,1.4997113997113996,444.36,482.44,440.01,532.27,396.86,570.09,-0.04676505920713925,0.03492363137120291,-0.056096619186545515,0.14181825982495266,-0.1486614038098507,0.22294920199073287
2026-09-11,MTB,M&T BANK ,Financials,239.83,260.13,0.0846,0.2409,0.18203298,0.3233865643467464,54.0,2,Buy,-1.8553345388788458,1.1137440758293813,1.584360554699536,229.57,245.36,222.95,258.63,213.87,280.96,-0.04278030271442279,0.023057999416253194,-0.07038318809156496,0.07838885877496549,-0.10824333903181427,0.17149647667097523
2026-09-11,MTD,METTLER-TOLEDO INTERNATIONAL INC.,Health Care,1293.52,1360.17,0.0515,0.2655,0.17271465,0.5372176014020815,-11.0,1,Neutral,-1.6341390629662789,2.8602829711975724,2.1238412001981475,1238.76,1327.03,1214.36,1519.94,1152.21,1593.64,-0.04233409610983985,0.025906054796214883,-0.06119735295936679,0.1750417465520442,-0.10924454202486233,0.23201805924918073
2026-09-11,MTUM,ISHARES:MSCI USA MOM FCT,Sector & Style ETFs,307.04,325.47,0.06,0.266,0.20759094,0.2813661328379746,48.0,1,Buy,1.008048289738429,-1.3965770171149152,1.3483146067415726,297.1,317.06,278.48,327.49,266.99,361.04,-0.03237363210005206,0.03263418447107869,-0.09301719645648776,0.06660369984366854,-0.13043903074517982,0.175872850442939
2026-09-11,MU,"MICRON TECHNOLOGY, INC.",Information Technology,975.26,1342.7,0.3768,0.583,0.54473374,0.07024764061796507,63.0,1,Buy,4.663015127803876,1.3241348778868152,2.454819277108434,956.09,1064.65,839.73,1154.72,742.86,1545.76,-0.019656296782396443,0.09165760925291733,-0.13896807005311407,0.18401246846994646,-0.23829542891126465,0.5849722125381949
2026-09-11,MUB,ISHARES:NATL MUNI BOND,Bonds,103.17,106.06,0.028,0.0643,0.04632181,0.38811501536749105,23.0,2,Neutral,-1.0478468899521503,1.11450381679389,1.7134146341463423,100.98,105.26,99.24,107.55,99.89,108.79,-0.021227100901424767,0.0202578268876612,-0.0380924687409131,0.042454201802849534,-0.03179218765144909,0.05447319957351948
2026-09-11,NCLH,NORWEGIAN CRUISE LINE HOLDINGS LTD.,Consumer Discretionary,14.82,16.13,0.0884,0.4383,0.35598584,0.23122874775019153,-14.0,1,Neutral,-2.1052631578947443,1.5578231292516995,2.7419354838709675,14.02,15.2,13.35,17.11,12.34,21.62,-0.053981106612685625,0.02564102564102555,-0.09919028340080971,0.15452091767881226,-0.16734143049932526,0.45883940620782737
2026-09-11,NDAQ,"NASDAQ, INC.",Financials,91.19,99.28,0.0887,0.2443,0.21181356,0.1533728057825947,25.0,2,Neutral,2.0864661654135355,2.791666666666668,2.1519999999999997,88.53,96.74,85.67,106.6,82.44,110.02,-0.029169865116789095,0.060861936615856926,-0.06053295317469021,0.16898782761267683,-0.09595350367364841,0.20649193990569148
2026-09-11,NDSN,NORDSON ,Industrials,314.47,340.02,0.0812,0.1883,0.34409583,-0.45276872434054194,1.0,4,Neutral,-1.4521880064829864,1.9394723228142718,1.315814850530375,296.55,326.81,295.14,351.96,272.99,369.05,-0.056984768022386945,0.03924062708684439,-0.0614685025598628,0.11921645943969206,-0.13190447419467677,0.17356186599675638
2026-09-11,NDX,NASDAQ 100 INDEX,Indices,29368.44,30904.56,0.0523,0.0,0.13240927,,20.0,,,1.124890345814678,-1.2059679924078999,1.375778228512737,28935.26,29855.72,28250.17,30295.72,26671.61,33078.68,-0.01474984711479399,0.01659196062167423,-0.03807726934082978,0.03157402980886981,-0.09182748555932829,0.1263342554115916
2026-09-11,NEE,"NEXTERA ENERGY, INC.",Utilities,82.31,85.58,0.0397,0.1863,0.128901,0.4452952265692276,12.0,1,Neutral,1.3218390804597615,1.2126582278480984,1.4616321559074286,80.57,84.61,78.36,87.1,74.1,94.31,-0.021139594216984636,0.0279431417810716,-0.047989308710970735,0.058194630057101016,-0.09974486696634688,0.14579030494472112
2026-09-11,NEM,NEWMONT ,Materials,126.81,150.81,0.1893,0.3953,0.46915521,-0.15742169846094223,6.0,3,Neutral,1.5165441176470595,1.5839416058394156,1.337201591511936,121.37,135.06,111.74,150.68,96.65,167.14,-0.04289882501380016,0.06505796072864922,-0.11883920826433247,0.18823436637489155,-0.23783613279709803,0.3180348552953236
2026-09-11,NFLX,"NETFLIX, INC.",Communication Services,77.4,81.47,0.0526,0.3395,0.37701956,-0.09951621608173311,-48.0,4,Sell,-1.6107382550335665,1.2217630853994468,1.2897130860741766,72.6,80.38,70.14,86.27,63.11,95.83,-0.0620155038759691,0.0385012919896639,-0.09379844961240313,0.11459948320413416,-0.18462532299741607,0.23811369509043923
2026-09-11,NI,NISOURCE INC.,Utilities,41.41,44.1,0.065,0.2874,0.14547399,0.9756108978656597,-5.0,1,Neutral,1.4102564102564217,-1.439330543933053,1.751807228915664,40.24,43.06,37.97,43.8,37.26,48.68,-0.028254044916686705,0.039845447959430125,-0.08307172180632694,0.05771552765032606,-0.10021733880705141,0.17556145858488303
2026-09-11,NKE,"NIKE, INC.",Consumer Discretionary,36.8,36.42,-0.0103,0.4287,0.31415651,0.3646064504599953,-6.0,1,Neutral,1.0640000000000043,1.6866952789699583,1.395430579964852,35.55,38.13,34.47,40.73,31.11,44.74,-0.03396739130434778,0.03614130434782625,-0.0633152173913043,0.10679347826086949,-0.15461956521739129,0.21576086956521756
2026-09-11,NOC,NORTHROP GRUMMAN ,Industrials,518.97,567.82,0.0941,0.2878,0.25627805,0.12299902391172401,48.0,2,Buy,-2.1492537313432876,1.140786749482399,2.5741324921135633,494.49,530.36,475.5,568.56,465.08,657.69,-0.0471703566680155,0.02194731872747946,-0.0837620671715128,0.09555465633851656,-0.10384029905389525,0.2672986877854211
2026-09-11,NORW,GLBL X MSCI NORWAY ETF,Foreign,37.69,38.73,0.0276,0.0925,0.12107487,-0.23600991683906003,-37.0,3,Sell,2.5641025641025603,1.1374045801526744,-1.0399999999999996,37.3,38.69,35.07,40.67,32.75,42.44,-0.010347572300344887,0.026532236667551112,-0.06951446006898376,0.07906606526930227,-0.13106924913770224,0.12602812417086762
2026-09-11,NOV,NOV INC.,MR Discretion,21.1,22.61,0.0716,0.301,0.26740609,0.1256288142128701,66.0,1,Buy,1.925925925925919,1.484042553191487,1.0479041916167666,20.29,22.66,19.22,23.89,17.76,24.6,-0.03838862559241718,0.0739336492890994,-0.08909952606635085,0.13222748815165875,-0.1582938388625592,0.16587677725118488
2026-09-11,NOW,"SERVICENOW, INC.",Information Technology,132.53,135.97,0.026,0.4959,0.63793297,-0.22264560177850667,-31.0,4,Sell,1.7577903682719536,3.2780867630700796,1.131120783460283,125.47,144.94,123.54,162.0,95.77,174.11,-0.05327095751905231,0.09363917603561456,-0.06783369803063455,0.22236474760431602,-0.2773711612465103,0.3137402852184412
2026-09-11,NQ=F,NASDAQ 100 FUTURES,Futures,29391.75,30851.38,0.0497,0.0,0.13175842,,17.0,,,-1.397388205301627,-1.3824926751257807,1.6030094021767876,28854.58,29776.16,28207.41,30248.42,27124.19,33026.67,-0.018276216965645076,0.01307884015072247,-0.04029498073438975,0.029146614271011284,-0.07714954026214849,0.12367143841384065
2026-09-11,NRG,"NRG ENERGY, INC.",Utilities,113.46,123.58,0.0892,0.4824,0.5030949,-0.0411351814538371,-31.0,3,Sell,1.8580508474576298,1.272515527950311,2.076036866359448,108.74,122.23,100.58,129.85,91.76,158.51,-0.0416005640754451,0.07729596333509625,-0.11352018332451963,0.14445619601621718,-0.19125683060109278,0.3970562312709325
2026-09-11,NSC,NORFOLK SOUTHERN ,Industrials,320.27,360.9,0.1269,0.1668,0.19070046,-0.12532984975495065,-17.0,3,Neutral,1.113138686131393,2.975049244911367,3.893507972665148,309.31,332.47,305.04,365.58,302.71,388.64,-0.034221125925000706,0.038092859150092195,-0.04755362662753293,0.14147438099103882,-0.054828738252099773,0.21347612951572104
2026-09-11,NTAP,"NETAPP, INC.",Information Technology,199.28,218.72,0.0976,0.411,0.43439003,-0.05384568794085809,38.0,4,Buy,,-2.3740502630040936,1.0734753857457757,171.99,196.87,158.66,216.39,144.84,257.72,-0.1369429947812123,-0.01209353673223601,-0.2038338016860699,0.08585909273384185,-0.2731834604576475,0.29325572059413907
2026-09-11,NTRS,NORTHERN TRUST ,Financials,189.19,207.32,0.0958,0.2255,0.17766749,0.26922488745690054,39.0,1,Buy,-6.899082568807327,-1.0019531249999982,1.583671628326569,181.67,190.28,178.93,199.43,167.02,224.3,-0.03974840107828115,0.005761403879697591,-0.054231196152016437,0.05412548231936154,-0.11718378349807068,0.1855806332258576
2026-09-11,NUE,NUCOR ,Materials,259.43,288.0,0.1101,0.3557,0.35015989,0.01582165792889656,44.0,1,Buy,-1.1126893939393936,1.037013996889579,1.4447949526813875,247.68,269.99,227.28,292.77,211.88,328.13,-0.04529160081717609,0.04070462167058553,-0.12392552904444365,0.1285125081910341,-0.18328643564738079,0.26481131711829775
2026-09-11,NVDA,NVIDIA ,Information Technology,218.29,253.37,0.1607,0.3145,0.43467577,-0.27647220823925844,18.0,4,Neutral,3.1757469244288274,2.0210918114143923,1.7594421847762944,212.6,236.36,202.17,250.87,183.87,278.85,-0.026066242154931474,0.08277978835494082,-0.07384671766915574,0.14925099638096118,-0.15768015025882998,0.2774291080672502
2026-09-11,NVR,"NVR, INC.",Consumer Discretionary,6160.76,6181.53,0.0034,0.0,0.21062297,,-50.0,,Sell,-1.593170320404726,1.490060321516652,1.1128864775057752,5896.23,6326.8,5824.23,6662.21,5390.34,7018.15,-0.042937884287003625,0.026951220303988555,-0.05462475408878131,0.08139417864029763,-0.12505275323174414,0.1391695180464747
2026-09-11,NWSA,NEWS CORP.,Communication Services,29.44,31.43,0.0676,0.2576,0.18947813,0.35952365584355306,5.0,1,Neutral,1.1803278688524548,3.0640000000000014,1.4540682414698143,28.22,30.88,28.19,33.27,25.63,34.98,-0.041440217391304435,0.048913043478260754,-0.04245923913043481,0.13009510869565233,-0.1294157608695653,0.1881793478260867
2026-09-11,NXPI,NXP SEMICONDUCTORS NV,Information Technology,236.62,228.0,-0.0364,0.421,0.26069117,0.6149377057918761,-19.0,1,Neutral,-11.212643678160855,-5.217731421121261,-1.2460963272487362,217.11,238.36,196.6,244.29,179.96,282.09,-0.08245287803228807,0.007353562674330183,-0.16913194150959343,0.03241484236328285,-0.2394556673146817,0.19216465218493783
2026-09-11,O,REALTY INCOME ,Real Estate,59.5,63.52,0.0676,0.1622,0.11151842,0.45446823941730896,-18.0,1,Neutral,1.6018518518518514,2.6000000000000005,2.3502304147465427,58.42,61.23,57.6,64.44,55.16,69.7,-0.018151260504201683,0.029075630252100693,-0.031932773109243695,0.08302521008403363,-0.07294117647058829,0.17142857142857149
2026-09-11,ODFL,"OLD DOMINION FREIGHT LINE, INC.",Industrials,179.79,205.31,0.1419,0.3118,0.27983582,0.11422476221950428,24.0,1,Neutral,-1.0476772616136902,1.298755186721991,4.308686288585793,171.22,187.97,162.92,201.7,165.86,239.81,-0.04766672228711266,0.04549752489014969,-0.0938316925301741,0.12186439735246668,-0.07747928138383653,0.33383391734801715
2026-09-11,OEF,ISHARES:S&P 100,Sector & Style ETFs,380.35,393.2,0.0338,0.1361,0.09245313,0.4720972670151893,40.0,1,Buy,1.036262203626211,1.2264529058116163,1.1999495713565291,373.18,387.78,370.37,392.59,340.69,427.94,-0.01885105823583544,0.019534639148152788,-0.02623899040357569,0.03218088602602842,-0.10427238070198508,0.1251215985276719
2026-09-11,OKE,"ONEOK, INC.",Energy,96.62,101.77,0.0533,0.2374,0.22237011,0.06758952450938649,-13.0,1,Neutral,1.0867208672086703,1.4663608562691102,-1.02175125488009,92.93,100.63,90.08,106.21,78.3,114.55,-0.038190850755537076,0.04150279445249416,-0.0676878493065618,0.09925481266818448,-0.189608776650797,0.18557234527013033
2026-09-11,OMC,OMNICOM GROUP INC.,Communication Services,79.01,87.89,0.1124,0.3404,0.33257094,0.02354102255596957,4.0,1,Neutral,-1.4854111405835582,2.1490312965722778,2.0386869871043376,73.41,82.78,72.3,93.43,70.48,96.4,-0.07087710416402992,0.047715479053284326,-0.08492595873940012,0.18250854322237697,-0.10796101759270982,0.2200987216807999
2026-09-11,ON,ON SEMICONDUCTOR ,Information Technology,76.14,79.82,0.0483,0.5453,0.47050454,0.15896862546746093,20.0,2,Neutral,,-4.207446808510633,1.3487562189054725,67.21,75.3,60.32,79.9,56.04,103.25,-0.11728395061728403,-0.011032308904649346,-0.2077751510375624,0.04938271604938271,-0.26398739164696616,0.35605463619648026
2026-09-11,ORCL,ORACLE ,Information Technology,150.28,169.97,0.131,0.4362,0.48036261,-0.09193598560887173,-32.0,3,Sell,29.34065934065944,1.1903311762466697,1.4573453923246154,149.37,176.98,124.01,181.55,109.37,209.9,-0.006055363321799234,0.17766835240883672,-0.17480702688315142,0.20807825392600487,-0.272225179664626,0.39672611125898327
2026-09-11,ORLY,"O'REILLY AUTOMOTIVE, INC.",Consumer Discretionary,85.82,92.87,0.0821,0.2395,0.17569905,0.3631263231076092,-14.0,1,Neutral,-1.986013986013969,1.357298474945538,2.7907407407407465,82.98,87.25,81.23,92.05,80.42,100.89,-0.03309251922628742,0.016662782568166,-0.05348403635516186,0.07259380097879298,-0.06292239571195513,0.17560009321836412
2026-09-11,OTIS,OTIS WORLDWIDE ,Industrials,69.1,70.72,0.0234,0.2057,0.20100302,0.023367708604577153,-17.0,1,Neutral,-1.3351351351351284,1.6780303030303052,1.416047548291234,66.63,70.95,66.46,73.53,62.37,78.63,-0.03574529667149062,0.02677279305354574,-0.03820549927641104,0.06410998552822011,-0.0973950795947901,0.1379160636758321
2026-09-11,OXY,OCCIDENTAL PETROLEUM ,Energy,61.46,63.32,0.0303,0.3284,0.20276509,0.6196081879775261,10.0,1,Neutral,-1.0256410256410284,1.058823529411765,-1.1972522080471046,58.66,64.19,56.7,66.5,49.26,71.65,-0.04555808656036453,0.044419134396355364,-0.07744874715261951,0.08200455580865595,-0.19850309144158806,0.16579889358932642
2026-09-11,PAM,PAMPA ENERGIA SA,MR Discretion,86.53,87.59,0.0123,0.3349,0.23027561,0.454344209532221,-43.0,1,Sell,2.814606741573035,-1.1251738525730188,-1.0342679127725856,84.75,91.54,78.44,93.72,69.93,102.58,-0.02057090026580377,0.0578989945683579,-0.09349358603952396,0.08309256905119611,-0.19184098000693395,0.18548480295851144
2026-09-11,PANW,"PALO ALTO NETWORKS, INC.",Information Technology,330.65,421.39,0.2744,0.4728,0.67007885,-0.2944113965095302,63.0,4,Buy,1.1162023460410584,3.528780068728528,3.1621177919146346,303.37,361.1,307.37,412.8,281.92,484.74,-0.08250415847572956,0.09209133524875268,-0.07040677453500677,0.24845002268259497,-0.14737637985785568,0.46602147285649487
2026-09-11,PAYX,"PAYCHEX, INC.",Industrials,115.8,124.99,0.0794,0.3203,0.3071876,0.04268531672502385,39.0,2,Buy,-1.2540322580645138,5.663999999999999,1.9075686537173488,109.58,120.76,112.05,137.04,100.87,144.28,-0.05371329879101894,0.042832469775474946,-0.032383419689119175,0.18341968911917084,-0.12892918825561306,0.2459412780656305
2026-09-11,PBR,BRAZILIAN PETROLEUM  - PETROBRAS,MR Discretion,21.2,21.72,0.0245,0.286,0.37408278,-0.2354633378205755,-43.0,4,Sell,1.5454545454545479,-1.0656370656370648,-1.6452702702702702,20.1,22.9,18.44,23.79,16.33,24.16,-0.05188679245283012,0.08018867924528306,-0.13018867924528288,0.12216981132075477,-0.2297169811320755,0.13962264150943393
2026-09-11,PCAR,PACCAR INC,Industrials,122.73,134.94,0.0995,0.2329,0.17198442,0.3541924320819292,35.0,1,Buy,-1.5460122699386565,1.6288343558282168,2.437956204379559,117.69,125.99,116.21,133.35,111.77,149.45,-0.041065754094353535,0.026562372688014202,-0.05312474537602874,0.08653141041310186,-0.08930171922105445,0.217713680436731
2026-09-11,PCG,PG&E ,Utilities,13.8,17.14,0.242,0.4694,0.86914518,-0.45992912254314056,-0.0,4,Neutral,1.1201923076923068,1.0777385159010604,1.7083333333333321,11.72,16.13,10.97,16.85,10.68,19.13,-0.1507246376811594,0.16884057971014488,-0.20507246376811594,0.22101449275362328,-0.22608695652173916,0.3862318840579708
2026-09-11,PEG,PUBLIC SERVICE ENTERPRISE GROUP INC.,Utilities,72.39,76.78,0.0606,0.1766,0.14791866,0.19389940390211757,-36.0,1,Sell,1.2471910112359537,1.4271099744245532,2.0410677618069792,70.61,74.61,68.48,77.97,67.52,82.33,-0.024589031634203673,0.030667219229175258,-0.054012985218952814,0.07708246995441348,-0.06727448542616388,0.13731178339549666
2026-09-11,PEP,"PEPSICO, INC.",Consumer Staples,136.32,142.3,0.0439,0.207,0.1748577,0.18381975743704726,45.0,1,Buy,1.1649831649831681,2.750000000000009,1.6931818181818192,133.35,139.78,132.4,147.1,123.12,158.67,-0.02178697183098588,0.025381455399061004,-0.028755868544600882,0.07907863849765251,-0.09683098591549288,0.16395246478873227
2026-09-11,PFE,PFIZER INC.,Health Care,27.72,28.29,0.0206,0.1975,0.22814843,-0.13433548501736348,-27.0,4,Sell,1.0898876404494402,1.6565656565656568,-1.1317829457364335,26.83,28.69,25.74,31.0,23.34,31.59,-0.032106782106782084,0.03499278499278513,-0.0714285714285714,0.11832611832611839,-0.15800865800865793,0.13961038961038974
2026-09-11,PFF,ISHARES:PREF AND INC SEC,Bonds,30.15,30.47,0.0106,0.0003,0.07749935,-0.9961289997916112,18.0,3,Neutral,-1.0476190476190437,-1.0396039603960352,1.0253164556962042,29.49,30.78,29.1,31.16,28.57,31.77,-0.02189054726368156,0.020895522388059806,-0.03482587064676612,0.033499170812603785,-0.05240464344941953,0.0537313432835822
2026-09-11,PFG,"PRINCIPAL FINANCIAL GROUP, INC.",Financials,116.17,121.95,0.0498,0.2578,0.27647043,-0.06753138120413105,17.0,4,Neutral,-1.0096930533117936,-1.030592734225622,1.0323488045007028,109.92,122.36,105.39,126.63,101.95,130.85,-0.05380046483601619,0.0532839803735905,-0.09279504174916076,0.09004045794955662,-0.12240681759490402,0.12636653180683477
2026-09-11,PG,THE PROCTER & GAMBLE COMPANY,Consumer Staples,145.27,150.75,0.0377,0.183,0.15061733,0.21499962852880206,25.0,2,Neutral,-1.7041884816754007,-1.2048346055979664,1.1289473684210511,138.76,149.09,135.8,153.13,130.07,162.43,-0.044813106629035704,0.026295862876023923,-0.06518895849108552,0.05410614717422724,-0.10463275280512163,0.11812487092999246
2026-09-11,PGR,THE PROGRESSIVE ,Financials,217.62,222.09,0.0205,0.2611,0.2684538,-0.027393167837445498,-72.0,3,Sell,-1.519672131147544,1.5170178282009723,-1.0992634163451425,208.35,223.72,199.11,245.7,186.28,246.13,-0.042597187758478094,0.02803051190147965,-0.08505652054039148,0.12903225806451601,-0.1440124988512086,0.1310081793952762
2026-09-11,PH,PARKER-HANNIFIN ,Industrials,950.23,1056.82,0.1122,0.2475,0.22549738,0.09757372790761476,35.0,1,Buy,-2.206448508180947,1.5065223424923655,2.6339206066012473,904.38,971.01,878.17,1058.79,860.55,1186.44,-0.04825147595845214,0.02186838975826899,-0.07583427170264045,0.11424602464666433,-0.0943771507950707,0.24858192227145004
2026-09-11,PHM,"PULTEGROUP, INC.",Consumer Discretionary,118.26,127.46,0.0778,0.3209,0.28193126,0.1382207138009457,-16.0,1,Neutral,-1.6036269430051846,2.3352033660589018,2.3898305084745752,112.07,122.12,111.13,134.91,107.05,145.05,-0.05234229663453416,0.03263994588195507,-0.06029088449179776,0.14079147640791478,-0.09479113817013363,0.22653475393201417
2026-09-11,PKG,PACKAGING  OF AMERICA,Materials,234.4,257.28,0.0976,0.287,0.22881516,0.25428752185825454,9.0,1,Neutral,-3.7487804878048845,-1.040145985401461,1.8993426458504512,219.03,238.5,211.6,256.32,210.06,280.63,-0.06557167235494887,0.017491467576791875,-0.09726962457337884,0.09351535836177471,-0.10383959044368607,0.19722696245733773
2026-09-11,PLD,"PROLOGIS, INC.",Real Estate,135.75,140.95,0.0383,0.2475,0.15052208,0.6442770389566765,-12.0,1,Neutral,-1.0814663951120176,1.5637149028077735,1.4309507286606529,130.44,140.66,126.49,150.23,121.34,156.37,-0.039116022099447534,0.03616942909760579,-0.06821362799263353,0.10666666666666669,-0.10615101289134432,0.15189686924493562
2026-09-11,PLTR,PALANTIR TECHNOLOGIES INC.,Information Technology,167.23,224.5,0.3425,0.4568,0.52909735,-0.1366428125183391,-36.0,3,Sell,1.2298980747451906,1.8672719412019025,2.1982300884955763,158.4,178.09,144.1,210.42,127.68,254.17,-0.05280153082580863,0.06494050110626093,-0.1383125037373677,0.25826705734616984,-0.23650062787777304,0.5198827961490164
2026-09-11,PM,PHILIP MORRIS INTERNATIONAL INC.,Consumer Staples,191.06,203.42,0.0647,0.2814,0.24097503,0.16775584590652382,2.0,1,Neutral,-2.507430997876854,-1.218870843000772,1.3436412833397753,179.25,195.77,175.3,203.99,165.19,225.82,-0.06181304302313406,0.024651941798387922,-0.08248717680309847,0.06767507589238986,-0.13540249136396942,0.18193237726368672
2026-09-11,PNC,"THE PNC FINANCIAL SERVICES GROUP, INC.",Financials,244.24,259.61,0.0629,0.2538,0.17976293,0.41185949739470784,20.0,2,Neutral,-1.8716814159292128,1.0799721835883156,1.4724954462659376,235.78,248.76,229.86,259.77,216.79,284.66,-0.0346380609236816,0.01850638716017028,-0.058876514903373756,0.0635849983622665,-0.11238945299705216,0.16549295774647899
2026-09-11,PNR,PENTAIR PUBLIC LIMITED COMPANY,Industrials,56.58,59.18,0.046,0.3159,0.24432455,0.2929523455583978,-41.0,1,Sell,1.0733944954128458,1.3477611940298517,2.2732316227461857,54.4,58.92,49.88,65.61,49.37,72.97,-0.0385295157299399,0.04135737009544016,-0.11841640155531985,0.1595970307529162,-0.12743018734535172,0.2896783315659244
2026-09-11,PNW,PINNACLE WEST CAPITAL ,Utilities,96.1,103.0,0.0718,0.2138,0.11204228,0.9082082228244552,12.0,1,Neutral,2.512195121951243,1.3850931677018663,2.4045676998368712,94.87,99.19,91.27,102.79,89.97,110.84,-0.012799167533818823,0.0321540062434964,-0.05026014568158166,0.06961498439125924,-0.06378772112382936,0.153381893860562
2026-09-11,PODD,INSULET ,Health Care,131.96,143.48,0.0873,0.4018,0.37435264,0.0733195310175987,-47.0,1,Sell,3.0542299349240656,2.5338474721508133,1.9908558888076069,127.35,146.04,120.29,161.53,104.62,186.39,-0.03493482873598075,0.10669899969687768,-0.08843588966353444,0.22408305547135488,-0.20718399515004549,0.41247347681115465
2026-09-11,POWA,INVESCO BLOOMBERG PRICING POWER,Sector & Style ETFs,88.19,90.66,0.028,0.1174,0.10883563,0.07869086621724897,18.0,2,Neutral,-2.170940170940161,1.7514124293785358,1.8291366906474815,85.65,89.36,84.65,94.39,82.63,98.36,-0.028801451411724632,0.013266810295951892,-0.040140605510828764,0.0703027554144462,-0.06304569679101946,0.11531919718788974
2026-09-11,PPG,"PPG INDUSTRIES, INC.",Materials,105.5,113.62,0.077,0.231,0.20160625,0.14579781132777403,4.0,1,Neutral,1.9818840579710104,2.4166666666666634,2.492227979274611,102.74,110.97,100.82,116.81,95.85,129.55,-0.02616113744075832,0.05184834123222748,-0.044360189573459774,0.10720379146919434,-0.09146919431279621,0.22796208530805706
2026-09-11,PPL,PPL ,Utilities,34.08,36.17,0.0613,0.1599,0.16587273,-0.03600790799066256,-5.0,3,Neutral,2.316666666666662,2.509615384615386,2.0567685589519664,33.48,35.47,33.04,36.69,31.79,38.79,-0.01760563380281699,0.04078638497652576,-0.030516431924882625,0.0765845070422535,-0.06719483568075113,0.13820422535211274
2026-09-11,PPLT,ABRDN:PHYSICAL PLATINUM,Commodities,16.26,19.38,0.1919,0.4616,0.42410335,0.08841394438407524,12.0,2,Neutral,3.121951219512175,1.6371681415929173,2.080536912751676,15.85,17.54,15.13,18.11,13.28,22.46,-0.025215252152521628,0.0787207872078719,-0.06949569495694963,0.11377613776137752,-0.18327183271832725,0.3813038130381303
2026-09-11,PRU,"PRUDENTIAL FINANCIAL, INC.",Financials,119.24,124.51,0.0442,0.2111,0.2234972,-0.05546915129138086,16.0,4,Neutral,-1.580952380952375,1.7284671532846756,1.4291925465838518,114.26,122.39,112.39,131.08,103.14,142.25,-0.04176450855417635,0.026417309627641883,-0.05744716538074468,0.09929553840992966,-0.13502180476350212,0.19297215699429726
2026-09-11,PSA,PUBLIC STORAGE.,Real Estate,296.5,315.72,0.0648,0.239,0.177477,0.3466533691689626,12.0,1,Neutral,-1.761904761904768,1.2533783783783785,2.10554414784394,281.7,304.9,278.74,318.76,272.15,347.77,-0.04991568296795956,0.028330522765598554,-0.05989881956155141,0.07507588532883647,-0.08212478920741995,0.17291736930860035
2026-09-11,PSKY,PARAMOUNT SKYDANCE ,Communication Services,10.6,10.92,0.0302,0.4895,0.3780514,0.2947974799193973,-12.0,2,Neutral,-1.0740740740740724,1.3309859154929582,-1.2031249999999998,10.02,11.14,9.18,12.49,7.52,13.16,-0.05471698113207546,0.050943396226415194,-0.13396226415094337,0.17830188679245285,-0.2905660377358491,0.2415094339622641
2026-09-11,PSX,PHILLIPS 66,Energy,259.47,271.68,0.0471,0.3701,0.22311621,0.658776832037439,10.0,1,Neutral,2.5169491525423524,1.823735603405103,-1.4244878513577917,253.57,274.32,239.5,295.89,199.67,301.45,-0.0227386595752882,0.05723204994797082,-0.07696458164720399,0.14036304775118502,-0.2304698038308861,0.16179134389332073
2026-09-11,PTC,PTC INC.,Information Technology,130.78,146.47,0.12,0.4505,0.44983593,0.0014762493516247144,67.0,2,Buy,-1.5528169014084494,4.510429447852757,2.4254317111459964,117.55,139.3,122.63,167.54,111.67,177.13,-0.10116225722587557,0.06514757608196975,-0.06231839730845701,0.2810827343630524,-0.14612326043737578,0.3544119896008564
2026-09-11,PWR,"QUANTA SERVICES, INC.",Industrials,650.58,726.7,0.117,0.4009,0.42350012,-0.05336508523303374,27.0,3,Buy,-3.804648241206043,-2.4399527186761265,1.63544044713847,590.01,666.5,547.37,692.88,523.55,858.33,-0.09310154016416128,0.024470472501460172,-0.15864305696455472,0.0650189062067692,-0.19525654031787032,0.3193304436041686
2026-09-11,PYPL,"PAYPAL HOLDINGS, INC.",Financials,53.72,58.77,0.094,0.3141,0.55736985,-0.43646036828149204,39.0,4,Buy,-2.184750733137826,1.5748930099857361,1.347405452946351,46.27,57.13,46.71,64.76,42.35,69.04,-0.13868205510052112,0.0634772896500373,-0.1304914370811615,0.2055100521221147,-0.2116530156366344,0.28518242740134037
2026-09-11,Q,"QNITY ELECTRONICS, INC.",Information Technology,126.4,171.1,0.3536,0.5014,0.45543963,0.10091429680811914,-20.0,1,Neutral,-2.7741935483870996,-2.6215235792019413,3.3421178725443212,116.08,130.12,104.72,134.67,105.53,196.15,-0.08164556962025327,0.029430379746835378,-0.17151898734177218,0.06542721518987338,-0.16511075949367093,0.5518196202531644
2026-09-11,QAT,ISHARES:MSCI QATAR,Foreign,17.32,17.5,0.0104,0.0,0.08656369,,4.0,,Neutral,1.2399999999999949,-1.6730769230769265,1.0170940170940168,17.07,17.63,16.45,17.84,16.15,18.51,-0.01443418013856812,0.017898383371824478,-0.05023094688221719,0.03002309468822162,-0.06755196304849898,0.06870669745958446
2026-09-11,QCOM,QUALCOMM INC.,Information Technology,181.97,184.58,0.0143,0.4487,0.26572339,0.6885980567988388,-23.0,1,Neutral,1.1020776874435407,-4.480263157894742,-1.4640066964285712,170.9,194.17,147.92,189.57,129.5,217.81,-0.060834203440127466,0.06704401824476558,-0.1871187558388746,0.04176512611969008,-0.28834423256580755,0.1969555421223279
2026-09-11,QQQ,INVESCO QQQ TRUST 1,Sector & Style ETFs,714.88,755.12,0.0563,0.1832,0.13118693,0.396480579277219,28.0,1,Buy,1.1291061879297124,-1.1286279683377298,1.3476231421201337,701.79,729.66,680.66,745.2,633.47,824.59,-0.018310765443151356,0.02067479856759169,-0.04786817367949869,0.04241271262309776,-0.11387925246195163,0.1534663160250671
2026-09-11,QUAL,ISHARES:MSCI USA QF,Sector & Style ETFs,220.2,225.67,0.0248,0.1225,0.08788128,0.3939259874230323,-12.0,1,Neutral,-1.1781970649895104,1.8932146829810954,1.2664987405541572,214.58,224.97,211.21,237.22,200.35,245.34,-0.025522252497729214,0.021662125340599525,-0.04082652134423248,0.07729336966394196,-0.09014532243415074,0.11416893732970035
2026-09-11,RCL,ROYAL CARIBBEAN CRUISES LTD.,Consumer Discretionary,260.14,303.3,0.1659,0.3771,0.221878,0.6995826535303185,-14.0,1,Neutral,-1.6722288438617396,1.6246707638279207,3.3004399748585813,246.11,268.53,237.36,297.15,228.32,365.16,-0.053932497885753716,0.03225186438071792,-0.08756823249019752,0.1422695471669102,-0.12231875144153148,0.4037056969324211
2026-09-11,RDDT,"REDDIT, INC.",Communication Services,157.77,187.92,0.1911,0.5664,0.77991457,-0.27376661266887214,-48.0,3,Sell,-2.930107526881733,-1.8533855623950783,1.9873028875691168,141.42,163.35,124.65,175.64,108.94,254.81,-0.10363186917664968,0.03536794067313176,-0.2099258414147176,0.1132661469227354,-0.30950117259301524,0.6150725740001266
2026-09-11,REG,REGENCY CENTERS ,Real Estate,74.62,77.41,0.0374,0.1186,0.1242339,-0.04534913578338917,-44.0,3,Sell,2.1717171717171433,1.1316348195329065,1.8770949720670371,73.63,76.77,69.91,79.95,69.25,84.7,-0.01326722058429386,0.028812650763870185,-0.06311980702224618,0.0714285714285714,-0.07196462074510857,0.13508442776735463
2026-09-11,REGN,"REGENERON PHARMACEUTICALS, INC.",Health Care,781.49,834.62,0.068,0.2855,0.28569352,-0.000677369231195768,23.0,3,Neutral,2.1492187499999975,4.232484987131824,1.5033197962998779,755.89,836.51,746.52,929.5,626.36,1014.7,-0.03275793676182681,0.07040397189983238,-0.04474785345941734,0.18939461797335855,-0.19850541913524167,0.29841712625881334
2026-09-11,RF,REGIONS FINANCIAL ,Financials,30.13,31.82,0.0561,0.2745,0.19943144,0.37641286649687755,47.0,2,Buy,-2.1296296296296164,1.1860465116279093,1.5013774104683197,28.98,30.67,28.41,32.17,26.5,35.58,-0.03816793893129766,0.017922336541652983,-0.05708596083637563,0.0677066047129109,-0.12047792897444409,0.18088284102223695
2026-09-11,RIG,TRANSOCEAN LTD,MR Discretion,5.67,6.29,0.1093,0.5074,0.33925411,0.4956340543670936,44.0,1,Buy,2.0869565217391366,2.0444444444444434,1.519685039370079,5.44,6.15,5.22,6.59,4.4,7.6,-0.04056437389770717,0.08465608465608465,-0.07936507936507942,0.16225749559082892,-0.22398589065255725,0.34038800705467365
2026-09-11,RJF,"RAYMOND JAMES FINANCIAL, INC.",Financials,173.46,193.62,0.1162,0.2431,0.23138683,0.0506215932860139,71.0,2,Buy,1.7694063926940657,2.1982434127979906,2.044600938967134,169.08,181.21,165.49,190.98,156.42,208.3,-0.025250778277412622,0.04467888850455437,-0.045947192436296524,0.10100311310965049,-0.09823590453130415,0.20085322264499017
2026-09-11,RL,RALPH LAUREN ,Consumer Discretionary,339.09,388.26,0.145,0.31,0.2442928,0.26896904043017233,19.0,1,Neutral,-1.4484848484848396,1.2018012008005363,3.383713561470216,319.97,352.29,309.11,375.12,307.53,445.88,-0.056386210150697336,0.03892771830487485,-0.08841310566516258,0.10625497655489702,-0.09307263558347345,0.3149311392255745
2026-09-11,RMD,RESMED INC.,Health Care,218.27,237.9,0.0899,0.2811,0.28020094,0.00320862592395299,5.0,1,Neutral,1.2050290135396495,4.635428571428569,1.6259034403006642,207.93,230.73,209.52,258.83,183.68,274.51,-0.04737252027305627,0.05708526137352821,-0.04008796444770235,0.18582489577129224,-0.15847345031383153,0.25766252806157497
2026-09-11,ROK,"ROCKWELL AUTOMATION, INC.",Industrials,428.39,454.26,0.0604,0.2477,0.19430398,0.2748066200187975,39.0,1,Buy,-1.6606463878326907,-1.0916976456009906,1.855080409356726,410.92,438.91,393.15,460.67,373.67,529.9,-0.04078059711944715,0.024557062489787507,-0.0822614906977287,0.07535189897056438,-0.12773407409136528,0.23695697845421226
2026-09-11,ROKU,"ROKU, INC.",MR Discretion,154.93,172.2,0.1115,0.1637,0.16834916,-0.027616175809846544,19.0,4,Neutral,-3.048192771084345,1.9018126888217515,1.6859395532194463,149.87,156.59,148.31,167.52,132.1,193.42,-0.032659910927515634,0.010714516233137461,-0.042728974375524476,0.08126250564771187,-0.1473568708448978,0.24843477699606265
2026-09-11,ROL,"ROLLINS, INC.",Industrials,34.73,35.94,0.0348,0.2539,0.18435066,0.3772665636239112,-21.0,1,Neutral,-1.0952380952380871,-1.252873563218386,1.6491228070175463,33.35,35.99,31.46,37.34,30.17,42.25,-0.039735099337748214,0.03627987330837912,-0.09415490930031667,0.07515116613878514,-0.13129858911603787,0.21652749784048386
2026-09-11,ROP,"ROPER TECHNOLOGIES, INC.",Information Technology,388.52,400.32,0.0304,0.2905,0.26191351,0.10914477072984874,5.0,1,Neutral,1.266323024054985,4.3026634382566655,1.428199233716475,371.06,410.63,372.0,459.6,323.27,481.71,-0.04493977144033767,0.05690826727066822,-0.04252033357356111,0.1829506846494391,-0.16794502213528262,0.2398589519201071
2026-09-11,ROST,"ROSS STORES, INC.",Consumer Discretionary,230.74,252.89,0.096,0.2433,0.28609038,-0.14956944724950205,0.0,4,Neutral,-3.429799426934116,1.105300353356889,2.0953206239168107,218.77,234.23,202.44,262.02,207.66,279.1,-0.05187657103233079,0.01512524919823166,-0.12264886885672188,0.13556383808615746,-0.10002600329375055,0.20958654762936635
2026-09-11,RSG,"REPUBLIC SERVICES, INC.",Industrials,222.74,225.7,0.0133,0.1984,0.14060052,0.4110900870067904,-61.0,1,Sell,-1.1661971830986013,1.1901234567901213,-1.2475884244373,218.6,226.29,210.59,237.2,195.58,244.51,-0.018586693005297694,0.015937864775074084,-0.05454790338511273,0.06491873933734382,-0.1219358893777498,0.09773727215587669
2026-09-11,RSP,INVESCO S&P500 EWGHT,Sector & Style ETFs,214.87,221.35,0.0302,0.1189,0.1038669,0.14473427049425758,11.0,2,Neutral,-1.2004662004662041,2.154205607476628,1.4329183955739964,209.72,219.16,208.45,228.7,200.41,235.59,-0.023967980639456488,0.019965560571508334,-0.029878531204914682,0.0643644994647925,-0.06729650486340577,0.09643039977660917
2026-09-11,RTX,RTX ,Industrials,197.68,232.72,0.1773,0.2381,0.20090777,0.1851209139397645,33.0,1,Buy,-1.871459694989106,2.321056845476378,5.445883441258093,189.09,202.27,185.19,226.67,186.87,256.55,-0.04345406717927969,0.023219344394981745,-0.06318292189397012,0.14665115337919854,-0.054684338324564985,0.29780453257790374
2026-09-11,RUT,RUSSELL 2000 INDEX,Indices,2903.94,3070.68,0.0574,0.0,0.12978998,,18.0,,,1.4157133606734351,2.441648656992893,2.2168258356370965,2857.61,2969.53,2839.16,3062.11,2744.78,3256.77,-0.015954186381261337,0.022586554818625704,-0.022307623435745993,0.05446737880259245,-0.05480829493722317,0.12150044422405415
2026-09-11,RVTY,"REVVITY, INC.",Health Care,124.31,131.76,0.0599,0.4178,0.35063613,0.19154862905884795,13.0,2,Neutral,1.2204861111111103,3.0399305555555514,1.0436109899694723,118.55,131.34,118.55,141.82,101.38,148.24,-0.04633577346955198,0.05655216796717877,-0.04633577346955198,0.14085753358539121,-0.18445820931542123,0.19250261443166283
2026-09-11,SBAC,SBA COMMUNICATIONS ,Real Estate,185.47,185.97,0.0027,0.2638,0.23348226,0.12985029355121025,-52.0,1,Sell,1.2485029940119752,1.050387596899225,-1.2857771906649045,178.79,193.81,169.99,201.73,156.27,208.18,-0.03601660645926563,0.0449668409985442,-0.08346363293254966,0.08766916482449982,-0.15743786057044262,0.12244567854639565
2026-09-11,SBLK,STAR BULK CARRIERS CORP.,MR Discretion,31.17,33.18,0.0645,0.2684,0.33192008,-0.19137160969592437,18.0,3,Neutral,-1.1583333333333379,1.5674418604651135,1.1215970961887474,29.78,32.37,29.02,34.54,25.66,37.35,-0.04459416105229386,0.038498556304138454,-0.06897658004491503,0.10811677895412242,-0.17677253769650314,0.1982675649663137
2026-09-11,SBUX,STARBUCKS ,Consumer Discretionary,98.74,107.78,0.0916,0.2513,0.21425823,0.17288376740534095,36.0,2,Buy,1.9887640449438198,7.691358024691409,2.4911699779249488,96.07,104.05,97.12,111.2,89.68,121.31,-0.02704071298359334,0.05377759773141588,-0.016406724731618305,0.12618999392343544,-0.09175612720275461,0.22858010937816498
2026-09-11,SCHP,SCHWAB STR:US TIPS,Bonds,25.59,29.0,0.1333,0.2078,0.04205157,3.9415515282782545,-54.0,2,Sell,1.500000000000003,1.343749999999998,4.569767441860468,25.03,26.43,24.95,26.45,24.73,29.52,-0.021883548261039443,0.03282532239155911,-0.025009769441187935,0.033606877686596315,-0.033606877686596315,0.15357561547479492
2026-09-11,SCHW,THE CHARLES SCHWAB ,Financials,107.25,118.51,0.105,0.2627,0.21411536,0.22690870939852226,62.0,2,Buy,-1.4971098265896001,2.546874999999997,1.9303135888501732,102.07,110.71,102.77,118.66,95.77,129.41,-0.04829836829836831,0.03226107226107211,-0.04177156177156183,0.10638694638694646,-0.1070396270396271,0.20662004662004652
2026-09-11,SD,"SANDRIDGE ENERGY, INC.",MR Discretion,14.63,15.08,0.0308,0.5259,0.20738457,1.5358685074786425,-5.0,1,Neutral,1.327586206896551,-1.2549019607843153,-1.1397379912663756,14.05,15.4,13.35,15.65,12.02,16.92,-0.03964456596035548,0.05263157894736836,-0.08749145591250862,0.06971975393028029,-0.17840054682159956,0.1565276828434723
2026-09-11,SDY,SPDR S&P DIVIDEND,Sector & Style ETFs,153.0,160.4,0.0484,0.1494,0.08951635,0.6689688531759843,-18.0,1,Neutral,-1.1720430107526951,1.8745583038869293,1.8992878942014204,149.73,155.79,147.34,163.61,143.17,171.67,-0.021372549019607945,0.018235294117646905,-0.03699346405228754,0.06934640522875823,-0.06424836601307193,0.12202614379084964
2026-09-11,SHW,THE SHERWIN-WILLIAMS COMPANY,Materials,323.31,338.88,0.0482,0.2511,0.21908408,0.14613531024253335,-20.0,1,Neutral,-3.1492537313432813,1.5722588144130174,2.2336303758233234,308.54,328.0,297.5,363.89,297.5,380.96,-0.04568370913364872,0.014506201478457159,-0.07983050323219198,0.12551421236584082,-0.07983050323219198,0.17831183693668606
2026-09-11,SHY,ISHARES:1-3 TRS BD ETF,Bonds,81.37,83.47,0.0258,0.0291,0.01833506,0.5871232491194467,0.0,2,Neutral,1.111111111111101,-1.0082987551867262,1.3478260869565233,79.66,83.27,78.94,83.78,79.76,83.54,-0.021015116136168244,0.02335012904018674,-0.029863586088239025,0.029617795256236867,-0.019786161976158234,0.02666830527221342
2026-09-11,SILJ,ETFMG PRIME JR SILVR MNR,Commodities,30.49,37.86,0.2417,0.5068,0.53393907,-0.05082802799952424,6.0,3,Neutral,4.517241379310359,2.011070110701109,1.8218125960061453,29.91,33.11,27.78,35.94,23.98,42.35,-0.019022630370613247,0.08592981305346026,-0.08888160052476213,0.17874713020662503,-0.2135126270908494,0.3889799934404723
2026-09-11,SJM,THE J. M. SMUCKER COMPANY,Consumer Staples,121.14,135.54,0.1189,0.2532,0.28018506,-0.096311559224464,-6.0,3,Neutral,2.1473214285714244,7.651162790697677,2.118369987063389,116.66,130.76,118.56,140.88,105.68,153.89,-0.03698200429255405,0.07941225028892185,-0.021297672114908406,0.16295195641406623,-0.1276209344560013,0.2703483572725771
2026-09-11,SLB,SCHLUMBERGER N.V.,Energy,56.06,61.76,0.1017,0.357,0.34512768,0.03439979082523892,26.0,1,Buy,2.7246376811594204,1.7449999999999999,1.2671984047856424,53.99,61.7,50.06,66.53,46.03,68.77,-0.03692472351052445,0.10060649304316804,-0.10702818408847659,0.18676418123439165,-0.17891544773457013,0.2267213699607562
2026-09-11,SLV,ISHARES:SILVER TRUST,Commodities,58.12,73.58,0.266,0.4197,0.41178473,0.019221863812191486,4.0,2,Neutral,2.4491017964071955,1.3979591836734702,2.545174537987681,56.45,62.21,53.22,64.97,48.38,82.91,-0.02873365450791454,0.07037164487267722,-0.08430832759807294,0.11785960082587743,-0.16758430832759796,0.42653131452167936
2026-09-11,SM,SM ENERGY COMPANY,MR Discretion,38.1,37.69,-0.0108,0.504,0.37694019,0.3370821508844679,-23.0,1,Neutral,1.2666666666666655,1.3280182232346236,-1.4232987312572085,36.45,40.19,33.71,43.93,25.76,46.77,-0.04330708661417315,0.05485564304461943,-0.11522309711286094,0.153018372703412,-0.32388451443569555,0.22755905511811036
2026-09-11,SMCI,"SUPER MICRO COMPUTER, INC.",Information Technology,40.1,39.02,-0.0269,0.6849,0.62072501,0.10338715045491709,6.0,1,Neutral,-1.308641975308642,1.0912596401028278,-1.2170429715950477,36.92,42.53,32.32,48.59,23.39,53.83,-0.07930174563591019,0.06059850374064846,-0.19401496259351625,0.21172069825436424,-0.41670822942643393,0.3423940149625935
2026-09-11,SMH,VANECK:SEMICONDUCTOR,Sector & Style ETFs,568.53,644.96,0.1344,0.3169,0.30355234,0.04397152728257692,48.0,1,Buy,1.173333333333333,-1.4797403178867217,1.7533356537881426,548.28,592.29,502.43,613.2,482.34,719.65,-0.035618173183473156,0.04179198986860855,-0.11626475295938643,0.07857105165954326,-0.15160149860165695,0.26580831266599825
2026-09-11,SNA,SNAP-ON INC.,Industrials,375.44,418.53,0.1148,0.2227,0.10615283,1.0979186329747401,30.0,1,Buy,1.2532663316582957,1.9678742310321278,3.783103939250119,365.49,387.91,360.81,404.23,354.37,455.15,-0.026502237374813498,0.033214361815469884,-0.038967611336032326,0.0766833581930535,-0.05612081823993176,0.21231088855742586
2026-09-11,SNDK,SANDISK CORPORATION,Information Technology,1633.35,3242.77,0.9853,0.6724,0.90227528,-0.2547728892672312,-15.0,3,Neutral,6.619746331758302,1.1113347990781701,4.336162836413025,1593.14,1899.53,1255.84,2052.89,1073.77,4059.78,-0.024618116141671864,0.16296568402363243,-0.23112621299782654,0.256858603483638,-0.3425965041173049,1.4855542290384793
2026-09-11,SNPS,"SYNOPSYS, INC.",Information Technology,397.38,424.27,0.0677,0.4487,0.60856513,-0.2626918995506693,58.0,4,Buy,1.0678233438485816,1.15990990990991,1.4245714285714284,365.68,431.23,348.54,454.03,309.88,522.03,-0.07977250994010765,0.08518294831143991,-0.12290502793296088,0.14255875987719557,-0.22019225929840458,0.31367960138909856
2026-09-11,SO,THE SOUTHERN COMPANY,Utilities,87.17,91.65,0.0514,0.139,0.13047258,0.06535794724071531,-21.0,1,Neutral,1.66451612903226,1.4723618090452246,1.9768451519536907,85.62,89.75,83.19,93.03,80.26,100.83,-0.017781346793621644,0.02959733853389923,-0.045657909831364085,0.06722496271653089,-0.07927039118962942,0.15670528851669152
2026-09-11,SOLV,SOLVENTUM ,Health Care,87.45,94.95,0.0858,0.3119,0.19633591,0.5886039390348918,5.0,1,Neutral,2.7169811320754618,5.1273584905660226,1.5270588235294116,85.33,93.21,85.33,98.32,74.7,106.92,-0.024242424242424288,0.06586620926243558,-0.024242424242424288,0.12429959977129768,-0.1457975986277873,0.22264150943396221
2026-09-11,SOYB,TEUCRIUM:SOYBEAN,Commodities,27.5,28.29,0.0287,0.1596,0.1756673,-0.0914643761246402,13.0,4,Neutral,7.235294117646989,2.039370078740158,-1.2314049586776852,27.33,28.73,26.23,30.09,24.52,29.92,-0.006181818181818288,0.04472727272727273,-0.04618181818181821,0.09418181818181814,-0.10836363636363633,0.08800000000000008
2026-09-11,SPG,"SIMON PROPERTY GROUP, INC.",Real Estate,204.83,225.0,0.0985,0.1932,0.17304801,0.11645317389087584,-10.0,2,Neutral,-1.0544464609800384,2.123991935483867,3.2418397626112707,199.02,210.34,194.91,225.9,191.35,248.53,-0.028364985597812864,0.026900356393106506,-0.048430405702289736,0.10286579114387528,-0.06581067226480508,0.21334765415222368
2026-09-11,SPGI,S&P GLOBAL INC.,Financials,410.71,426.81,0.0392,0.2679,0.31255319,-0.14286589108241055,-43.0,4,Sell,2.8604651162790695,3.318139963167592,1.3860009480170656,399.53,442.69,388.99,482.78,347.42,498.43,-0.027221153612037696,0.07786516033210789,-0.05288403009422704,0.17547661366901224,-0.15409899929390558,0.21358135910983433
2026-09-11,SPHB,INVESCO S&P500 HI BE,Sector & Style ETFs,148.16,158.47,0.0696,0.3145,0.24973776,0.2593209773323826,48.0,1,Buy,1.029268292682928,-1.407720144752714,1.2161152614727844,142.01,154.49,136.49,156.45,129.42,170.95,-0.04150917926565878,0.042724082073434255,-0.07876619870410362,0.05595302375809941,-0.1264848812095033,0.15382019438444927
2026-09-11,SPLV,INVESCO S&P500 LOWVL,Sector & Style ETFs,73.79,77.03,0.0439,0.1341,0.08391265,0.598090395190713,-33.0,1,Sell,-1.16513761467892,2.1326530612244774,2.261437908496726,72.52,74.88,71.83,77.97,70.73,80.71,-0.017211004201111435,0.014771649274969434,-0.026561864751321385,0.05664724217373607,-0.0414690337444098,0.09377964493833835
2026-09-11,SPX,S&P 500 INDEX,Indices,7656.98,7824.71,0.0219,0.0,0.09138954,,20.0,,,-1.063231197771574,1.6482664233576723,1.1752138986181544,7542.47,7764.68,7481.62,7946.02,7083.11,8331.4,-0.014954982251488058,0.014065597663831086,-0.0229019796316563,0.037748564055280376,-0.0749473029836829,0.0880791121303699
2026-09-11,SPY,SPDR S&P 500 ETF,Sector & Style ETFs,764.29,786.62,0.0292,0.1326,0.08943698,0.48260820076885413,28.0,1,Buy,-1.0213971050975477,1.4269847799259618,1.1785861926415897,748.06,780.18,739.98,798.98,691.72,849.82,-0.021235394941710672,0.020790537623153416,-0.03180729827683204,0.04538853053160463,-0.09495086943437692,0.11190778369467091
2026-09-11,SRE,SEMPRA,Utilities,83.34,86.99,0.0438,0.2331,0.29728191,-0.21589578054043046,-22.0,4,Neutral,1.8851063829787134,-1.025333333333333,1.2497998398718966,80.99,87.77,75.65,90.84,70.85,98.95,-0.02819774418046561,0.053155747540196696,-0.09227261819054478,0.08999280057595382,-0.14986801055915533,0.18730501559875212
2026-09-11,STE,STERIS PUBLIC LIMITED COMPANY,Health Care,210.76,233.4,0.1074,0.2178,0.17428622,0.2496685050602394,4.0,1,Neutral,1.4234449760765582,4.771505376344088,2.6576114812916476,202.4,222.66,203.32,246.26,191.25,262.61,-0.039665970772442494,0.056462326817232844,-0.03530081609413549,0.16843803378250133,-0.09256974758018599,0.246014423989372
2026-09-11,STIP,ISHARES:0-5 TIPS BD ETF,Bonds,100.3,104.14,0.0383,0.1209,0.01877954,5.437857370308325,7.0,1,Neutral,-1.1129032258064462,1.2328042328042315,1.3400503778337554,97.54,102.78,98.41,102.63,96.33,105.62,-0.027517447657028793,0.02472582253240274,-0.01884346959122629,0.023230309072781674,-0.03958125623130604,0.05304087736789631
2026-09-11,STLA,STELLANTIS NV,MR Discretion,5.4,4.85,-0.1019,0.4727,0.46909171,0.007692077952091703,23.0,2,Neutral,-1.1739130434782652,-1.7000000000000037,-1.692307692307694,5.13,5.63,4.72,5.8,4.08,6.18,-0.050000000000000044,0.042592592592592515,-0.125925925925926,0.07407407407407396,-0.24444444444444446,0.14444444444444438
2026-09-11,STLD,"STEEL DYNAMICS, INC.",Materials,239.79,279.15,0.1641,0.4072,0.45258222,-0.10027397894685297,28.0,4,Buy,1.3832271762208088,-1.0142000631113903,1.9228947368421059,230.37,252.82,207.65,271.48,201.79,312.86,-0.039284373827098706,0.05433921347846038,-0.1340339463697401,0.13215730430793626,-0.1584719963301222,0.3047249676800534
2026-09-11,STNG,SCORPIO TANKERS INC.,MR Discretion,84.52,85.12,0.0071,0.3717,0.26353271,0.4104510973229849,-2.0,1,Neutral,-1.5767790262172252,-1.6926829268292662,-1.3324324324324326,80.31,87.19,74.11,90.67,64.8,99.32,-0.04981069569332697,0.031590156176052986,-0.12316611452910553,0.07276384287742554,-0.23331755797444387,0.1751064836725036
2026-09-11,STT,STATE STREET ,Financials,193.4,214.56,0.1094,0.352,0.21624255,0.6278017439213512,42.0,1,Buy,-1.1903914590747318,1.4442508710801356,1.4926739926739923,186.71,199.02,181.92,209.98,171.56,226.0,-0.03459152016546019,0.029058945191313468,-0.0593588417786971,0.08572905894519134,-0.11292657704239917,0.16856256463288521
2026-09-11,STX,SEAGATE TECHNOLOGY HOLDINGS,Information Technology,830.17,1184.09,0.4263,0.6558,0.70089127,-0.06433418695598803,30.0,3,Buy,4.095028745350027,1.3670835014118607,3.5124863619832736,800.6,951.26,706.22,999.62,665.19,1409.66,-0.03561921052314576,0.14586169097895607,-0.14930676849320013,0.2041148198561742,-0.19873038052447078,0.69803775130395
2026-09-11,STZ,"CONSTELLATION BRANDS, INC.",Consumer Staples,122.45,123.82,0.0112,0.3109,0.34925505,-0.10981960031787663,-26.0,4,Sell,-1.1200000000000025,2.1253776435045313,1.4945848375451254,115.17,128.95,115.83,136.52,105.83,147.29,-0.059452837893017585,0.05308289097590846,-0.05406288280930993,0.1149040424663128,-0.13572886892609237,0.20285830951408723
2026-09-11,SW,SMURFIT WESTROCK PUBLIC LIMITED COMPANY,Materials,43.22,48.69,0.1266,0.3849,0.33768253,0.1398279916938554,4.0,1,Neutral,-1.8846153846153804,2.562500000000005,2.193197278911565,40.28,44.78,40.34,50.6,35.87,59.34,-0.0680240629338269,0.03609440074039805,-0.06663581675150387,0.17075428042572893,-0.17006015733456736,0.3729754743174458
2026-09-11,SWK,"STANLEY BLACK & DECKER, INC.",Industrials,89.24,95.12,0.0659,0.3097,0.24595962,0.25914977425969354,4.0,1,Neutral,1.7530864197530913,4.58629441624366,2.14748508098892,86.0,94.92,85.3,107.31,77.51,114.43,-0.03630658897355443,0.06364858807709561,-0.044150605109816166,0.20248767368892873,-0.13144329896907203,0.28227252353204846
2026-09-11,SWKS,"SKYWORKS SOLUTIONS, INC.",Information Technology,88.35,75.69,-0.1433,0.5619,0.47474303,0.1835876768954352,-2.0,2,Neutral,-3.264642082429501,-3.0263157894736805,-5.343930635838149,73.3,92.96,61.9,97.09,51.37,95.27,-0.17034521788341817,0.052178834182229794,-0.2993774759479343,0.09892473118279588,-0.4185625353706848,0.07832484436898701
2026-09-11,SYF,SYNCHRONY FINANCIAL,Financials,75.99,85.03,0.119,0.3196,0.27523222,0.1612012576143882,56.0,2,Buy,1.7290640394088685,1.9621848739495844,2.021526418786694,73.96,79.5,71.23,85.33,65.77,96.65,-0.026714041321226456,0.04619028819581539,-0.06263982102908261,0.12291090933017501,-0.13449138044479536,0.2718778786682461
2026-09-11,SYK,STRYKER ,Health Care,275.56,318.16,0.1546,0.304,0.38717925,-0.2148339561068936,-0.0,4,Neutral,-2.1179856115107945,3.6768018018018043,10.156626506024104,246.12,289.46,257.8,340.86,266.43,368.29,-0.10683698650021778,0.05044273479459993,-0.06445057337784876,0.2369719843228335,-0.033132530120481896,0.3365147336333285
2026-09-11,SYY,SYSCO ,Consumer Staples,83.21,87.22,0.0482,0.2025,0.15955468,0.2691573822842426,-34.0,2,Sell,-2.3144104803493373,-1.3070607553366156,1.2635201573254695,77.91,85.5,75.25,89.3,73.04,96.06,-0.06369426751592355,0.02752073068140848,-0.09566157913712292,0.07318831871169329,-0.12222088691263056,0.15442855426030544
2026-09-11,T,AT&T INC.,Communication Services,26.06,26.37,0.0119,0.2771,0.19147831,0.4471612998882224,-23.0,1,Neutral,-2.13698630136986,1.2773109243697496,-1.373015873015872,24.5,26.79,23.68,29.1,20.87,29.84,-0.059861857252494155,0.028012279355333902,-0.09132770529547196,0.11665387567152741,-0.1991557943207981,0.14504988488104376
2026-09-11,TAGS,TEUCRIUM:AGRICULTURAL,Commodities,28.0,28.68,0.0243,0.3257,0.17122244,0.90220394009103,12.0,2,Neutral,2.527272727272725,3.357142857142858,-1.2131147540983602,27.45,29.39,27.16,30.82,24.3,31.05,-0.019642857142857184,0.0496428571428571,-0.030000000000000027,0.10071428571428576,-0.13214285714285712,0.10892857142857149
2026-09-11,TAP,MOLSON COORS BEVERAGE COMPANY,Consumer Staples,38.93,41.41,0.0637,0.2839,0.32515754,-0.12688477099439255,-4.0,4,Neutral,-1.800000000000004,1.9135802469135799,1.8337349397590366,36.41,40.33,36.5,43.58,34.78,46.54,-0.06473156948368874,0.03596198304649367,-0.06241972771641402,0.11944515797585398,-0.10660159260210633,0.1954790649884408
2026-09-11,TDG,TRANSDIGM GROUP INC.,Industrials,1140.32,1213.49,0.0642,0.2806,0.19890758,0.4107054140420392,-14.0,1,Neutral,-2.121105527638183,1.2884962134872013,2.3320006527415167,1098.11,1160.22,1057.13,1247.51,1017.76,1426.13,-0.03701592535428655,0.017451241756699876,-0.07295320611758094,0.0939999298442542,-0.10747860249754448,0.2506401711800199
2026-09-11,TDW,TIDEWATER INC.,MR Discretion,92.97,99.95,0.0751,0.4674,0.41502313,0.12620229142409478,51.0,1,Buy,1.0154142581888244,1.9476987447698746,1.0526918671248573,87.78,98.24,83.41,111.59,66.78,120.54,-0.05582445950306547,0.05668495213509739,-0.10282886952780468,0.20027966010541043,-0.281703775411423,0.29654727331397224
2026-09-11,TDY,TELEDYNE TECHNOLOGIES INC.,Information Technology,603.79,685.02,0.1345,0.2524,0.17850884,0.41393557876461484,35.0,1,Buy,-2.9625962596259465,1.20843570843571,3.1330843326125413,576.86,612.88,554.95,662.81,552.92,763.17,-0.04460159989400281,0.015054903194819502,-0.0808890508289305,0.09774921744315068,-0.08425114692194302,0.26396594842577725
2026-09-11,TECH,BIO-TECHNE ,Health Care,72.12,69.65,-0.0342,0.0,0.02828837,,-47.0,,Sell,1.177777777777773,2.146435452793835,-1.1107174490699747,71.22,73.18,66.93,83.26,59.58,83.41,-0.012479201331114909,0.014697726012201873,-0.071963394342762,0.15446478092068783,-0.17387687188019973,0.15654464780920674
2026-09-11,TECK,TECK RESOURCES LIMITED,MR Discretion,66.44,73.94,0.1129,0.4893,0.41388017,0.18222624679022448,34.0,1,Buy,3.8370786516853896,1.692708333333334,1.479655712050078,64.66,73.27,60.68,76.19,53.66,85.35,-0.026791089704996995,0.10279951836243217,-0.08669476219145089,0.14674894641782066,-0.19235400361228183,0.28461770018061405
2026-09-11,TEL,TE CONNECTIVITY LTD,Information Technology,211.96,222.15,0.0481,0.2946,0.32336373,-0.08895162732072659,-31.0,3,Sell,-6.438502673796787,-2.0169651272384574,1.1543044384867434,199.92,213.83,190.56,222.57,178.39,250.71,-0.05680317040951133,0.008822419324400865,-0.1009624457444801,0.050056614455557646,-0.15837893942253267,0.18281751273825253
2026-09-11,TER,"TERADYNE, INC.",Information Technology,379.72,457.48,0.2048,0.6479,0.60975572,0.0625566579350827,49.0,1,Buy,-1.8487304159913585,-1.8700151438667372,2.07159542163046,345.5,398.23,305.63,419.34,294.1,557.09,-0.09011903507847896,0.04874644474876222,-0.19511745496681776,0.10434004002949537,-0.22548193405667338,0.46710734225218586
2026-09-11,TFC,TRUIST FINANCIAL ,Financials,50.4,52.85,0.0486,0.2356,0.19986005,0.1788248827116774,12.0,2,Neutral,-1.0053191489361692,1.3051470588235314,1.3322683706070297,48.51,52.28,47.68,53.95,44.14,58.74,-0.03749999999999998,0.03730158730158739,-0.053968253968254,0.07043650793650813,-0.12420634920634921,0.16547619047619055
2026-09-11,TGT,TARGET ,Consumer Staples,155.83,166.21,0.0666,0.2803,0.33704755,-0.16836659990556224,10.0,4,Neutral,2.312359550561787,6.041558441558403,1.382084819659134,151.38,166.12,151.98,179.09,130.6,190.7,-0.028556760572418738,0.06603349804273884,-0.024706410832317394,0.14926522492459715,-0.16190720657126367,0.2237694923955591
2026-09-11,THD,ISHARES:MSCI THAI,Foreign,74.11,75.72,0.0217,0.104,0.16750781,-0.37913342667425487,-17.0,4,Neutral,1.6625766871165653,-1.5830258302583085,-1.0,72.48,76.82,69.82,76.82,66.15,82.07,-0.02199433274861684,0.03656726487653472,-0.05788692484145197,0.03656726487653472,-0.10740790716502491,0.10740790716502491
2026-09-11,TIP,ISHARES:TIPS BD ETF,Bonds,105.84,109.11,0.0309,0.0003,0.0411626,-0.9927118306423792,-0.0,4,Neutral,2.115702479338831,2.1621621621621583,1.7440633245382555,104.63,108.4,104.36,109.04,102.05,112.45,-0.011432350718065032,0.024187452758881456,-0.013983371126228272,0.030234315948601598,-0.03580876795162513,0.062452758881330395
2026-09-11,TJX,"THE TJX COMPANIES, INC.",Consumer Discretionary,126.02,143.4,0.1379,0.1994,0.20373343,-0.021270097892132855,-4.0,3,Neutral,-2.267605633802806,1.3746747614917612,5.407843137254907,121.19,128.15,114.49,141.87,118.37,167.39,-0.038327249642913785,0.01690207903507379,-0.09149341374385023,0.12577368671639433,-0.060704650055546705,0.3282812252023488
2026-09-11,TKO,"TKO GROUP HOLDINGS, INC.",Communication Services,190.31,209.98,0.1034,0.351,0.38425834,-0.08655203163580005,-81.0,4,Sell,-1.259833134684149,-1.2383826191913108,1.7366920152091259,179.74,198.7,169.79,206.88,169.27,226.85,-0.05554095948715254,0.044085965004466265,-0.10782407650675219,0.08706846723766493,-0.11055646051179646,0.19200252220062008
2026-09-11,TLT,ISHARES:20+ TRS BD ETF,Bonds,80.87,82.36,0.0184,0.1095,0.10904199,0.004200308523349516,13.0,2,Neutral,1.9642857142856962,1.7443609022556323,1.234750462107205,79.75,83.07,78.21,85.51,75.46,87.55,-0.013849387906516686,0.02720415481637173,-0.032892296277977184,0.05737603561271176,-0.06689748979844212,0.08260170644243847
2026-09-11,TMO,THERMO FISHER SCIENTIFIC INC.,Health Care,609.82,635.01,0.0413,0.2806,0.24208624,0.15909107432128322,5.0,1,Neutral,-1.7666223404255395,1.8824238769972808,1.1299702712746187,583.25,624.86,576.65,672.26,502.18,731.45,-0.043570233839493655,0.024663015315994796,-0.05439309960316174,0.10239086943688291,-0.1765111016365486,0.19945229739923254
2026-09-11,TMUS,"T-MOBILE US, INC.",Communication Services,182.33,187.35,0.0275,0.3203,0.27466074,0.16616593984273087,-36.0,1,Sell,-2.07029876977153,-1.0979020979020992,-1.0182328190743353,170.55,188.02,165.06,198.06,153.29,210.85,-0.06460812811934402,0.03120715186749301,-0.09471836779465814,0.08627214391487947,-0.15927165030439328,0.1564196786047276
2026-09-11,TNX,10 Y TSY YLD NDX,Yields,4.97,4.97,0.0,0.0,0.14107675,,-15.0,,,-3.1666666666666323,-2.545454545454532,-2.4736842105263093,4.78,5.03,4.69,5.08,4.5,5.16,-0.03822937625754519,0.012072434607645954,-0.05633802816901401,0.02213279678068414,-0.09456740442655931,0.03822937625754541
2026-09-11,TPL,TEXAS PACIFIC LAND ,Energy,369.1,412.84,0.1185,0.4441,0.3377619,0.3148315425748138,-14.0,1,Neutral,2.577523413111337,1.2216352201257863,1.8525228126677387,359.49,393.87,329.35,417.66,294.58,507.15,-0.026036304524519105,0.06710918450284464,-0.10769439176374962,0.1315632619886209,-0.20189650501219192,0.374017881332972
2026-09-11,TPR,"TAPESTRY, INC.",Consumer Discretionary,118.49,156.37,0.3197,0.3541,0.64331443,-0.4495693186922606,-23.0,3,Neutral,-4.593749999999978,1.2133660331085236,5.871985157699442,108.2,120.73,102.18,138.28,107.71,181.79,-0.08684277154190223,0.01890454890708093,-0.13764874672968175,0.1670183137817538,-0.09097814161532625,0.5342222972402735
2026-09-11,TRGP,TARGA RESOURCES CORP.,Energy,290.25,331.38,0.1417,0.2913,0.34166703,-0.14741554079713215,-52.0,3,Sell,1.6187499999999986,1.76961226330027,1.7185318621931998,282.25,303.2,268.07,329.5,245.84,366.57,-0.027562446167097354,0.04461670973298881,-0.07641688199827734,0.13522825150732132,-0.153006029285099,0.26294573643410857
2026-09-11,TRMB,TRIMBLE INC.,Information Technology,57.66,61.38,0.0645,0.4049,0.30280624,0.3371587058443708,-5.0,1,Neutral,-1.0258064516129026,1.9346534653465377,1.2485493230174083,54.48,60.76,52.61,67.43,47.32,70.57,-0.055150884495317354,0.053763440860215006,-0.08758237946583414,0.16944155393687144,-0.17932708983697532,0.22389871661463756
2026-09-11,TROW,"T. ROWE PRICE GROUP, INC.",Financials,106.29,111.63,0.0502,0.3077,0.14121962,1.1788757114627555,3.0,1,Neutral,2.497005988023942,2.33734939759036,1.7930476960388022,104.62,110.46,101.31,117.93,93.92,128.47,-0.015711732053815042,0.03923228902060383,-0.046852949477843686,0.10951171323736952,-0.11637971587167184,0.20867438140935168
2026-09-11,TRV,"THE TRAVELERS COMPANIES, INC.",Financials,375.2,406.69,0.0839,0.2293,0.17515932,0.3090939151853296,29.0,1,Buy,-20.306666666666615,1.2345383925903803,1.6663217796171772,359.97,375.95,341.73,416.52,336.54,439.62,-0.04059168443496797,0.0019989339019190755,-0.0892057569296375,0.1101279317697228,-0.10303837953091677,0.17169509594882726
2026-09-11,TS,TENARIS SA,MR Discretion,57.39,61.83,0.0774,0.285,0.20284446,0.4050174207370514,26.0,1,Buy,2.194690265486718,-1.7857142857142867,1.3193181818181823,56.26,59.87,51.89,60.47,48.59,69.0,-0.019689841435790223,0.043213103328105795,-0.09583551141313817,0.05366788639135733,-0.15333681826102108,0.20230005227391534
2026-09-11,TSCO,TRACTOR SUPPLY COMPANY,Consumer Discretionary,33.01,34.15,0.0345,0.3161,0.23867323,0.3244049196468326,-17.0,1,Neutral,4.482142857142905,4.483606557377052,1.3333333333333344,32.45,35.52,31.79,38.48,26.41,41.81,-0.016964556195092295,0.07603756437443221,-0.03695849742502266,0.16570736140563458,-0.19993941229930323,0.2665858830657377
2026-09-11,TSLA,"TESLA, INC.",Consumer Discretionary,365.44,387.54,0.0605,0.3866,0.50858748,-0.2398554522026377,-48.0,4,Sell,2.010610079575597,-1.006915629322269,1.147819331927644,354.13,388.18,307.2,423.28,275.33,468.87,-0.030948992994746072,0.062226357267950894,-0.159369527145359,0.1582749562171628,-0.24657946584938706,0.28302867775831886
2026-09-11,TSN,"TYSON FOODS, INC.",Consumer Staples,52.98,55.83,0.0538,0.2184,0.32315736,-0.3241682627930863,6.0,4,Neutral,-7.118644067796562,-1.1431924882629088,2.021929824561407,48.78,53.57,48.11,57.24,48.42,62.2,-0.07927519818799544,0.011136277840694708,-0.09192147980369947,0.08040770101925254,-0.08607021517553781,0.1740279350698377
2026-09-11,TT,TRANE TECHNOLOGIES PLC,Industrials,442.52,473.66,0.0704,0.2494,0.17271465,0.4440002628613149,-21.0,1,Neutral,-1.3189017951425526,-1.1241731809981959,1.9367862969004912,430.03,451.99,405.13,475.78,393.48,537.5,-0.028224713007321767,0.021400162704510617,-0.08449335623248666,0.07516044472566219,-0.11081984995028471,0.21463436680827996
2026-09-11,TTD,"THE TRADE DESK, INC.",Communication Services,14.34,11.5,-0.198,0.566,0.49733246,0.13807170358435883,19.0,1,Neutral,-1.3939393939393936,-1.4246575342465742,1.0562390158172235,13.42,15.0,11.22,16.53,8.65,20.35,-0.06415620641562059,0.046025104602510414,-0.21757322175732208,0.15271966527196668,-0.3967921896792189,0.4191073919107393
2026-09-11,TTWO,"TAKE-TWO INTERACTIVE SOFTWARE, INC.",Communication Services,215.47,247.39,0.1481,0.3662,0.30558428,0.19836007271054656,19.0,1,Neutral,-2.3380952380952325,1.4428982725527826,2.7811016144349483,200.74,221.77,194.63,245.54,194.41,274.04,-0.06836218499094993,0.02923840905926589,-0.09671880076112682,0.1395553905416067,-0.09773982456954566,0.2718243839049521
2026-09-11,TUR,ISHARES:MSCI TURKEY,Foreign,40.44,42.13,0.0418,0.3518,0.19220854,0.8303036899401035,30.0,2,Buy,1.0642857142857167,-1.2687074829931941,1.0000000000000013,39.04,41.93,36.71,43.38,35.03,45.85,-0.034619188921859556,0.03684470820969343,-0.09223541048466855,0.07270029673590517,-0.1337784371909,0.1337784371909001
2026-09-11,TXN,TEXAS INSTRUMENTS INC.,Information Technology,268.7,278.56,0.0367,0.3739,0.30156803,0.23985291146412302,29.0,1,Buy,-5.569863013698574,-2.2743682310469278,1.2869080779944293,248.37,272.35,237.2,282.55,214.85,338.0,-0.0756605880163751,0.013583922590249431,-0.11723111276516562,0.05154447339039825,-0.20040937848902118,0.25790844808336444
2026-09-11,TXT,TEXTRON INC.,Industrials,81.0,82.7,0.021,0.2571,0.20422554,0.25890229008575516,-15.0,1,Neutral,-9.16949152542367,-1.6458333333333355,1.3109243697479,75.59,81.59,73.1,85.8,71.48,93.48,-0.06679012345679003,0.00728395061728393,-0.09753086419753099,0.05925925925925912,-0.11753086419753078,0.15407407407407403
2026-09-11,TYL,"TYLER TECHNOLOGIES, INC.",Information Technology,336.67,347.38,0.0318,0.395,0.40795898,-0.03176539955070978,-41.0,3,Sell,1.6550603528319379,7.134548611111087,1.2054829293057487,315.13,372.32,325.15,418.86,257.88,431.65,-0.06397956455876685,0.10589004069266639,-0.034217482995217985,0.2441262957792496,-0.23402738586746674,0.2821160186532805
2026-09-11,TYX,30 Y TSY YLD NDX,Yields,5.35,5.48,0.0243,0.0,0.12694844,,38.0,,,-1.299999999999992,-1.3749999999999973,1.0000000000000029,5.22,5.45,5.13,5.51,5.05,5.65,-0.024299065420560706,0.01869158878504673,-0.04112149532710274,0.029906542056074903,-0.05607476635514019,0.056074766355140415
2026-09-11,UAL,"UNITED AIRLINES HOLDINGS, INC.",Industrials,109.82,126.09,0.1482,0.4975,0.36482794,0.3636565225788353,19.0,1,Neutral,-4.005076142131946,-1.2810188989317985,2.3735603405107666,101.93,111.79,94.23,121.99,89.85,157.22,-0.07184483700600974,0.017938444727736425,-0.1419595702057912,0.11081770169368066,-0.18184301584410856,0.43161537060644695
2026-09-11,UBER,"UBER TECHNOLOGIES, INC.",Industrials,71.67,78.07,0.0893,0.3387,0.32701486,0.03573274927017067,-8.0,1,Neutral,-1.1195652173913078,1.9361702127659575,1.5940130963517292,67.55,75.35,66.03,82.59,60.98,88.71,-0.057485698339612146,0.05134644900237184,-0.07869401423189615,0.1523650062787778,-0.14915585321612956,0.2377563834240266
2026-09-11,UDR,"UDR, INC.",Real Estate,35.12,36.49,0.039,0.2113,0.16577749,0.27460006783791924,-11.0,1,Neutral,1.367346938775518,2.1511627906976774,2.0772357723577226,34.14,36.46,33.4,38.82,32.66,40.23,-0.02790432801822318,0.03815489749430534,-0.048974943052391806,0.10535307517084291,-0.07004555808656043,0.1455011389521641
2026-09-11,UHS,"UNIVERSAL HEALTH SERVICES, INC.",Health Care,174.83,173.04,-0.0102,0.294,0.2297835,0.2794652357545253,-10.0,1,Neutral,-1.3419062027231505,1.1876317638791254,-1.3022403258655812,165.96,181.44,160.6,191.73,142.86,199.38,-0.05073499971400797,0.037808156494880674,-0.08139335354344235,0.09666533203683558,-0.18286335297145795,0.14042212434936796
2026-09-11,ULTA,"ULTA BEAUTY, INC.",Consumer Discretionary,546.78,590.84,0.0806,0.3375,0.39056052,-0.13585735701089297,14.0,3,Neutral,1.0287682333873598,1.7720588235294115,1.2192735976688533,522.1,572.17,507.34,616.67,450.69,663.94,-0.04513698379604214,0.0464354950802881,-0.07213138739529612,0.12782106148725259,-0.17573795676506088,0.21427265079190905
2026-09-11,UNG,UNITED STATES NAT GAS,Commodities,10.17,10.34,0.0167,0.4438,0.24938852,0.7795526434015485,-47.0,1,Sell,1.4,1.2857142857142867,1.045685279187817,9.77,10.73,9.4,11.16,8.2,12.23,-0.03933136676499516,0.05506391347099315,-0.07571288102261553,0.09734513274336276,-0.1937069813176009,0.2025565388397248
2026-09-11,UNH,UNITEDHEALTH GROUP INC.,Health Care,379.09,385.8,0.0177,0.3594,0.20827354,0.7256152653860879,14.0,1,Neutral,3.993023255813973,4.238532110091747,1.398515981735161,370.49,413.43,369.28,420.67,291.49,501.6,-0.022685905721596344,0.0905853491255375,-0.025877759898704777,0.10968371626790474,-0.23107969083858704,0.3231686406921841
2026-09-11,UNP,UNION PACIFIC ,Industrials,284.4,320.27,0.1261,0.2165,0.19784399,0.0942965717583839,8.0,2,Neutral,-1.2419642857142779,2.4073829927488553,2.830285982184719,270.49,295.6,269.23,320.92,263.07,344.77,-0.04890998593530227,0.0393811533052042,-0.053340365682137736,0.12841068917018306,-0.07499999999999996,0.21227144866385372
2026-09-11,UPS,"UNITED PARCEL SERVICE, INC.",Industrials,100.28,103.79,0.035,0.203,0.18290608,0.1098592239251972,36.0,1,Buy,-1.2682119205298024,1.4111675126903567,1.5204003079291768,96.45,103.3,94.37,108.62,87.29,120.03,-0.038193059433585974,0.03011567610690058,-0.058934982050259266,0.08316713203031512,-0.12953729557239724,0.19694854407658546
2026-09-11,URA,GLBL X URANIUM ETF,Commodities,43.53,51.27,0.1778,0.4183,0.4773147,-0.12363897445437988,9.0,4,Neutral,37.41176470588197,1.8885941644562312,2.130966952264381,43.36,49.89,39.76,50.65,35.36,60.94,-0.0039053526303699515,0.14610613370089598,-0.08660693774408457,0.16356535722490229,-0.18768665288306918,0.3999540546749367
2026-09-11,URI,"UNITED RENTALS, INC.",Industrials,989.12,1100.53,0.1126,0.3438,0.32190327,0.06802270135373267,47.0,1,Buy,1.2394032678190863,1.3441441441441444,2.658984244049614,946.89,1041.46,894.77,1115.94,869.8,1306.39,-0.042694516337754784,0.05291572306696857,-0.0953878194758978,0.12821497897120682,-0.12063248139760596,0.3207598673568426
2026-09-11,URNM,SPROTT URANIUM MINERS,MR Discretion,52.38,62.76,0.1982,0.4111,0.53200238,-0.22725909609652495,32.0,4,Buy,13.285714285714228,2.952522255192873,2.302511415525112,51.75,60.75,49.01,62.33,43.62,72.55,-0.012027491408934776,0.15979381443298957,-0.06433753340969839,0.1899579992363496,-0.1672394043528065,0.3850706376479571
2026-09-11,USB,U.S. BANCORP,Financials,62.84,66.47,0.0578,0.2552,0.18504914,0.3790931425025805,54.0,2,Buy,-1.7610619469026638,1.1971428571428564,1.4057771664374132,60.85,63.97,59.34,67.03,55.57,73.06,-0.031667727562062375,0.017982176957351825,-0.05569700827498414,0.06667727562062375,-0.11569064290260989,0.1626352641629536
2026-09-11,USO,UNITED STATES OIL FUND,Commodities,154.9,163.75,0.0571,0.5499,0.39294169,0.399444278869977,-23.0,1,Neutral,-1.0792899408284045,-1.5340101522842648,-1.3429152148664345,145.78,163.35,124.68,174.6,108.65,189.34,-0.05887669464170431,0.054551323434473886,-0.19509360877985793,0.12717882504841826,-0.2985797288573273,0.22233699160748865
2026-09-11,UUP,INVESCO DB USD IDX BL,Currencies,28.07,28.31,0.0086,0.0796,0.05160803,0.5423956310674909,-9.0,1,Neutral,-1.2758620689655245,1.1954022988505724,-1.0268456375838944,27.7,28.36,27.2,29.11,26.54,29.56,-0.013181332383327415,0.01033131457071601,-0.030993943712148253,0.037050231563947156,-0.05450659066619168,0.053081581759885976
2026-09-11,V,VISA INC.,Financials,370.45,395.3,0.0671,0.1823,0.19695502,-0.07440795365358044,-13.0,4,Neutral,-1.1285956006768174,2.9152380952380965,1.5041841004184116,357.11,382.27,359.95,401.06,327.43,435.16,-0.03601025779457412,0.03190713996490757,-0.0283439060601971,0.08262923471453631,-0.11612903225806448,0.17467944391955736
2026-09-11,VAL,VALARIS LIMITED,MR Discretion,83.73,95.13,0.1362,0.4426,0.33144385,0.3353694751011371,34.0,1,Buy,2.6205673758865182,2.1104895104895074,1.7230046948356808,80.91,91.12,76.58,98.82,64.56,116.76,-0.033679684700824164,0.08825988295712417,-0.08539352681237322,0.18022214260121805,-0.22895019706198494,0.39448226442135437
2026-09-11,VEEV,VEEVA SYSTEMS INC.,Health Care,262.4,299.2,0.1402,0.3806,0.64545749,-0.4103407181780476,47.0,4,Buy,1.7090694935217936,7.720368239355612,1.417923691215617,245.42,291.42,253.71,329.49,194.78,358.28,-0.06471036585365852,0.11059451219512217,-0.033117378048780344,0.25567835365853675,-0.2576981707317072,0.3653963414634147
2026-09-11,VICI,VICI PROPERTIES INC.,Real Estate,24.83,25.38,0.0222,0.2343,0.15330012,0.5283745374759001,-38.0,1,Sell,1.4090909090909214,1.921348314606749,1.6907216494845387,24.17,25.76,23.94,26.54,22.89,28.11,-0.026580749093838008,0.037454691904953874,-0.03584373741441793,0.06886830447039882,-0.07813129279097852,0.13209826822392268
2026-09-11,VIX,CBOE MKT VOLATILITY IDX,Volatility,15.84,20.14,0.2715,0.0,0.94534282,,-37.0,,Sell,3.238636363636369,1.228215767634855,2.4010416666666665,14.96,18.69,13.43,18.8,12.0,25.06,-0.05555555555555547,0.17992424242424243,-0.15214646464646464,0.18686868686868685,-0.24242424242424243,0.582070707070707
2026-09-11,VLO,VALERO ENERGY ,Energy,390.42,414.87,0.0626,0.4791,0.24107028,0.9873872465739038,22.0,1,Neutral,1.505818463925516,1.1057995632128113,-1.44483442698001,377.53,409.83,349.21,435.99,295.74,455.95,-0.03301572665334773,0.049715690794528866,-0.10555299421136222,0.11672045489472871,-0.24250806823420934,0.16784488499564554
2026-09-11,VLTO,VERALTO ,Industrials,94.1,98.06,0.0421,0.2018,0.19571681,0.03108159181625747,-17.0,1,Neutral,-1.0795454545454521,2.825000000000003,1.4991554054054068,91.25,96.74,90.1,105.4,82.26,111.85,-0.030286928799149737,0.02805526036131778,-0.04250797024442088,0.12008501594048893,-0.12582359192348558,0.18862911795961734
2026-09-11,VMC,VULCAN MATERIALS COMPANY,Materials,252.74,274.37,0.0856,0.2512,0.26078642,-0.03675965949453974,10.0,3,Neutral,-2.000000000000009,1.529735682819382,2.8465319497542327,240.2,259.01,234.58,280.52,234.43,304.86,-0.04961620637809616,0.024808103189047914,-0.07185249663686,0.10991532800506443,-0.07244599192846402,0.20621983065601013
2026-09-11,VNM,VANECK:VIETNAM,Foreign,17.5,18.9,0.08,0.2514,0.22443379,0.1201521838578763,26.0,1,Buy,20.3999999999997,1.579545454545457,1.6753926701570676,17.45,18.52,16.62,18.89,15.59,20.7,-0.0028571428571428914,0.058285714285714274,-0.05028571428571427,0.0794285714285714,-0.1091428571428571,0.18285714285714283
2026-09-11,VRSK,"VERISK ANALYTICS, INC.",Industrials,176.2,182.2,0.0341,0.3305,0.36505018,-0.0946450156523686,-53.0,3,Sell,-1.1462925851703383,2.9464594127806607,1.4659127625201946,164.76,186.18,164.62,210.32,145.25,221.57,-0.06492622020431327,0.05664018161180495,-0.06572077185017022,0.1936435868331441,-0.17565266742338248,0.2574914869466516
2026-09-11,VRSN,"VERISIGN, INC.",Information Technology,292.71,315.81,0.0789,0.2876,0.27581957,0.04271063869760949,26.0,1,Buy,-1.9057279236276825,-1.318331503841929,1.2224273188740205,276.74,301.09,256.68,320.04,249.37,345.69,-0.05455911994807139,0.028629018482457136,-0.12309111407194828,0.0933688633801375,-0.14806463735437803,0.1809982576611664
2026-09-11,VRT,VERTIV HOLDINGS CO,Industrials,257.06,328.35,0.2773,0.5402,0.61845495,-0.1265329835261242,17.0,3,Neutral,2.959265175718848,1.175614194722475,2.559053651266766,244.54,294.11,213.1,308.74,203.38,394.43,-0.0487045825877227,0.14412977514977054,-0.17101065899011902,0.2010425581576285,-0.2088228429160508,0.5343888586322258
2026-09-11,VRTX,VERTEX PHARMACEUTICALS INC.,Health Care,515.44,558.03,0.0826,0.2781,0.29451974,-0.05575089805525413,-7.0,3,Neutral,1.3644400785854556,4.1178222033177265,1.3701412396404797,495.08,543.22,491.93,612.25,429.77,632.82,-0.039500232810802505,0.0538957007605152,-0.045611516374359895,0.18782011485332917,-0.1662075120285582,0.2277277665683688
2026-09-11,VST,VISTRA CORP.,Utilities,148.38,155.57,0.0485,0.4506,0.31879187,0.41346139096960033,-14.0,1,Neutral,2.440082644628098,-1.1812339331619532,1.1943963027151936,143.54,160.19,130.0,163.94,113.76,189.73,-0.032618951341151114,0.07959293705351134,-0.12387114166329694,0.10486588489014692,-0.23331985442782044,0.278676371478636
2026-09-11,VTR,"VENTAS, INC.",Real Estate,89.99,99.8,0.109,0.2377,0.13904481,0.7095208372034887,15.0,1,Neutral,1.0573770491803283,2.0647321428571477,2.2207407407407422,87.55,92.57,85.51,99.24,83.24,104.98,-0.02711412379153233,0.02866985220580065,-0.04978330925658392,0.10278919879986659,-0.07500833425936215,0.16657406378486517
2026-09-11,VTRS,VIATRIS INC.,Health Care,16.51,18.01,0.0909,0.2566,0.20186024,0.2711765328328155,22.0,1,Neutral,1.1269841269841212,1.4285714285714264,1.927659574468083,15.88,17.22,15.11,18.51,14.16,21.04,-0.038158691701998815,0.04300423985463331,-0.08479709267110858,0.12113870381586911,-0.14233797698364636,0.2743791641429434
2026-09-11,VXN,CBOE NASDAQ MKT VOL NDX,Volatility,21.02,25.91,0.2326,0.0,0.78113691,,-2.0,,Neutral,4.630769230769244,1.1549295774647892,2.9019607843137267,20.37,24.03,18.18,24.3,16.94,32.86,-0.03092293054234052,0.1431969552806851,-0.1351094196003806,0.15604186489058036,-0.19410085632730723,0.5632730732635585
2026-09-11,VZ,VERIZON COMMUNICATIONS INC.,Communication Services,50.61,50.93,0.0063,0.2684,0.16393604,0.6372238831680943,-36.0,1,Sell,-2.1724137931034555,1.0118483412322286,-1.5334608030592716,48.72,51.48,46.39,54.88,42.59,55.84,-0.03734439834024894,0.017190278601066922,-0.08338273068563518,0.08437067773167373,-0.1584667061845484,0.10333926101560964
2026-09-11,WAB,WESTINGHOUSE AIR BRAKE TECHNOLOGIES ,Industrials,283.22,315.65,0.1145,0.2263,0.18446178,0.22681240525815172,35.0,1,Buy,-2.064729194187591,1.277096114519425,2.3262574988463283,267.59,290.79,253.88,320.69,261.55,333.63,-0.05518678059459092,0.026728338394181206,-0.10359437892804191,0.1322999788150554,-0.07651295812442627,0.17798884259586178
2026-09-11,WAT,WATERS ,Health Care,408.34,430.23,0.0536,0.3242,0.2434832,0.3315087036805824,-8.0,1,Neutral,-2.6507936507936405,1.1740740740740774,1.1777550759800794,389.97,415.27,384.04,436.87,330.03,500.57,-0.04498702062007143,0.016971151491404157,-0.059509232502326426,0.06986824704902794,-0.1917764607924769,0.22586570015183427
2026-09-11,WBD,"WARNER BROS. DISCOVERY, INC.",Communication Services,28.04,33.09,0.1801,0.3549,0.12375766,1.8677012800662194,32.0,1,Buy,1.3492063492063535,1.7671957671957665,2.0715883668903805,27.41,28.89,26.15,31.38,23.57,37.3,-0.022467902995720324,0.030313837375178343,-0.06740370898716119,0.11911554921540657,-0.1594151212553495,0.33024251069900146
2026-09-11,WDAY,"WORKDAY, INC.",Information Technology,185.7,192.04,0.0341,0.4531,0.77881923,-0.41822186388489657,-1.0,3,Neutral,1.095667870036104,5.187015503875973,1.4851359898798235,174.62,197.84,175.38,239.23,138.27,256.14,-0.05966612816370487,0.06537425955842768,-0.0555735056542811,0.2882606354334949,-0.25541195476575107,0.3793214862681744
2026-09-11,WDC,WESTERN DIGITAL ,Information Technology,447.18,668.67,0.4953,0.626,0.65822059,-0.04895105150083501,28.0,3,Buy,3.9760225669957663,1.505880743982494,4.361758076634109,433.0,503.56,374.06,557.29,367.32,795.51,-0.031709826020841714,0.12607898385437633,-0.16351357395232347,0.24623194239456137,-0.17858580437407756,0.7789480746008319
2026-09-11,WEAT,TEUCRIUM:WHEAT,Commodities,26.25,28.55,0.0876,0.3163,0.31433113,0.006263681233226848,34.0,2,Buy,2.0500000000000007,4.425531914893611,1.4149484536082473,25.25,28.3,25.31,30.41,22.37,31.74,-0.03809523809523807,0.07809523809523822,-0.03580952380952385,0.15847619047619044,-0.14780952380952372,0.20914285714285707
2026-09-11,WEC,"WEC ENERGY GROUP, INC.",Utilities,105.33,112.03,0.0636,0.16,0.15052208,0.06296697467906376,13.0,1,Neutral,1.1210762331838544,1.2490196078431395,2.104938271604937,103.1,107.83,100.23,111.7,98.85,118.97,-0.021171556061900687,0.02373492832051638,-0.04841925377385359,0.06047659736067601,-0.06152093420677873,0.1294977689167378
2026-09-11,WELL,WELLTOWER INC.,Real Estate,235.62,269.39,0.1433,0.2266,0.14175936,0.5984835145982601,15.0,1,Neutral,1.7872807017543864,1.9545454545454508,2.583999999999999,231.06,243.77,221.76,262.71,216.87,284.07,-0.01935319582378403,0.03458959341312284,-0.05882352941176472,0.11497326203208535,-0.07957728545963838,0.2056277056277056
2026-09-11,WFC,WELLS FARGO & COMPANY,Financials,90.29,95.39,0.0565,0.2644,0.21409949,0.2349398870590491,10.0,2,Neutral,-1.252830188679252,-1.3465783664459219,1.083076923076923,86.97,92.94,84.19,94.82,77.29,104.37,-0.03677040646804752,0.029349872632628005,-0.06756008417321968,0.05017166906634163,-0.14398050725440248,0.15594196478015276
2026-09-11,WM,"WASTE MANAGEMENT, INC.",Industrials,213.46,224.57,0.052,0.1535,0.129155,0.1884944446595176,-62.0,1,Sell,1.5890052356020834,1.7377892030848305,2.0901391409558365,209.64,219.53,201.79,233.74,196.93,248.01,-0.01789562447296933,0.028436240981916994,-0.0546706642930761,0.09500609013398287,-0.07743839595240332,0.16185702239295408
2026-09-11,WMB,"THE WILLIAMS COMPANIES, INC.",Energy,72.85,85.16,0.169,0.2482,0.31293417,-0.20686194160260607,64.0,4,Buy,2.3373983739837456,2.6094674556213073,2.1879194630872534,70.39,78.6,69.47,81.67,65.4,89.15,-0.033768016472203066,0.07892930679478383,-0.04639670555936848,0.12107069320521635,-0.10226492793411102,0.22374742621825683
2026-09-11,WMT,WALMART INC.,Consumer Staples,107.15,118.92,0.1098,0.2012,0.36984428,-0.45598726036806636,-13.0,4,Neutral,-1.9228395061728438,-2.1137339055794024,1.7334450963956396,100.92,110.39,97.3,111.81,95.22,127.83,-0.05814279048063464,0.03023798413439094,-0.09192720485300987,0.043490433971068665,-0.11133924405039675,0.1930004666355576
2026-09-11,WRB,W. R. BERKLEY ,Financials,69.9,73.54,0.0521,0.5586,0.14942674,2.738286735024802,12.0,1,Neutral,-1.0613026819923412,1.0563380281690142,1.4640718562874238,67.13,72.51,64.93,75.15,63.22,79.68,-0.039628040057224756,0.03733905579399144,-0.07110157367668091,0.07510729613733913,-0.09556509298998583,0.13991416309012883
2026-09-11,WSM,"WILLIAMS-SONOMA, INC.",Consumer Discretionary,226.23,246.14,0.088,0.3289,0.21427411,0.5349497893142576,36.0,1,Buy,-1.1907449209932242,1.3625547902316857,1.7002994011976058,215.68,235.09,210.26,247.99,192.83,283.02,-0.04663395659284786,0.039163682977500835,-0.07059187552490831,0.09618529814790278,-0.14763736020863716,0.25102771515714095
2026-09-11,WST,"WEST PHARMACEUTICAL SERVICES, INC.",Health Care,346.23,362.17,0.046,0.2935,0.18254097,0.6078582249234239,22.0,1,Neutral,-6.082568807339497,1.0673198482932975,1.3360311750599514,326.34,349.5,314.59,380.0,279.51,435.37,-0.05744736158045238,0.009444588857117964,-0.09138433988966888,0.09753631978742439,-0.19270427172688687,0.25745891459434467
2026-09-11,WTW,WILLIS TOWERS WATSON,Financials,315.61,353.38,0.1197,0.264,0.26605675,-0.0077304935883040216,3.0,3,Neutral,1.0134228187919416,5.271818181818182,2.54211600116584,300.71,330.71,304.61,373.6,281.3,402.83,-0.047210164443458824,0.04784385792592105,-0.03485314153543928,0.18373942524001152,-0.1087101169164475,0.2763537277019106
2026-09-11,WY,WEYERHAEUSER COMPANY,Real Estate,22.06,23.19,0.0512,0.2138,0.21889359,-0.023269708354639373,-24.0,3,Neutral,1.1428571428571486,1.935483870967746,2.278846153846157,21.43,22.78,20.82,24.46,19.98,26.8,-0.02855847688123292,0.03263825929283781,-0.05621033544877596,0.10879419764279241,-0.09428830462375337,0.21486854034451497
2026-09-11,WYNN,"WYNN RESORTS, LIMITED",Consumer Discretionary,87.7,97.72,0.1143,0.3139,0.23005337,0.36446599326060736,19.0,1,Neutral,1.4362416107382534,1.8916518650088763,2.8538380651945308,84.72,91.98,82.07,98.35,78.19,114.84,-0.03397947548460667,0.04880273660205248,-0.06419612314709244,0.12143671607753692,-0.10843785632839231,0.30946408209806164
2026-09-11,XEL,XCEL ENERGY INC.,Utilities,75.5,81.34,0.0774,0.258,0.16171361,0.5954130267699793,40.0,1,Buy,1.0046511627906933,1.6974169741697436,2.278825995807131,73.35,77.66,72.79,80.1,70.73,86.37,-0.02847682119205308,0.028609271523178714,-0.0358940397350993,0.060927152317880706,-0.0631788079470198,0.1439735099337749
2026-09-11,XES,SPDR S&P OIL&GAS E&S,MR Discretion,121.89,130.11,0.0674,0.3566,0.2395622,0.48854869424308167,44.0,1,Buy,1.6421800947867284,1.3676939426142396,1.1228733459357283,117.67,128.82,112.48,134.76,100.73,145.65,-0.03462137993272618,0.056854540979571766,-0.07720075477889898,0.1055870046763474,-0.1735991467716793,0.19492985478710323
2026-09-11,XLB,SEL SECTOR:MATRLS SPDR,Sector & Style ETFs,50.95,53.47,0.0495,0.151,0.14950612,0.009992099320081271,29.0,1,Buy,1.844444444444429,2.7814569536423717,1.6481876332622578,50.05,52.61,49.44,55.15,46.26,58.68,-0.01766437684003941,0.0325809617271835,-0.029636898920510357,0.08243375858684976,-0.09205103042198237,0.1517173699705594
2026-09-11,XLC,SEL SECTOR:COMM SVC SPDR,Sector & Style ETFs,112.6,115.82,0.0286,0.1379,0.16623785,-0.17046569117682886,-31.0,3,Sell,-1.9034090909090822,-1.3135435992578846,1.1468048359240073,109.25,114.36,105.52,117.99,101.02,125.88,-0.02975133214920067,0.015630550621669625,-0.06287744227353464,0.047868561278863186,-0.10284191829484901,0.11793960923623437
2026-09-11,XLE,SEL SECTOR:ENERGY SPDR,Sector & Style ETFs,65.14,68.29,0.0484,0.2765,0.15141106,0.8261545754979858,5.0,1,Neutral,1.320441988950275,1.3617021276595764,-1.120551090700345,63.33,67.53,61.38,70.26,55.38,73.85,-0.027786306416948126,0.036690205710776747,-0.05772182990482033,0.0785999385937981,-0.1498311329444274,0.13371200491249602
2026-09-11,XLF,SEL SECTOR:FINL S SPDR,Sector & Style ETFs,57.25,59.01,0.0307,0.1656,0.13012334,0.27263871339300083,12.0,2,Neutral,-1.1651376146788983,2.144578313253018,1.2943327239488116,55.98,58.34,55.59,60.81,51.78,64.33,-0.022183406113537196,0.019039301310043832,-0.028995633187772873,0.06218340611353712,-0.09554585152838424,0.12366812227074231
2026-09-11,XLI,SEL SECTOR:INDUST SPDR,Sector & Style ETFs,172.37,183.42,0.0641,0.1946,0.13236165,0.4702143710054989,35.0,1,Buy,-1.8856088560885604,1.3086785009861897,2.091320754716982,167.26,175.08,162.23,185.64,159.12,200.08,-0.029645529964611117,0.015721993386320188,-0.058826942043279096,0.07698555433080001,-0.07686952485931431,0.160758832743517
2026-09-11,XLK,SEL SECTOR:TECH SPDR,Sector & Style ETFs,187.67,202.85,0.0809,0.2362,0.2064956,0.1438500384511825,48.0,1,Buy,1.0869565217391362,-1.4293721973094144,1.2741410488245948,182.61,193.17,174.92,196.59,160.02,222.9,-0.026962220919699353,0.02930676186923864,-0.06793840251505301,0.047530239249746975,-0.14733308466989914,0.1877231310278682
2026-09-11,XLP,SEL SECTOR:C STP SPDR,Sector & Style ETFs,83.38,87.96,0.0549,0.1692,0.15063321,0.12325827750733054,40.0,1,Buy,-1.3546099290780014,1.9780219780219874,2.232815964523288,81.47,84.79,80.65,88.78,78.87,93.45,-0.02290717198368908,0.016910530103142474,-0.03274166466778594,0.06476373230990662,-0.05408970976253291,0.12077236747421449
2026-09-11,XLRE,SEL SECTOR:RL EST SPDR,Sector & Style ETFs,43.42,44.53,0.0256,0.1114,0.11902706,-0.06407837007819905,-38.0,3,Sell,-1.4473684210526372,1.7682119205297964,1.3658536585365837,42.32,44.18,41.91,46.09,40.55,47.34,-0.025333947489636133,0.017503454629202997,-0.03477660064486421,0.06149239981575305,-0.06609857208659609,0.09028097650852152
2026-09-11,XLU,SEL SECTOR:UTIL SPDR,Sector & Style ETFs,42.39,44.5,0.0498,0.1614,0.13652077,0.18223769174463333,20.0,2,Neutral,2.0240963855421725,1.5333333333333345,1.6896551724137934,41.56,44.07,40.59,45.15,39.49,47.29,-0.019580089643783882,0.03963198867657458,-0.04246284501061559,0.065109695682944,-0.06841236140599194,0.11559330030667603
2026-09-11,XLV,SEL SECTOR:H CARE SPDR,Sector & Style ETFs,165.36,176.38,0.0666,0.1696,0.20016167,-0.15268492713914716,11.0,4,Neutral,1.2463054187192046,3.446601941747569,1.7447081462475935,161.3,170.42,160.21,183.11,149.77,192.56,-0.0245524915336236,0.030599903241412596,-0.031144170295113738,0.10734155781325594,-0.09427914852443153,0.16448959845186262
2026-09-11,XLY,SEL SECTOR:C DSC SPDR,Sector & Style ETFs,112.96,117.78,0.0427,0.1531,0.16717444,-0.08419014294290439,-23.0,3,Neutral,-1.9526627218934756,1.2166427546628416,1.8144654088050347,109.66,114.65,105.99,121.44,103.42,130.27,-0.029213881019830024,0.014961048158640411,-0.06170325779036823,0.07507082152974509,-0.08445467422096309,0.15324008498583575
2026-09-11,XOM,EXXON MOBIL ,Energy,165.99,176.76,0.0649,0.2937,0.2248624,0.30613210567885085,29.0,1,Buy,-1.8300000000000012,-1.1318219983207407,1.0760368663594455,156.84,170.99,152.51,177.9,139.95,194.01,-0.05512380263871319,0.030122296523886982,-0.08120971142839939,0.07175131031989879,-0.15687692029640354,0.1688053497198625
2026-09-11,XOP,SPDR S&P OIL&GAS EXP,MR Discretion,195.72,202.15,0.0329,0.3375,0.16160249,1.0884579191818147,7.0,1,Neutral,1.3241042345276894,1.123026315789474,-1.364235983876878,189.58,203.85,180.52,212.79,158.49,223.01,-0.0313713468219905,0.04153893316983437,-0.07766196607398324,0.08721643163703252,-0.19022072348252606,0.13943388514203958
2026-09-11,XYL,XYLEM INC.,Industrials,106.96,111.03,0.0381,0.2429,0.24189575,0.004151581828122364,-42.0,1,Sell,-1.4020618556700972,1.3456221198156701,1.9529780564263348,102.88,109.87,98.28,118.64,97.39,125.65,-0.03814510097232604,0.0272064323111445,-0.08115183246073288,0.10919970082273744,-0.08947270007479424,0.17473821989528804
2026-09-11,XYZ,"BLOCK, INC.",Financials,79.21,85.05,0.0737,0.384,0.43113576,-0.10932927484372901,18.0,4,Neutral,1.0219512195121994,2.163716814159294,1.5423615743829229,75.11,83.4,74.69,88.99,64.22,102.33,-0.05176114127004161,0.05289736144426227,-0.05706350208307032,0.12346925893195304,-0.18924378235071326,0.2918823380886253
2026-09-11,YUM,"YUM! BRANDS, INC.",Consumer Discretionary,140.87,157.07,0.115,0.2248,0.28172489,-0.20205843367265142,-4.0,3,Neutral,4.007117437722413,4.63919413919413,2.4857142857142853,138.06,152.13,135.41,166.2,127.22,174.8,-0.01994746929793423,0.079931852062185,-0.03875913963228517,0.17981117342230424,-0.09689784908071275,0.2408603677149146
2026-09-11,ZBH,"ZIMMER BIOMET HOLDINGS, INC.",Health Care,93.49,101.38,0.0844,0.3129,0.25511922,0.2264854055292269,29.0,1,Buy,-1.5295454545454503,3.035398230088498,1.8839884947267516,86.76,97.89,88.97,107.21,83.06,113.14,-0.07198630869611711,0.04706385709701588,-0.04834741683602517,0.14675366349342167,-0.11156273398224403,0.21018290726280897
2026-09-11,ZBRA,ZEBRA TECHNOLOGIES ,Information Technology,350.37,361.4,0.0315,0.3411,0.27220019,0.25312182919490245,57.0,1,Buy,-1.6581196581196538,2.425806451612902,1.031699978508489,334.85,359.73,317.82,429.33,257.31,446.38,-0.0442960299112366,0.02671461597739544,-0.09290178953677541,0.2253617604246938,-0.2656049319291035,0.27402460256300487
2026-09-11,ZTS,ZOETIS INC.,Health Care,72.97,67.41,-0.0762,0.3245,0.32503055,-0.0016323081014998353,-79.0,3,Sell,1.1141552511415527,1.5061224489795892,-1.188801148600143,70.78,75.41,68.07,80.35,56.41,86.9,-0.030012333835822913,0.03343839934219539,-0.06715088392490076,0.10113745374811556,-0.22694257914211324,0.19090037001507487
