Date,Ticker,monthly_volume,monthly_volume_avg,monthly_volume_hi,monthly_volume_lo
2025-07-01,A,40.0,42.2,49.6,34.7
2025-08-01,A,29.6,42.2,49.6,34.7
2025-09-01,A,37.3,42.2,49.6,34.7
2025-10-01,A,39.4,42.2,49.6,34.7
2025-11-01,A,37.8,42.2,49.6,34.7
2025-12-01,A,44.4,42.2,49.6,34.7
2026-01-01,A,39.7,42.2,49.6,34.7
2026-02-01,A,48.3,42.2,49.6,34.7
2026-03-01,A,52.0,42.2,49.6,34.7
2026-04-01,A,38.2,42.2,49.6,34.7
2026-05-01,A,52.6,42.2,49.6,34.7
2026-06-01,A,49.9,42.2,49.6,34.7
2026-07-01,A,49.0,42.2,49.6,34.7
2026-08-01,A,43.6,42.2,49.6,34.7
2026-09-01,A,22.5,42.2,49.6,34.7
2025-07-01,AAPL,1079.9,1035.6,1224.2,847.1
2025-08-01,AAPL,1218.1,1035.6,1224.2,847.1
2025-09-01,AAPL,1265.5,1035.6,1224.2,847.1
2025-10-01,AAPL,1097.1,1035.6,1224.2,847.1
2025-11-01,AAPL,877.6,1035.6,1224.2,847.1
2025-12-01,AAPL,924.5,1035.6,1224.2,847.1
2026-01-01,AAPL,1040.0,1035.6,1224.2,847.1
2026-02-01,AAPL,988.9,1035.6,1224.2,847.1
2026-03-01,AAPL,900.0,1035.6,1224.2,847.1
2026-04-01,AAPL,907.5,1035.6,1224.2,847.1
2026-05-01,AAPL,981.3,1035.6,1224.2,847.1
2026-06-01,AAPL,1401.4,1035.6,1224.2,847.1
2026-07-01,AAPL,1198.9,1035.6,1224.2,847.1
2026-08-01,AAPL,902.4,1035.6,1224.2,847.1
2026-09-01,AAPL,492.6,1035.6,1224.2,847.1
2025-07-01,ABBV,123.1,127.2,155.5,99.0
2025-08-01,ABBV,96.5,127.2,155.5,99.0
2025-09-01,ABBV,115.7,127.2,155.5,99.0
2025-10-01,ABBV,137.5,127.2,155.5,99.0
2025-11-01,ABBV,119.7,127.2,155.5,99.0
2025-12-01,ABBV,112.0,127.2,155.5,99.0
2026-01-01,ABBV,146.1,127.2,155.5,99.0
2026-02-01,ABBV,137.8,127.2,155.5,99.0
2026-03-01,ABBV,166.4,127.2,155.5,99.0
2026-04-01,ABBV,143.7,127.2,155.5,99.0
2026-05-01,ABBV,111.2,127.2,155.5,99.0
2026-06-01,ABBV,182.1,127.2,155.5,99.0
2026-07-01,ABBV,133.6,127.2,155.5,99.0
2026-08-01,ABBV,100.0,127.2,155.5,99.0
2026-09-01,ABBV,46.6,127.2,155.5,99.0
2025-07-01,ABNB,74.4,91.8,111.5,72.0
2025-08-01,ABNB,119.6,91.8,111.5,72.0
2025-09-01,ABNB,104.5,91.8,111.5,72.0
2025-10-01,ABNB,99.8,91.8,111.5,72.0
2025-11-01,ABNB,110.8,91.8,111.5,72.0
2025-12-01,ABNB,96.4,91.8,111.5,72.0
2026-01-01,ABNB,81.2,91.8,111.5,72.0
2026-02-01,ABNB,118.0,91.8,111.5,72.0
2026-03-01,ABNB,83.7,91.8,111.5,72.0
2026-04-01,ABNB,67.9,91.8,111.5,72.0
2026-05-01,ABNB,82.7,91.8,111.5,72.0
2026-06-01,ABNB,84.6,91.8,111.5,72.0
2026-07-01,ABNB,73.6,91.8,111.5,72.0
2026-08-01,ABNB,119.8,91.8,111.5,72.0
2026-09-01,ABNB,43.3,91.8,111.5,72.0
2025-07-01,ABT,167.0,191.7,259.5,123.9
2025-08-01,ABT,112.4,191.7,259.5,123.9
2025-09-01,ABT,114.3,191.7,259.5,123.9
2025-10-01,ABT,149.5,191.7,259.5,123.9
2025-11-01,ABT,127.0,191.7,259.5,123.9
2025-12-01,ABT,125.7,191.7,259.5,123.9
2026-01-01,ABT,238.7,191.7,259.5,123.9
2026-02-01,ABT,187.8,191.7,259.5,123.9
2026-03-01,ABT,271.4,191.7,259.5,123.9
2026-04-01,ABT,261.6,191.7,259.5,123.9
2026-05-01,ABT,252.6,191.7,259.5,123.9
2026-06-01,ABT,294.6,191.7,259.5,123.9
2026-07-01,ABT,279.6,191.7,259.5,123.9
2026-08-01,ABT,162.7,191.7,259.5,123.9
2026-09-01,ABT,82.6,191.7,259.5,123.9
2025-07-01,ACGL,64.2,45.7,52.9,38.4
2025-08-01,ACGL,40.7,45.7,52.9,38.4
2025-09-01,ACGL,45.4,45.7,52.9,38.4
2025-10-01,ACGL,51.3,45.7,52.9,38.4
2025-11-01,ACGL,39.2,45.7,52.9,38.4
2025-12-01,ACGL,50.0,45.7,52.9,38.4
2026-01-01,ACGL,46.6,45.7,52.9,38.4
2026-02-01,ACGL,37.0,45.7,52.9,38.4
2026-03-01,ACGL,39.9,45.7,52.9,38.4
2026-04-01,ACGL,43.6,45.7,52.9,38.4
2026-05-01,ACGL,52.5,45.7,52.9,38.4
2026-06-01,ACGL,49.7,45.7,52.9,38.4
2026-07-01,ACGL,40.9,45.7,52.9,38.4
2026-08-01,ACGL,36.4,45.7,52.9,38.4
2026-09-01,ACGL,45.0,45.7,52.9,38.4
2025-07-01,ACN,78.5,120.8,168.2,73.5
2025-08-01,ACN,97.2,120.8,168.2,73.5
2025-09-01,ACN,127.8,120.8,168.2,73.5
2025-10-01,ACN,96.6,120.8,168.2,73.5
2025-11-01,ACN,66.6,120.8,168.2,73.5
2025-12-01,ACN,87.5,120.8,168.2,73.5
2026-01-01,ACN,91.2,120.8,168.2,73.5
2026-02-01,ACN,145.6,120.8,168.2,73.5
2026-03-01,ACN,174.2,120.8,168.2,73.5
2026-04-01,ACN,107.9,120.8,168.2,73.5
2026-05-01,ACN,119.2,120.8,168.2,73.5
2026-06-01,ACN,234.3,120.8,168.2,73.5
2026-07-01,ACN,190.4,120.8,168.2,73.5
2026-08-01,ACN,111.6,120.8,168.2,73.5
2026-09-01,ACN,48.1,120.8,168.2,73.5
2025-07-01,ADBE,75.7,104.8,135.2,74.3
2025-08-01,ADBE,76.0,104.8,135.2,74.3
2025-09-01,ADBE,119.6,104.8,135.2,74.3
2025-10-01,ADBE,88.1,104.8,135.2,74.3
2025-11-01,ADBE,66.1,104.8,135.2,74.3
2025-12-01,ADBE,94.8,104.8,135.2,74.3
2026-01-01,ADBE,100.5,104.8,135.2,74.3
2026-02-01,ADBE,119.3,104.8,135.2,74.3
2026-03-01,ADBE,141.4,104.8,135.2,74.3
2026-04-01,ADBE,110.5,104.8,135.2,74.3
2026-05-01,ADBE,93.9,104.8,135.2,74.3
2026-06-01,ADBE,184.3,104.8,135.2,74.3
2026-07-01,ADBE,127.4,104.8,135.2,74.3
2026-08-01,ADBE,90.2,104.8,135.2,74.3
2026-09-01,ADBE,64.4,104.8,135.2,74.3
2025-07-01,ADI,74.2,79.9,96.3,63.5
2025-08-01,ADI,82.6,79.9,96.3,63.5
2025-09-01,ADI,57.1,79.9,96.3,63.5
2025-10-01,ADI,76.5,79.9,96.3,63.5
2025-11-01,ADI,79.2,79.9,96.3,63.5
2025-12-01,ADI,79.2,79.9,96.3,63.5
2026-01-01,ADI,73.0,79.9,96.3,63.5
2026-02-01,ADI,92.3,79.9,96.3,63.5
2026-03-01,ADI,86.8,79.9,96.3,63.5
2026-04-01,ADI,67.1,79.9,96.3,63.5
2026-05-01,ADI,91.0,79.9,96.3,63.5
2026-06-01,ADI,119.3,79.9,96.3,63.5
2026-07-01,ADI,90.6,79.9,96.3,63.5
2026-08-01,ADI,75.9,79.9,96.3,63.5
2026-09-01,ADI,35.8,79.9,96.3,63.5
2025-07-01,ADM,67.5,75.0,86.7,63.2
2025-08-01,ADM,78.3,75.0,86.7,63.2
2025-09-01,ADM,79.7,75.0,86.7,63.2
2025-10-01,ADM,79.3,75.0,86.7,63.2
2025-11-01,ADM,71.5,75.0,86.7,63.2
2025-12-01,ADM,56.5,75.0,86.7,63.2
2026-01-01,ADM,76.3,75.0,86.7,63.2
2026-02-01,ADM,72.4,75.0,86.7,63.2
2026-03-01,ADM,100.3,75.0,86.7,63.2
2026-04-01,ADM,68.4,75.0,86.7,63.2
2026-05-01,ADM,85.1,75.0,86.7,63.2
2026-06-01,ADM,76.7,75.0,86.7,63.2
2026-07-01,ADM,76.3,75.0,86.7,63.2
2026-08-01,ADM,80.9,75.0,86.7,63.2
2026-09-01,ADM,40.8,75.0,86.7,63.2
2025-07-01,ADP,31.9,52.0,69.7,34.2
2025-08-01,ADP,30.5,52.0,69.7,34.2
2025-09-01,ADP,43.5,52.0,69.7,34.2
2025-10-01,ADP,41.5,52.0,69.7,34.2
2025-11-01,ADP,40.4,52.0,69.7,34.2
2025-12-01,ADP,54.9,52.0,69.7,34.2
2026-01-01,ADP,47.1,52.0,69.7,34.2
2026-02-01,ADP,79.3,52.0,69.7,34.2
2026-03-01,ADP,93.5,52.0,69.7,34.2
2026-04-01,ADP,63.6,52.0,69.7,34.2
2026-05-01,ADP,55.3,52.0,69.7,34.2
2026-06-01,ADP,65.3,52.0,69.7,34.2
2026-07-01,ADP,53.2,52.0,69.7,34.2
2026-08-01,ADP,45.1,52.0,69.7,34.2
2026-09-01,ADP,22.6,52.0,69.7,34.2
2025-07-01,ADSK,38.6,40.8,52.1,29.4
2025-08-01,ADSK,35.3,40.8,52.1,29.4
2025-09-01,ADSK,32.3,40.8,52.1,29.4
2025-10-01,ADSK,29.2,40.8,52.1,29.4
2025-11-01,ADSK,28.7,40.8,52.1,29.4
2025-12-01,ADSK,31.0,40.8,52.1,29.4
2026-01-01,ADSK,40.4,40.8,52.1,29.4
2026-02-01,ADSK,51.6,40.8,52.1,29.4
2026-03-01,ADSK,45.4,40.8,52.1,29.4
2026-04-01,ADSK,39.3,40.8,52.1,29.4
2026-05-01,ADSK,45.9,40.8,52.1,29.4
2026-06-01,ADSK,72.9,40.8,52.1,29.4
2026-07-01,ADSK,49.5,40.8,52.1,29.4
2026-08-01,ADSK,39.6,40.8,52.1,29.4
2026-09-01,ADSK,26.9,40.8,52.1,29.4
2025-07-01,AEE,33.2,34.2,40.0,28.4
2025-08-01,AEE,29.7,34.2,40.0,28.4
2025-09-01,AEE,29.7,34.2,40.0,28.4
2025-10-01,AEE,39.3,34.2,40.0,28.4
2025-11-01,AEE,31.1,34.2,40.0,28.4
2025-12-01,AEE,43.2,34.2,40.0,28.4
2026-01-01,AEE,29.3,34.2,40.0,28.4
2026-02-01,AEE,40.1,34.2,40.0,28.4
2026-03-01,AEE,37.5,34.2,40.0,28.4
2026-04-01,AEE,32.9,34.2,40.0,28.4
2026-05-01,AEE,38.4,34.2,40.0,28.4
2026-06-01,AEE,40.3,34.2,40.0,28.4
2026-07-01,AEE,33.5,34.2,40.0,28.4
2026-08-01,AEE,30.4,34.2,40.0,28.4
2026-09-01,AEE,16.1,34.2,40.0,28.4
2025-07-01,AEP,69.7,76.9,95.9,57.8
2025-08-01,AEP,69.3,76.9,95.9,57.8
2025-09-01,AEP,66.0,76.9,95.9,57.8
2025-10-01,AEP,84.2,76.9,95.9,57.8
2025-11-01,AEP,70.0,76.9,95.9,57.8
2025-12-01,AEP,71.9,76.9,95.9,57.8
2026-01-01,AEP,65.0,76.9,95.9,57.8
2026-02-01,AEP,69.8,76.9,95.9,57.8
2026-03-01,AEP,87.2,76.9,95.9,57.8
2026-04-01,AEP,51.2,76.9,95.9,57.8
2026-05-01,AEP,100.6,76.9,95.9,57.8
2026-06-01,AEP,122.4,76.9,95.9,57.8
2026-07-01,AEP,95.2,76.9,95.9,57.8
2026-08-01,AEP,75.4,76.9,95.9,57.8
2026-09-01,AEP,34.9,76.9,95.9,57.8
2025-07-01,AES,391.3,218.0,306.3,129.6
2025-08-01,AES,177.2,218.0,306.3,129.6
2025-09-01,AES,196.0,218.0,306.3,129.6
2025-10-01,AES,281.5,218.0,306.3,129.6
2025-11-01,AES,160.8,218.0,306.3,129.6
2025-12-01,AES,150.1,218.0,306.3,129.6
2026-01-01,AES,184.9,218.0,306.3,129.6
2026-02-01,AES,201.1,218.0,306.3,129.6
2026-03-01,AES,429.0,218.0,306.3,129.6
2026-04-01,AES,194.1,218.0,306.3,129.6
2026-05-01,AES,232.1,218.0,306.3,129.6
2026-06-01,AES,168.6,218.0,306.3,129.6
2026-07-01,AES,183.4,218.0,306.3,129.6
2026-08-01,AES,153.3,218.0,306.3,129.6
2026-09-01,AES,79.7,218.0,306.3,129.6
2025-07-01,AFL,46.3,47.9,55.9,39.9
2025-08-01,AFL,57.1,47.9,55.9,39.9
2025-09-01,AFL,53.9,47.9,55.9,39.9
2025-10-01,AFL,39.4,47.9,55.9,39.9
2025-11-01,AFL,46.7,47.9,55.9,39.9
2025-12-01,AFL,53.3,47.9,55.9,39.9
2026-01-01,AFL,45.2,47.9,55.9,39.9
2026-02-01,AFL,45.8,47.9,55.9,39.9
2026-03-01,AFL,56.9,47.9,55.9,39.9
2026-04-01,AFL,44.5,47.9,55.9,39.9
2026-05-01,AFL,48.4,47.9,55.9,39.9
2026-06-01,AFL,61.3,47.9,55.9,39.9
2026-07-01,AFL,41.4,47.9,55.9,39.9
2026-08-01,AFL,44.7,47.9,55.9,39.9
2026-09-01,AFL,23.2,47.9,55.9,39.9
2025-07-01,AIG,93.3,88.7,104.7,72.7
2025-08-01,AIG,80.0,88.7,104.7,72.7
2025-09-01,AIG,108.4,88.7,104.7,72.7
2025-10-01,AIG,90.6,88.7,104.7,72.7
2025-11-01,AIG,80.7,88.7,104.7,72.7
2025-12-01,AIG,107.5,88.7,104.7,72.7
2026-01-01,AIG,119.5,88.7,104.7,72.7
2026-02-01,AIG,80.4,88.7,104.7,72.7
2026-03-01,AIG,95.7,88.7,104.7,72.7
2026-04-01,AIG,88.1,88.7,104.7,72.7
2026-05-01,AIG,81.1,88.7,104.7,72.7
2026-06-01,AIG,97.0,88.7,104.7,72.7
2026-07-01,AIG,77.5,88.7,104.7,72.7
2026-08-01,AIG,61.8,88.7,104.7,72.7
2026-09-01,AIG,51.5,88.7,104.7,72.7
2025-07-01,AIZ,8.1,7.7,9.3,6.1
2025-08-01,AIZ,10.0,7.7,9.3,6.1
2025-09-01,AIZ,7.5,7.7,9.3,6.1
2025-10-01,AIZ,6.6,7.7,9.3,6.1
2025-11-01,AIZ,5.4,7.7,9.3,6.1
2025-12-01,AIZ,7.3,7.7,9.3,6.1
2026-01-01,AIZ,6.4,7.7,9.3,6.1
2026-02-01,AIZ,10.2,7.7,9.3,6.1
2026-03-01,AIZ,7.7,7.7,9.3,6.1
2026-04-01,AIZ,7.2,7.7,9.3,6.1
2026-05-01,AIZ,9.6,7.7,9.3,6.1
2026-06-01,AIZ,9.5,7.7,9.3,6.1
2026-07-01,AIZ,7.6,7.7,9.3,6.1
2026-08-01,AIZ,7.9,7.7,9.3,6.1
2026-09-01,AIZ,3.4,7.7,9.3,6.1
2025-07-01,AJG,30.0,36.6,45.5,27.6
2025-08-01,AJG,32.4,36.6,45.5,27.6
2025-09-01,AJG,29.8,36.6,45.5,27.6
2025-10-01,AJG,38.0,36.6,45.5,27.6
2025-11-01,AJG,32.3,36.6,45.5,27.6
2025-12-01,AJG,35.4,36.6,45.5,27.6
2026-01-01,AJG,41.1,36.6,45.5,27.6
2026-02-01,AJG,59.2,36.6,45.5,27.6
2026-03-01,AJG,50.1,36.6,45.5,27.6
2026-04-01,AJG,37.0,36.6,45.5,27.6
2026-05-01,AJG,38.2,36.6,45.5,27.6
2026-06-01,AJG,40.1,36.6,45.5,27.6
2026-07-01,AJG,35.0,36.6,45.5,27.6
2026-08-01,AJG,27.2,36.6,45.5,27.6
2026-09-01,AJG,15.3,36.6,45.5,27.6
2025-07-01,AKAM,29.3,72.6,104.7,40.4
2025-08-01,AKAM,47.7,72.6,104.7,40.4
2025-09-01,AKAM,39.6,72.6,104.7,40.4
2025-10-01,AKAM,35.1,72.6,104.7,40.4
2025-11-01,AKAM,89.7,72.6,104.7,40.4
2025-12-01,AKAM,50.0,72.6,104.7,40.4
2026-01-01,AKAM,70.1,72.6,104.7,40.4
2026-02-01,AKAM,98.3,72.6,104.7,40.4
2026-03-01,AKAM,102.5,72.6,104.7,40.4
2026-04-01,AKAM,101.2,72.6,104.7,40.4
2026-05-01,AKAM,149.4,72.6,104.7,40.4
2026-06-01,AKAM,85.4,72.6,104.7,40.4
2026-07-01,AKAM,77.8,72.6,104.7,40.4
2026-08-01,AKAM,73.7,72.6,104.7,40.4
2026-09-01,AKAM,34.9,72.6,104.7,40.4
2025-07-01,ALB,117.3,63.9,86.1,41.7
2025-08-01,ALB,86.2,63.9,86.1,41.7
2025-09-01,ALB,83.6,63.9,86.1,41.7
2025-10-01,ALB,75.9,63.9,86.1,41.7
2025-11-01,ALB,78.9,63.9,86.1,41.7
2025-12-01,ALB,65.4,63.9,86.1,41.7
2026-01-01,ALB,75.4,63.9,86.1,41.7
2026-02-01,ALB,52.1,63.9,86.1,41.7
2026-03-01,ALB,45.2,63.9,86.1,41.7
2026-04-01,ALB,42.5,63.9,86.1,41.7
2026-05-01,ALB,42.7,63.9,86.1,41.7
2026-06-01,ALB,55.4,63.9,86.1,41.7
2026-07-01,ALB,47.1,63.9,86.1,41.7
2026-08-01,ALB,44.5,63.9,86.1,41.7
2026-09-01,ALB,29.2,63.9,86.1,41.7
2025-07-01,ALGN,33.9,25.6,32.5,18.8
2025-08-01,ALGN,39.1,25.6,32.5,18.8
2025-09-01,ALGN,26.8,25.6,32.5,18.8
2025-10-01,ALGN,31.2,25.6,32.5,18.8
2025-11-01,ALGN,28.2,25.6,32.5,18.8
2025-12-01,ALGN,27.1,25.6,32.5,18.8
2026-01-01,ALGN,17.5,25.6,32.5,18.8
2026-02-01,ALGN,28.7,25.6,32.5,18.8
2026-03-01,ALGN,30.4,25.6,32.5,18.8
2026-04-01,ALGN,22.5,25.6,32.5,18.8
2026-05-01,ALGN,19.7,25.6,32.5,18.8
2026-06-01,ALGN,22.4,25.6,32.5,18.8
2026-07-01,ALGN,22.0,25.6,32.5,18.8
2026-08-01,ALGN,17.8,25.6,32.5,18.8
2026-09-01,ALGN,9.0,25.6,32.5,18.8
2025-07-01,ALL,36.4,32.6,37.6,27.5
2025-08-01,ALL,26.9,32.6,37.6,27.5
2025-09-01,ALL,30.6,32.6,37.6,27.5
2025-10-01,ALL,29.3,32.6,37.6,27.5
2025-11-01,ALL,29.5,32.6,37.6,27.5
2025-12-01,ALL,34.0,32.6,37.6,27.5
2026-01-01,ALL,37.5,32.6,37.6,27.5
2026-02-01,ALL,35.9,32.6,37.6,27.5
2026-03-01,ALL,30.9,32.6,37.6,27.5
2026-04-01,ALL,27.1,32.6,37.6,27.5
2026-05-01,ALL,35.6,32.6,37.6,27.5
2026-06-01,ALL,40.0,32.6,37.6,27.5
2026-07-01,ALL,35.6,32.6,37.6,27.5
2026-08-01,ALL,36.1,32.6,37.6,27.5
2026-09-01,ALL,16.5,32.6,37.6,27.5
2025-07-01,ALLE,23.1,20.7,25.6,15.9
2025-08-01,ALLE,17.4,20.7,25.6,15.9
2025-09-01,ALLE,19.1,20.7,25.6,15.9
2025-10-01,ALLE,19.2,20.7,25.6,15.9
2025-11-01,ALLE,14.3,20.7,25.6,15.9
2025-12-01,ALLE,18.4,20.7,25.6,15.9
2026-01-01,ALLE,17.6,20.7,25.6,15.9
2026-02-01,ALLE,18.5,20.7,25.6,15.9
2026-03-01,ALLE,19.1,20.7,25.6,15.9
2026-04-01,ALLE,22.0,20.7,25.6,15.9
2026-05-01,ALLE,20.3,20.7,25.6,15.9
2026-06-01,ALLE,25.1,20.7,25.6,15.9
2026-07-01,ALLE,31.3,20.7,25.6,15.9
2026-08-01,ALLE,29.2,20.7,25.6,15.9
2026-09-01,ALLE,11.0,20.7,25.6,15.9
2025-07-01,AMAT,136.5,162.7,200.5,124.9
2025-08-01,AMAT,171.9,162.7,200.5,124.9
2025-09-01,AMAT,186.6,162.7,200.5,124.9
2025-10-01,AMAT,181.5,162.7,200.5,124.9
2025-11-01,AMAT,161.5,162.7,200.5,124.9
2025-12-01,AMAT,138.7,162.7,200.5,124.9
2026-01-01,AMAT,157.2,162.7,200.5,124.9
2026-02-01,AMAT,167.3,162.7,200.5,124.9
2026-03-01,AMAT,152.4,162.7,200.5,124.9
2026-04-01,AMAT,117.1,162.7,200.5,124.9
2026-05-01,AMAT,153.8,162.7,200.5,124.9
2026-06-01,AMAT,257.2,162.7,200.5,124.9
2026-07-01,AMAT,200.3,162.7,200.5,124.9
2026-08-01,AMAT,151.2,162.7,200.5,124.9
2026-09-01,AMAT,64.3,162.7,200.5,124.9
2025-07-01,AMCR,93.8,96.7,122.8,70.6
2025-08-01,AMCR,115.9,96.7,122.8,70.6
2025-09-01,AMCR,98.5,96.7,122.8,70.6
2025-10-01,AMCR,98.3,96.7,122.8,70.6
2025-11-01,AMCR,103.5,96.7,122.8,70.6
2025-12-01,AMCR,75.8,96.7,122.8,70.6
2026-01-01,AMCR,117.8,96.7,122.8,70.6
2026-02-01,AMCR,118.7,96.7,122.8,70.6
2026-03-01,AMCR,163.1,96.7,122.8,70.6
2026-04-01,AMCR,84.8,96.7,122.8,70.6
2026-05-01,AMCR,88.6,96.7,122.8,70.6
2026-06-01,AMCR,73.8,96.7,122.8,70.6
2026-07-01,AMCR,80.2,96.7,122.8,70.6
2026-08-01,AMCR,77.9,96.7,122.8,70.6
2026-09-01,AMCR,35.5,96.7,122.8,70.6
2025-07-01,AMD,1186.3,872.9,1227.5,518.4
2025-08-01,AMD,1305.8,872.9,1227.5,518.4
2025-09-01,AMD,915.6,872.9,1227.5,518.4
2025-10-01,AMD,1759.7,872.9,1227.5,518.4
2025-11-01,AMD,1050.8,872.9,1227.5,518.4
2025-12-01,AMD,600.0,872.9,1227.5,518.4
2026-01-01,AMD,759.7,872.9,1227.5,518.4
2026-02-01,AMD,821.1,872.9,1227.5,518.4
2026-03-01,AMD,750.9,872.9,1227.5,518.4
2026-04-01,AMD,839.7,872.9,1227.5,518.4
2026-05-01,AMD,795.8,872.9,1227.5,518.4
2026-06-01,AMD,672.3,872.9,1227.5,518.4
2026-07-01,AMD,614.6,872.9,1227.5,518.4
2026-08-01,AMD,461.2,872.9,1227.5,518.4
2026-09-01,AMD,212.3,872.9,1227.5,518.4
2025-07-01,AME,31.3,27.0,30.9,23.0
2025-08-01,AME,25.4,27.0,30.9,23.0
2025-09-01,AME,24.4,27.0,30.9,23.0
2025-10-01,AME,31.1,27.0,30.9,23.0
2025-11-01,AME,27.3,27.0,30.9,23.0
2025-12-01,AME,30.0,27.0,30.9,23.0
2026-01-01,AME,25.1,27.0,30.9,23.0
2026-02-01,AME,27.2,27.0,30.9,23.0
2026-03-01,AME,33.5,27.0,30.9,23.0
2026-04-01,AME,24.0,27.0,30.9,23.0
2026-05-01,AME,26.0,27.0,30.9,23.0
2026-06-01,AME,26.6,27.0,30.9,23.0
2026-07-01,AME,22.5,27.0,30.9,23.0
2026-08-01,AME,29.3,27.0,30.9,23.0
2026-09-01,AME,14.8,27.0,30.9,23.0
2025-07-01,AMGN,41.5,53.4,61.5,45.4
2025-08-01,AMGN,43.2,53.4,61.5,45.4
2025-09-01,AMGN,56.4,53.4,61.5,45.4
2025-10-01,AMGN,49.2,53.4,61.5,45.4
2025-11-01,AMGN,58.4,53.4,61.5,45.4
2025-12-01,AMGN,64.3,53.4,61.5,45.4
2026-01-01,AMGN,55.0,53.4,61.5,45.4
2026-02-01,AMGN,57.9,53.4,61.5,45.4
2026-03-01,AMGN,59.5,53.4,61.5,45.4
2026-04-01,AMGN,51.7,53.4,61.5,45.4
2026-05-01,AMGN,53.6,53.4,61.5,45.4
2026-06-01,AMGN,66.1,53.4,61.5,45.4
2026-07-01,AMGN,51.7,53.4,61.5,45.4
2026-08-01,AMGN,53.9,53.4,61.5,45.4
2026-09-01,AMGN,31.3,53.4,61.5,45.4
2025-07-01,AMP,9.7,12.3,15.0,9.5
2025-08-01,AMP,8.2,12.3,15.0,9.5
2025-09-01,AMP,11.7,12.3,15.0,9.5
2025-10-01,AMP,13.1,12.3,15.0,9.5
2025-11-01,AMP,11.9,12.3,15.0,9.5
2025-12-01,AMP,13.4,12.3,15.0,9.5
2026-01-01,AMP,11.8,12.3,15.0,9.5
2026-02-01,AMP,15.3,12.3,15.0,9.5
2026-03-01,AMP,15.4,12.3,15.0,9.5
2026-04-01,AMP,14.7,12.3,15.0,9.5
2026-05-01,AMP,12.3,12.3,15.0,9.5
2026-06-01,AMP,16.0,12.3,15.0,9.5
2026-07-01,AMP,13.7,12.3,15.0,9.5
2026-08-01,AMP,8.0,12.3,15.0,9.5
2026-09-01,AMP,5.9,12.3,15.0,9.5
2025-07-01,AMT,43.7,61.2,73.8,48.6
2025-08-01,AMT,49.8,61.2,73.8,48.6
2025-09-01,AMT,70.0,61.2,73.8,48.6
2025-10-01,AMT,67.4,61.2,73.8,48.6
2025-11-01,AMT,56.0,61.2,73.8,48.6
2025-12-01,AMT,73.3,61.2,73.8,48.6
2026-01-01,AMT,64.6,61.2,73.8,48.6
2026-02-01,AMT,62.4,61.2,73.8,48.6
2026-03-01,AMT,72.9,61.2,73.8,48.6
2026-04-01,AMT,64.7,61.2,73.8,48.6
2026-05-01,AMT,58.7,61.2,73.8,48.6
2026-06-01,AMT,75.6,61.2,73.8,48.6
2026-07-01,AMT,72.3,61.2,73.8,48.6
2026-08-01,AMT,44.9,61.2,73.8,48.6
2026-09-01,AMT,24.3,61.2,73.8,48.6
2025-07-01,AMZN,856.0,950.6,1157.1,744.1
2025-08-01,AMZN,877.7,950.6,1157.1,744.1
2025-09-01,AMZN,965.1,950.6,1157.1,744.1
2025-10-01,AMZN,1196.9,950.6,1157.1,744.1
2025-11-01,AMZN,902.3,950.6,1157.1,744.1
2025-12-01,AMZN,788.0,950.6,1157.1,744.1
2026-01-01,AMZN,842.1,950.6,1157.1,744.1
2026-02-01,AMZN,1263.3,950.6,1157.1,744.1
2026-03-01,AMZN,1009.3,950.6,1157.1,744.1
2026-04-01,AMZN,1028.5,950.6,1157.1,744.1
2026-05-01,AMZN,790.3,950.6,1157.1,744.1
2026-06-01,AMZN,1314.0,950.6,1157.1,744.1
2026-07-01,AMZN,1013.2,950.6,1157.1,744.1
2026-08-01,AMZN,810.9,950.6,1157.1,744.1
2026-09-01,AMZN,332.1,950.6,1157.1,744.1
2025-07-01,ANET,187.4,171.1,211.1,131.1
2025-08-01,ANET,193.1,171.1,211.1,131.1
2025-09-01,ANET,199.3,171.1,211.1,131.1
2025-10-01,ANET,179.5,171.1,211.1,131.1
2025-11-01,ANET,189.6,171.1,211.1,131.1
2025-12-01,ANET,125.8,171.1,211.1,131.1
2026-01-01,ANET,165.8,171.1,211.1,131.1
2026-02-01,ANET,179.0,171.1,211.1,131.1
2026-03-01,ANET,145.1,171.1,211.1,131.1
2026-04-01,ANET,146.3,171.1,211.1,131.1
2026-05-01,ANET,267.4,171.1,211.1,131.1
2026-06-01,ANET,173.3,171.1,211.1,131.1
2026-07-01,ANET,167.9,171.1,211.1,131.1
2026-08-01,ANET,154.8,171.1,211.1,131.1
2026-09-01,ANET,48.0,171.1,211.1,131.1
2025-07-01,AON,29.8,27.7,33.1,22.3
2025-08-01,AON,26.7,27.7,33.1,22.3
2025-09-01,AON,26.4,27.7,33.1,22.3
2025-10-01,AON,27.7,27.7,33.1,22.3
2025-11-01,AON,22.5,27.7,33.1,22.3
2025-12-01,AON,19.8,27.7,33.1,22.3
2026-01-01,AON,24.0,27.7,33.1,22.3
2026-02-01,AON,35.3,27.7,33.1,22.3
2026-03-01,AON,30.9,27.7,33.1,22.3
2026-04-01,AON,27.3,27.7,33.1,22.3
2026-05-01,AON,30.8,27.7,33.1,22.3
2026-06-01,AON,39.4,27.7,33.1,22.3
2026-07-01,AON,30.6,27.7,33.1,22.3
2026-08-01,AON,18.7,27.7,33.1,22.3
2026-09-01,AON,24.3,27.7,33.1,22.3
2025-07-01,AOS,36.9,29.7,36.4,23.0
2025-08-01,AOS,21.1,29.7,36.4,23.0
2025-09-01,AOS,21.6,29.7,36.4,23.0
2025-10-01,AOS,29.0,29.7,36.4,23.0
2025-11-01,AOS,25.2,29.7,36.4,23.0
2025-12-01,AOS,26.1,29.7,36.4,23.0
2026-01-01,AOS,29.1,29.7,36.4,23.0
2026-02-01,AOS,24.9,29.7,36.4,23.0
2026-03-01,AOS,33.3,29.7,36.4,23.0
2026-04-01,AOS,34.1,29.7,36.4,23.0
2026-05-01,AOS,33.5,29.7,36.4,23.0
2026-06-01,AOS,39.9,29.7,36.4,23.0
2026-07-01,AOS,40.0,29.7,36.4,23.0
2026-08-01,AOS,28.6,29.7,36.4,23.0
2026-09-01,AOS,14.1,29.7,36.4,23.0
2025-07-01,APA,133.7,140.7,174.9,106.4
2025-08-01,APA,154.0,140.7,174.9,106.4
2025-09-01,APA,159.7,140.7,174.9,106.4
2025-10-01,APA,162.1,140.7,174.9,106.4
2025-11-01,APA,143.6,140.7,174.9,106.4
2025-12-01,APA,113.9,140.7,174.9,106.4
2026-01-01,APA,126.6,140.7,174.9,106.4
2026-02-01,APA,134.7,140.7,174.9,106.4
2026-03-01,APA,234.7,140.7,174.9,106.4
2026-04-01,APA,159.3,140.7,174.9,106.4
2026-05-01,APA,134.2,140.7,174.9,106.4
2026-06-01,APA,120.2,140.7,174.9,106.4
2026-07-01,APA,115.9,140.7,174.9,106.4
2026-08-01,APA,118.2,140.7,174.9,106.4
2026-09-01,APA,59.5,140.7,174.9,106.4
2025-07-01,APD,21.8,26.1,33.0,19.1
2025-08-01,APD,16.9,26.1,33.0,19.1
2025-09-01,APD,21.8,26.1,33.0,19.1
2025-10-01,APD,26.0,26.1,33.0,19.1
2025-11-01,APD,26.8,26.1,33.0,19.1
2025-12-01,APD,42.3,26.1,33.0,19.1
2026-01-01,APD,31.6,26.1,33.0,19.1
2026-02-01,APD,28.9,26.1,33.0,19.1
2026-03-01,APD,32.0,26.1,33.0,19.1
2026-04-01,APD,23.2,26.1,33.0,19.1
2026-05-01,APD,22.1,26.1,33.0,19.1
2026-06-01,APD,32.2,26.1,33.0,19.1
2026-07-01,APD,27.5,26.1,33.0,19.1
2026-08-01,APD,20.2,26.1,33.0,19.1
2026-09-01,APD,10.4,26.1,33.0,19.1
2025-07-01,APH,387.5,356.8,439.8,273.7
2025-08-01,APH,295.8,356.8,439.8,273.7
2025-09-01,APH,419.7,356.8,439.8,273.7
2025-10-01,APH,355.9,356.8,439.8,273.7
2025-11-01,APH,315.7,356.8,439.8,273.7
2025-12-01,APH,316.6,356.8,439.8,273.7
2026-01-01,APH,456.7,356.8,439.8,273.7
2026-02-01,APH,373.4,356.8,439.8,273.7
2026-03-01,APH,449.5,356.8,439.8,273.7
2026-04-01,APH,312.5,356.8,439.8,273.7
2026-05-01,APH,492.7,356.8,439.8,273.7
2026-06-01,APH,409.7,356.8,439.8,273.7
2026-07-01,APH,310.4,356.8,439.8,273.7
2026-08-01,APH,238.8,356.8,439.8,273.7
2026-09-01,APH,123.7,356.8,439.8,273.7
2025-07-01,APO,53.1,80.6,105.8,55.3
2025-08-01,APO,73.5,80.6,105.8,55.3
2025-09-01,APO,72.5,80.6,105.8,55.3
2025-10-01,APO,84.7,80.6,105.8,55.3
2025-11-01,APO,69.6,80.6,105.8,55.3
2025-12-01,APO,62.1,80.6,105.8,55.3
2026-01-01,APO,61.6,80.6,105.8,55.3
2026-02-01,APO,126.3,80.6,105.8,55.3
2026-03-01,APO,136.5,80.6,105.8,55.3
2026-04-01,APO,91.4,80.6,105.8,55.3
2026-05-01,APO,69.4,80.6,105.8,55.3
2026-06-01,APO,91.3,80.6,105.8,55.3
2026-07-01,APO,95.5,80.6,105.8,55.3
2026-08-01,APO,71.7,80.6,105.8,55.3
2026-09-01,APO,25.9,80.6,105.8,55.3
2025-07-01,APP,90.3,117.7,156.8,78.5
2025-08-01,APP,135.5,117.7,156.8,78.5
2025-09-01,APP,229.9,117.7,156.8,78.5
2025-10-01,APP,118.6,117.7,156.8,78.5
2025-11-01,APP,89.3,117.7,156.8,78.5
2025-12-01,APP,76.5,117.7,156.8,78.5
2026-01-01,APP,112.4,117.7,156.8,78.5
2026-02-01,APP,153.7,117.7,156.8,78.5
2026-03-01,APP,110.1,117.7,156.8,78.5
2026-04-01,APP,82.9,117.7,156.8,78.5
2026-05-01,APP,108.9,117.7,156.8,78.5
2026-06-01,APP,111.0,117.7,156.8,78.5
2026-07-01,APP,135.5,117.7,156.8,78.5
2026-08-01,APP,135.4,117.7,156.8,78.5
2026-09-01,APP,47.6,117.7,156.8,78.5
2025-07-01,APTV,51.4,58.3,79.8,36.9
2025-08-01,APTV,56.6,58.3,79.8,36.9
2025-09-01,APTV,46.8,58.3,79.8,36.9
2025-10-01,APTV,41.6,58.3,79.8,36.9
2025-11-01,APTV,47.7,58.3,79.8,36.9
2025-12-01,APTV,43.5,58.3,79.8,36.9
2026-01-01,APTV,49.7,58.3,79.8,36.9
2026-02-01,APTV,41.1,58.3,79.8,36.9
2026-03-01,APTV,55.6,58.3,79.8,36.9
2026-04-01,APTV,57.3,58.3,79.8,36.9
2026-05-01,APTV,83.7,58.3,79.8,36.9
2026-06-01,APTV,79.1,58.3,79.8,36.9
2026-07-01,APTV,52.0,58.3,79.8,36.9
2026-08-01,APTV,123.1,58.3,79.8,36.9
2026-09-01,APTV,38.4,58.3,79.8,36.9
2025-07-01,ARE,36.9,45.6,59.0,32.3
2025-08-01,ARE,29.5,45.6,59.0,32.3
2025-09-01,ARE,27.9,45.6,59.0,32.3
2025-10-01,ARE,65.1,45.6,59.0,32.3
2025-11-01,ARE,49.1,45.6,59.0,32.3
2025-12-01,ARE,70.3,45.6,59.0,32.3
2026-01-01,ARE,58.3,45.6,59.0,32.3
2026-02-01,ARE,48.4,45.6,59.0,32.3
2026-03-01,ARE,47.0,45.6,59.0,32.3
2026-04-01,ARE,55.2,45.6,59.0,32.3
2026-05-01,ARE,39.8,45.6,59.0,32.3
2026-06-01,ARE,45.0,45.6,59.0,32.3
2026-07-01,ARE,35.0,45.6,59.0,32.3
2026-08-01,ARE,46.4,45.6,59.0,32.3
2026-09-01,ARE,16.9,45.6,59.0,32.3
2025-07-01,ARES,30.7,55.5,81.4,29.6
2025-08-01,ARES,28.9,55.5,81.4,29.6
2025-09-01,ARES,32.9,55.5,81.4,29.6
2025-10-01,ARES,53.8,55.5,81.4,29.6
2025-11-01,ARES,32.3,55.5,81.4,29.6
2025-12-01,ARES,108.2,55.5,81.4,29.6
2026-01-01,ARES,42.0,55.5,81.4,29.6
2026-02-01,ARES,97.1,55.5,81.4,29.6
2026-03-01,ARES,94.0,55.5,81.4,29.6
2026-04-01,ARES,72.0,55.5,81.4,29.6
2026-05-01,ARES,56.1,55.5,81.4,29.6
2026-06-01,ARES,57.7,55.5,81.4,29.6
2026-07-01,ARES,45.7,55.5,81.4,29.6
2026-08-01,ARES,44.7,55.5,81.4,29.6
2026-09-01,ARES,20.3,55.5,81.4,29.6
2025-07-01,ASC,12.3,12.7,14.9,10.5
2025-08-01,ASC,11.2,12.7,14.9,10.5
2025-09-01,ASC,11.2,12.7,14.9,10.5
2025-10-01,ASC,11.0,12.7,14.9,10.5
2025-11-01,ASC,11.8,12.7,14.9,10.5
2025-12-01,ASC,12.0,12.7,14.9,10.5
2026-01-01,ASC,13.3,12.7,14.9,10.5
2026-02-01,ASC,14.8,12.7,14.9,10.5
2026-03-01,ASC,17.2,12.7,14.9,10.5
2026-04-01,ASC,11.8,12.7,14.9,10.5
2026-05-01,ASC,15.8,12.7,14.9,10.5
2026-06-01,ASC,13.9,12.7,14.9,10.5
2026-07-01,ASC,12.9,12.7,14.9,10.5
2026-08-01,ASC,13.1,12.7,14.9,10.5
2026-09-01,ASC,6.2,12.7,14.9,10.5
2025-07-01,ATO,14.3,22.5,28.8,16.2
2025-08-01,ATO,21.0,22.5,28.8,16.2
2025-09-01,ATO,17.8,22.5,28.8,16.2
2025-10-01,ATO,17.4,22.5,28.8,16.2
2025-11-01,ATO,23.7,22.5,28.8,16.2
2025-12-01,ATO,21.3,22.5,28.8,16.2
2026-01-01,ATO,31.0,22.5,28.8,16.2
2026-02-01,ATO,25.9,22.5,28.8,16.2
2026-03-01,ATO,25.6,22.5,28.8,16.2
2026-04-01,ATO,16.2,22.5,28.8,16.2
2026-05-01,ATO,32.2,22.5,28.8,16.2
2026-06-01,ATO,34.2,22.5,28.8,16.2
2026-07-01,ATO,22.6,22.5,28.8,16.2
2026-08-01,ATO,21.6,22.5,28.8,16.2
2026-09-01,ATO,9.6,22.5,28.8,16.2
2025-07-01,AVGO,376.9,517.1,670.9,363.4
2025-08-01,AVGO,374.0,517.1,670.9,363.4
2025-09-01,AVGO,633.9,517.1,670.9,363.4
2025-10-01,AVGO,485.6,517.1,670.9,363.4
2025-11-01,AVGO,426.7,517.1,670.9,363.4
2025-12-01,AVGO,883.4,517.1,670.9,363.4
2026-01-01,AVGO,514.8,517.1,670.9,363.4
2026-02-01,AVGO,471.5,517.1,670.9,363.4
2026-03-01,AVGO,649.5,517.1,670.9,363.4
2026-04-01,AVGO,457.9,517.1,670.9,363.4
2026-05-01,AVGO,391.4,517.1,670.9,363.4
2026-06-01,AVGO,775.8,517.1,670.9,363.4
2026-07-01,AVGO,462.3,517.1,670.9,363.4
2026-08-01,AVGO,410.2,517.1,670.9,363.4
2026-09-01,AVGO,333.4,517.1,670.9,363.4
2025-07-01,AVY,13.6,14.9,17.7,12.0
2025-08-01,AVY,12.6,14.9,17.7,12.0
2025-09-01,AVY,13.4,14.9,17.7,12.0
2025-10-01,AVY,18.2,14.9,17.7,12.0
2025-11-01,AVY,13.6,14.9,17.7,12.0
2025-12-01,AVY,16.0,14.9,17.7,12.0
2026-01-01,AVY,11.8,14.9,17.7,12.0
2026-02-01,AVY,13.4,14.9,17.7,12.0
2026-03-01,AVY,15.1,14.9,17.7,12.0
2026-04-01,AVY,13.0,14.9,17.7,12.0
2026-05-01,AVY,13.5,14.9,17.7,12.0
2026-06-01,AVY,16.2,14.9,17.7,12.0
2026-07-01,AVY,18.1,14.9,17.7,12.0
2026-08-01,AVY,21.8,14.9,17.7,12.0
2026-09-01,AVY,9.3,14.9,17.7,12.0
2025-07-01,AWK,25.4,37.4,45.8,29.0
2025-08-01,AWK,33.0,37.4,45.8,29.0
2025-09-01,AWK,24.9,37.4,45.8,29.0
2025-10-01,AWK,33.8,37.4,45.8,29.0
2025-11-01,AWK,40.3,37.4,45.8,29.0
2025-12-01,AWK,40.4,37.4,45.8,29.0
2026-01-01,AWK,29.8,37.4,45.8,29.0
2026-02-01,AWK,39.7,37.4,45.8,29.0
2026-03-01,AWK,41.3,37.4,45.8,29.0
2026-04-01,AWK,40.1,37.4,45.8,29.0
2026-05-01,AWK,38.3,37.4,45.8,29.0
2026-06-01,AWK,50.4,37.4,45.8,29.0
2026-07-01,AWK,50.2,37.4,45.8,29.0
2026-08-01,AWK,46.1,37.4,45.8,29.0
2026-09-01,AWK,20.2,37.4,45.8,29.0
2025-07-01,AXON,13.7,18.7,23.7,13.7
2025-08-01,AXON,14.7,18.7,23.7,13.7
2025-09-01,AXON,12.4,18.7,23.7,13.7
2025-10-01,AXON,12.0,18.7,23.7,13.7
2025-11-01,AXON,22.1,18.7,23.7,13.7
2025-12-01,AXON,17.8,18.7,23.7,13.7
2026-01-01,AXON,14.8,18.7,23.7,13.7
2026-02-01,AXON,27.5,18.7,23.7,13.7
2026-03-01,AXON,18.2,18.7,23.7,13.7
2026-04-01,AXON,24.1,18.7,23.7,13.7
2026-05-01,AXON,26.1,18.7,23.7,13.7
2026-06-01,AXON,25.0,18.7,23.7,13.7
2026-07-01,AXON,19.3,18.7,23.7,13.7
2026-08-01,AXON,19.3,18.7,23.7,13.7
2026-09-01,AXON,13.0,18.7,23.7,13.7
2025-07-01,AXP,58.0,60.5,73.0,48.1
2025-08-01,AXP,49.1,60.5,73.0,48.1
2025-09-01,AXP,59.4,60.5,73.0,48.1
2025-10-01,AXP,57.4,60.5,73.0,48.1
2025-11-01,AXP,48.1,60.5,73.0,48.1
2025-12-01,AXP,54.1,60.5,73.0,48.1
2026-01-01,AXP,62.7,60.5,73.0,48.1
2026-02-01,AXP,75.7,60.5,73.0,48.1
2026-03-01,AXP,88.5,60.5,73.0,48.1
2026-04-01,AXP,65.3,60.5,73.0,48.1
2026-05-01,AXP,62.6,60.5,73.0,48.1
2026-06-01,AXP,66.8,60.5,73.0,48.1
2026-07-01,AXP,69.3,60.5,73.0,48.1
2026-08-01,AXP,48.8,60.5,73.0,48.1
2026-09-01,AXP,27.8,60.5,73.0,48.1
2025-07-01,AZO,2.6,4.1,6.4,1.8
2025-08-01,AZO,2.2,4.1,6.4,1.8
2025-09-01,AZO,2.9,4.1,6.4,1.8
2025-10-01,AZO,3.0,4.1,6.4,1.8
2025-11-01,AZO,2.3,4.1,6.4,1.8
2025-12-01,AZO,3.9,4.1,6.4,1.8
2026-01-01,AZO,3.9,4.1,6.4,1.8
2026-02-01,AZO,2.6,4.1,6.4,1.8
2026-03-01,AZO,3.3,4.1,6.4,1.8
2026-04-01,AZO,4.3,4.1,6.4,1.8
2026-05-01,AZO,6.5,4.1,6.4,1.8
2026-06-01,AZO,11.6,4.1,6.4,1.8
2026-07-01,AZO,4.3,4.1,6.4,1.8
2026-08-01,AZO,4.8,4.1,6.4,1.8
2026-09-01,AZO,3.6,4.1,6.4,1.8
2025-07-01,BA,169.6,147.0,178.1,116.0
2025-08-01,BA,127.3,147.0,178.1,116.0
2025-09-01,BA,172.4,147.0,178.1,116.0
2025-10-01,BA,187.1,147.0,178.1,116.0
2025-11-01,BA,157.6,147.0,178.1,116.0
2025-12-01,BA,180.8,147.0,178.1,116.0
2026-01-01,BA,182.6,147.0,178.1,116.0
2026-02-01,BA,110.6,147.0,178.1,116.0
2026-03-01,BA,167.7,147.0,178.1,116.0
2026-04-01,BA,131.4,147.0,178.1,116.0
2026-05-01,BA,144.5,147.0,178.1,116.0
2026-06-01,BA,132.9,147.0,178.1,116.0
2026-07-01,BA,124.3,147.0,178.1,116.0
2026-08-01,BA,112.5,147.0,178.1,116.0
2026-09-01,BA,59.7,147.0,178.1,116.0
2025-07-01,BAC,906.4,760.7,875.4,646.0
2025-08-01,BAC,728.4,760.7,875.4,646.0
2025-09-01,BAC,754.2,760.7,875.4,646.0
2025-10-01,BAC,763.0,760.7,875.4,646.0
2025-11-01,BAC,712.1,760.7,875.4,646.0
2025-12-01,BAC,799.4,760.7,875.4,646.0
2026-01-01,BAC,792.4,760.7,875.4,646.0
2026-02-01,BAC,844.4,760.7,875.4,646.0
2026-03-01,BAC,973.4,760.7,875.4,646.0
2026-04-01,BAC,688.9,760.7,875.4,646.0
2026-05-01,BAC,730.9,760.7,875.4,646.0
2026-06-01,BAC,807.4,760.7,875.4,646.0
2026-07-01,BAC,740.4,760.7,875.4,646.0
2026-08-01,BAC,600.8,760.7,875.4,646.0
2026-09-01,BAC,398.4,760.7,875.4,646.0
2025-07-01,BALL,41.0,50.6,62.0,39.3
2025-08-01,BALL,55.5,50.6,62.0,39.3
2025-09-01,BALL,49.4,50.6,62.0,39.3
2025-10-01,BALL,60.5,50.6,62.0,39.3
2025-11-01,BALL,65.4,50.6,62.0,39.3
2025-12-01,BALL,55.8,50.6,62.0,39.3
2026-01-01,BALL,41.2,50.6,62.0,39.3
2026-02-01,BALL,49.4,50.6,62.0,39.3
2026-03-01,BALL,47.7,50.6,62.0,39.3
2026-04-01,BALL,49.7,50.6,62.0,39.3
2026-05-01,BALL,61.2,50.6,62.0,39.3
2026-06-01,BALL,71.9,50.6,62.0,39.3
2026-07-01,BALL,41.4,50.6,62.0,39.3
2026-08-01,BALL,36.8,50.6,62.0,39.3
2026-09-01,BALL,21.4,50.6,62.0,39.3
2025-07-01,BAX,159.2,161.0,193.9,128.1
2025-08-01,BAX,174.9,161.0,193.9,128.1
2025-09-01,BAX,140.9,161.0,193.9,128.1
2025-10-01,BAX,149.7,161.0,193.9,128.1
2025-11-01,BAX,170.5,161.0,193.9,128.1
2025-12-01,BAX,173.4,161.0,193.9,128.1
2026-01-01,BAX,178.9,161.0,193.9,128.1
2026-02-01,BAX,227.1,161.0,193.9,128.1
2026-03-01,BAX,215.7,161.0,193.9,128.1
2026-04-01,BAX,160.1,161.0,193.9,128.1
2026-05-01,BAX,141.3,161.0,193.9,128.1
2026-06-01,BAX,147.0,161.0,193.9,128.1
2026-07-01,BAX,146.9,161.0,193.9,128.1
2026-08-01,BAX,130.8,161.0,193.9,128.1
2026-09-01,BAX,61.3,161.0,193.9,128.1
2025-07-01,BBY,76.6,83.1,100.2,66.0
2025-08-01,BBY,75.3,83.1,100.2,66.0
2025-09-01,BBY,71.1,83.1,100.2,66.0
2025-10-01,BBY,77.1,83.1,100.2,66.0
2025-11-01,BBY,70.0,83.1,100.2,66.0
2025-12-01,BBY,102.2,83.1,100.2,66.0
2026-01-01,BBY,91.9,83.1,100.2,66.0
2026-02-01,BBY,83.8,83.1,100.2,66.0
2026-03-01,BBY,127.3,83.1,100.2,66.0
2026-04-01,BBY,67.9,83.1,100.2,66.0
2026-05-01,BBY,93.9,83.1,100.2,66.0
2026-06-01,BBY,88.6,83.1,100.2,66.0
2026-07-01,BBY,75.2,83.1,100.2,66.0
2026-08-01,BBY,82.3,83.1,100.2,66.0
2026-09-01,BBY,44.3,83.1,100.2,66.0
2025-07-01,BDX,81.2,55.3,69.9,40.7
2025-08-01,BDX,67.6,55.3,69.9,40.7
2025-09-01,BDX,42.7,55.3,69.9,40.7
2025-10-01,BDX,49.4,55.3,69.9,40.7
2025-11-01,BDX,69.7,55.3,69.9,40.7
2025-12-01,BDX,53.8,55.3,69.9,40.7
2026-01-01,BDX,45.9,55.3,69.9,40.7
2026-02-01,BDX,69.7,55.3,69.9,40.7
2026-03-01,BDX,54.2,55.3,69.9,40.7
2026-04-01,BDX,58.7,55.3,69.9,40.7
2026-05-01,BDX,67.5,55.3,69.9,40.7
2026-06-01,BDX,61.0,55.3,69.9,40.7
2026-07-01,BDX,38.8,55.3,69.9,40.7
2026-08-01,BDX,38.7,55.3,69.9,40.7
2026-09-01,BDX,17.5,55.3,69.9,40.7
2025-07-01,BEN,86.2,93.1,112.1,74.1
2025-08-01,BEN,75.3,93.1,112.1,74.1
2025-09-01,BEN,82.8,93.1,112.1,74.1
2025-10-01,BEN,104.2,93.1,112.1,74.1
2025-11-01,BEN,94.0,93.1,112.1,74.1
2025-12-01,BEN,78.9,93.1,112.1,74.1
2026-01-01,BEN,114.2,93.1,112.1,74.1
2026-02-01,BEN,106.9,93.1,112.1,74.1
2026-03-01,BEN,119.2,93.1,112.1,74.1
2026-04-01,BEN,114.7,93.1,112.1,74.1
2026-05-01,BEN,85.0,93.1,112.1,74.1
2026-06-01,BEN,99.3,93.1,112.1,74.1
2026-07-01,BEN,105.0,93.1,112.1,74.1
2026-08-01,BEN,72.0,93.1,112.1,74.1
2026-09-01,BEN,34.4,93.1,112.1,74.1
2025-07-01,BF.B,91.2,85.1,118.6,51.6
2025-08-01,BF.B,73.0,85.1,118.6,51.6
2025-09-01,BF.B,72.3,85.1,118.6,51.6
2025-10-01,BF.B,77.0,85.1,118.6,51.6
2025-11-01,BF.B,74.8,85.1,118.6,51.6
2025-12-01,BF.B,120.9,85.1,118.6,51.6
2026-01-01,BF.B,102.7,85.1,118.6,51.6
2026-02-01,BF.B,96.0,85.1,118.6,51.6
2026-03-01,BF.B,173.5,85.1,118.6,51.6
2026-04-01,BF.B,107.0,85.1,118.6,51.6
2026-05-01,BF.B,67.2,85.1,118.6,51.6
2026-06-01,BF.B,69.0,85.1,118.6,51.6
2026-07-01,BF.B,56.8,85.1,118.6,51.6
2026-08-01,BF.B,38.6,85.1,118.6,51.6
2026-09-01,BF.B,28.9,85.1,118.6,51.6
2025-07-01,BG,43.9,35.5,42.4,28.6
2025-08-01,BG,41.9,35.5,42.4,28.6
2025-09-01,BG,43.9,35.5,42.4,28.6
2025-10-01,BG,39.8,35.5,42.4,28.6
2025-11-01,BG,30.2,35.5,42.4,28.6
2025-12-01,BG,27.4,35.5,42.4,28.6
2026-01-01,BG,36.0,35.5,42.4,28.6
2026-02-01,BG,31.2,35.5,42.4,28.6
2026-03-01,BG,46.2,35.5,42.4,28.6
2026-04-01,BG,31.4,35.5,42.4,28.6
2026-05-01,BG,33.3,35.5,42.4,28.6
2026-06-01,BG,39.1,35.5,42.4,28.6
2026-07-01,BG,31.3,35.5,42.4,28.6
2026-08-01,BG,29.1,35.5,42.4,28.6
2026-09-01,BG,18.9,35.5,42.4,28.6
2025-07-01,BIIB,29.4,29.8,39.0,20.5
2025-08-01,BIIB,30.5,29.8,39.0,20.5
2025-09-01,BIIB,35.3,29.8,39.0,20.5
2025-10-01,BIIB,40.4,29.8,39.0,20.5
2025-11-01,BIIB,38.5,29.8,39.0,20.5
2025-12-01,BIIB,49.7,29.8,39.0,20.5
2026-01-01,BIIB,31.2,29.8,39.0,20.5
2026-02-01,BIIB,27.6,29.8,39.0,20.5
2026-03-01,BIIB,21.9,29.8,39.0,20.5
2026-04-01,BIIB,28.5,29.8,39.0,20.5
2026-05-01,BIIB,22.3,29.8,39.0,20.5
2026-06-01,BIIB,24.2,29.8,39.0,20.5
2026-07-01,BIIB,31.7,29.8,39.0,20.5
2026-08-01,BIIB,16.0,29.8,39.0,20.5
2026-09-01,BIIB,8.4,29.8,39.0,20.5
2025-07-01,BKNG,106.5,146.1,199.3,93.0
2025-08-01,BKNG,93.4,146.1,199.3,93.0
2025-09-01,BKNG,109.5,146.1,199.3,93.0
2025-10-01,BKNG,158.4,146.1,199.3,93.0
2025-11-01,BKNG,139.1,146.1,199.3,93.0
2025-12-01,BKNG,127.2,146.1,199.3,93.0
2026-01-01,BKNG,108.3,146.1,199.3,93.0
2026-02-01,BKNG,312.3,146.1,199.3,93.0
2026-03-01,BKNG,203.7,146.1,199.3,93.0
2026-04-01,BKNG,153.2,146.1,199.3,93.0
2026-05-01,BKNG,152.2,146.1,199.3,93.0
2026-06-01,BKNG,182.5,146.1,199.3,93.0
2026-07-01,BKNG,135.5,146.1,199.3,93.0
2026-08-01,BKNG,113.7,146.1,199.3,93.0
2026-09-01,BKNG,82.4,146.1,199.3,93.0
2025-07-01,BKR,192.4,168.1,209.1,127.1
2025-08-01,BKR,103.3,168.1,209.1,127.1
2025-09-01,BKR,141.1,168.1,209.1,127.1
2025-10-01,BKR,179.9,168.1,209.1,127.1
2025-11-01,BKR,129.0,168.1,209.1,127.1
2025-12-01,BKR,158.6,168.1,209.1,127.1
2026-01-01,BKR,204.2,168.1,209.1,127.1
2026-02-01,BKR,164.1,168.1,209.1,127.1
2026-03-01,BKR,251.0,168.1,209.1,127.1
2026-04-01,BKR,179.4,168.1,209.1,127.1
2026-05-01,BKR,160.0,168.1,209.1,127.1
2026-06-01,BKR,168.2,168.1,209.1,127.1
2026-07-01,BKR,224.8,168.1,209.1,127.1
2026-08-01,BKR,134.8,168.1,209.1,127.1
2026-09-01,BKR,83.5,168.1,209.1,127.1
2025-07-01,BLDR,49.9,46.3,54.1,38.4
2025-08-01,BLDR,46.0,46.3,54.1,38.4
2025-09-01,BLDR,41.1,46.3,54.1,38.4
2025-10-01,BLDR,40.2,46.3,54.1,38.4
2025-11-01,BLDR,48.7,46.3,54.1,38.4
2025-12-01,BLDR,36.1,46.3,54.1,38.4
2026-01-01,BLDR,41.1,46.3,54.1,38.4
2026-02-01,BLDR,46.2,46.3,54.1,38.4
2026-03-01,BLDR,56.0,46.3,54.1,38.4
2026-04-01,BLDR,47.5,46.3,54.1,38.4
2026-05-01,BLDR,64.0,46.3,54.1,38.4
2026-06-01,BLDR,51.0,46.3,54.1,38.4
2026-07-01,BLDR,51.5,46.3,54.1,38.4
2026-08-01,BLDR,39.1,46.3,54.1,38.4
2026-09-01,BLDR,29.1,46.3,54.1,38.4
2025-07-01,BLK,14.2,14.3,17.9,10.7
2025-08-01,BLK,10.1,14.3,17.9,10.7
2025-09-01,BLK,11.4,14.3,17.9,10.7
2025-10-01,BLK,16.1,14.3,17.9,10.7
2025-11-01,BLK,12.3,14.3,17.9,10.7
2025-12-01,BLK,12.1,14.3,17.9,10.7
2026-01-01,BLK,15.4,14.3,17.9,10.7
2026-02-01,BLK,15.9,14.3,17.9,10.7
2026-03-01,BLK,22.2,14.3,17.9,10.7
2026-04-01,BLK,14.8,14.3,17.9,10.7
2026-05-01,BLK,12.2,14.3,17.9,10.7
2026-06-01,BLK,18.5,14.3,17.9,10.7
2026-07-01,BLK,17.5,14.3,17.9,10.7
2026-08-01,BLK,12.3,14.3,17.9,10.7
2026-09-01,BLK,5.7,14.3,17.9,10.7
2025-07-01,BMY,294.3,270.2,337.8,202.6
2025-08-01,BMY,225.4,270.2,337.8,202.6
2025-09-01,BMY,305.6,270.2,337.8,202.6
2025-10-01,BMY,410.4,270.2,337.8,202.6
2025-11-01,BMY,269.7,270.2,337.8,202.6
2025-12-01,BMY,357.3,270.2,337.8,202.6
2026-01-01,BMY,256.1,270.2,337.8,202.6
2026-02-01,BMY,263.3,270.2,337.8,202.6
2026-03-01,BMY,307.9,270.2,337.8,202.6
2026-04-01,BMY,203.2,270.2,337.8,202.6
2026-05-01,BMY,214.5,270.2,337.8,202.6
2026-06-01,BMY,294.7,270.2,337.8,202.6
2026-07-01,BMY,241.6,270.2,337.8,202.6
2026-08-01,BMY,223.9,270.2,337.8,202.6
2026-09-01,BMY,81.8,270.2,337.8,202.6
2025-07-01,BNY,97.1,74.2,88.0,60.3
2025-08-01,BNY,66.4,74.2,88.0,60.3
2025-09-01,BNY,64.8,74.2,88.0,60.3
2025-10-01,BNY,84.1,74.2,88.0,60.3
2025-11-01,BNY,61.5,74.2,88.0,60.3
2025-12-01,BNY,74.1,74.2,88.0,60.3
2026-01-01,BNY,78.9,74.2,88.0,60.3
2026-02-01,BNY,76.7,74.2,88.0,60.3
2026-03-01,BNY,75.8,74.2,88.0,60.3
2026-04-01,BNY,83.8,74.2,88.0,60.3
2026-05-01,BNY,71.3,74.2,88.0,60.3
2026-06-01,BNY,87.6,74.2,88.0,60.3
2026-07-01,BNY,83.8,74.2,88.0,60.3
2026-08-01,BNY,52.4,74.2,88.0,60.3
2026-09-01,BNY,33.3,74.2,88.0,60.3
2025-07-01,BR,16.8,22.7,32.0,13.5
2025-08-01,BR,16.3,22.7,32.0,13.5
2025-09-01,BR,13.9,22.7,32.0,13.5
2025-10-01,BR,13.1,22.7,32.0,13.5
2025-11-01,BR,15.2,22.7,32.0,13.5
2025-12-01,BR,14.6,22.7,32.0,13.5
2026-01-01,BR,16.3,22.7,32.0,13.5
2026-02-01,BR,33.3,22.7,32.0,13.5
2026-03-01,BR,39.6,22.7,32.0,13.5
2026-04-01,BR,27.6,22.7,32.0,13.5
2026-05-01,BR,32.8,22.7,32.0,13.5
2026-06-01,BR,36.4,22.7,32.0,13.5
2026-07-01,BR,21.3,22.7,32.0,13.5
2026-08-01,BR,28.8,22.7,32.0,13.5
2026-09-01,BR,10.9,22.7,32.0,13.5
2025-07-01,BRK.B,96.6,96.8,111.1,82.4
2025-08-01,BRK.B,104.6,96.8,111.1,82.4
2025-09-01,BRK.B,87.8,96.8,111.1,82.4
2025-10-01,BRK.B,94.5,96.8,111.1,82.4
2025-11-01,BRK.B,108.4,96.8,111.1,82.4
2025-12-01,BRK.B,96.0,96.8,111.1,82.4
2026-01-01,BRK.B,97.4,96.8,111.1,82.4
2026-02-01,BRK.B,89.2,96.8,111.1,82.4
2026-03-01,BRK.B,113.6,96.8,111.1,82.4
2026-04-01,BRK.B,95.3,96.8,111.1,82.4
2026-05-01,BRK.B,99.8,96.8,111.1,82.4
2026-06-01,BRK.B,122.2,96.8,111.1,82.4
2026-07-01,BRK.B,90.0,96.8,111.1,82.4
2026-08-01,BRK.B,90.1,96.8,111.1,82.4
2026-09-01,BRK.B,43.4,96.8,111.1,82.4
2025-07-01,BRO,87.8,61.9,77.0,46.9
2025-08-01,BRO,59.5,61.9,77.0,46.9
2025-09-01,BRO,53.8,61.9,77.0,46.9
2025-10-01,BRO,73.5,61.9,77.0,46.9
2025-11-01,BRO,48.6,61.9,77.0,46.9
2025-12-01,BRO,54.1,61.9,77.0,46.9
2026-01-01,BRO,62.1,61.9,77.0,46.9
2026-02-01,BRO,76.4,61.9,77.0,46.9
2026-03-01,BRO,75.8,61.9,77.0,46.9
2026-04-01,BRO,57.2,61.9,77.0,46.9
2026-05-01,BRO,70.2,61.9,77.0,46.9
2026-06-01,BRO,69.2,61.9,77.0,46.9
2026-07-01,BRO,63.1,61.9,77.0,46.9
2026-08-01,BRO,37.4,61.9,77.0,46.9
2026-09-01,BRO,19.8,61.9,77.0,46.9
2025-07-01,BSX,167.0,294.2,405.9,182.5
2025-08-01,BSX,123.4,294.2,405.9,182.5
2025-09-01,BSX,226.9,294.2,405.9,182.5
2025-10-01,BSX,208.5,294.2,405.9,182.5
2025-11-01,BSX,166.1,294.2,405.9,182.5
2025-12-01,BSX,204.3,294.2,405.9,182.5
2026-01-01,BSX,246.5,294.2,405.9,182.5
2026-02-01,BSX,401.6,294.2,405.9,182.5
2026-03-01,BSX,326.8,294.2,405.9,182.5
2026-04-01,BSX,374.4,294.2,405.9,182.5
2026-05-01,BSX,424.4,294.2,405.9,182.5
2026-06-01,BSX,460.8,294.2,405.9,182.5
2026-07-01,BSX,431.5,294.2,405.9,182.5
2026-08-01,BSX,407.8,294.2,405.9,182.5
2026-09-01,BSX,226.0,294.2,405.9,182.5
2025-07-01,BTI,135.8,92.3,109.5,75.1
2025-08-01,BTI,96.2,92.3,109.5,75.1
2025-09-01,BTI,94.2,92.3,109.5,75.1
2025-10-01,BTI,86.3,92.3,109.5,75.1
2025-11-01,BTI,77.1,92.3,109.5,75.1
2025-12-01,BTI,67.2,92.3,109.5,75.1
2026-01-01,BTI,86.4,92.3,109.5,75.1
2026-02-01,BTI,105.4,92.3,109.5,75.1
2026-03-01,BTI,115.0,92.3,109.5,75.1
2026-04-01,BTI,83.5,92.3,109.5,75.1
2026-05-01,BTI,79.3,92.3,109.5,75.1
2026-06-01,BTI,99.3,92.3,109.5,75.1
2026-07-01,BTI,90.9,92.3,109.5,75.1
2026-08-01,BTI,88.2,92.3,109.5,75.1
2026-09-01,BTI,67.4,92.3,109.5,75.1
2025-07-01,BTU,126.2,77.0,105.5,48.5
2025-08-01,BTU,90.6,77.0,105.5,48.5
2025-09-01,BTU,113.1,77.0,105.5,48.5
2025-10-01,BTU,129.6,77.0,105.5,48.5
2025-11-01,BTU,57.8,77.0,105.5,48.5
2025-12-01,BTU,54.7,77.0,105.5,48.5
2026-01-01,BTU,64.0,77.0,105.5,48.5
2026-02-01,BTU,56.9,77.0,105.5,48.5
2026-03-01,BTU,88.7,77.0,105.5,48.5
2026-04-01,BTU,62.9,77.0,105.5,48.5
2026-05-01,BTU,80.0,77.0,105.5,48.5
2026-06-01,BTU,70.9,77.0,105.5,48.5
2026-07-01,BTU,56.6,77.0,105.5,48.5
2026-08-01,BTU,45.6,77.0,105.5,48.5
2026-09-01,BTU,25.2,77.0,105.5,48.5
2025-07-01,BX,87.4,108.2,157.3,59.1
2025-08-01,BX,75.2,108.2,157.3,59.1
2025-09-01,BX,77.2,108.2,157.3,59.1
2025-10-01,BX,94.6,108.2,157.3,59.1
2025-11-01,BX,87.0,108.2,157.3,59.1
2025-12-01,BX,78.3,108.2,157.3,59.1
2026-01-01,BX,80.9,108.2,157.3,59.1
2026-02-01,BX,183.4,108.2,157.3,59.1
2026-03-01,BX,246.9,108.2,157.3,59.1
2026-04-01,BX,140.8,108.2,157.3,59.1
2026-05-01,BX,94.4,108.2,157.3,59.1
2026-06-01,BX,121.9,108.2,157.3,59.1
2026-07-01,BX,105.9,108.2,157.3,59.1
2026-08-01,BX,80.7,108.2,157.3,59.1
2026-09-01,BX,38.6,108.2,157.3,59.1
2025-07-01,BXP,33.7,37.2,49.9,24.5
2025-08-01,BXP,32.0,37.2,49.9,24.5
2025-09-01,BXP,52.1,37.2,49.9,24.5
2025-10-01,BXP,41.7,37.2,49.9,24.5
2025-11-01,BXP,25.5,37.2,49.9,24.5
2025-12-01,BXP,27.9,37.2,49.9,24.5
2026-01-01,BXP,38.8,37.2,49.9,24.5
2026-02-01,BXP,68.9,37.2,49.9,24.5
2026-03-01,BXP,55.0,37.2,49.9,24.5
2026-04-01,BXP,41.2,37.2,49.9,24.5
2026-05-01,BXP,28.9,37.2,49.9,24.5
2026-06-01,BXP,33.1,37.2,49.9,24.5
2026-07-01,BXP,32.9,37.2,49.9,24.5
2026-08-01,BXP,24.5,37.2,49.9,24.5
2026-09-01,BXP,13.0,37.2,49.9,24.5
2025-07-01,C,360.5,273.9,333.9,213.8
2025-08-01,C,282.9,273.9,333.9,213.8
2025-09-01,C,288.2,273.9,333.9,213.8
2025-10-01,C,310.9,273.9,333.9,213.8
2025-11-01,C,218.8,273.9,333.9,213.8
2025-12-01,C,303.5,273.9,333.9,213.8
2026-01-01,C,297.3,273.9,333.9,213.8
2026-02-01,C,283.8,273.9,333.9,213.8
2026-03-01,C,358.3,273.9,333.9,213.8
2026-04-01,C,235.7,273.9,333.9,213.8
2026-05-01,C,220.1,273.9,333.9,213.8
2026-06-01,C,294.8,273.9,333.9,213.8
2026-07-01,C,279.1,273.9,333.9,213.8
2026-08-01,C,183.2,273.9,333.9,213.8
2026-09-01,C,96.1,273.9,333.9,213.8
2025-07-01,CAG,279.0,277.6,358.3,196.8
2025-08-01,CAG,251.7,277.6,358.3,196.8
2025-09-01,CAG,225.3,277.6,358.3,196.8
2025-10-01,CAG,277.5,277.6,358.3,196.8
2025-11-01,CAG,185.9,277.6,358.3,196.8
2025-12-01,CAG,212.2,277.6,358.3,196.8
2026-01-01,CAG,266.3,277.6,358.3,196.8
2026-02-01,CAG,259.4,277.6,358.3,196.8
2026-03-01,CAG,349.4,277.6,358.3,196.8
2026-04-01,CAG,317.8,277.6,358.3,196.8
2026-05-01,CAG,280.8,277.6,358.3,196.8
2026-06-01,CAG,495.0,277.6,358.3,196.8
2026-07-01,CAG,351.0,277.6,358.3,196.8
2026-08-01,CAG,209.7,277.6,358.3,196.8
2026-09-01,CAG,120.2,277.6,358.3,196.8
2025-07-01,CAH,39.8,44.0,53.4,34.5
2025-08-01,CAH,57.6,44.0,53.4,34.5
2025-09-01,CAH,47.4,44.0,53.4,34.5
2025-10-01,CAH,56.4,44.0,53.4,34.5
2025-11-01,CAH,47.9,44.0,53.4,34.5
2025-12-01,CAH,46.9,44.0,53.4,34.5
2026-01-01,CAH,34.7,44.0,53.4,34.5
2026-02-01,CAH,31.9,44.0,53.4,34.5
2026-03-01,CAH,42.9,44.0,53.4,34.5
2026-04-01,CAH,34.6,44.0,53.4,34.5
2026-05-01,CAH,50.0,44.0,53.4,34.5
2026-06-01,CAH,51.1,44.0,53.4,34.5
2026-07-01,CAH,49.2,44.0,53.4,34.5
2026-08-01,CAH,39.1,44.0,53.4,34.5
2026-09-01,CAH,15.8,44.0,53.4,34.5
2025-07-01,CALM,22.5,20.1,25.4,14.7
2025-08-01,CALM,15.3,20.1,25.4,14.7
2025-09-01,CALM,20.5,20.1,25.4,14.7
2025-10-01,CALM,25.9,20.1,25.4,14.7
2025-11-01,CALM,14.4,20.1,25.4,14.7
2025-12-01,CALM,22.1,20.1,25.4,14.7
2026-01-01,CALM,34.6,20.1,25.4,14.7
2026-02-01,CALM,18.6,20.1,25.4,14.7
2026-03-01,CALM,20.6,20.1,25.4,14.7
2026-04-01,CALM,18.7,20.1,25.4,14.7
2026-05-01,CALM,15.3,20.1,25.4,14.7
2026-06-01,CALM,16.8,20.1,25.4,14.7
2026-07-01,CALM,22.7,20.1,25.4,14.7
2026-08-01,CALM,17.8,20.1,25.4,14.7
2026-09-01,CALM,9.2,20.1,25.4,14.7
2025-07-01,CANE,1.5,5.0,10.3,-0.3
2025-08-01,CANE,0.7,5.0,10.3,-0.3
2025-09-01,CANE,1.1,5.0,10.3,-0.3
2025-10-01,CANE,1.4,5.0,10.3,-0.3
2025-11-01,CANE,1.4,5.0,10.3,-0.3
2025-12-01,CANE,1.1,5.0,10.3,-0.3
2026-01-01,CANE,0.8,5.0,10.3,-0.3
2026-02-01,CANE,2.2,5.0,10.3,-0.3
2026-03-01,CANE,11.9,5.0,10.3,-0.3
2026-04-01,CANE,18.7,5.0,10.3,-0.3
2026-05-01,CANE,12.3,5.0,10.3,-0.3
2026-06-01,CANE,5.7,5.0,10.3,-0.3
2026-07-01,CANE,4.1,5.0,10.3,-0.3
2026-08-01,CANE,6.6,5.0,10.3,-0.3
2026-09-01,CANE,5.2,5.0,10.3,-0.3
2025-07-01,CARR,106.6,134.2,158.1,110.3
2025-08-01,CARR,103.6,134.2,158.1,110.3
2025-09-01,CARR,126.0,134.2,158.1,110.3
2025-10-01,CARR,152.1,134.2,158.1,110.3
2025-11-01,CARR,122.3,134.2,158.1,110.3
2025-12-01,CARR,167.5,134.2,158.1,110.3
2026-01-01,CARR,160.6,134.2,158.1,110.3
2026-02-01,CARR,148.6,134.2,158.1,110.3
2026-03-01,CARR,152.5,134.2,158.1,110.3
2026-04-01,CARR,147.0,134.2,158.1,110.3
2026-05-01,CARR,128.9,134.2,158.1,110.3
2026-06-01,CARR,131.8,134.2,158.1,110.3
2026-07-01,CARR,155.2,134.2,158.1,110.3
2026-08-01,CARR,111.3,134.2,158.1,110.3
2026-09-01,CARR,68.7,134.2,158.1,110.3
2025-07-01,CASY,6.4,8.7,12.0,5.3
2025-08-01,CASY,4.7,8.7,12.0,5.3
2025-09-01,CASY,9.4,8.7,12.0,5.3
2025-10-01,CASY,6.5,8.7,12.0,5.3
2025-11-01,CASY,5.4,8.7,12.0,5.3
2025-12-01,CASY,6.8,8.7,12.0,5.3
2026-01-01,CASY,6.6,8.7,12.0,5.3
2026-02-01,CASY,8.4,8.7,12.0,5.3
2026-03-01,CASY,10.8,8.7,12.0,5.3
2026-04-01,CASY,17.0,8.7,12.0,5.3
2026-05-01,CASY,9.8,8.7,12.0,5.3
2026-06-01,CASY,14.9,8.7,12.0,5.3
2026-07-01,CASY,8.2,8.7,12.0,5.3
2026-08-01,CASY,6.4,8.7,12.0,5.3
2026-09-01,CASY,9.0,8.7,12.0,5.3
2025-07-01,CAT,57.5,58.7,70.1,47.3
2025-08-01,CAT,68.7,58.7,70.1,47.3
2025-09-01,CAT,57.1,58.7,70.1,47.3
2025-10-01,CAT,73.5,58.7,70.1,47.3
2025-11-01,CAT,48.0,58.7,70.1,47.3
2025-12-01,CAT,53.9,58.7,70.1,47.3
2026-01-01,CAT,50.5,58.7,70.1,47.3
2026-02-01,CAT,65.2,58.7,70.1,47.3
2026-03-01,CAT,59.7,58.7,70.1,47.3
2026-04-01,CAT,47.8,58.7,70.1,47.3
2026-05-01,CAT,52.6,58.7,70.1,47.3
2026-06-01,CAT,79.7,58.7,70.1,47.3
2026-07-01,CAT,67.1,58.7,70.1,47.3
2026-08-01,CAT,57.0,58.7,70.1,47.3
2026-09-01,CAT,25.3,58.7,70.1,47.3
2025-07-01,CB,47.7,36.8,43.8,29.9
2025-08-01,CB,34.4,36.8,43.8,29.9
2025-09-01,CB,39.3,36.8,43.8,29.9
2025-10-01,CB,44.8,36.8,43.8,29.9
2025-11-01,CB,27.8,36.8,43.8,29.9
2025-12-01,CB,41.6,36.8,43.8,29.9
2026-01-01,CB,32.5,36.8,43.8,29.9
2026-02-01,CB,35.5,36.8,43.8,29.9
2026-03-01,CB,40.5,36.8,43.8,29.9
2026-04-01,CB,33.7,36.8,43.8,29.9
2026-05-01,CB,30.9,36.8,43.8,29.9
2026-06-01,CB,36.1,36.8,43.8,29.9
2026-07-01,CB,45.3,36.8,43.8,29.9
2026-08-01,CB,33.8,36.8,43.8,29.9
2026-09-01,CB,16.6,36.8,43.8,29.9
2025-07-01,CBOE,20.0,20.3,28.0,12.6
2025-08-01,CBOE,19.5,20.3,28.0,12.6
2025-09-01,CBOE,17.6,20.3,28.0,12.6
2025-10-01,CBOE,17.3,20.3,28.0,12.6
2025-11-01,CBOE,14.7,20.3,28.0,12.6
2025-12-01,CBOE,13.9,20.3,28.0,12.6
2026-01-01,CBOE,16.8,20.3,28.0,12.6
2026-02-01,CBOE,18.3,20.3,28.0,12.6
2026-03-01,CBOE,20.4,20.3,28.0,12.6
2026-04-01,CBOE,16.9,20.3,28.0,12.6
2026-05-01,CBOE,21.1,20.3,28.0,12.6
2026-06-01,CBOE,45.8,20.3,28.0,12.6
2026-07-01,CBOE,26.3,20.3,28.0,12.6
2026-08-01,CBOE,20.5,20.3,28.0,12.6
2026-09-01,CBOE,10.5,20.3,28.0,12.6
2025-07-01,CBRE,34.4,37.7,48.8,26.5
2025-08-01,CBRE,32.2,37.7,48.8,26.5
2025-09-01,CBRE,32.3,37.7,48.8,26.5
2025-10-01,CBRE,35.2,37.7,48.8,26.5
2025-11-01,CBRE,26.9,37.7,48.8,26.5
2025-12-01,CBRE,30.3,37.7,48.8,26.5
2026-01-01,CBRE,25.4,37.7,48.8,26.5
2026-02-01,CBRE,64.2,37.7,48.8,26.5
2026-03-01,CBRE,50.2,37.7,48.8,26.5
2026-04-01,CBRE,40.1,37.7,48.8,26.5
2026-05-01,CBRE,52.5,37.7,48.8,26.5
2026-06-01,CBRE,48.2,37.7,48.8,26.5
2026-07-01,CBRE,39.2,37.7,48.8,26.5
2026-08-01,CBRE,28.7,37.7,48.8,26.5
2026-09-01,CBRE,18.9,37.7,48.8,26.5
2025-07-01,CCI,68.1,70.2,85.2,55.1
2025-08-01,CCI,63.3,70.2,85.2,55.1
2025-09-01,CCI,82.9,70.2,85.2,55.1
2025-10-01,CCI,68.5,70.2,85.2,55.1
2025-11-01,CCI,54.4,70.2,85.2,55.1
2025-12-01,CCI,59.9,70.2,85.2,55.1
2026-01-01,CCI,59.0,70.2,85.2,55.1
2026-02-01,CCI,83.3,70.2,85.2,55.1
2026-03-01,CCI,66.4,70.2,85.2,55.1
2026-04-01,CCI,64.1,70.2,85.2,55.1
2026-05-01,CCI,70.8,70.2,85.2,55.1
2026-06-01,CCI,102.4,70.2,85.2,55.1
2026-07-01,CCI,94.9,70.2,85.2,55.1
2026-08-01,CCI,62.8,70.2,85.2,55.1
2026-09-01,CCI,35.9,70.2,85.2,55.1
2025-07-01,CCJ,109.3,83.3,107.3,59.3
2025-08-01,CCJ,83.9,83.3,107.3,59.3
2025-09-01,CCJ,101.2,83.3,107.3,59.3
2025-10-01,CCJ,138.3,83.3,107.3,59.3
2025-11-01,CCJ,92.1,83.3,107.3,59.3
2025-12-01,CCJ,68.4,83.3,107.3,59.3
2026-01-01,CCJ,96.7,83.3,107.3,59.3
2026-02-01,CCJ,80.2,83.3,107.3,59.3
2026-03-01,CCJ,83.5,83.3,107.3,59.3
2026-04-01,CCJ,61.3,83.3,107.3,59.3
2026-05-01,CCJ,62.5,83.3,107.3,59.3
2026-06-01,CCJ,70.3,83.3,107.3,59.3
2026-07-01,CCJ,86.1,83.3,107.3,59.3
2026-08-01,CCJ,59.7,83.3,107.3,59.3
2026-09-01,CCJ,25.6,83.3,107.3,59.3
2025-07-01,CCL,480.4,466.6,577.3,355.8
2025-08-01,CCL,342.0,466.6,577.3,355.8
2025-09-01,CCL,493.0,466.6,577.3,355.8
2025-10-01,CCL,496.1,466.6,577.3,355.8
2025-11-01,CCL,409.7,466.6,577.3,355.8
2025-12-01,CCL,447.3,466.6,577.3,355.8
2026-01-01,CCL,388.3,466.6,577.3,355.8
2026-02-01,CCL,395.7,466.6,577.3,355.8
2026-03-01,CCL,705.6,466.6,577.3,355.8
2026-04-01,CCL,517.0,466.6,577.3,355.8
2026-05-01,CCL,649.7,466.6,577.3,355.8
2026-06-01,CCL,544.6,466.6,577.3,355.8
2026-07-01,CCL,415.4,466.6,577.3,355.8
2026-08-01,CCL,368.1,466.6,577.3,355.8
2026-09-01,CCL,221.9,466.6,577.3,355.8
2025-07-01,CDNS,42.4,43.9,53.8,34.0
2025-08-01,CDNS,30.0,43.9,53.8,34.0
2025-09-01,CDNS,40.2,43.9,53.8,34.0
2025-10-01,CDNS,40.1,43.9,53.8,34.0
2025-11-01,CDNS,35.8,43.9,53.8,34.0
2025-12-01,CDNS,32.0,43.9,53.8,34.0
2026-01-01,CDNS,38.7,43.9,53.8,34.0
2026-02-01,CDNS,65.5,43.9,53.8,34.0
2026-03-01,CDNS,51.6,43.9,53.8,34.0
2026-04-01,CDNS,52.6,43.9,53.8,34.0
2026-05-01,CDNS,42.8,43.9,53.8,34.0
2026-06-01,CDNS,59.3,43.9,53.8,34.0
2026-07-01,CDNS,51.0,43.9,53.8,34.0
2026-08-01,CDNS,42.8,43.9,53.8,34.0
2026-09-01,CDNS,29.9,43.9,53.8,34.0
2025-07-01,CDW,17.7,34.5,43.4,25.5
2025-08-01,CDW,28.2,34.5,43.4,25.5
2025-09-01,CDW,31.4,34.5,43.4,25.5
2025-10-01,CDW,29.0,34.5,43.4,25.5
2025-11-01,CDW,32.4,34.5,43.4,25.5
2025-12-01,CDW,40.8,34.5,43.4,25.5
2026-01-01,CDW,30.5,34.5,43.4,25.5
2026-02-01,CDW,39.6,34.5,43.4,25.5
2026-03-01,CDW,35.4,34.5,43.4,25.5
2026-04-01,CDW,29.9,34.5,43.4,25.5
2026-05-01,CDW,51.9,34.5,43.4,25.5
2026-06-01,CDW,45.8,34.5,43.4,25.5
2026-07-01,CDW,39.6,34.5,43.4,25.5
2026-08-01,CDW,42.2,34.5,43.4,25.5
2026-09-01,CDW,16.7,34.5,43.4,25.5
2025-07-01,CEG,51.3,61.8,76.8,46.9
2025-08-01,CEG,46.6,61.8,76.8,46.9
2025-09-01,CEG,47.6,61.8,76.8,46.9
2025-10-01,CEG,65.3,61.8,76.8,46.9
2025-11-01,CEG,53.7,61.8,76.8,46.9
2025-12-01,CEG,48.4,61.8,76.8,46.9
2026-01-01,CEG,79.5,61.8,76.8,46.9
2026-02-01,CEG,83.1,61.8,76.8,46.9
2026-03-01,CEG,68.2,61.8,76.8,46.9
2026-04-01,CEG,58.0,61.8,76.8,46.9
2026-05-01,CEG,68.2,61.8,76.8,46.9
2026-06-01,CEG,93.4,61.8,76.8,46.9
2026-07-01,CEG,68.1,61.8,76.8,46.9
2026-08-01,CEG,54.4,61.8,76.8,46.9
2026-09-01,CEG,31.0,61.8,76.8,46.9
2025-07-01,CF,47.1,61.4,90.3,32.6
2025-08-01,CF,60.5,61.4,90.3,32.6
2025-09-01,CF,59.6,61.4,90.3,32.6
2025-10-01,CF,45.8,61.4,90.3,32.6
2025-11-01,CF,50.8,61.4,90.3,32.6
2025-12-01,CF,49.5,61.4,90.3,32.6
2026-01-01,CF,50.6,61.4,90.3,32.6
2026-02-01,CF,45.2,61.4,90.3,32.6
2026-03-01,CF,158.8,61.4,90.3,32.6
2026-04-01,CF,79.5,61.4,90.3,32.6
2026-05-01,CF,62.4,61.4,90.3,32.6
2026-06-01,CF,60.1,61.4,90.3,32.6
2026-07-01,CF,51.4,61.4,90.3,32.6
2026-08-01,CF,51.6,61.4,90.3,32.6
2026-09-01,CF,30.9,61.4,90.3,32.6
2025-07-01,CFG,123.3,95.9,117.0,74.7
2025-08-01,CFG,80.1,95.9,117.0,74.7
2025-09-01,CFG,92.4,95.9,117.0,74.7
2025-10-01,CFG,117.2,95.9,117.0,74.7
2025-11-01,CFG,70.8,95.9,117.0,74.7
2025-12-01,CFG,104.9,95.9,117.0,74.7
2026-01-01,CFG,114.7,95.9,117.0,74.7
2026-02-01,CFG,103.5,95.9,117.0,74.7
2026-03-01,CFG,112.2,95.9,117.0,74.7
2026-04-01,CFG,100.1,95.9,117.0,74.7
2026-05-01,CFG,78.2,95.9,117.0,74.7
2026-06-01,CFG,98.2,95.9,117.0,74.7
2026-07-01,CFG,111.3,95.9,117.0,74.7
2026-08-01,CFG,60.2,95.9,117.0,74.7
2026-09-01,CFG,40.0,95.9,117.0,74.7
2025-07-01,CHD,45.9,44.4,51.5,37.4
2025-08-01,CHD,45.5,44.4,51.5,37.4
2025-09-01,CHD,45.8,44.4,51.5,37.4
2025-10-01,CHD,51.3,44.4,51.5,37.4
2025-11-01,CHD,44.6,44.4,51.5,37.4
2025-12-01,CHD,52.6,44.4,51.5,37.4
2026-01-01,CHD,57.3,44.4,51.5,37.4
2026-02-01,CHD,41.3,44.4,51.5,37.4
2026-03-01,CHD,47.2,44.4,51.5,37.4
2026-04-01,CHD,39.9,44.4,51.5,37.4
2026-05-01,CHD,41.8,44.4,51.5,37.4
2026-06-01,CHD,45.5,44.4,51.5,37.4
2026-07-01,CHD,39.1,44.4,51.5,37.4
2026-08-01,CHD,36.5,44.4,51.5,37.4
2026-09-01,CHD,21.6,44.4,51.5,37.4
2025-07-01,CHRW,29.8,36.8,46.7,26.9
2025-08-01,CHRW,32.1,36.8,46.7,26.9
2025-09-01,CHRW,36.6,36.8,46.7,26.9
2025-10-01,CHRW,39.2,36.8,46.7,26.9
2025-11-01,CHRW,26.9,36.8,46.7,26.9
2025-12-01,CHRW,32.1,36.8,46.7,26.9
2026-01-01,CHRW,42.2,36.8,46.7,26.9
2026-02-01,CHRW,62.9,36.8,46.7,26.9
2026-03-01,CHRW,35.4,36.8,46.7,26.9
2026-04-01,CHRW,40.1,36.8,46.7,26.9
2026-05-01,CHRW,40.9,36.8,46.7,26.9
2026-06-01,CHRW,29.8,36.8,46.7,26.9
2026-07-01,CHRW,50.5,36.8,46.7,26.9
2026-08-01,CHRW,30.9,36.8,46.7,26.9
2026-09-01,CHRW,14.6,36.8,46.7,26.9
2025-07-01,CHTR,47.2,50.0,64.7,35.2
2025-08-01,CHTR,40.9,50.0,64.7,35.2
2025-09-01,CHTR,45.0,50.0,64.7,35.2
2025-10-01,CHTR,46.1,50.0,64.7,35.2
2025-11-01,CHTR,36.4,50.0,64.7,35.2
2025-12-01,CHTR,37.0,50.0,64.7,35.2
2026-01-01,CHTR,45.4,50.0,64.7,35.2
2026-02-01,CHTR,38.1,50.0,64.7,35.2
2026-03-01,CHTR,36.9,50.0,64.7,35.2
2026-04-01,CHTR,65.0,50.0,64.7,35.2
2026-05-01,CHTR,63.0,50.0,64.7,35.2
2026-06-01,CHTR,87.8,50.0,64.7,35.2
2026-07-01,CHTR,67.1,50.0,64.7,35.2
2026-08-01,CHTR,54.1,50.0,64.7,35.2
2026-09-01,CHTR,29.8,50.0,64.7,35.2
2025-07-01,CI,39.2,36.0,42.2,29.7
2025-08-01,CI,39.5,36.0,42.2,29.7
2025-09-01,CI,30.0,36.0,42.2,29.7
2025-10-01,CI,43.5,36.0,42.2,29.7
2025-11-01,CI,47.1,36.0,42.2,29.7
2025-12-01,CI,34.6,36.0,42.2,29.7
2026-01-01,CI,30.8,36.0,42.2,29.7
2026-02-01,CI,36.6,36.0,42.2,29.7
2026-03-01,CI,41.5,36.0,42.2,29.7
2026-04-01,CI,30.4,36.0,42.2,29.7
2026-05-01,CI,34.4,36.0,42.2,29.7
2026-06-01,CI,33.8,36.0,42.2,29.7
2026-07-01,CI,36.7,36.0,42.2,29.7
2026-08-01,CI,36.7,36.0,42.2,29.7
2026-09-01,CI,15.4,36.0,42.2,29.7
2025-07-01,CIEN,43.3,57.0,74.1,39.8
2025-08-01,CIEN,35.8,57.0,74.1,39.8
2025-09-01,CIEN,72.0,57.0,74.1,39.8
2025-10-01,CIEN,54.4,57.0,74.1,39.8
2025-11-01,CIEN,68.2,57.0,74.1,39.8
2025-12-01,CIEN,63.2,57.0,74.1,39.8
2026-01-01,CIEN,49.3,57.0,74.1,39.8
2026-02-01,CIEN,86.0,57.0,74.1,39.8
2026-03-01,CIEN,76.5,57.0,74.1,39.8
2026-04-01,CIEN,53.4,57.0,74.1,39.8
2026-05-01,CIEN,39.5,57.0,74.1,39.8
2026-06-01,CIEN,87.8,57.0,74.1,39.8
2026-07-01,CIEN,44.2,57.0,74.1,39.8
2026-08-01,CIEN,39.8,57.0,74.1,39.8
2026-09-01,CIEN,34.6,57.0,74.1,39.8
2025-07-01,CINF,12.9,13.5,17.4,9.6
2025-08-01,CINF,10.7,13.5,17.4,9.6
2025-09-01,CINF,8.8,13.5,17.4,9.6
2025-10-01,CINF,13.2,13.5,17.4,9.6
2025-11-01,CINF,10.1,13.5,17.4,9.6
2025-12-01,CINF,11.7,13.5,17.4,9.6
2026-01-01,CINF,13.3,13.5,17.4,9.6
2026-02-01,CINF,15.2,13.5,17.4,9.6
2026-03-01,CINF,19.0,13.5,17.4,9.6
2026-04-01,CINF,15.6,13.5,17.4,9.6
2026-05-01,CINF,12.3,13.5,17.4,9.6
2026-06-01,CINF,18.7,13.5,17.4,9.6
2026-07-01,CINF,21.0,13.5,17.4,9.6
2026-08-01,CINF,9.9,13.5,17.4,9.6
2026-09-01,CINF,5.5,13.5,17.4,9.6
2025-07-01,CL,103.1,118.3,142.9,93.7
2025-08-01,CL,102.7,118.3,142.9,93.7
2025-09-01,CL,116.1,118.3,142.9,93.7
2025-10-01,CL,157.5,118.3,142.9,93.7
2025-11-01,CL,126.3,118.3,142.9,93.7
2025-12-01,CL,128.1,118.3,142.9,93.7
2026-01-01,CL,152.4,118.3,142.9,93.7
2026-02-01,CL,130.3,118.3,142.9,93.7
2026-03-01,CL,152.3,118.3,142.9,93.7
2026-04-01,CL,110.5,118.3,142.9,93.7
2026-05-01,CL,105.2,118.3,142.9,93.7
2026-06-01,CL,121.0,118.3,142.9,93.7
2026-07-01,CL,98.9,118.3,142.9,93.7
2026-08-01,CL,88.7,118.3,142.9,93.7
2026-09-01,CL,51.9,118.3,142.9,93.7
2025-07-01,CLX,38.9,48.2,57.9,38.5
2025-08-01,CLX,38.5,48.2,57.9,38.5
2025-09-01,CLX,42.8,48.2,57.9,38.5
2025-10-01,CLX,36.2,48.2,57.9,38.5
2025-11-01,CLX,48.2,48.2,57.9,38.5
2025-12-01,CLX,49.8,48.2,57.9,38.5
2026-01-01,CLX,45.8,48.2,57.9,38.5
2026-02-01,CLX,42.4,48.2,57.9,38.5
2026-03-01,CLX,49.0,48.2,57.9,38.5
2026-04-01,CLX,52.4,48.2,57.9,38.5
2026-05-01,CLX,71.8,48.2,57.9,38.5
2026-06-01,CLX,54.4,48.2,57.9,38.5
2026-07-01,CLX,51.3,48.2,57.9,38.5
2026-08-01,CLX,63.8,48.2,57.9,38.5
2026-09-01,CLX,33.2,48.2,57.9,38.5
2025-07-01,CMBT,2.0,36.9,54.2,19.5
2025-08-01,CMBT,68.9,36.9,54.2,19.5
2025-09-01,CMBT,58.2,36.9,54.2,19.5
2025-10-01,CMBT,48.3,36.9,54.2,19.5
2025-11-01,CMBT,51.0,36.9,54.2,19.5
2025-12-01,CMBT,33.5,36.9,54.2,19.5
2026-01-01,CMBT,52.6,36.9,54.2,19.5
2026-02-01,CMBT,41.1,36.9,54.2,19.5
2026-03-01,CMBT,39.2,36.9,54.2,19.5
2026-04-01,CMBT,31.5,36.9,54.2,19.5
2026-05-01,CMBT,39.1,36.9,54.2,19.5
2026-06-01,CMBT,28.6,36.9,54.2,19.5
2026-07-01,CMBT,18.0,36.9,54.2,19.5
2026-08-01,CMBT,21.4,36.9,54.2,19.5
2026-09-01,CMBT,13.5,36.9,54.2,19.5
2025-07-01,CMCSA,475.3,651.2,810.4,492.1
2025-08-01,CMCSA,475.7,651.2,810.4,492.1
2025-09-01,CMCSA,563.5,651.2,810.4,492.1
2025-10-01,CMCSA,674.7,651.2,810.4,492.1
2025-11-01,CMCSA,708.4,651.2,810.4,492.1
2025-12-01,CMCSA,906.9,651.2,810.4,492.1
2026-01-01,CMCSA,778.2,651.2,810.4,492.1
2026-02-01,CMCSA,550.0,651.2,810.4,492.1
2026-03-01,CMCSA,808.2,651.2,810.4,492.1
2026-04-01,CMCSA,615.8,651.2,810.4,492.1
2026-05-01,CMCSA,634.2,651.2,810.4,492.1
2026-06-01,CMCSA,866.7,651.2,810.4,492.1
2026-07-01,CMCSA,778.6,651.2,810.4,492.1
2026-08-01,CMCSA,474.4,651.2,810.4,492.1
2026-09-01,CMCSA,280.8,651.2,810.4,492.1
2025-07-01,CME,46.8,47.8,63.6,32.1
2025-08-01,CME,40.2,47.8,63.6,32.1
2025-09-01,CME,40.2,47.8,63.6,32.1
2025-10-01,CME,42.4,47.8,63.6,32.1
2025-11-01,CME,38.5,47.8,63.6,32.1
2025-12-01,CME,37.3,47.8,63.6,32.1
2026-01-01,CME,40.4,47.8,63.6,32.1
2026-02-01,CME,49.5,47.8,63.6,32.1
2026-03-01,CME,49.3,47.8,63.6,32.1
2026-04-01,CME,50.0,47.8,63.6,32.1
2026-05-01,CME,50.2,47.8,63.6,32.1
2026-06-01,CME,95.9,47.8,63.6,32.1
2026-07-01,CME,65.3,47.8,63.6,32.1
2026-08-01,CME,39.4,47.8,63.6,32.1
2026-09-01,CME,19.3,47.8,63.6,32.1
2025-07-01,CMG,429.3,390.4,473.0,307.8
2025-08-01,CMG,343.4,390.4,473.0,307.8
2025-09-01,CMG,468.6,390.4,473.0,307.8
2025-10-01,CMG,493.8,390.4,473.0,307.8
2025-11-01,CMG,500.3,390.4,473.0,307.8
2025-12-01,CMG,407.0,390.4,473.0,307.8
2026-01-01,CMG,315.4,390.4,473.0,307.8
2026-02-01,CMG,377.3,390.4,473.0,307.8
2026-03-01,CMG,363.9,390.4,473.0,307.8
2026-04-01,CMG,325.8,390.4,473.0,307.8
2026-05-01,CMG,329.9,390.4,473.0,307.8
2026-06-01,CMG,494.3,390.4,473.0,307.8
2026-07-01,CMG,382.7,390.4,473.0,307.8
2026-08-01,CMG,379.9,390.4,473.0,307.8
2026-09-01,CMG,121.1,390.4,473.0,307.8
2025-07-01,CMI,20.3,19.3,21.9,16.7
2025-08-01,CMI,18.3,19.3,21.9,16.7
2025-09-01,CMI,18.5,19.3,21.9,16.7
2025-10-01,CMI,20.1,19.3,21.9,16.7
2025-11-01,CMI,19.6,19.3,21.9,16.7
2025-12-01,CMI,18.1,19.3,21.9,16.7
2026-01-01,CMI,16.8,19.3,21.9,16.7
2026-02-01,CMI,22.8,19.3,21.9,16.7
2026-03-01,CMI,19.7,19.3,21.9,16.7
2026-04-01,CMI,15.2,19.3,21.9,16.7
2026-05-01,CMI,20.4,19.3,21.9,16.7
2026-06-01,CMI,25.1,19.3,21.9,16.7
2026-07-01,CMI,19.6,19.3,21.9,16.7
2026-08-01,CMI,20.1,19.3,21.9,16.7
2026-09-01,CMI,12.9,19.3,21.9,16.7
2025-07-01,CMRE,10.5,9.7,11.3,8.0
2025-08-01,CMRE,11.8,9.7,11.3,8.0
2025-09-01,CMRE,10.3,9.7,11.3,8.0
2025-10-01,CMRE,10.7,9.7,11.3,8.0
2025-11-01,CMRE,10.7,9.7,11.3,8.0
2025-12-01,CMRE,10.4,9.7,11.3,8.0
2026-01-01,CMRE,10.3,9.7,11.3,8.0
2026-02-01,CMRE,10.3,9.7,11.3,8.0
2026-03-01,CMRE,9.6,9.7,11.3,8.0
2026-04-01,CMRE,7.6,9.7,11.3,8.0
2026-05-01,CMRE,10.3,9.7,11.3,8.0
2026-06-01,CMRE,10.5,9.7,11.3,8.0
2026-07-01,CMRE,8.3,9.7,11.3,8.0
2026-08-01,CMRE,7.3,9.7,11.3,8.0
2026-09-01,CMRE,4.1,9.7,11.3,8.0
2025-07-01,CMS,46.1,58.0,70.9,45.1
2025-08-01,CMS,47.1,58.0,70.9,45.1
2025-09-01,CMS,47.2,58.0,70.9,45.1
2025-10-01,CMS,52.8,58.0,70.9,45.1
2025-11-01,CMS,51.7,58.0,70.9,45.1
2025-12-01,CMS,45.4,58.0,70.9,45.1
2026-01-01,CMS,60.9,58.0,70.9,45.1
2026-02-01,CMS,69.6,58.0,70.9,45.1
2026-03-01,CMS,59.8,58.0,70.9,45.1
2026-04-01,CMS,61.7,58.0,70.9,45.1
2026-05-01,CMS,52.4,58.0,70.9,45.1
2026-06-01,CMS,81.1,58.0,70.9,45.1
2026-07-01,CMS,78.0,58.0,70.9,45.1
2026-08-01,CMS,74.6,58.0,70.9,45.1
2026-09-01,CMS,31.3,58.0,70.9,45.1
2025-07-01,CNC,577.5,188.5,316.9,60.0
2025-08-01,CNC,278.5,188.5,316.9,60.0
2025-09-01,CNC,306.7,188.5,316.9,60.0
2025-10-01,CNC,251.8,188.5,316.9,60.0
2025-11-01,CNC,177.3,188.5,316.9,60.0
2025-12-01,CNC,126.2,188.5,316.9,60.0
2026-01-01,CNC,132.1,188.5,316.9,60.0
2026-02-01,CNC,121.4,188.5,316.9,60.0
2026-03-01,CNC,159.1,188.5,316.9,60.0
2026-04-01,CNC,138.0,188.5,316.9,60.0
2026-05-01,CNC,107.8,188.5,316.9,60.0
2026-06-01,CNC,120.1,188.5,316.9,60.0
2026-07-01,CNC,107.3,188.5,316.9,60.0
2026-08-01,CNC,86.8,188.5,316.9,60.0
2026-09-01,CNC,45.0,188.5,316.9,60.0
2025-07-01,CNP,128.7,111.5,130.9,92.1
2025-08-01,CNP,88.6,111.5,130.9,92.1
2025-09-01,CNP,119.2,111.5,130.9,92.1
2025-10-01,CNP,112.7,111.5,130.9,92.1
2025-11-01,CNP,86.6,111.5,130.9,92.1
2025-12-01,CNP,101.0,111.5,130.9,92.1
2026-01-01,CNP,99.8,111.5,130.9,92.1
2026-02-01,CNP,133.1,111.5,130.9,92.1
2026-03-01,CNP,102.7,111.5,130.9,92.1
2026-04-01,CNP,96.6,111.5,130.9,92.1
2026-05-01,CNP,108.9,111.5,130.9,92.1
2026-06-01,CNP,133.1,111.5,130.9,92.1
2026-07-01,CNP,144.5,111.5,130.9,92.1
2026-08-01,CNP,128.8,111.5,130.9,92.1
2026-09-01,CNP,67.1,111.5,130.9,92.1
2025-07-01,CNR,18.9,16.4,21.4,11.4
2025-08-01,CNR,15.8,16.4,21.4,11.4
2025-09-01,CNR,14.0,16.4,21.4,11.4
2025-10-01,CNR,24.1,16.4,21.4,11.4
2025-11-01,CNR,17.4,16.4,21.4,11.4
2025-12-01,CNR,15.3,16.4,21.4,11.4
2026-01-01,CNR,14.0,16.4,21.4,11.4
2026-02-01,CNR,14.8,16.4,21.4,11.4
2026-03-01,CNR,28.3,16.4,21.4,11.4
2026-04-01,CNR,17.7,16.4,21.4,11.4
2026-05-01,CNR,15.1,16.4,21.4,11.4
2026-06-01,CNR,15.9,16.4,21.4,11.4
2026-07-01,CNR,11.4,16.4,21.4,11.4
2026-08-01,CNR,11.7,16.4,21.4,11.4
2026-09-01,CNR,4.9,16.4,21.4,11.4
2025-07-01,COF,86.7,87.8,109.2,66.4
2025-08-01,COF,67.9,87.8,109.2,66.4
2025-09-01,COF,69.7,87.8,109.2,66.4
2025-10-01,COF,87.6,87.8,109.2,66.4
2025-11-01,COF,73.1,87.8,109.2,66.4
2025-12-01,COF,71.8,87.8,109.2,66.4
2026-01-01,COF,128.7,87.8,109.2,66.4
2026-02-01,COF,103.6,87.8,109.2,66.4
2026-03-01,COF,118.6,87.8,109.2,66.4
2026-04-01,COF,88.7,87.8,109.2,66.4
2026-05-01,COF,94.7,87.8,109.2,66.4
2026-06-01,COF,107.4,87.8,109.2,66.4
2026-07-01,COF,97.8,87.8,109.2,66.4
2026-08-01,COF,63.9,87.8,109.2,66.4
2026-09-01,COF,35.7,87.8,109.2,66.4
2025-07-01,COHR,55.9,112.3,151.4,73.2
2025-08-01,COHR,115.2,112.3,151.4,73.2
2025-09-01,COHR,79.5,112.3,151.4,73.2
2025-10-01,COHR,77.7,112.3,151.4,73.2
2025-11-01,COHR,103.4,112.3,151.4,73.2
2025-12-01,COHR,88.1,112.3,151.4,73.2
2026-01-01,COHR,92.0,112.3,151.4,73.2
2026-02-01,COHR,132.6,112.3,151.4,73.2
2026-03-01,COHR,215.3,112.3,151.4,73.2
2026-04-01,COHR,119.1,112.3,151.4,73.2
2026-05-01,COHR,129.5,112.3,151.4,73.2
2026-06-01,COHR,132.0,112.3,151.4,73.2
2026-07-01,COHR,103.8,112.3,151.4,73.2
2026-08-01,COHR,157.2,112.3,151.4,73.2
2026-09-01,COHR,67.5,112.3,151.4,73.2
2025-07-01,COIN,290.4,211.8,259.2,164.3
2025-08-01,COIN,238.0,211.8,259.2,164.3
2025-09-01,COIN,182.1,211.8,259.2,164.3
2025-10-01,COIN,224.7,211.8,259.2,164.3
2025-11-01,COIN,205.4,211.8,259.2,164.3
2025-12-01,COIN,168.9,211.8,259.2,164.3
2026-01-01,COIN,185.3,211.8,259.2,164.3
2026-02-01,COIN,300.0,211.8,259.2,164.3
2026-03-01,COIN,281.5,211.8,259.2,164.3
2026-04-01,COIN,204.4,211.8,259.2,164.3
2026-05-01,COIN,193.9,211.8,259.2,164.3
2026-06-01,COIN,184.3,211.8,259.2,164.3
2026-07-01,COIN,166.7,211.8,259.2,164.3
2026-08-01,COIN,200.9,211.8,259.2,164.3
2026-09-01,COIN,106.1,211.8,259.2,164.3
2025-07-01,COMT,2.6,7.6,13.7,1.5
2025-08-01,COMT,3.5,7.6,13.7,1.5
2025-09-01,COMT,3.3,7.6,13.7,1.5
2025-10-01,COMT,3.6,7.6,13.7,1.5
2025-11-01,COMT,3.3,7.6,13.7,1.5
2025-12-01,COMT,7.4,7.6,13.7,1.5
2026-01-01,COMT,5.0,7.6,13.7,1.5
2026-02-01,COMT,5.5,7.6,13.7,1.5
2026-03-01,COMT,22.5,7.6,13.7,1.5
2026-04-01,COMT,20.7,7.6,13.7,1.5
2026-05-01,COMT,11.1,7.6,13.7,1.5
2026-06-01,COMT,8.6,7.6,13.7,1.5
2026-07-01,COMT,7.1,7.6,13.7,1.5
2026-08-01,COMT,4.0,7.6,13.7,1.5
2026-09-01,COMT,3.5,7.6,13.7,1.5
2025-07-01,COO,53.2,53.0,65.2,40.9
2025-08-01,COO,56.0,53.0,65.2,40.9
2025-09-01,COO,60.8,53.0,65.2,40.9
2025-10-01,COO,60.1,53.0,65.2,40.9
2025-11-01,COO,47.4,53.0,65.2,40.9
2025-12-01,COO,70.8,53.0,65.2,40.9
2026-01-01,COO,44.3,53.0,65.2,40.9
2026-02-01,COO,33.7,53.0,65.2,40.9
2026-03-01,COO,49.0,53.0,65.2,40.9
2026-04-01,COO,43.9,53.0,65.2,40.9
2026-05-01,COO,49.0,53.0,65.2,40.9
2026-06-01,COO,81.1,53.0,65.2,40.9
2026-07-01,COO,49.2,53.0,65.2,40.9
2026-08-01,COO,35.7,53.0,65.2,40.9
2026-09-01,COO,59.7,53.0,65.2,40.9
2025-07-01,COP,134.0,156.8,195.6,118.0
2025-08-01,COP,144.1,156.8,195.6,118.0
2025-09-01,COP,151.4,156.8,195.6,118.0
2025-10-01,COP,136.5,156.8,195.6,118.0
2025-11-01,COP,128.5,156.8,195.6,118.0
2025-12-01,COP,156.4,156.8,195.6,118.0
2026-01-01,COP,187.5,156.8,195.6,118.0
2026-02-01,COP,150.3,156.8,195.6,118.0
2026-03-01,COP,266.7,156.8,195.6,118.0
2026-04-01,COP,188.1,156.8,195.6,118.0
2026-05-01,COP,145.4,156.8,195.6,118.0
2026-06-01,COP,170.2,156.8,195.6,118.0
2026-07-01,COP,137.8,156.8,195.6,118.0
2026-08-01,COP,146.6,156.8,195.6,118.0
2026-09-01,COP,67.0,156.8,195.6,118.0
2025-07-01,COR,22.7,30.0,37.1,23.0
2025-08-01,COR,29.3,30.0,37.1,23.0
2025-09-01,COR,38.0,30.0,37.1,23.0
2025-10-01,COR,25.5,30.0,37.1,23.0
2025-11-01,COR,31.5,30.0,37.1,23.0
2025-12-01,COR,32.1,30.0,37.1,23.0
2026-01-01,COR,22.9,30.0,37.1,23.0
2026-02-01,COR,25.4,30.0,37.1,23.0
2026-03-01,COR,33.2,30.0,37.1,23.0
2026-04-01,COR,28.3,30.0,37.1,23.0
2026-05-01,COR,48.5,30.0,37.1,23.0
2026-06-01,COR,32.9,30.0,37.1,23.0
2026-07-01,COR,29.9,30.0,37.1,23.0
2026-08-01,COR,30.5,30.0,37.1,23.0
2026-09-01,COR,13.5,30.0,37.1,23.0
2025-07-01,CORN,0.8,7.0,15.5,-1.5
2025-08-01,CORN,1.7,7.0,15.5,-1.5
2025-09-01,CORN,1.6,7.0,15.5,-1.5
2025-10-01,CORN,1.3,7.0,15.5,-1.5
2025-11-01,CORN,1.1,7.0,15.5,-1.5
2025-12-01,CORN,1.0,7.0,15.5,-1.5
2026-01-01,CORN,1.1,7.0,15.5,-1.5
2026-02-01,CORN,1.4,7.0,15.5,-1.5
2026-03-01,CORN,30.0,7.0,15.5,-1.5
2026-04-01,CORN,20.4,7.0,15.5,-1.5
2026-05-01,CORN,13.3,7.0,15.5,-1.5
2026-06-01,CORN,8.9,7.0,15.5,-1.5
2026-07-01,CORN,6.8,7.0,15.5,-1.5
2026-08-01,CORN,9.0,7.0,15.5,-1.5
2026-09-01,CORN,5.3,7.0,15.5,-1.5
2025-07-01,COST,45.3,47.0,55.8,38.3
2025-08-01,COST,47.8,47.0,55.8,38.3
2025-09-01,COST,50.8,47.0,55.8,38.3
2025-10-01,COST,53.3,47.0,55.8,38.3
2025-11-01,COST,48.5,47.0,55.8,38.3
2025-12-01,COST,63.8,47.0,55.8,38.3
2026-01-01,COST,55.4,47.0,55.8,38.3
2026-02-01,COST,42.0,47.0,55.8,38.3
2026-03-01,COST,39.2,47.0,55.8,38.3
2026-04-01,COST,37.4,47.0,55.8,38.3
2026-05-01,COST,46.9,47.0,55.8,38.3
2026-06-01,COST,54.0,47.0,55.8,38.3
2026-07-01,COST,50.1,47.0,55.8,38.3
2026-08-01,COST,37.3,47.0,55.8,38.3
2026-09-01,COST,22.3,47.0,55.8,38.3
2025-07-01,CPAY,10.0,11.8,14.4,9.2
2025-08-01,CPAY,10.8,11.8,14.4,9.2
2025-09-01,CPAY,9.5,11.8,14.4,9.2
2025-10-01,CPAY,12.4,11.8,14.4,9.2
2025-11-01,CPAY,12.9,11.8,14.4,9.2
2025-12-01,CPAY,11.7,11.8,14.4,9.2
2026-01-01,CPAY,10.1,11.8,14.4,9.2
2026-02-01,CPAY,16.9,11.8,14.4,9.2
2026-03-01,CPAY,15.0,11.8,14.4,9.2
2026-04-01,CPAY,10.7,11.8,14.4,9.2
2026-05-01,CPAY,11.8,11.8,14.4,9.2
2026-06-01,CPAY,16.2,11.8,14.4,9.2
2026-07-01,CPAY,11.3,11.8,14.4,9.2
2026-08-01,CPAY,10.6,11.8,14.4,9.2
2026-09-01,CPAY,4.7,11.8,14.4,9.2
2025-07-01,CPER,11.3,14.9,23.9,5.9
2025-08-01,CPER,6.8,14.9,23.9,5.9
2025-09-01,CPER,7.4,14.9,23.9,5.9
2025-10-01,CPER,13.6,14.9,23.9,5.9
2025-11-01,CPER,8.0,14.9,23.9,5.9
2025-12-01,CPER,15.8,14.9,23.9,5.9
2026-01-01,CPER,44.3,14.9,23.9,5.9
2026-02-01,CPER,22.1,14.9,23.9,5.9
2026-03-01,CPER,19.4,14.9,23.9,5.9
2026-04-01,CPER,15.1,14.9,23.9,5.9
2026-05-01,CPER,17.4,14.9,23.9,5.9
2026-06-01,CPER,14.3,14.9,23.9,5.9
2026-07-01,CPER,8.4,14.9,23.9,5.9
2026-08-01,CPER,11.0,14.9,23.9,5.9
2026-09-01,CPER,6.8,14.9,23.9,5.9
2025-07-01,CPRT,153.3,186.3,233.6,139.0
2025-08-01,CPRT,116.4,186.3,233.6,139.0
2025-09-01,CPRT,180.9,186.3,233.6,139.0
2025-10-01,CPRT,132.2,186.3,233.6,139.0
2025-11-01,CPRT,199.3,186.3,233.6,139.0
2025-12-01,CPRT,179.0,186.3,233.6,139.0
2026-01-01,CPRT,162.8,186.3,233.6,139.0
2026-02-01,CPRT,216.6,186.3,233.6,139.0
2026-03-01,CPRT,199.8,186.3,233.6,139.0
2026-04-01,CPRT,162.3,186.3,233.6,139.0
2026-05-01,CPRT,190.3,186.3,233.6,139.0
2026-06-01,CPRT,277.2,186.3,233.6,139.0
2026-07-01,CPRT,273.0,186.3,233.6,139.0
2026-08-01,CPRT,217.1,186.3,233.6,139.0
2026-09-01,CPRT,105.2,186.3,233.6,139.0
2025-07-01,CPT,19.0,23.2,28.1,18.3
2025-08-01,CPT,19.8,23.2,28.1,18.3
2025-09-01,CPT,18.2,23.2,28.1,18.3
2025-10-01,CPT,24.3,23.2,28.1,18.3
2025-11-01,CPT,33.9,23.2,28.1,18.3
2025-12-01,CPT,27.6,23.2,28.1,18.3
2026-01-01,CPT,27.2,23.2,28.1,18.3
2026-02-01,CPT,24.2,23.2,28.1,18.3
2026-03-01,CPT,24.5,23.2,28.1,18.3
2026-04-01,CPT,24.6,23.2,28.1,18.3
2026-05-01,CPT,23.6,23.2,28.1,18.3
2026-06-01,CPT,26.9,23.2,28.1,18.3
2026-07-01,CPT,22.4,23.2,28.1,18.3
2026-08-01,CPT,17.4,23.2,28.1,18.3
2026-09-01,CPT,10.1,23.2,28.1,18.3
2025-07-01,CRESY,3.8,5.6,7.1,4.1
2025-08-01,CRESY,4.2,5.6,7.1,4.1
2025-09-01,CRESY,8.8,5.6,7.1,4.1
2025-10-01,CRESY,7.5,5.6,7.1,4.1
2025-11-01,CRESY,4.1,5.6,7.1,4.1
2025-12-01,CRESY,6.5,5.6,7.1,4.1
2026-01-01,CRESY,5.2,5.6,7.1,4.1
2026-02-01,CRESY,4.0,5.6,7.1,4.1
2026-03-01,CRESY,6.4,5.6,7.1,4.1
2026-04-01,CRESY,5.7,5.6,7.1,4.1
2026-05-01,CRESY,5.6,5.6,7.1,4.1
2026-06-01,CRESY,5.5,5.6,7.1,4.1
2026-07-01,CRESY,7.2,5.6,7.1,4.1
2026-08-01,CRESY,4.8,5.6,7.1,4.1
2026-09-01,CRESY,2.9,5.6,7.1,4.1
2025-07-01,CRH,81.7,106.6,160.5,52.8
2025-08-01,CRH,97.1,106.6,160.5,52.8
2025-09-01,CRH,83.6,106.6,160.5,52.8
2025-10-01,CRH,74.0,106.6,160.5,52.8
2025-11-01,CRH,79.3,106.6,160.5,52.8
2025-12-01,CRH,290.9,106.6,160.5,52.8
2026-01-01,CRH,96.9,106.6,160.5,52.8
2026-02-01,CRH,94.3,106.6,160.5,52.8
2026-03-01,CRH,134.8,106.6,160.5,52.8
2026-04-01,CRH,94.8,106.6,160.5,52.8
2026-05-01,CRH,106.3,106.6,160.5,52.8
2026-06-01,CRH,100.2,106.6,160.5,52.8
2026-07-01,CRH,89.1,106.6,160.5,52.8
2026-08-01,CRH,91.7,106.6,160.5,52.8
2026-09-01,CRH,52.2,106.6,160.5,52.8
2025-07-01,CRL,17.6,18.9,22.6,15.2
2025-08-01,CRL,19.9,18.9,22.6,15.2
2025-09-01,CRL,19.0,18.9,22.6,15.2
2025-10-01,CRL,24.0,18.9,22.6,15.2
2025-11-01,CRL,21.5,18.9,22.6,15.2
2025-12-01,CRL,14.9,18.9,22.6,15.2
2026-01-01,CRL,13.8,18.9,22.6,15.2
2026-02-01,CRL,26.5,18.9,22.6,15.2
2026-03-01,CRL,19.8,18.9,22.6,15.2
2026-04-01,CRL,16.7,18.9,22.6,15.2
2026-05-01,CRL,20.2,18.9,22.6,15.2
2026-06-01,CRL,17.8,18.9,22.6,15.2
2026-07-01,CRL,18.5,18.9,22.6,15.2
2026-08-01,CRL,20.7,18.9,22.6,15.2
2026-09-01,CRL,9.1,18.9,22.6,15.2
2025-07-01,CRM,128.8,237.6,311.3,163.9
2025-08-01,CRM,172.2,237.6,311.3,163.9
2025-09-01,CRM,220.4,237.6,311.3,163.9
2025-10-01,CRM,211.6,237.6,311.3,163.9
2025-11-01,CRM,132.5,237.6,311.3,163.9
2025-12-01,CRM,180.3,237.6,311.3,163.9
2026-01-01,CRM,192.5,237.6,311.3,163.9
2026-02-01,CRM,300.2,237.6,311.3,163.9
2026-03-01,CRM,289.2,237.6,311.3,163.9
2026-04-01,CRM,287.9,237.6,311.3,163.9
2026-05-01,CRM,281.9,237.6,311.3,163.9
2026-06-01,CRM,377.5,237.6,311.3,163.9
2026-07-01,CRM,280.1,237.6,311.3,163.9
2026-08-01,CRM,328.4,237.6,311.3,163.9
2026-09-01,CRM,140.6,237.6,311.3,163.9
2025-07-01,CRWD,235.8,250.7,315.7,185.8
2025-08-01,CRWD,289.0,250.7,315.7,185.8
2025-09-01,CRWD,276.5,250.7,315.7,185.8
2025-10-01,CRWD,217.4,250.7,315.7,185.8
2025-11-01,CRWD,160.1,250.7,315.7,185.8
2025-12-01,CRWD,206.8,250.7,315.7,185.8
2026-01-01,CRWD,223.9,250.7,315.7,185.8
2026-02-01,CRWD,375.5,250.7,315.7,185.8
2026-03-01,CRWD,368.6,250.7,315.7,185.8
2026-04-01,CRWD,277.0,250.7,315.7,185.8
2026-05-01,CRWD,258.5,250.7,315.7,185.8
2026-06-01,CRWD,307.4,250.7,315.7,185.8
2026-07-01,CRWD,190.0,250.7,315.7,185.8
2026-08-01,CRWD,199.2,250.7,315.7,185.8
2026-09-01,CRWD,129.0,250.7,315.7,185.8
2025-07-01,CSCO,374.5,445.2,536.4,354.1
2025-08-01,CSCO,468.6,445.2,536.4,354.1
2025-09-01,CSCO,398.5,445.2,536.4,354.1
2025-10-01,CSCO,399.9,445.2,536.4,354.1
2025-11-01,CSCO,491.4,445.2,536.4,354.1
2025-12-01,CSCO,426.3,445.2,536.4,354.1
2026-01-01,CSCO,380.1,445.2,536.4,354.1
2026-02-01,CSCO,558.8,445.2,536.4,354.1
2026-03-01,CSCO,536.4,445.2,536.4,354.1
2026-04-01,CSCO,366.7,445.2,536.4,354.1
2026-05-01,CSCO,565.8,445.2,536.4,354.1
2026-06-01,CSCO,555.1,445.2,536.4,354.1
2026-07-01,CSCO,470.6,445.2,536.4,354.1
2026-08-01,CSCO,431.7,445.2,536.4,354.1
2026-09-01,CSCO,147.1,445.2,536.4,354.1
2025-07-01,CSGP,64.2,114.4,156.5,72.3
2025-08-01,CSGP,56.7,114.4,156.5,72.3
2025-09-01,CSGP,57.0,114.4,156.5,72.3
2025-10-01,CSGP,84.7,114.4,156.5,72.3
2025-11-01,CSGP,88.0,114.4,156.5,72.3
2025-12-01,CSGP,81.2,114.4,156.5,72.3
2026-01-01,CSGP,144.5,114.4,156.5,72.3
2026-02-01,CSGP,150.9,114.4,156.5,72.3
2026-03-01,CSGP,134.0,114.4,156.5,72.3
2026-04-01,CSGP,133.7,114.4,156.5,72.3
2026-05-01,CSGP,166.9,114.4,156.5,72.3
2026-06-01,CSGP,161.8,114.4,156.5,72.3
2026-07-01,CSGP,171.5,114.4,156.5,72.3
2026-08-01,CSGP,144.9,114.4,156.5,72.3
2026-09-01,CSGP,60.9,114.4,156.5,72.3
2025-07-01,CSX,429.2,294.8,379.8,209.8
2025-08-01,CSX,506.1,294.8,379.8,209.8
2025-09-01,CSX,326.7,294.8,379.8,209.8
2025-10-01,CSX,319.4,294.8,379.8,209.8
2025-11-01,CSX,250.9,294.8,379.8,209.8
2025-12-01,CSX,251.9,294.8,379.8,209.8
2026-01-01,CSX,312.1,294.8,379.8,209.8
2026-02-01,CSX,248.1,294.8,379.8,209.8
2026-03-01,CSX,295.9,294.8,379.8,209.8
2026-04-01,CSX,263.5,294.8,379.8,209.8
2026-05-01,CSX,254.0,294.8,379.8,209.8
2026-06-01,CSX,261.7,294.8,379.8,209.8
2026-07-01,CSX,301.8,294.8,379.8,209.8
2026-08-01,CSX,197.0,294.8,379.8,209.8
2026-09-01,CSX,105.6,294.8,379.8,209.8
2025-07-01,CTAS,32.4,42.6,51.6,33.7
2025-08-01,CTAS,35.6,42.6,51.6,33.7
2025-09-01,CTAS,45.8,42.6,51.6,33.7
2025-10-01,CTAS,47.8,42.6,51.6,33.7
2025-11-01,CTAS,45.7,42.6,51.6,33.7
2025-12-01,CTAS,42.4,42.6,51.6,33.7
2026-01-01,CTAS,34.1,42.6,51.6,33.7
2026-02-01,CTAS,38.0,42.6,51.6,33.7
2026-03-01,CTAS,59.8,42.6,51.6,33.7
2026-04-01,CTAS,42.7,42.6,51.6,33.7
2026-05-01,CTAS,41.7,42.6,51.6,33.7
2026-06-01,CTAS,47.1,42.6,51.6,33.7
2026-07-01,CTAS,57.0,42.6,51.6,33.7
2026-08-01,CTAS,37.9,42.6,51.6,33.7
2026-09-01,CTAS,19.6,42.6,51.6,33.7
2025-07-01,CTSH,79.2,134.7,194.6,74.7
2025-08-01,CTSH,84.7,134.7,194.6,74.7
2025-09-01,CTSH,96.5,134.7,194.6,74.7
2025-10-01,CTSH,99.8,134.7,194.6,74.7
2025-11-01,CTSH,91.0,134.7,194.6,74.7
2025-12-01,CTSH,101.9,134.7,194.6,74.7
2026-01-01,CTSH,91.3,134.7,194.6,74.7
2026-02-01,CTSH,184.4,134.7,194.6,74.7
2026-03-01,CTSH,130.7,134.7,194.6,74.7
2026-04-01,CTSH,126.2,134.7,194.6,74.7
2026-05-01,CTSH,176.3,134.7,194.6,74.7
2026-06-01,CTSH,290.3,134.7,194.6,74.7
2026-07-01,CTSH,213.7,134.7,194.6,74.7
2026-08-01,CTSH,166.9,134.7,194.6,74.7
2026-09-01,CTSH,59.1,134.7,194.6,74.7
2025-07-01,CTVA,79.3,86.2,99.4,72.9
2025-08-01,CTVA,90.1,86.2,99.4,72.9
2025-09-01,CTVA,100.1,86.2,99.4,72.9
2025-10-01,CTVA,113.5,86.2,99.4,72.9
2025-11-01,CTVA,75.5,86.2,99.4,72.9
2025-12-01,CTVA,77.9,86.2,99.4,72.9
2026-01-01,CTVA,76.0,86.2,99.4,72.9
2026-02-01,CTVA,84.5,86.2,99.4,72.9
2026-03-01,CTVA,96.5,86.2,99.4,72.9
2026-04-01,CTVA,69.6,86.2,99.4,72.9
2026-05-01,CTVA,75.9,86.2,99.4,72.9
2026-06-01,CTVA,95.3,86.2,99.4,72.9
2026-07-01,CTVA,85.1,86.2,99.4,72.9
2026-08-01,CTVA,98.9,86.2,99.4,72.9
2026-09-01,CTVA,57.4,86.2,99.4,72.9
2025-07-01,CVNA,330.5,313.1,425.4,200.8
2025-08-01,CVNA,289.7,313.1,425.4,200.8
2025-09-01,CVNA,273.2,313.1,425.4,200.8
2025-10-01,CVNA,389.3,313.1,425.4,200.8
2025-11-01,CVNA,298.5,313.1,425.4,200.8
2025-12-01,CVNA,574.9,313.1,425.4,200.8
2026-01-01,CVNA,399.8,313.1,425.4,200.8
2026-02-01,CVNA,474.0,313.1,425.4,200.8
2026-03-01,CVNA,323.7,313.1,425.4,200.8
2026-04-01,CVNA,285.9,313.1,425.4,200.8
2026-05-01,CVNA,220.0,313.1,425.4,200.8
2026-06-01,CVNA,245.9,313.1,425.4,200.8
2026-07-01,CVNA,232.7,313.1,425.4,200.8
2026-08-01,CVNA,181.3,313.1,425.4,200.8
2026-09-01,CVNA,69.4,313.1,425.4,200.8
2025-07-01,CVS,190.5,162.8,191.7,133.8
2025-08-01,CVS,133.5,162.8,191.7,133.8
2025-09-01,CVS,160.6,162.8,191.7,133.8
2025-10-01,CVS,184.7,162.8,191.7,133.8
2025-11-01,CVS,125.1,162.8,191.7,133.8
2025-12-01,CVS,153.8,162.8,191.7,133.8
2026-01-01,CVS,206.4,162.8,191.7,133.8
2026-02-01,CVS,164.4,162.8,191.7,133.8
2026-03-01,CVS,170.8,162.8,191.7,133.8
2026-04-01,CVS,158.5,162.8,191.7,133.8
2026-05-01,CVS,175.8,162.8,191.7,133.8
2026-06-01,CVS,180.6,162.8,191.7,133.8
2026-07-01,CVS,164.8,162.8,191.7,133.8
2026-08-01,CVS,164.5,162.8,191.7,133.8
2026-09-01,CVS,58.6,162.8,191.7,133.8
2025-07-01,CVX,267.3,201.0,256.4,145.6
2025-08-01,CVX,168.1,201.0,256.4,145.6
2025-09-01,CVX,163.3,201.0,256.4,145.6
2025-10-01,CVX,152.9,201.0,256.4,145.6
2025-11-01,CVX,161.7,201.0,256.4,145.6
2025-12-01,CVX,180.5,201.0,256.4,145.6
2026-01-01,CVX,264.7,201.0,256.4,145.6
2026-02-01,CVX,201.5,201.0,256.4,145.6
2026-03-01,CVX,333.9,201.0,256.4,145.6
2026-04-01,CVX,237.5,201.0,256.4,145.6
2026-05-01,CVX,205.5,201.0,256.4,145.6
2026-06-01,CVX,199.5,201.0,256.4,145.6
2026-07-01,CVX,170.6,201.0,256.4,145.6
2026-08-01,CVX,169.1,201.0,256.4,145.6
2026-09-01,CVX,87.6,201.0,256.4,145.6
2025-07-01,D,95.9,112.3,143.1,81.5
2025-08-01,D,104.7,112.3,143.1,81.5
2025-09-01,D,102.7,112.3,143.1,81.5
2025-10-01,D,105.4,112.3,143.1,81.5
2025-11-01,D,99.4,112.3,143.1,81.5
2025-12-01,D,160.0,112.3,143.1,81.5
2026-01-01,D,120.5,112.3,143.1,81.5
2026-02-01,D,125.8,112.3,143.1,81.5
2026-03-01,D,96.8,112.3,143.1,81.5
2026-04-01,D,91.3,112.3,143.1,81.5
2026-05-01,D,185.6,112.3,143.1,81.5
2026-06-01,D,147.5,112.3,143.1,81.5
2026-07-01,D,98.6,112.3,143.1,81.5
2026-08-01,D,76.2,112.3,143.1,81.5
2026-09-01,D,53.4,112.3,143.1,81.5
2025-07-01,DAL,249.5,179.4,243.1,115.8
2025-08-01,DAL,148.2,179.4,243.1,115.8
2025-09-01,DAL,168.1,179.4,243.1,115.8
2025-10-01,DAL,218.5,179.4,243.1,115.8
2025-11-01,DAL,145.7,179.4,243.1,115.8
2025-12-01,DAL,163.6,179.4,243.1,115.8
2026-01-01,DAL,164.2,179.4,243.1,115.8
2026-02-01,DAL,163.0,179.4,243.1,115.8
2026-03-01,DAL,353.0,179.4,243.1,115.8
2026-04-01,DAL,215.2,179.4,243.1,115.8
2026-05-01,DAL,155.4,179.4,243.1,115.8
2026-06-01,DAL,168.2,179.4,243.1,115.8
2026-07-01,DAL,150.5,179.4,243.1,115.8
2026-08-01,DAL,97.6,179.4,243.1,115.8
2026-09-01,DAL,60.1,179.4,243.1,115.8
2025-07-01,DASH,65.4,91.1,117.6,64.5
2025-08-01,DASH,79.7,91.1,117.6,64.5
2025-09-01,DASH,67.6,91.1,117.6,64.5
2025-10-01,DASH,66.9,91.1,117.6,64.5
2025-11-01,DASH,148.9,91.1,117.6,64.5
2025-12-01,DASH,101.5,91.1,117.6,64.5
2026-01-01,DASH,79.0,91.1,117.6,64.5
2026-02-01,DASH,142.6,91.1,117.6,64.5
2026-03-01,DASH,88.7,91.1,117.6,64.5
2026-04-01,DASH,81.7,91.1,117.6,64.5
2026-05-01,DASH,110.8,91.1,117.6,64.5
2026-06-01,DASH,110.0,91.1,117.6,64.5
2026-07-01,DASH,82.2,91.1,117.6,64.5
2026-08-01,DASH,95.1,91.1,117.6,64.5
2026-09-01,DASH,37.4,91.1,117.6,64.5
2025-07-01,DBA,4.6,16.0,29.6,2.4
2025-08-01,DBA,4.9,16.0,29.6,2.4
2025-09-01,DBA,4.3,16.0,29.6,2.4
2025-10-01,DBA,4.7,16.0,29.6,2.4
2025-11-01,DBA,3.9,16.0,29.6,2.4
2025-12-01,DBA,4.9,16.0,29.6,2.4
2026-01-01,DBA,5.4,16.0,29.6,2.4
2026-02-01,DBA,5.4,16.0,29.6,2.4
2026-03-01,DBA,43.1,16.0,29.6,2.4
2026-04-01,DBA,37.4,16.0,29.6,2.4
2026-05-01,DBA,31.2,16.0,29.6,2.4
2026-06-01,DBA,28.1,16.0,29.6,2.4
2026-07-01,DBA,18.5,16.0,29.6,2.4
2026-08-01,DBA,24.3,16.0,29.6,2.4
2026-09-01,DBA,19.7,16.0,29.6,2.4
2025-07-01,DBB,2.1,5.5,9.2,1.8
2025-08-01,DBB,0.9,5.5,9.2,1.8
2025-09-01,DBB,1.1,5.5,9.2,1.8
2025-10-01,DBB,1.5,5.5,9.2,1.8
2025-11-01,DBB,1.2,5.5,9.2,1.8
2025-12-01,DBB,7.5,5.5,9.2,1.8
2026-01-01,DBB,9.9,5.5,9.2,1.8
2026-02-01,DBB,7.7,5.5,9.2,1.8
2026-03-01,DBB,11.8,5.5,9.2,1.8
2026-04-01,DBB,9.3,5.5,9.2,1.8
2026-05-01,DBB,8.9,5.5,9.2,1.8
2026-06-01,DBB,8.3,5.5,9.2,1.8
2026-07-01,DBB,4.9,5.5,9.2,1.8
2026-08-01,DBB,3.6,5.5,9.2,1.8
2026-09-01,DBB,2.6,5.5,9.2,1.8
2025-07-01,DBC,10.2,18.0,28.6,7.4
2025-08-01,DBC,8.1,18.0,28.6,7.4
2025-09-01,DBC,8.3,18.0,28.6,7.4
2025-10-01,DBC,8.5,18.0,28.6,7.4
2025-11-01,DBC,9.4,18.0,28.6,7.4
2025-12-01,DBC,10.4,18.0,28.6,7.4
2026-01-01,DBC,15.3,18.0,28.6,7.4
2026-02-01,DBC,16.0,18.0,28.6,7.4
2026-03-01,DBC,39.8,18.0,28.6,7.4
2026-04-01,DBC,38.7,18.0,28.6,7.4
2026-05-01,DBC,29.8,18.0,28.6,7.4
2026-06-01,DBC,21.1,18.0,28.6,7.4
2026-07-01,DBC,23.2,18.0,28.6,7.4
2026-08-01,DBC,17.3,18.0,28.6,7.4
2026-09-01,DBC,10.9,18.0,28.6,7.4
2025-07-01,DD,46.2,37.1,48.8,25.3
2025-08-01,DD,51.6,37.1,48.8,25.3
2025-09-01,DD,52.9,37.1,48.8,25.3
2025-10-01,DD,55.7,37.1,48.8,25.3
2025-11-01,DD,52.4,37.1,48.8,25.3
2025-12-01,DD,35.0,37.1,48.8,25.3
2026-01-01,DD,32.5,37.1,48.8,25.3
2026-02-01,DD,32.2,37.1,48.8,25.3
2026-03-01,DD,32.0,37.1,48.8,25.3
2026-04-01,DD,20.4,37.1,48.8,25.3
2026-05-01,DD,28.7,37.1,48.8,25.3
2026-06-01,DD,29.3,37.1,48.8,25.3
2026-07-01,DD,33.6,37.1,48.8,25.3
2026-08-01,DD,28.9,37.1,48.8,25.3
2026-09-01,DD,13.6,37.1,48.8,25.3
2025-07-01,DDOG,230.2,113.6,153.5,73.8
2025-08-01,DDOG,127.1,113.6,153.5,73.8
2025-09-01,DDOG,87.8,113.6,153.5,73.8
2025-10-01,DDOG,86.6,113.6,153.5,73.8
2025-11-01,DDOG,110.9,113.6,153.5,73.8
2025-12-01,DDOG,75.6,113.6,153.5,73.8
2026-01-01,DDOG,118.5,113.6,153.5,73.8
2026-02-01,DDOG,140.8,113.6,153.5,73.8
2026-03-01,DDOG,100.8,113.6,153.5,73.8
2026-04-01,DDOG,96.9,113.6,153.5,73.8
2026-05-01,DDOG,142.8,113.6,153.5,73.8
2026-06-01,DDOG,122.4,113.6,153.5,73.8
2026-07-01,DDOG,90.1,113.6,153.5,73.8
2026-08-01,DDOG,105.6,113.6,153.5,73.8
2026-09-01,DDOG,41.4,113.6,153.5,73.8
2025-07-01,DE,24.4,28.2,33.2,23.1
2025-08-01,DE,30.7,28.2,33.2,23.1
2025-09-01,DE,31.4,28.2,33.2,23.1
2025-10-01,DE,28.3,28.2,33.2,23.1
2025-11-01,DE,30.5,28.2,33.2,23.1
2025-12-01,DE,30.1,28.2,33.2,23.1
2026-01-01,DE,27.4,28.2,33.2,23.1
2026-02-01,DE,41.7,28.2,33.2,23.1
2026-03-01,DE,29.8,28.2,33.2,23.1
2026-04-01,DE,23.7,28.2,33.2,23.1
2026-05-01,DE,25.6,28.2,33.2,23.1
2026-06-01,DE,30.7,28.2,33.2,23.1
2026-07-01,DE,24.6,28.2,33.2,23.1
2026-08-01,DE,24.6,28.2,33.2,23.1
2026-09-01,DE,14.9,28.2,33.2,23.1
2025-07-01,DECK,98.2,60.2,82.0,38.4
2025-08-01,DECK,52.7,60.2,82.0,38.4
2025-09-01,DECK,56.9,60.2,82.0,38.4
2025-10-01,DECK,115.4,60.2,82.0,38.4
2025-11-01,DECK,67.0,60.2,82.0,38.4
2025-12-01,DECK,68.5,60.2,82.0,38.4
2026-01-01,DECK,64.5,60.2,82.0,38.4
2026-02-01,DECK,48.2,60.2,82.0,38.4
2026-03-01,DECK,49.6,60.2,82.0,38.4
2026-04-01,DECK,33.6,60.2,82.0,38.4
2026-05-01,DECK,48.0,60.2,82.0,38.4
2026-06-01,DECK,44.9,60.2,82.0,38.4
2026-07-01,DECK,51.1,60.2,82.0,38.4
2026-08-01,DECK,50.7,60.2,82.0,38.4
2026-09-01,DECK,35.2,60.2,82.0,38.4
2025-07-01,DELL,101.1,153.6,189.4,117.8
2025-08-01,DELL,121.1,153.6,189.4,117.8
2025-09-01,DELL,137.6,153.6,189.4,117.8
2025-10-01,DELL,184.4,153.6,189.4,117.8
2025-11-01,DELL,155.9,153.6,189.4,117.8
2025-12-01,DELL,114.9,153.6,189.4,117.8
2026-01-01,DELL,149.5,153.6,189.4,117.8
2026-02-01,DELL,177.7,153.6,189.4,117.8
2026-03-01,DELL,216.3,153.6,189.4,117.8
2026-04-01,DELL,130.8,153.6,189.4,117.8
2026-05-01,DELL,193.1,153.6,189.4,117.8
2026-06-01,DELL,212.1,153.6,189.4,117.8
2026-07-01,DELL,147.1,153.6,189.4,117.8
2026-08-01,DELL,113.0,153.6,189.4,117.8
2026-09-01,DELL,150.6,153.6,189.4,117.8
2025-07-01,DG,57.3,65.3,81.0,49.6
2025-08-01,DG,66.3,65.3,81.0,49.6
2025-09-01,DG,66.8,65.3,81.0,49.6
2025-10-01,DG,66.0,65.3,81.0,49.6
2025-11-01,DG,53.7,65.3,81.0,49.6
2025-12-01,DG,101.2,65.3,81.0,49.6
2026-01-01,DG,67.3,65.3,81.0,49.6
2026-02-01,DG,51.4,65.3,81.0,49.6
2026-03-01,DG,81.5,65.3,81.0,49.6
2026-04-01,DG,60.2,65.3,81.0,49.6
2026-05-01,DG,79.7,65.3,81.0,49.6
2026-06-01,DG,77.9,65.3,81.0,49.6
2026-07-01,DG,53.7,65.3,81.0,49.6
2026-08-01,DG,49.8,65.3,81.0,49.6
2026-09-01,DG,27.4,65.3,81.0,49.6
2025-07-01,DGX,29.5,20.3,24.8,15.9
2025-08-01,DGX,17.6,20.3,24.8,15.9
2025-09-01,DGX,14.5,20.3,24.8,15.9
2025-10-01,DGX,26.6,20.3,24.8,15.9
2025-11-01,DGX,22.1,20.3,24.8,15.9
2025-12-01,DGX,20.5,20.3,24.8,15.9
2026-01-01,DGX,20.0,20.3,24.8,15.9
2026-02-01,DGX,22.2,20.3,24.8,15.9
2026-03-01,DGX,18.7,20.3,24.8,15.9
2026-04-01,DGX,22.1,20.3,24.8,15.9
2026-05-01,DGX,15.6,20.3,24.8,15.9
2026-06-01,DGX,18.5,20.3,24.8,15.9
2026-07-01,DGX,24.4,20.3,24.8,15.9
2026-08-01,DGX,17.0,20.3,24.8,15.9
2026-09-01,DGX,10.7,20.3,24.8,15.9
2025-07-01,DHI,107.6,63.0,81.3,44.7
2025-08-01,DHI,81.3,63.0,81.3,44.7
2025-09-01,DHI,71.8,63.0,81.3,44.7
2025-10-01,DHI,78.7,63.0,81.3,44.7
2025-11-01,DHI,55.7,63.0,81.3,44.7
2025-12-01,DHI,62.2,63.0,81.3,44.7
2026-01-01,DHI,75.0,63.0,81.3,44.7
2026-02-01,DHI,55.1,63.0,81.3,44.7
2026-03-01,DHI,61.2,63.0,81.3,44.7
2026-04-01,DHI,55.6,63.0,81.3,44.7
2026-05-01,DHI,48.3,63.0,81.3,44.7
2026-06-01,DHI,46.6,63.0,81.3,44.7
2026-07-01,DHI,58.4,63.0,81.3,44.7
2026-08-01,DHI,39.9,63.0,81.3,44.7
2026-09-01,DHI,26.6,63.0,81.3,44.7
2025-07-01,DHR,96.4,87.5,108.9,66.2
2025-08-01,DHR,68.4,87.5,108.9,66.2
2025-09-01,DHR,90.2,87.5,108.9,66.2
2025-10-01,DHR,104.3,87.5,108.9,66.2
2025-11-01,DHR,69.2,87.5,108.9,66.2
2025-12-01,DHR,71.9,87.5,108.9,66.2
2026-01-01,DHR,78.7,87.5,108.9,66.2
2026-02-01,DHR,83.4,87.5,108.9,66.2
2026-03-01,DHR,90.9,87.5,108.9,66.2
2026-04-01,DHR,97.2,87.5,108.9,66.2
2026-05-01,DHR,97.5,87.5,108.9,66.2
2026-06-01,DHR,88.8,87.5,108.9,66.2
2026-07-01,DHR,142.0,87.5,108.9,66.2
2026-08-01,DHR,70.7,87.5,108.9,66.2
2026-09-01,DHR,34.6,87.5,108.9,66.2
2025-07-01,DHT,26.6,58.4,87.4,29.5
2025-08-01,DHT,27.4,58.4,87.4,29.5
2025-09-01,DHT,42.3,58.4,87.4,29.5
2025-10-01,DHT,44.7,58.4,87.4,29.5
2025-11-01,DHT,35.3,58.4,87.4,29.5
2025-12-01,DHT,32.4,58.4,87.4,29.5
2026-01-01,DHT,51.8,58.4,87.4,29.5
2026-02-01,DHT,79.3,58.4,87.4,29.5
2026-03-01,DHT,140.9,58.4,87.4,29.5
2026-04-01,DHT,73.7,58.4,87.4,29.5
2026-05-01,DHT,62.8,58.4,87.4,29.5
2026-06-01,DHT,78.9,58.4,87.4,29.5
2026-07-01,DHT,59.4,58.4,87.4,29.5
2026-08-01,DHT,70.9,58.4,87.4,29.5
2026-09-01,DHT,43.6,58.4,87.4,29.5
2025-07-01,DIA,78.4,110.2,145.1,75.2
2025-08-01,DIA,95.8,110.2,145.1,75.2
2025-09-01,DIA,105.7,110.2,145.1,75.2
2025-10-01,DIA,162.7,110.2,145.1,75.2
2025-11-01,DIA,143.7,110.2,145.1,75.2
2025-12-01,DIA,104.0,110.2,145.1,75.2
2026-01-01,DIA,128.0,110.2,145.1,75.2
2026-02-01,DIA,133.1,110.2,145.1,75.2
2026-03-01,DIA,182.1,110.2,145.1,75.2
2026-04-01,DIA,89.4,110.2,145.1,75.2
2026-05-01,DIA,94.9,110.2,145.1,75.2
2026-06-01,DIA,116.0,110.2,145.1,75.2
2026-07-01,DIA,81.9,110.2,145.1,75.2
2026-08-01,DIA,66.9,110.2,145.1,75.2
2026-09-01,DIA,40.7,110.2,145.1,75.2
2025-07-01,DIS,153.2,202.2,244.8,159.7
2025-08-01,DIS,177.1,202.2,244.8,159.7
2025-09-01,DIS,184.0,202.2,244.8,159.7
2025-10-01,DIS,174.3,202.2,244.8,159.7
2025-11-01,DIS,238.7,202.2,244.8,159.7
2025-12-01,DIS,237.4,202.2,244.8,159.7
2026-01-01,DIS,203.0,202.2,244.8,159.7
2026-02-01,DIS,265.6,202.2,244.8,159.7
2026-03-01,DIS,257.3,202.2,244.8,159.7
2026-04-01,DIS,158.2,202.2,244.8,159.7
2026-05-01,DIS,188.6,202.2,244.8,159.7
2026-06-01,DIS,232.2,202.2,244.8,159.7
2026-07-01,DIS,238.8,202.2,244.8,159.7
2026-08-01,DIS,199.0,202.2,244.8,159.7
2026-09-01,DIS,82.5,202.2,244.8,159.7
2025-07-01,DLR,33.3,43.1,56.7,29.4
2025-08-01,DLR,29.8,43.1,56.7,29.4
2025-09-01,DLR,34.2,43.1,56.7,29.4
2025-10-01,DLR,37.0,43.1,56.7,29.4
2025-11-01,DLR,35.7,43.1,56.7,29.4
2025-12-01,DLR,44.1,43.1,56.7,29.4
2026-01-01,DLR,40.8,43.1,56.7,29.4
2026-02-01,DLR,41.8,43.1,56.7,29.4
2026-03-01,DLR,43.1,43.1,56.7,29.4
2026-04-01,DLR,45.9,43.1,56.7,29.4
2026-05-01,DLR,38.0,43.1,56.7,29.4
2026-06-01,DLR,67.0,43.1,56.7,29.4
2026-07-01,DLR,79.0,43.1,56.7,29.4
2026-08-01,DLR,44.1,43.1,56.7,29.4
2026-09-01,DLR,20.7,43.1,56.7,29.4
2025-07-01,DLTR,69.4,73.2,94.1,52.3
2025-08-01,DLTR,62.9,73.2,94.1,52.3
2025-09-01,DLTR,116.9,73.2,94.1,52.3
2025-10-01,DLTR,112.8,73.2,94.1,52.3
2025-11-01,DLTR,63.3,73.2,94.1,52.3
2025-12-01,DLTR,77.4,73.2,94.1,52.3
2026-01-01,DLTR,65.3,73.2,94.1,52.3
2026-02-01,DLTR,54.3,73.2,94.1,52.3
2026-03-01,DLTR,70.2,73.2,94.1,52.3
2026-04-01,DLTR,72.1,73.2,94.1,52.3
2026-05-01,DLTR,91.3,73.2,94.1,52.3
2026-06-01,DLTR,76.9,73.2,94.1,52.3
2026-07-01,DLTR,62.1,73.2,94.1,52.3
2026-08-01,DLTR,49.0,73.2,94.1,52.3
2026-09-01,DLTR,30.1,73.2,94.1,52.3
2025-07-01,DOC,163.3,162.4,205.1,119.6
2025-08-01,DOC,148.4,162.4,205.1,119.6
2025-09-01,DOC,144.6,162.4,205.1,119.6
2025-10-01,DOC,229.9,162.4,205.1,119.6
2025-11-01,DOC,122.0,162.4,205.1,119.6
2025-12-01,DOC,169.4,162.4,205.1,119.6
2026-01-01,DOC,194.0,162.4,205.1,119.6
2026-02-01,DOC,205.8,162.4,205.1,119.6
2026-03-01,DOC,168.7,162.4,205.1,119.6
2026-04-01,DOC,168.4,162.4,205.1,119.6
2026-05-01,DOC,233.1,162.4,205.1,119.6
2026-06-01,DOC,152.6,162.4,205.1,119.6
2026-07-01,DOC,134.5,162.4,205.1,119.6
2026-08-01,DOC,104.7,162.4,205.1,119.6
2026-09-01,DOC,45.2,162.4,205.1,119.6
2025-07-01,DOV,25.4,23.2,27.4,19.0
2025-08-01,DOV,19.4,23.2,27.4,19.0
2025-09-01,DOV,21.1,23.2,27.4,19.0
2025-10-01,DOV,30.9,23.2,27.4,19.0
2025-11-01,DOV,20.4,23.2,27.4,19.0
2025-12-01,DOV,22.0,23.2,27.4,19.0
2026-01-01,DOV,26.2,23.2,27.4,19.0
2026-02-01,DOV,27.6,23.2,27.4,19.0
2026-03-01,DOV,25.7,23.2,27.4,19.0
2026-04-01,DOV,22.4,23.2,27.4,19.0
2026-05-01,DOV,16.2,23.2,27.4,19.0
2026-06-01,DOV,21.6,23.2,27.4,19.0
2026-07-01,DOV,28.6,23.2,27.4,19.0
2026-08-01,DOV,20.4,23.2,27.4,19.0
2026-09-01,DOV,15.0,23.2,27.4,19.0
2025-07-01,DOW,369.6,269.4,330.6,208.1
2025-08-01,DOW,297.2,269.4,330.6,208.1
2025-09-01,DOW,296.7,269.4,330.6,208.1
2025-10-01,DOW,312.3,269.4,330.6,208.1
2025-11-01,DOW,249.3,269.4,330.6,208.1
2025-12-01,DOW,241.8,269.4,330.6,208.1
2026-01-01,DOW,251.4,269.4,330.6,208.1
2026-02-01,DOW,253.6,269.4,330.6,208.1
2026-03-01,DOW,357.9,269.4,330.6,208.1
2026-04-01,DOW,314.1,269.4,330.6,208.1
2026-05-01,DOW,227.7,269.4,330.6,208.1
2026-06-01,DOW,268.2,269.4,330.6,208.1
2026-07-01,DOW,238.1,269.4,330.6,208.1
2026-08-01,DOW,175.0,269.4,330.6,208.1
2026-09-01,DOW,97.3,269.4,330.6,208.1
2025-07-01,DPZ,16.1,16.5,20.8,12.2
2025-08-01,DPZ,13.6,16.5,20.8,12.2
2025-09-01,DPZ,13.5,16.5,20.8,12.2
2025-10-01,DPZ,15.5,16.5,20.8,12.2
2025-11-01,DPZ,9.4,16.5,20.8,12.2
2025-12-01,DPZ,12.0,16.5,20.8,12.2
2026-01-01,DPZ,14.1,16.5,20.8,12.2
2026-02-01,DPZ,20.4,16.5,20.8,12.2
2026-03-01,DPZ,23.1,16.5,20.8,12.2
2026-04-01,DPZ,21.6,16.5,20.8,12.2
2026-05-01,DPZ,16.5,16.5,20.8,12.2
2026-06-01,DPZ,20.2,16.5,20.8,12.2
2026-07-01,DPZ,22.1,16.5,20.8,12.2
2026-08-01,DPZ,17.5,16.5,20.8,12.2
2026-09-01,DPZ,7.3,16.5,20.8,12.2
2025-07-01,DRI,25.3,27.3,34.1,20.6
2025-08-01,DRI,19.2,27.3,34.1,20.6
2025-09-01,DRI,32.9,27.3,34.1,20.6
2025-10-01,DRI,23.9,27.3,34.1,20.6
2025-11-01,DRI,26.8,27.3,34.1,20.6
2025-12-01,DRI,38.2,27.3,34.1,20.6
2026-01-01,DRI,34.4,27.3,34.1,20.6
2026-02-01,DRI,23.5,27.3,34.1,20.6
2026-03-01,DRI,37.0,27.3,34.1,20.6
2026-04-01,DRI,25.3,27.3,34.1,20.6
2026-05-01,DRI,20.2,27.3,34.1,20.6
2026-06-01,DRI,31.3,27.3,34.1,20.6
2026-07-01,DRI,31.6,27.3,34.1,20.6
2026-08-01,DRI,20.5,27.3,34.1,20.6
2026-09-01,DRI,12.1,27.3,34.1,20.6
2025-07-01,DTE,33.5,28.3,33.5,23.1
2025-08-01,DTE,22.5,28.3,33.5,23.1
2025-09-01,DTE,21.4,28.3,33.5,23.1
2025-10-01,DTE,24.0,28.3,33.5,23.1
2025-11-01,DTE,30.2,28.3,33.5,23.1
2025-12-01,DTE,36.4,28.3,33.5,23.1
2026-01-01,DTE,33.0,28.3,33.5,23.1
2026-02-01,DTE,30.2,28.3,33.5,23.1
2026-03-01,DTE,28.6,28.3,33.5,23.1
2026-04-01,DTE,22.6,28.3,33.5,23.1
2026-05-01,DTE,34.4,28.3,33.5,23.1
2026-06-01,DTE,31.7,28.3,33.5,23.1
2026-07-01,DTE,28.6,28.3,33.5,23.1
2026-08-01,DTE,27.1,28.3,33.5,23.1
2026-09-01,DTE,15.8,28.3,33.5,23.1
2025-07-01,DUK,59.8,73.7,89.6,57.8
2025-08-01,DUK,67.9,73.7,89.6,57.8
2025-09-01,DUK,56.7,73.7,89.6,57.8
2025-10-01,DUK,63.0,73.7,89.6,57.8
2025-11-01,DUK,67.6,73.7,89.6,57.8
2025-12-01,DUK,73.4,73.7,89.6,57.8
2026-01-01,DUK,79.4,73.7,89.6,57.8
2026-02-01,DUK,92.6,73.7,89.6,57.8
2026-03-01,DUK,107.3,73.7,89.6,57.8
2026-04-01,DUK,62.8,73.7,89.6,57.8
2026-05-01,DUK,65.9,73.7,89.6,57.8
2026-06-01,DUK,78.4,73.7,89.6,57.8
2026-07-01,DUK,81.9,73.7,89.6,57.8
2026-08-01,DUK,96.1,73.7,89.6,57.8
2026-09-01,DUK,39.0,73.7,89.6,57.8
2025-07-01,DVA,16.1,18.2,22.3,14.1
2025-08-01,DVA,18.6,18.2,22.3,14.1
2025-09-01,DVA,17.3,18.2,22.3,14.1
2025-10-01,DVA,17.8,18.2,22.3,14.1
2025-11-01,DVA,21.0,18.2,22.3,14.1
2025-12-01,DVA,16.3,18.2,22.3,14.1
2026-01-01,DVA,18.5,18.2,22.3,14.1
2026-02-01,DVA,28.6,18.2,22.3,14.1
2026-03-01,DVA,19.6,18.2,22.3,14.1
2026-04-01,DVA,13.5,18.2,22.3,14.1
2026-05-01,DVA,21.8,18.2,22.3,14.1
2026-06-01,DVA,17.7,18.2,22.3,14.1
2026-07-01,DVA,14.8,18.2,22.3,14.1
2026-08-01,DVA,21.4,18.2,22.3,14.1
2026-09-01,DVA,7.0,18.2,22.3,14.1
2025-07-01,DVN,158.1,224.1,303.3,144.9
2025-08-01,DVN,159.4,224.1,303.3,144.9
2025-09-01,DVN,159.6,224.1,303.3,144.9
2025-10-01,DVN,159.6,224.1,303.3,144.9
2025-11-01,DVN,167.3,224.1,303.3,144.9
2025-12-01,DVN,166.0,224.1,303.3,144.9
2026-01-01,DVN,204.0,224.1,303.3,144.9
2026-02-01,DVN,228.3,224.1,303.3,144.9
2026-03-01,DVN,421.4,224.1,303.3,144.9
2026-04-01,DVN,263.1,224.1,303.3,144.9
2026-05-01,DVN,316.0,224.1,303.3,144.9
2026-06-01,DVN,327.3,224.1,303.3,144.9
2026-07-01,DVN,243.6,224.1,303.3,144.9
2026-08-01,DVN,219.4,224.1,303.3,144.9
2026-09-01,DVN,127.2,224.1,303.3,144.9
2025-07-01,DXCM,69.4,106.1,131.9,80.4
2025-08-01,DXCM,86.6,106.1,131.9,80.4
2025-09-01,DXCM,133.4,106.1,131.9,80.4
2025-10-01,DXCM,128.5,106.1,131.9,80.4
2025-11-01,DXCM,144.4,106.1,131.9,80.4
2025-12-01,DXCM,101.2,106.1,131.9,80.4
2026-01-01,DXCM,121.3,106.1,131.9,80.4
2026-02-01,DXCM,98.1,106.1,131.9,80.4
2026-03-01,DXCM,90.2,106.1,131.9,80.4
2026-04-01,DXCM,89.2,106.1,131.9,80.4
2026-05-01,DXCM,148.6,106.1,131.9,80.4
2026-06-01,DXCM,111.1,106.1,131.9,80.4
2026-07-01,DXCM,105.2,106.1,131.9,80.4
2026-08-01,DXCM,103.3,106.1,131.9,80.4
2026-09-01,DXCM,38.7,106.1,131.9,80.4
2025-07-01,EBAY,121.0,106.0,131.2,80.8
2025-08-01,EBAY,130.9,106.0,131.2,80.8
2025-09-01,EBAY,117.4,106.0,131.2,80.8
2025-10-01,EBAY,143.0,106.0,131.2,80.8
2025-11-01,EBAY,86.5,106.0,131.2,80.8
2025-12-01,EBAY,92.2,106.0,131.2,80.8
2026-01-01,EBAY,81.9,106.0,131.2,80.8
2026-02-01,EBAY,133.3,106.0,131.2,80.8
2026-03-01,EBAY,109.6,106.0,131.2,80.8
2026-04-01,EBAY,108.5,106.0,131.2,80.8
2026-05-01,EBAY,140.6,106.0,131.2,80.8
2026-06-01,EBAY,78.8,106.0,131.2,80.8
2026-07-01,EBAY,72.9,106.0,131.2,80.8
2026-08-01,EBAY,99.8,106.0,131.2,80.8
2026-09-01,EBAY,48.9,106.0,131.2,80.8
2025-07-01,EC,46.8,52.7,69.0,36.4
2025-08-01,EC,41.3,52.7,69.0,36.4
2025-09-01,EC,38.5,52.7,69.0,36.4
2025-10-01,EC,43.1,52.7,69.0,36.4
2025-11-01,EC,49.7,52.7,69.0,36.4
2025-12-01,EC,39.0,52.7,69.0,36.4
2026-01-01,EC,71.9,52.7,69.0,36.4
2026-02-01,EC,55.3,52.7,69.0,36.4
2026-03-01,EC,89.6,52.7,69.0,36.4
2026-04-01,EC,59.7,52.7,69.0,36.4
2026-05-01,EC,62.6,52.7,69.0,36.4
2026-06-01,EC,71.6,52.7,69.0,36.4
2026-07-01,EC,51.4,52.7,69.0,36.4
2026-08-01,EC,38.5,52.7,69.0,36.4
2026-09-01,EC,17.9,52.7,69.0,36.4
2025-07-01,ECH,6.1,13.6,20.2,7.0
2025-08-01,ECH,9.3,13.6,20.2,7.0
2025-09-01,ECH,9.2,13.6,20.2,7.0
2025-10-01,ECH,12.9,13.6,20.2,7.0
2025-11-01,ECH,23.3,13.6,20.2,7.0
2025-12-01,ECH,13.4,13.6,20.2,7.0
2026-01-01,ECH,19.0,13.6,20.2,7.0
2026-02-01,ECH,25.6,13.6,20.2,7.0
2026-03-01,ECH,26.4,13.6,20.2,7.0
2026-04-01,ECH,14.8,13.6,20.2,7.0
2026-05-01,ECH,7.6,13.6,20.2,7.0
2026-06-01,ECH,11.7,13.6,20.2,7.0
2026-07-01,ECH,7.5,13.6,20.2,7.0
2026-08-01,ECH,9.7,13.6,20.2,7.0
2026-09-01,ECH,6.0,13.6,20.2,7.0
2025-07-01,ECHO,57.0,118.5,178.3,58.8
2025-08-01,ECHO,128.2,118.5,178.3,58.8
2025-09-01,ECHO,142.0,118.5,178.3,58.8
2025-10-01,ECHO,67.4,118.5,178.3,58.8
2025-11-01,ECHO,63.0,118.5,178.3,58.8
2025-12-01,ECHO,131.1,118.5,178.3,58.8
2026-01-01,ECHO,143.4,118.5,178.3,58.8
2026-02-01,ECHO,77.5,118.5,178.3,58.8
2026-03-01,ECHO,176.8,118.5,178.3,58.8
2026-04-01,ECHO,119.8,118.5,178.3,58.8
2026-05-01,ECHO,124.5,118.5,178.3,58.8
2026-06-01,ECHO,289.5,118.5,178.3,58.8
2026-07-01,ECHO,113.4,118.5,178.3,58.8
2026-08-01,ECHO,73.7,118.5,178.3,58.8
2026-09-01,ECHO,29.9,118.5,178.3,58.8
2025-07-01,ECL,25.3,29.2,35.1,23.2
2025-08-01,ECL,22.6,29.2,35.1,23.2
2025-09-01,ECL,31.4,29.2,35.1,23.2
2025-10-01,ECL,32.2,29.2,35.1,23.2
2025-11-01,ECL,28.3,29.2,35.1,23.2
2025-12-01,ECL,30.4,29.2,35.1,23.2
2026-01-01,ECL,23.0,29.2,35.1,23.2
2026-02-01,ECL,26.8,29.2,35.1,23.2
2026-03-01,ECL,38.2,29.2,35.1,23.2
2026-04-01,ECL,27.8,29.2,35.1,23.2
2026-05-01,ECL,35.1,29.2,35.1,23.2
2026-06-01,ECL,40.0,29.2,35.1,23.2
2026-07-01,ECL,26.4,29.2,35.1,23.2
2026-08-01,ECL,29.8,29.2,35.1,23.2
2026-09-01,ECL,13.0,29.2,35.1,23.2
2025-07-01,ED,45.3,45.5,53.7,37.2
2025-08-01,ED,59.2,45.5,53.7,37.2
2025-09-01,ED,44.0,45.5,53.7,37.2
2025-10-01,ED,37.5,45.5,53.7,37.2
2025-11-01,ED,49.3,45.5,53.7,37.2
2025-12-01,ED,42.9,45.5,53.7,37.2
2026-01-01,ED,38.1,45.5,53.7,37.2
2026-02-01,ED,51.0,45.5,53.7,37.2
2026-03-01,ED,48.2,45.5,53.7,37.2
2026-04-01,ED,34.8,45.5,53.7,37.2
2026-05-01,ED,55.0,45.5,53.7,37.2
2026-06-01,ED,52.0,45.5,53.7,37.2
2026-07-01,ED,47.8,45.5,53.7,37.2
2026-08-01,ED,47.4,45.5,53.7,37.2
2026-09-01,ED,20.3,45.5,53.7,37.2
2025-07-01,EDEN,0.5,0.2,0.3,0.1
2025-08-01,EDEN,0.1,0.2,0.3,0.1
2025-09-01,EDEN,0.1,0.2,0.3,0.1
2025-10-01,EDEN,0.1,0.2,0.3,0.1
2025-11-01,EDEN,0.1,0.2,0.3,0.1
2025-12-01,EDEN,0.1,0.2,0.3,0.1
2026-01-01,EDEN,0.2,0.2,0.3,0.1
2026-02-01,EDEN,0.2,0.2,0.3,0.1
2026-03-01,EDEN,0.2,0.2,0.3,0.1
2026-04-01,EDEN,0.1,0.2,0.3,0.1
2026-05-01,EDEN,0.3,0.2,0.3,0.1
2026-06-01,EDEN,0.1,0.2,0.3,0.1
2026-07-01,EDEN,0.2,0.2,0.3,0.1
2026-08-01,EDEN,0.3,0.2,0.3,0.1
2026-09-01,EDEN,0.2,0.2,0.3,0.1
2025-07-01,EDV,17.5,24.0,28.6,19.4
2025-08-01,EDV,21.0,24.0,28.6,19.4
2025-09-01,EDV,26.3,24.0,28.6,19.4
2025-10-01,EDV,27.7,24.0,28.6,19.4
2025-11-01,EDV,20.5,24.0,28.6,19.4
2025-12-01,EDV,21.5,24.0,28.6,19.4
2026-01-01,EDV,25.4,24.0,28.6,19.4
2026-02-01,EDV,19.6,24.0,28.6,19.4
2026-03-01,EDV,35.3,24.0,28.6,19.4
2026-04-01,EDV,24.2,24.0,28.6,19.4
2026-05-01,EDV,22.9,24.0,28.6,19.4
2026-06-01,EDV,19.0,24.0,28.6,19.4
2026-07-01,EDV,25.4,24.0,28.6,19.4
2026-08-01,EDV,29.5,24.0,28.6,19.4
2026-09-01,EDV,21.6,24.0,28.6,19.4
2025-07-01,EFNL,0.1,0.4,1.2,-0.3
2025-08-01,EFNL,0.0,0.4,1.2,-0.3
2025-09-01,EFNL,0.1,0.4,1.2,-0.3
2025-10-01,EFNL,0.1,0.4,1.2,-0.3
2025-11-01,EFNL,0.1,0.4,1.2,-0.3
2025-12-01,EFNL,0.2,0.4,1.2,-0.3
2026-01-01,EFNL,0.2,0.4,1.2,-0.3
2026-02-01,EFNL,0.1,0.4,1.2,-0.3
2026-03-01,EFNL,0.2,0.4,1.2,-0.3
2026-04-01,EFNL,0.1,0.4,1.2,-0.3
2026-05-01,EFNL,0.4,0.4,1.2,-0.3
2026-06-01,EFNL,2.9,0.4,1.2,-0.3
2026-07-01,EFNL,1.2,0.4,1.2,-0.3
2026-08-01,EFNL,0.3,0.4,1.2,-0.3
2026-09-01,EFNL,0.9,0.4,1.2,-0.3
2025-07-01,EFX,23.8,30.9,38.9,23.0
2025-08-01,EFX,20.8,30.9,38.9,23.0
2025-09-01,EFX,21.0,30.9,38.9,23.0
2025-10-01,EFX,32.7,30.9,38.9,23.0
2025-11-01,EFX,26.4,30.9,38.9,23.0
2025-12-01,EFX,32.2,30.9,38.9,23.0
2026-01-01,EFX,33.9,30.9,38.9,23.0
2026-02-01,EFX,44.3,30.9,38.9,23.0
2026-03-01,EFX,34.5,30.9,38.9,23.0
2026-04-01,EFX,37.6,30.9,38.9,23.0
2026-05-01,EFX,31.7,30.9,38.9,23.0
2026-06-01,EFX,40.2,30.9,38.9,23.0
2026-07-01,EFX,41.2,30.9,38.9,23.0
2026-08-01,EFX,22.5,30.9,38.9,23.0
2026-09-01,EFX,14.9,30.9,38.9,23.0
2025-07-01,EG,7.4,7.6,9.0,6.2
2025-08-01,EG,6.0,7.6,9.0,6.2
2025-09-01,EG,8.1,7.6,9.0,6.2
2025-10-01,EG,8.6,7.6,9.0,6.2
2025-11-01,EG,8.7,7.6,9.0,6.2
2025-12-01,EG,8.3,7.6,9.0,6.2
2026-01-01,EG,6.6,7.6,9.0,6.2
2026-02-01,EG,8.3,7.6,9.0,6.2
2026-03-01,EG,7.7,7.6,9.0,6.2
2026-04-01,EG,6.9,7.6,9.0,6.2
2026-05-01,EG,6.8,7.6,9.0,6.2
2026-06-01,EG,10.7,7.6,9.0,6.2
2026-07-01,EG,8.3,7.6,9.0,6.2
2026-08-01,EG,5.9,7.6,9.0,6.2
2026-09-01,EG,3.9,7.6,9.0,6.2
2025-07-01,EIDO,14.2,18.4,28.8,8.0
2025-08-01,EIDO,17.2,18.4,28.8,8.0
2025-09-01,EIDO,17.9,18.4,28.8,8.0
2025-10-01,EIDO,9.5,18.4,28.8,8.0
2025-11-01,EIDO,7.7,18.4,28.8,8.0
2025-12-01,EIDO,8.0,18.4,28.8,8.0
2026-01-01,EIDO,18.2,18.4,28.8,8.0
2026-02-01,EIDO,14.0,18.4,28.8,8.0
2026-03-01,EIDO,17.6,18.4,28.8,8.0
2026-04-01,EIDO,12.0,18.4,28.8,8.0
2026-05-01,EIDO,23.6,18.4,28.8,8.0
2026-06-01,EIDO,50.3,18.4,28.8,8.0
2026-07-01,EIDO,29.8,18.4,28.8,8.0
2026-08-01,EIDO,19.7,18.4,28.8,8.0
2026-09-01,EIDO,15.4,18.4,28.8,8.0
2025-07-01,EIRL,0.2,0.2,0.3,0.0
2025-08-01,EIRL,0.1,0.2,0.3,0.0
2025-09-01,EIRL,0.1,0.2,0.3,0.0
2025-10-01,EIRL,0.1,0.2,0.3,0.0
2025-11-01,EIRL,0.1,0.2,0.3,0.0
2025-12-01,EIRL,0.1,0.2,0.3,0.0
2026-01-01,EIRL,0.1,0.2,0.3,0.0
2026-02-01,EIRL,0.3,0.2,0.3,0.0
2026-03-01,EIRL,0.2,0.2,0.3,0.0
2026-04-01,EIRL,0.1,0.2,0.3,0.0
2026-05-01,EIRL,0.1,0.2,0.3,0.0
2026-06-01,EIRL,0.7,0.2,0.3,0.0
2026-07-01,EIRL,0.2,0.2,0.3,0.0
2026-08-01,EIRL,0.1,0.2,0.3,0.0
2026-09-01,EIRL,0.0,0.2,0.3,0.0
2025-07-01,EIS,1.5,1.8,3.0,0.7
2025-08-01,EIS,1.2,1.8,3.0,0.7
2025-09-01,EIS,0.8,1.8,3.0,0.7
2025-10-01,EIS,1.5,1.8,3.0,0.7
2025-11-01,EIS,1.3,1.8,3.0,0.7
2025-12-01,EIS,1.4,1.8,3.0,0.7
2026-01-01,EIS,2.8,1.8,3.0,0.7
2026-02-01,EIS,2.8,1.8,3.0,0.7
2026-03-01,EIS,5.2,1.8,3.0,0.7
2026-04-01,EIS,2.2,1.8,3.0,0.7
2026-05-01,EIS,1.8,1.8,3.0,0.7
2026-06-01,EIS,2.1,1.8,3.0,0.7
2026-07-01,EIS,1.6,1.8,3.0,0.7
2026-08-01,EIS,0.6,1.8,3.0,0.7
2026-09-01,EIS,0.3,1.8,3.0,0.7
2025-07-01,EIX,84.7,68.9,81.9,55.8
2025-08-01,EIX,66.9,68.9,81.9,55.8
2025-09-01,EIX,72.0,68.9,81.9,55.8
2025-10-01,EIX,74.1,68.9,81.9,55.8
2025-11-01,EIX,58.1,68.9,81.9,55.8
2025-12-01,EIX,68.9,68.9,81.9,55.8
2026-01-01,EIX,61.2,68.9,81.9,55.8
2026-02-01,EIX,68.2,68.9,81.9,55.8
2026-03-01,EIX,80.8,68.9,81.9,55.8
2026-04-01,EIX,58.0,68.9,81.9,55.8
2026-05-01,EIX,55.4,68.9,81.9,55.8
2026-06-01,EIX,51.0,68.9,81.9,55.8
2026-07-01,EIX,54.3,68.9,81.9,55.8
2026-08-01,EIX,98.8,68.9,81.9,55.8
2026-09-01,EIX,84.4,68.9,81.9,55.8
2025-07-01,EL,88.4,78.3,96.7,59.9
2025-08-01,EL,85.3,78.3,96.7,59.9
2025-09-01,EL,64.5,78.3,96.7,59.9
2025-10-01,EL,80.3,78.3,96.7,59.9
2025-11-01,EL,70.9,78.3,96.7,59.9
2025-12-01,EL,75.1,78.3,96.7,59.9
2026-01-01,EL,67.2,78.3,96.7,59.9
2026-02-01,EL,96.7,78.3,96.7,59.9
2026-03-01,EL,120.5,78.3,96.7,59.9
2026-04-01,EL,86.2,78.3,96.7,59.9
2026-05-01,EL,78.1,78.3,96.7,59.9
2026-06-01,EL,81.5,78.3,96.7,59.9
2026-07-01,EL,50.3,78.3,96.7,59.9
2026-08-01,EL,77.6,78.3,96.7,59.9
2026-09-01,EL,30.2,78.3,96.7,59.9
2025-07-01,ELV,69.1,38.1,50.4,25.7
2025-08-01,ELV,47.8,38.1,50.4,25.7
2025-09-01,ELV,42.2,38.1,50.4,25.7
2025-10-01,ELV,42.9,38.1,50.4,25.7
2025-11-01,ELV,28.8,38.1,50.4,25.7
2025-12-01,ELV,34.1,38.1,50.4,25.7
2026-01-01,ELV,35.2,38.1,50.4,25.7
2026-02-01,ELV,31.5,38.1,50.4,25.7
2026-03-01,ELV,51.1,38.1,50.4,25.7
2026-04-01,ELV,37.3,38.1,50.4,25.7
2026-05-01,ELV,31.9,38.1,50.4,25.7
2026-06-01,ELV,38.0,38.1,50.4,25.7
2026-07-01,ELV,34.2,38.1,50.4,25.7
2026-08-01,ELV,18.7,38.1,50.4,25.7
2026-09-01,ELV,13.8,38.1,50.4,25.7
2025-07-01,EME,8.8,9.1,12.6,5.6
2025-08-01,EME,6.6,9.1,12.6,5.6
2025-09-01,EME,20.3,9.1,12.6,5.6
2025-10-01,EME,12.1,9.1,12.6,5.6
2025-11-01,EME,7.9,9.1,12.6,5.6
2025-12-01,EME,7.9,9.1,12.6,5.6
2026-01-01,EME,6.9,9.1,12.6,5.6
2026-02-01,EME,8.0,9.1,12.6,5.6
2026-03-01,EME,8.5,9.1,12.6,5.6
2026-04-01,EME,7.5,9.1,12.6,5.6
2026-05-01,EME,7.2,9.1,12.6,5.6
2026-06-01,EME,9.6,9.1,12.6,5.6
2026-07-01,EME,10.8,9.1,12.6,5.6
2026-08-01,EME,7.8,9.1,12.6,5.6
2026-09-01,EME,3.4,9.1,12.6,5.6
2025-07-01,EMR,62.6,60.4,71.9,49.0
2025-08-01,EMR,77.3,60.4,71.9,49.0
2025-09-01,EMR,66.4,60.4,71.9,49.0
2025-10-01,EMR,53.8,60.4,71.9,49.0
2025-11-01,EMR,53.3,60.4,71.9,49.0
2025-12-01,EMR,50.1,60.4,71.9,49.0
2026-01-01,EMR,61.2,60.4,71.9,49.0
2026-02-01,EMR,84.2,60.4,71.9,49.0
2026-03-01,EMR,67.5,60.4,71.9,49.0
2026-04-01,EMR,56.2,60.4,71.9,49.0
2026-05-01,EMR,64.4,60.4,71.9,49.0
2026-06-01,EMR,59.7,60.4,71.9,49.0
2026-07-01,EMR,56.6,60.4,71.9,49.0
2026-08-01,EMR,56.1,60.4,71.9,49.0
2026-09-01,EMR,24.3,60.4,71.9,49.0
2025-07-01,ENZL,0.1,0.7,1.5,-0.1
2025-08-01,ENZL,0.1,0.7,1.5,-0.1
2025-09-01,ENZL,0.2,0.7,1.5,-0.1
2025-10-01,ENZL,0.1,0.7,1.5,-0.1
2025-11-01,ENZL,0.1,0.7,1.5,-0.1
2025-12-01,ENZL,0.3,0.7,1.5,-0.1
2026-01-01,ENZL,0.2,0.7,1.5,-0.1
2026-02-01,ENZL,1.9,0.7,1.5,-0.1
2026-03-01,ENZL,0.4,0.7,1.5,-0.1
2026-04-01,ENZL,0.6,0.7,1.5,-0.1
2026-05-01,ENZL,0.6,0.7,1.5,-0.1
2026-06-01,ENZL,1.2,0.7,1.5,-0.1
2026-07-01,ENZL,2.4,0.7,1.5,-0.1
2026-08-01,ENZL,2.3,0.7,1.5,-0.1
2026-09-01,ENZL,0.8,0.7,1.5,-0.1
2025-07-01,EOG,65.2,80.0,101.1,58.8
2025-08-01,EOG,56.5,80.0,101.1,58.8
2025-09-01,EOG,70.3,80.0,101.1,58.8
2025-10-01,EOG,93.9,80.0,101.1,58.8
2025-11-01,EOG,74.4,80.0,101.1,58.8
2025-12-01,EOG,82.9,80.0,101.1,58.8
2026-01-01,EOG,94.0,80.0,101.1,58.8
2026-02-01,EOG,103.8,80.0,101.1,58.8
2026-03-01,EOG,131.8,80.0,101.1,58.8
2026-04-01,EOG,85.8,80.0,101.1,58.8
2026-05-01,EOG,72.1,80.0,101.1,58.8
2026-06-01,EOG,88.0,80.0,101.1,58.8
2026-07-01,EOG,64.1,80.0,101.1,58.8
2026-08-01,EOG,61.1,80.0,101.1,58.8
2026-09-01,EOG,36.5,80.0,101.1,58.8
2025-07-01,EPAM,11.9,25.3,36.3,14.3
2025-08-01,EPAM,18.6,25.3,36.3,14.3
2025-09-01,EPAM,18.8,25.3,36.3,14.3
2025-10-01,EPAM,14.8,25.3,36.3,14.3
2025-11-01,EPAM,21.6,25.3,36.3,14.3
2025-12-01,EPAM,17.0,25.3,36.3,14.3
2026-01-01,EPAM,13.8,25.3,36.3,14.3
2026-02-01,EPAM,31.4,25.3,36.3,14.3
2026-03-01,EPAM,27.4,25.3,36.3,14.3
2026-04-01,EPAM,29.4,25.3,36.3,14.3
2026-05-01,EPAM,38.7,25.3,36.3,14.3
2026-06-01,EPAM,51.1,25.3,36.3,14.3
2026-07-01,EPAM,35.3,25.3,36.3,14.3
2026-08-01,EPAM,33.0,25.3,36.3,14.3
2026-09-01,EPAM,12.7,25.3,36.3,14.3
2025-07-01,EPHE,1.7,2.8,4.0,1.7
2025-08-01,EPHE,2.4,2.8,4.0,1.7
2025-09-01,EPHE,2.3,2.8,4.0,1.7
2025-10-01,EPHE,1.7,2.8,4.0,1.7
2025-11-01,EPHE,3.1,2.8,4.0,1.7
2025-12-01,EPHE,2.9,2.8,4.0,1.7
2026-01-01,EPHE,3.4,2.8,4.0,1.7
2026-02-01,EPHE,2.7,2.8,4.0,1.7
2026-03-01,EPHE,5.1,2.8,4.0,1.7
2026-04-01,EPHE,1.7,2.8,4.0,1.7
2026-05-01,EPHE,2.2,2.8,4.0,1.7
2026-06-01,EPHE,3.2,2.8,4.0,1.7
2026-07-01,EPHE,3.0,2.8,4.0,1.7
2026-08-01,EPHE,5.4,2.8,4.0,1.7
2026-09-01,EPHE,1.3,2.8,4.0,1.7
2025-07-01,EPOL,6.7,8.9,11.4,6.4
2025-08-01,EPOL,11.6,8.9,11.4,6.4
2025-09-01,EPOL,9.7,8.9,11.4,6.4
2025-10-01,EPOL,6.7,8.9,11.4,6.4
2025-11-01,EPOL,5.5,8.9,11.4,6.4
2025-12-01,EPOL,6.4,8.9,11.4,6.4
2026-01-01,EPOL,11.1,8.9,11.4,6.4
2026-02-01,EPOL,10.8,8.9,11.4,6.4
2026-03-01,EPOL,14.4,8.9,11.4,6.4
2026-04-01,EPOL,9.1,8.9,11.4,6.4
2026-05-01,EPOL,7.1,8.9,11.4,6.4
2026-06-01,EPOL,9.7,8.9,11.4,6.4
2026-07-01,EPOL,9.0,8.9,11.4,6.4
2026-08-01,EPOL,9.4,8.9,11.4,6.4
2026-09-01,EPOL,4.5,8.9,11.4,6.4
2025-07-01,EPU,0.4,1.5,2.6,0.4
2025-08-01,EPU,0.3,1.5,2.6,0.4
2025-09-01,EPU,0.7,1.5,2.6,0.4
2025-10-01,EPU,1.3,1.5,2.6,0.4
2025-11-01,EPU,0.8,1.5,2.6,0.4
2025-12-01,EPU,1.1,1.5,2.6,0.4
2026-01-01,EPU,4.2,1.5,2.6,0.4
2026-02-01,EPU,3.5,1.5,2.6,0.4
2026-03-01,EPU,2.6,1.5,2.6,0.4
2026-04-01,EPU,1.7,1.5,2.6,0.4
2026-05-01,EPU,1.6,1.5,2.6,0.4
2026-06-01,EPU,2.0,1.5,2.6,0.4
2026-07-01,EPU,1.1,1.5,2.6,0.4
2026-08-01,EPU,0.7,1.5,2.6,0.4
2026-09-01,EPU,0.4,1.5,2.6,0.4
2025-07-01,EQIX,13.5,11.7,13.7,9.6
2025-08-01,EQIX,8.3,11.7,13.7,9.6
2025-09-01,EQIX,10.5,11.7,13.7,9.6
2025-10-01,EQIX,11.1,11.7,13.7,9.6
2025-11-01,EQIX,10.1,11.7,13.7,9.6
2025-12-01,EQIX,12.8,11.7,13.7,9.6
2026-01-01,EQIX,10.9,11.7,13.7,9.6
2026-02-01,EQIX,14.9,11.7,13.7,9.6
2026-03-01,EQIX,14.2,11.7,13.7,9.6
2026-04-01,EQIX,11.2,11.7,13.7,9.6
2026-05-01,EQIX,11.0,11.7,13.7,9.6
2026-06-01,EQIX,13.6,11.7,13.7,9.6
2026-07-01,EQIX,12.4,11.7,13.7,9.6
2026-08-01,EQIX,12.2,11.7,13.7,9.6
2026-09-01,EQIX,5.6,11.7,13.7,9.6
2025-07-01,EQR,44.1,58.2,73.9,42.5
2025-08-01,EQR,46.5,58.2,73.9,42.5
2025-09-01,EQR,44.1,58.2,73.9,42.5
2025-10-01,EQR,59.5,58.2,73.9,42.5
2025-11-01,EQR,44.1,58.2,73.9,42.5
2025-12-01,EQR,49.5,58.2,73.9,42.5
2026-01-01,EQR,49.8,58.2,73.9,42.5
2026-02-01,EQR,59.9,58.2,73.9,42.5
2026-03-01,EQR,53.9,58.2,73.9,42.5
2026-04-01,EQR,55.0,58.2,73.9,42.5
2026-05-01,EQR,59.8,58.2,73.9,42.5
2026-06-01,EQR,68.4,58.2,73.9,42.5
2026-07-01,EQR,65.1,58.2,73.9,42.5
2026-08-01,EQR,107.8,58.2,73.9,42.5
2026-09-01,EQR,69.9,58.2,73.9,42.5
2025-07-01,EQT,222.3,169.2,207.1,131.4
2025-08-01,EQT,137.7,169.2,207.1,131.4
2025-09-01,EQT,186.9,169.2,207.1,131.4
2025-10-01,EQT,164.1,169.2,207.1,131.4
2025-11-01,EQT,149.5,169.2,207.1,131.4
2025-12-01,EQT,174.7,169.2,207.1,131.4
2026-01-01,EQT,251.4,169.2,207.1,131.4
2026-02-01,EQT,177.3,169.2,207.1,131.4
2026-03-01,EQT,200.4,169.2,207.1,131.4
2026-04-01,EQT,168.2,169.2,207.1,131.4
2026-05-01,EQT,133.4,169.2,207.1,131.4
2026-06-01,EQT,161.2,169.2,207.1,131.4
2026-07-01,EQT,167.7,169.2,207.1,131.4
2026-08-01,EQT,129.5,169.2,207.1,131.4
2026-09-01,EQT,68.8,169.2,207.1,131.4
2025-07-01,ERIE,3.3,4.2,5.5,2.8
2025-08-01,ERIE,2.7,4.2,5.5,2.8
2025-09-01,ERIE,2.9,4.2,5.5,2.8
2025-10-01,ERIE,3.2,4.2,5.5,2.8
2025-11-01,ERIE,2.7,4.2,5.5,2.8
2025-12-01,ERIE,3.8,4.2,5.5,2.8
2026-01-01,ERIE,3.6,4.2,5.5,2.8
2026-02-01,ERIE,4.3,4.2,5.5,2.8
2026-03-01,ERIE,5.8,4.2,5.5,2.8
2026-04-01,ERIE,4.6,4.2,5.5,2.8
2026-05-01,ERIE,4.0,4.2,5.5,2.8
2026-06-01,ERIE,4.6,4.2,5.5,2.8
2026-07-01,ERIE,6.7,4.2,5.5,2.8
2026-08-01,ERIE,6.8,4.2,5.5,2.8
2026-09-01,ERIE,2.0,4.2,5.5,2.8
2025-07-01,ES,44.0,52.2,62.8,41.6
2025-08-01,ES,47.8,52.2,62.8,41.6
2025-09-01,ES,72.7,52.2,62.8,41.6
2025-10-01,ES,57.7,52.2,62.8,41.6
2025-11-01,ES,60.4,52.2,62.8,41.6
2025-12-01,ES,53.1,52.2,62.8,41.6
2026-01-01,ES,47.5,52.2,62.8,41.6
2026-02-01,ES,56.7,52.2,62.8,41.6
2026-03-01,ES,60.8,52.2,62.8,41.6
2026-04-01,ES,40.6,52.2,62.8,41.6
2026-05-01,ES,51.6,52.2,62.8,41.6
2026-06-01,ES,64.0,52.2,62.8,41.6
2026-07-01,ES,49.8,52.2,62.8,41.6
2026-08-01,ES,42.5,52.2,62.8,41.6
2026-09-01,ES,21.3,52.2,62.8,41.6
2025-07-01,ESS,11.8,10.2,11.7,8.7
2025-08-01,ESS,10.4,10.2,11.7,8.7
2025-09-01,ESS,8.4,10.2,11.7,8.7
2025-10-01,ESS,11.5,10.2,11.7,8.7
2025-11-01,ESS,8.5,10.2,11.7,8.7
2025-12-01,ESS,10.8,10.2,11.7,8.7
2026-01-01,ESS,12.0,10.2,11.7,8.7
2026-02-01,ESS,11.1,10.2,11.7,8.7
2026-03-01,ESS,11.2,10.2,11.7,8.7
2026-04-01,ESS,9.7,10.2,11.7,8.7
2026-05-01,ESS,9.2,10.2,11.7,8.7
2026-06-01,ESS,10.4,10.2,11.7,8.7
2026-07-01,ESS,11.1,10.2,11.7,8.7
2026-08-01,ESS,8.5,10.2,11.7,8.7
2026-09-01,ESS,5.7,10.2,11.7,8.7
2025-07-01,ETN,46.3,52.0,61.3,42.7
2025-08-01,ETN,51.6,52.0,61.3,42.7
2025-09-01,ETN,48.7,52.0,61.3,42.7
2025-10-01,ETN,45.7,52.0,61.3,42.7
2025-11-01,ETN,60.6,52.0,61.3,42.7
2025-12-01,ETN,63.5,52.0,61.3,42.7
2026-01-01,ETN,60.5,52.0,61.3,42.7
2026-02-01,ETN,58.3,52.0,61.3,42.7
2026-03-01,ETN,60.8,52.0,61.3,42.7
2026-04-01,ETN,46.6,52.0,61.3,42.7
2026-05-01,ETN,60.3,52.0,61.3,42.7
2026-06-01,ETN,53.2,52.0,61.3,42.7
2026-07-01,ETN,52.2,52.0,61.3,42.7
2026-08-01,ETN,39.6,52.0,61.3,42.7
2026-09-01,ETN,21.7,52.0,61.3,42.7
2025-07-01,ETR,58.4,58.7,70.4,47.0
2025-08-01,ETR,53.6,58.7,70.4,47.0
2025-09-01,ETR,54.8,58.7,70.4,47.0
2025-10-01,ETR,64.3,58.7,70.4,47.0
2025-11-01,ETR,47.4,58.7,70.4,47.0
2025-12-01,ETR,59.9,58.7,70.4,47.0
2026-01-01,ETR,48.9,58.7,70.4,47.0
2026-02-01,ETR,56.9,58.7,70.4,47.0
2026-03-01,ETR,64.5,58.7,70.4,47.0
2026-04-01,ETR,59.9,58.7,70.4,47.0
2026-05-01,ETR,86.7,58.7,70.4,47.0
2026-06-01,ETR,75.5,58.7,70.4,47.0
2026-07-01,ETR,61.6,58.7,70.4,47.0
2026-08-01,ETR,42.7,58.7,70.4,47.0
2026-09-01,ETR,32.8,58.7,70.4,47.0
2025-07-01,EVRG,49.7,43.3,49.1,37.6
2025-08-01,EVRG,48.1,43.3,49.1,37.6
2025-09-01,EVRG,48.5,43.3,49.1,37.6
2025-10-01,EVRG,46.4,43.3,49.1,37.6
2025-11-01,EVRG,40.1,43.3,49.1,37.6
2025-12-01,EVRG,42.6,43.3,49.1,37.6
2026-01-01,EVRG,43.0,43.3,49.1,37.6
2026-02-01,EVRG,45.4,43.3,49.1,37.6
2026-03-01,EVRG,46.7,43.3,49.1,37.6
2026-04-01,EVRG,32.2,43.3,49.1,37.6
2026-05-01,EVRG,43.2,43.3,49.1,37.6
2026-06-01,EVRG,45.0,43.3,49.1,37.6
2026-07-01,EVRG,45.0,43.3,49.1,37.6
2026-08-01,EVRG,40.9,43.3,49.1,37.6
2026-09-01,EVRG,24.0,43.3,49.1,37.6
2025-07-01,EW,105.9,91.9,114.0,69.7
2025-08-01,EW,79.2,91.9,114.0,69.7
2025-09-01,EW,94.6,91.9,114.0,69.7
2025-10-01,EW,119.6,91.9,114.0,69.7
2025-11-01,EW,71.9,91.9,114.0,69.7
2025-12-01,EW,63.9,91.9,114.0,69.7
2026-01-01,EW,73.6,91.9,114.0,69.7
2026-02-01,EW,103.4,91.9,114.0,69.7
2026-03-01,EW,103.4,91.9,114.0,69.7
2026-04-01,EW,117.2,91.9,114.0,69.7
2026-05-01,EW,96.4,91.9,114.0,69.7
2026-06-01,EW,108.5,91.9,114.0,69.7
2026-07-01,EW,113.4,91.9,114.0,69.7
2026-08-01,EW,63.6,91.9,114.0,69.7
2026-09-01,EW,33.8,91.9,114.0,69.7
2025-07-01,EWA,54.3,75.1,106.2,44.0
2025-08-01,EWA,58.5,75.1,106.2,44.0
2025-09-01,EWA,74.6,75.1,106.2,44.0
2025-10-01,EWA,92.0,75.1,106.2,44.0
2025-11-01,EWA,86.2,75.1,106.2,44.0
2025-12-01,EWA,94.4,75.1,106.2,44.0
2026-01-01,EWA,109.8,75.1,106.2,44.0
2026-02-01,EWA,116.3,75.1,106.2,44.0
2026-03-01,EWA,145.3,75.1,106.2,44.0
2026-04-01,EWA,58.3,75.1,106.2,44.0
2026-05-01,EWA,40.5,75.1,106.2,44.0
2026-06-01,EWA,58.5,75.1,106.2,44.0
2026-07-01,EWA,42.7,75.1,106.2,44.0
2026-08-01,EWA,42.0,75.1,106.2,44.0
2026-09-01,EWA,39.2,75.1,106.2,44.0
2025-07-01,EWC,48.3,43.9,57.1,30.7
2025-08-01,EWC,50.2,43.9,57.1,30.7
2025-09-01,EWC,37.4,43.9,57.1,30.7
2025-10-01,EWC,36.2,43.9,57.1,30.7
2025-11-01,EWC,33.5,43.9,57.1,30.7
2025-12-01,EWC,41.9,43.9,57.1,30.7
2026-01-01,EWC,58.1,43.9,57.1,30.7
2026-02-01,EWC,52.4,43.9,57.1,30.7
2026-03-01,EWC,81.0,43.9,57.1,30.7
2026-04-01,EWC,43.1,43.9,57.1,30.7
2026-05-01,EWC,39.1,43.9,57.1,30.7
2026-06-01,EWC,37.4,43.9,57.1,30.7
2026-07-01,EWC,31.5,43.9,57.1,30.7
2026-08-01,EWC,37.0,43.9,57.1,30.7
2026-09-01,EWC,20.9,43.9,57.1,30.7
2025-07-01,EWD,6.3,3.4,5.5,1.2
2025-08-01,EWD,1.5,3.4,5.5,1.2
2025-09-01,EWD,1.0,3.4,5.5,1.2
2025-10-01,EWD,1.8,3.4,5.5,1.2
2025-11-01,EWD,1.0,3.4,5.5,1.2
2025-12-01,EWD,1.8,3.4,5.5,1.2
2026-01-01,EWD,2.3,3.4,5.5,1.2
2026-02-01,EWD,2.8,3.4,5.5,1.2
2026-03-01,EWD,4.3,3.4,5.5,1.2
2026-04-01,EWD,4.0,3.4,5.5,1.2
2026-05-01,EWD,2.9,3.4,5.5,1.2
2026-06-01,EWD,3.0,3.4,5.5,1.2
2026-07-01,EWD,8.3,3.4,5.5,1.2
2026-08-01,EWD,6.6,3.4,5.5,1.2
2026-09-01,EWD,2.4,3.4,5.5,1.2
2025-07-01,EWG,51.2,40.2,57.1,23.3
2025-08-01,EWG,37.2,40.2,57.1,23.3
2025-09-01,EWG,58.0,40.2,57.1,23.3
2025-10-01,EWG,49.8,40.2,57.1,23.3
2025-11-01,EWG,41.9,40.2,57.1,23.3
2025-12-01,EWG,42.5,40.2,57.1,23.3
2026-01-01,EWG,55.8,40.2,57.1,23.3
2026-02-01,EWG,26.4,40.2,57.1,23.3
2026-03-01,EWG,76.8,40.2,57.1,23.3
2026-04-01,EWG,44.2,40.2,57.1,23.3
2026-05-01,EWG,27.5,40.2,57.1,23.3
2026-06-01,EWG,23.8,40.2,57.1,23.3
2026-07-01,EWG,25.4,40.2,57.1,23.3
2026-08-01,EWG,15.5,40.2,57.1,23.3
2026-09-01,EWG,11.1,40.2,57.1,23.3
2025-07-01,EWH,83.6,75.7,109.0,42.4
2025-08-01,EWH,70.3,75.7,109.0,42.4
2025-09-01,EWH,67.5,75.7,109.0,42.4
2025-10-01,EWH,85.9,75.7,109.0,42.4
2025-11-01,EWH,50.4,75.7,109.0,42.4
2025-12-01,EWH,46.1,75.7,109.0,42.4
2026-01-01,EWH,79.4,75.7,109.0,42.4
2026-02-01,EWH,98.8,75.7,109.0,42.4
2026-03-01,EWH,180.7,75.7,109.0,42.4
2026-04-01,EWH,77.5,75.7,109.0,42.4
2026-05-01,EWH,51.8,75.7,109.0,42.4
2026-06-01,EWH,66.8,75.7,109.0,42.4
2026-07-01,EWH,66.8,75.7,109.0,42.4
2026-08-01,EWH,54.1,75.7,109.0,42.4
2026-09-01,EWH,31.3,75.7,109.0,42.4
2025-07-01,EWI,10.5,9.1,11.4,6.9
2025-08-01,EWI,7.5,9.1,11.4,6.9
2025-09-01,EWI,8.6,9.1,11.4,6.9
2025-10-01,EWI,10.2,9.1,11.4,6.9
2025-11-01,EWI,9.3,9.1,11.4,6.9
2025-12-01,EWI,8.5,9.1,11.4,6.9
2026-01-01,EWI,7.1,9.1,11.4,6.9
2026-02-01,EWI,9.3,9.1,11.4,6.9
2026-03-01,EWI,15.9,9.1,11.4,6.9
2026-04-01,EWI,8.6,9.1,11.4,6.9
2026-05-01,EWI,8.9,9.1,11.4,6.9
2026-06-01,EWI,8.4,9.1,11.4,6.9
2026-07-01,EWI,9.5,9.1,11.4,6.9
2026-08-01,EWI,8.5,9.1,11.4,6.9
2026-09-01,EWI,3.7,9.1,11.4,6.9
2025-07-01,EWJ,141.9,137.7,191.0,84.5
2025-08-01,EWJ,114.6,137.7,191.0,84.5
2025-09-01,EWJ,116.4,137.7,191.0,84.5
2025-10-01,EWJ,155.3,137.7,191.0,84.5
2025-11-01,EWJ,115.6,137.7,191.0,84.5
2025-12-01,EWJ,104.9,137.7,191.0,84.5
2026-01-01,EWJ,167.9,137.7,191.0,84.5
2026-02-01,EWJ,203.3,137.7,191.0,84.5
2026-03-01,EWJ,281.2,137.7,191.0,84.5
2026-04-01,EWJ,156.0,137.7,191.0,84.5
2026-05-01,EWJ,107.5,137.7,191.0,84.5
2026-06-01,EWJ,135.4,137.7,191.0,84.5
2026-07-01,EWJ,111.6,137.7,191.0,84.5
2026-08-01,EWJ,71.5,137.7,191.0,84.5
2026-09-01,EWJ,38.4,137.7,191.0,84.5
2025-07-01,EWK,0.8,0.7,1.2,0.3
2025-08-01,EWK,0.5,0.7,1.2,0.3
2025-09-01,EWK,1.2,0.7,1.2,0.3
2025-10-01,EWK,0.4,0.7,1.2,0.3
2025-11-01,EWK,0.2,0.7,1.2,0.3
2025-12-01,EWK,0.7,0.7,1.2,0.3
2026-01-01,EWK,0.2,0.7,1.2,0.3
2026-02-01,EWK,0.4,0.7,1.2,0.3
2026-03-01,EWK,1.0,0.7,1.2,0.3
2026-04-01,EWK,1.7,0.7,1.2,0.3
2026-05-01,EWK,1.4,0.7,1.2,0.3
2026-06-01,EWK,0.8,0.7,1.2,0.3
2026-07-01,EWK,0.8,0.7,1.2,0.3
2026-08-01,EWK,0.4,0.7,1.2,0.3
2026-09-01,EWK,0.4,0.7,1.2,0.3
2025-07-01,EWL,9.1,11.0,15.5,6.5
2025-08-01,EWL,10.5,11.0,15.5,6.5
2025-09-01,EWL,7.8,11.0,15.5,6.5
2025-10-01,EWL,7.4,11.0,15.5,6.5
2025-11-01,EWL,10.1,11.0,15.5,6.5
2025-12-01,EWL,10.3,11.0,15.5,6.5
2026-01-01,EWL,10.5,11.0,15.5,6.5
2026-02-01,EWL,9.8,11.0,15.5,6.5
2026-03-01,EWL,25.4,11.0,15.5,6.5
2026-04-01,EWL,15.4,11.0,15.5,6.5
2026-05-01,EWL,10.5,11.0,15.5,6.5
2026-06-01,EWL,8.2,11.0,15.5,6.5
2026-07-01,EWL,10.4,11.0,15.5,6.5
2026-08-01,EWL,10.7,11.0,15.5,6.5
2026-09-01,EWL,6.3,11.0,15.5,6.5
2025-07-01,EWM,4.1,6.0,8.5,3.5
2025-08-01,EWM,4.5,6.0,8.5,3.5
2025-09-01,EWM,4.9,6.0,8.5,3.5
2025-10-01,EWM,5.9,6.0,8.5,3.5
2025-11-01,EWM,5.3,6.0,8.5,3.5
2025-12-01,EWM,5.0,6.0,8.5,3.5
2026-01-01,EWM,9.9,6.0,8.5,3.5
2026-02-01,EWM,8.2,6.0,8.5,3.5
2026-03-01,EWM,12.6,6.0,8.5,3.5
2026-04-01,EWM,5.4,6.0,8.5,3.5
2026-05-01,EWM,4.5,6.0,8.5,3.5
2026-06-01,EWM,7.0,6.0,8.5,3.5
2026-07-01,EWM,5.3,6.0,8.5,3.5
2026-08-01,EWM,4.9,6.0,8.5,3.5
2026-09-01,EWM,1.5,6.0,8.5,3.5
2025-07-01,EWN,0.6,2.7,4.3,1.0
2025-08-01,EWN,0.6,2.7,4.3,1.0
2025-09-01,EWN,1.5,2.7,4.3,1.0
2025-10-01,EWN,2.2,2.7,4.3,1.0
2025-11-01,EWN,0.7,2.7,4.3,1.0
2025-12-01,EWN,1.6,2.7,4.3,1.0
2026-01-01,EWN,2.7,2.7,4.3,1.0
2026-02-01,EWN,2.2,2.7,4.3,1.0
2026-03-01,EWN,3.3,2.7,4.3,1.0
2026-04-01,EWN,2.5,2.7,4.3,1.0
2026-05-01,EWN,3.3,2.7,4.3,1.0
2026-06-01,EWN,5.4,2.7,4.3,1.0
2026-07-01,EWN,6.3,2.7,4.3,1.0
2026-08-01,EWN,4.3,2.7,4.3,1.0
2026-09-01,EWN,2.4,2.7,4.3,1.0
2025-07-01,EWO,1.1,0.9,1.3,0.5
2025-08-01,EWO,0.9,0.9,1.3,0.5
2025-09-01,EWO,0.5,0.9,1.3,0.5
2025-10-01,EWO,0.4,0.9,1.3,0.5
2025-11-01,EWO,0.6,0.9,1.3,0.5
2025-12-01,EWO,1.0,0.9,1.3,0.5
2026-01-01,EWO,1.4,0.9,1.3,0.5
2026-02-01,EWO,1.1,0.9,1.3,0.5
2026-03-01,EWO,1.3,0.9,1.3,0.5
2026-04-01,EWO,0.6,0.9,1.3,0.5
2026-05-01,EWO,0.4,0.9,1.3,0.5
2026-06-01,EWO,0.7,0.9,1.3,0.5
2026-07-01,EWO,1.4,0.9,1.3,0.5
2026-08-01,EWO,1.7,0.9,1.3,0.5
2026-09-01,EWO,0.8,0.9,1.3,0.5
2025-07-01,EWP,10.9,10.8,14.6,7.0
2025-08-01,EWP,8.2,10.8,14.6,7.0
2025-09-01,EWP,7.7,10.8,14.6,7.0
2025-10-01,EWP,14.8,10.8,14.6,7.0
2025-11-01,EWP,13.6,10.8,14.6,7.0
2025-12-01,EWP,15.9,10.8,14.6,7.0
2026-01-01,EWP,14.7,10.8,14.6,7.0
2026-02-01,EWP,11.4,10.8,14.6,7.0
2026-03-01,EWP,17.7,10.8,14.6,7.0
2026-04-01,EWP,9.3,10.8,14.6,7.0
2026-05-01,EWP,8.2,10.8,14.6,7.0
2026-06-01,EWP,5.6,10.8,14.6,7.0
2026-07-01,EWP,8.8,10.8,14.6,7.0
2026-08-01,EWP,7.2,10.8,14.6,7.0
2026-09-01,EWP,4.5,10.8,14.6,7.0
2025-07-01,EWQ,6.4,7.2,9.7,4.7
2025-08-01,EWQ,4.8,7.2,9.7,4.7
2025-09-01,EWQ,5.8,7.2,9.7,4.7
2025-10-01,EWQ,6.4,7.2,9.7,4.7
2025-11-01,EWQ,6.9,7.2,9.7,4.7
2025-12-01,EWQ,7.1,7.2,9.7,4.7
2026-01-01,EWQ,8.1,7.2,9.7,4.7
2026-02-01,EWQ,6.6,7.2,9.7,4.7
2026-03-01,EWQ,15.0,7.2,9.7,4.7
2026-04-01,EWQ,8.9,7.2,9.7,4.7
2026-05-01,EWQ,8.0,7.2,9.7,4.7
2026-06-01,EWQ,7.2,7.2,9.7,4.7
2026-07-01,EWQ,6.3,7.2,9.7,4.7
2026-08-01,EWQ,5.7,7.2,9.7,4.7
2026-09-01,EWQ,3.5,7.2,9.7,4.7
2025-07-01,EWS,13.1,17.8,22.2,13.4
2025-08-01,EWS,10.2,17.8,22.2,13.4
2025-09-01,EWS,12.1,17.8,22.2,13.4
2025-10-01,EWS,19.2,17.8,22.2,13.4
2025-11-01,EWS,19.5,17.8,22.2,13.4
2025-12-01,EWS,17.9,17.8,22.2,13.4
2026-01-01,EWS,17.3,17.8,22.2,13.4
2026-02-01,EWS,15.7,17.8,22.2,13.4
2026-03-01,EWS,27.0,17.8,22.2,13.4
2026-04-01,EWS,16.3,17.8,22.2,13.4
2026-05-01,EWS,14.9,17.8,22.2,13.4
2026-06-01,EWS,22.2,17.8,22.2,13.4
2026-07-01,EWS,23.7,17.8,22.2,13.4
2026-08-01,EWS,19.8,17.8,22.2,13.4
2026-09-01,EWS,16.6,17.8,22.2,13.4
2025-07-01,EWT,72.2,100.2,138.5,61.9
2025-08-01,EWT,54.7,100.2,138.5,61.9
2025-09-01,EWT,60.8,100.2,138.5,61.9
2025-10-01,EWT,82.2,100.2,138.5,61.9
2025-11-01,EWT,80.4,100.2,138.5,61.9
2025-12-01,EWT,67.7,100.2,138.5,61.9
2026-01-01,EWT,109.2,100.2,138.5,61.9
2026-02-01,EWT,103.0,100.2,138.5,61.9
2026-03-01,EWT,183.3,100.2,138.5,61.9
2026-04-01,EWT,122.5,100.2,138.5,61.9
2026-05-01,EWT,126.6,100.2,138.5,61.9
2026-06-01,EWT,142.3,100.2,138.5,61.9
2026-07-01,EWT,147.3,100.2,138.5,61.9
2026-08-01,EWT,84.5,100.2,138.5,61.9
2026-09-01,EWT,38.4,100.2,138.5,61.9
2025-07-01,EWU,36.1,38.8,50.8,26.8
2025-08-01,EWU,35.1,38.8,50.8,26.8
2025-09-01,EWU,50.3,38.8,50.8,26.8
2025-10-01,EWU,57.2,38.8,50.8,26.8
2025-11-01,EWU,43.3,38.8,50.8,26.8
2025-12-01,EWU,42.2,38.8,50.8,26.8
2026-01-01,EWU,34.8,38.8,50.8,26.8
2026-02-01,EWU,45.7,38.8,50.8,26.8
2026-03-01,EWU,62.8,38.8,50.8,26.8
2026-04-01,EWU,35.9,38.8,50.8,26.8
2026-05-01,EWU,28.9,38.8,50.8,26.8
2026-06-01,EWU,28.5,38.8,50.8,26.8
2026-07-01,EWU,30.7,38.8,50.8,26.8
2026-08-01,EWU,24.0,38.8,50.8,26.8
2026-09-01,EWU,13.2,38.8,50.8,26.8
2025-07-01,EWW,28.2,31.2,40.0,22.4
2025-08-01,EWW,24.5,31.2,40.0,22.4
2025-09-01,EWW,33.6,31.2,40.0,22.4
2025-10-01,EWW,40.3,31.2,40.0,22.4
2025-11-01,EWW,30.6,31.2,40.0,22.4
2025-12-01,EWW,27.9,31.2,40.0,22.4
2026-01-01,EWW,32.9,31.2,40.0,22.4
2026-02-01,EWW,39.8,31.2,40.0,22.4
2026-03-01,EWW,52.6,31.2,40.0,22.4
2026-04-01,EWW,34.2,31.2,40.0,22.4
2026-05-01,EWW,25.0,31.2,40.0,22.4
2026-06-01,EWW,29.1,31.2,40.0,22.4
2026-07-01,EWW,22.1,31.2,40.0,22.4
2026-08-01,EWW,28.2,31.2,40.0,22.4
2026-09-01,EWW,9.7,31.2,40.0,22.4
2025-07-01,EWY,87.9,281.1,479.7,82.6
2025-08-01,EWY,75.7,281.1,479.7,82.6
2025-09-01,EWY,81.8,281.1,479.7,82.6
2025-10-01,EWY,133.6,281.1,479.7,82.6
2025-11-01,EWY,161.6,281.1,479.7,82.6
2025-12-01,EWY,126.7,281.1,479.7,82.6
2026-01-01,EWY,185.1,281.1,479.7,82.6
2026-02-01,EWY,315.9,281.1,479.7,82.6
2026-03-01,EWY,736.5,281.1,479.7,82.6
2026-04-01,EWY,337.8,281.1,479.7,82.6
2026-05-01,EWY,363.2,281.1,479.7,82.6
2026-06-01,EWY,463.9,281.1,479.7,82.6
2026-07-01,EWY,600.1,281.1,479.7,82.6
2026-08-01,EWY,329.0,281.1,479.7,82.6
2026-09-01,EWY,144.9,281.1,479.7,82.6
2025-07-01,EWZ,604.7,588.8,732.7,445.0
2025-08-01,EWZ,579.4,588.8,732.7,445.0
2025-09-01,EWZ,508.8,588.8,732.7,445.0
2025-10-01,EWZ,579.0,588.8,732.7,445.0
2025-11-01,EWZ,487.3,588.8,732.7,445.0
2025-12-01,EWZ,765.9,588.8,732.7,445.0
2026-01-01,EWZ,738.9,588.8,732.7,445.0
2026-02-01,EWZ,784.2,588.8,732.7,445.0
2026-03-01,EWZ,860.3,588.8,732.7,445.0
2026-04-01,EWZ,576.5,588.8,732.7,445.0
2026-05-01,EWZ,597.6,588.8,732.7,445.0
2026-06-01,EWZ,466.7,588.8,732.7,445.0
2026-07-01,EWZ,392.7,588.8,732.7,445.0
2026-08-01,EWZ,475.3,588.8,732.7,445.0
2026-09-01,EWZ,293.3,588.8,732.7,445.0
2025-07-01,EXC,119.9,156.3,187.6,124.9
2025-08-01,EXC,125.0,156.3,187.6,124.9
2025-09-01,EXC,117.2,156.3,187.6,124.9
2025-10-01,EXC,158.8,156.3,187.6,124.9
2025-11-01,EXC,155.6,156.3,187.6,124.9
2025-12-01,EXC,154.6,156.3,187.6,124.9
2026-01-01,EXC,151.3,156.3,187.6,124.9
2026-02-01,EXC,187.3,156.3,187.6,124.9
2026-03-01,EXC,202.5,156.3,187.6,124.9
2026-04-01,EXC,168.5,156.3,187.6,124.9
2026-05-01,EXC,166.6,156.3,187.6,124.9
2026-06-01,EXC,186.3,156.3,187.6,124.9
2026-07-01,EXC,206.5,156.3,187.6,124.9
2026-08-01,EXC,126.0,156.3,187.6,124.9
2026-09-01,EXC,89.5,156.3,187.6,124.9
2025-07-01,EXE,82.5,72.1,86.2,57.9
2025-08-01,EXE,65.5,72.1,86.2,57.9
2025-09-01,EXE,77.2,72.1,86.2,57.9
2025-10-01,EXE,72.9,72.1,86.2,57.9
2025-11-01,EXE,64.5,72.1,86.2,57.9
2025-12-01,EXE,67.5,72.1,86.2,57.9
2026-01-01,EXE,71.2,72.1,86.2,57.9
2026-02-01,EXE,80.1,72.1,86.2,57.9
2026-03-01,EXE,94.2,72.1,86.2,57.9
2026-04-01,EXE,71.9,72.1,86.2,57.9
2026-05-01,EXE,55.8,72.1,86.2,57.9
2026-06-01,EXE,82.9,72.1,86.2,57.9
2026-07-01,EXE,90.1,72.1,86.2,57.9
2026-08-01,EXE,54.3,72.1,86.2,57.9
2026-09-01,EXE,29.2,72.1,86.2,57.9
2025-07-01,EXPD,25.7,26.3,32.2,20.4
2025-08-01,EXPD,26.3,26.3,32.2,20.4
2025-09-01,EXPD,25.9,26.3,32.2,20.4
2025-10-01,EXPD,23.0,26.3,32.2,20.4
2025-11-01,EXPD,35.4,26.3,32.2,20.4
2025-12-01,EXPD,27.0,26.3,32.2,20.4
2026-01-01,EXPD,28.3,26.3,32.2,20.4
2026-02-01,EXPD,39.4,26.3,32.2,20.4
2026-03-01,EXPD,29.0,26.3,32.2,20.4
2026-04-01,EXPD,20.8,26.3,32.2,20.4
2026-05-01,EXPD,22.6,26.3,32.2,20.4
2026-06-01,EXPD,29.2,26.3,32.2,20.4
2026-07-01,EXPD,27.2,26.3,32.2,20.4
2026-08-01,EXPD,20.9,26.3,32.2,20.4
2026-09-01,EXPD,9.1,26.3,32.2,20.4
2025-07-01,EXPE,32.5,39.8,52.4,27.3
2025-08-01,EXPE,44.3,39.8,52.4,27.3
2025-09-01,EXPE,32.7,39.8,52.4,27.3
2025-10-01,EXPE,39.2,39.8,52.4,27.3
2025-11-01,EXPE,55.2,39.8,52.4,27.3
2025-12-01,EXPE,35.7,39.8,52.4,27.3
2026-01-01,EXPE,34.1,39.8,52.4,27.3
2026-02-01,EXPE,79.0,39.8,52.4,27.3
2026-03-01,EXPE,51.5,39.8,52.4,27.3
2026-04-01,EXPE,33.4,39.8,52.4,27.3
2026-05-01,EXPE,35.6,39.8,52.4,27.3
2026-06-01,EXPE,35.4,39.8,52.4,27.3
2026-07-01,EXPE,31.9,39.8,52.4,27.3
2026-08-01,EXPE,32.4,39.8,52.4,27.3
2026-09-01,EXPE,22.4,39.8,52.4,27.3
2025-07-01,EXR,26.9,24.7,28.3,21.1
2025-08-01,EXR,24.3,24.7,28.3,21.1
2025-09-01,EXR,22.6,24.7,28.3,21.1
2025-10-01,EXR,25.3,24.7,28.3,21.1
2025-11-01,EXR,21.5,24.7,28.3,21.1
2025-12-01,EXR,27.2,24.7,28.3,21.1
2026-01-01,EXR,28.9,24.7,28.3,21.1
2026-02-01,EXR,27.9,24.7,28.3,21.1
2026-03-01,EXR,27.1,24.7,28.3,21.1
2026-04-01,EXR,26.6,24.7,28.3,21.1
2026-05-01,EXR,19.8,24.7,28.3,21.1
2026-06-01,EXR,27.4,24.7,28.3,21.1
2026-07-01,EXR,26.9,24.7,28.3,21.1
2026-08-01,EXR,18.2,24.7,28.3,21.1
2026-09-01,EXR,15.4,24.7,28.3,21.1
2025-07-01,F,1672.1,1358.6,1970.7,746.4
2025-08-01,F,1157.3,1358.6,1970.7,746.4
2025-09-01,F,1243.5,1358.6,1970.7,746.4
2025-10-01,F,3278.6,1358.6,1970.7,746.4
2025-11-01,F,1278.7,1358.6,1970.7,746.4
2025-12-01,F,977.3,1358.6,1970.7,746.4
2026-01-01,F,1299.8,1358.6,1970.7,746.4
2026-02-01,F,1401.6,1358.6,1970.7,746.4
2026-03-01,F,1310.3,1358.6,1970.7,746.4
2026-04-01,F,813.2,1358.6,1970.7,746.4
2026-05-01,F,1646.5,1358.6,1970.7,746.4
2026-06-01,F,1208.4,1358.6,1970.7,746.4
2026-07-01,F,1195.8,1358.6,1970.7,746.4
2026-08-01,F,852.9,1358.6,1970.7,746.4
2026-09-01,F,521.9,1358.6,1970.7,746.4
2025-07-01,FANG,39.5,47.2,61.9,32.4
2025-08-01,FANG,42.2,47.2,61.9,32.4
2025-09-01,FANG,44.6,47.2,61.9,32.4
2025-10-01,FANG,39.8,47.2,61.9,32.4
2025-11-01,FANG,31.1,47.2,61.9,32.4
2025-12-01,FANG,38.9,47.2,61.9,32.4
2026-01-01,FANG,41.3,47.2,61.9,32.4
2026-02-01,FANG,44.4,47.2,61.9,32.4
2026-03-01,FANG,91.9,47.2,61.9,32.4
2026-04-01,FANG,62.6,47.2,61.9,32.4
2026-05-01,FANG,47.3,47.2,61.9,32.4
2026-06-01,FANG,59.0,47.2,61.9,32.4
2026-07-01,FANG,43.1,47.2,61.9,32.4
2026-08-01,FANG,39.4,47.2,61.9,32.4
2026-09-01,FANG,34.4,47.2,61.9,32.4
2025-07-01,FAST,153.1,151.3,179.0,123.5
2025-08-01,FAST,117.0,151.3,179.0,123.5
2025-09-01,FAST,128.4,151.3,179.0,123.5
2025-10-01,FAST,158.4,151.3,179.0,123.5
2025-11-01,FAST,128.2,151.3,179.0,123.5
2025-12-01,FAST,154.0,151.3,179.0,123.5
2026-01-01,FAST,191.1,151.3,179.0,123.5
2026-02-01,FAST,164.9,151.3,179.0,123.5
2026-03-01,FAST,181.6,151.3,179.0,123.5
2026-04-01,FAST,154.6,151.3,179.0,123.5
2026-05-01,FAST,135.3,151.3,179.0,123.5
2026-06-01,FAST,156.3,151.3,179.0,123.5
2026-07-01,FAST,195.7,151.3,179.0,123.5
2026-08-01,FAST,142.0,151.3,179.0,123.5
2026-09-01,FAST,68.8,151.3,179.0,123.5
2025-07-01,FCX,445.9,351.4,444.1,258.6
2025-08-01,FCX,218.8,351.4,444.1,258.6
2025-09-01,FCX,515.1,351.4,444.1,258.6
2025-10-01,FCX,399.9,351.4,444.1,258.6
2025-11-01,FCX,285.6,351.4,444.1,258.6
2025-12-01,FCX,328.9,351.4,444.1,258.6
2026-01-01,FCX,497.2,351.4,444.1,258.6
2026-02-01,FCX,353.2,351.4,444.1,258.6
2026-03-01,FCX,423.6,351.4,444.1,258.6
2026-04-01,FCX,345.2,351.4,444.1,258.6
2026-05-01,FCX,264.5,351.4,444.1,258.6
2026-06-01,FCX,316.7,351.4,444.1,258.6
2026-07-01,FCX,333.9,351.4,444.1,258.6
2026-08-01,FCX,301.7,351.4,444.1,258.6
2026-09-01,FCX,132.8,351.4,444.1,258.6
2025-07-01,FDS,6.9,17.2,22.4,12.0
2025-08-01,FDS,9.1,17.2,22.4,12.0
2025-09-01,FDS,16.5,17.2,22.4,12.0
2025-10-01,FDS,19.2,17.2,22.4,12.0
2025-11-01,FDS,17.5,17.2,22.4,12.0
2025-12-01,FDS,17.3,17.2,22.4,12.0
2026-01-01,FDS,12.0,17.2,22.4,12.0
2026-02-01,FDS,26.6,17.2,22.4,12.0
2026-03-01,FDS,21.8,17.2,22.4,12.0
2026-04-01,FDS,19.9,17.2,22.4,12.0
2026-05-01,FDS,17.4,17.2,22.4,12.0
2026-06-01,FDS,21.7,17.2,22.4,12.0
2026-07-01,FDS,22.2,17.2,22.4,12.0
2026-08-01,FDS,16.8,17.2,22.4,12.0
2026-09-01,FDS,10.4,17.2,22.4,12.0
2025-07-01,FDX,55.4,44.8,55.5,34.2
2025-08-01,FDX,44.1,44.8,55.5,34.2
2025-09-01,FDX,65.4,44.8,55.5,34.2
2025-10-01,FDX,42.9,44.8,55.5,34.2
2025-11-01,FDX,38.8,44.8,55.5,34.2
2025-12-01,FDX,46.2,44.8,55.5,34.2
2026-01-01,FDX,47.5,44.8,55.5,34.2
2026-02-01,FDX,46.9,44.8,55.5,34.2
2026-03-01,FDX,57.8,44.8,55.5,34.2
2026-04-01,FDX,38.7,44.8,55.5,34.2
2026-05-01,FDX,41.4,44.8,55.5,34.2
2026-06-01,FDX,52.4,44.8,55.5,34.2
2026-07-01,FDX,35.1,44.8,55.5,34.2
2026-08-01,FDX,30.4,44.8,55.5,34.2
2026-09-01,FDX,16.5,44.8,55.5,34.2
2025-07-01,FE,88.4,93.0,106.9,79.1
2025-08-01,FE,77.9,93.0,106.9,79.1
2025-09-01,FE,80.1,93.0,106.9,79.1
2025-10-01,FE,113.6,93.0,106.9,79.1
2025-11-01,FE,86.5,93.0,106.9,79.1
2025-12-01,FE,98.3,93.0,106.9,79.1
2026-01-01,FE,90.4,93.0,106.9,79.1
2026-02-01,FE,103.3,93.0,106.9,79.1
2026-03-01,FE,97.3,93.0,106.9,79.1
2026-04-01,FE,99.8,93.0,106.9,79.1
2026-05-01,FE,112.8,93.0,106.9,79.1
2026-06-01,FE,96.9,93.0,106.9,79.1
2026-07-01,FE,98.7,93.0,106.9,79.1
2026-08-01,FE,82.4,93.0,106.9,79.1
2026-09-01,FE,47.9,93.0,106.9,79.1
2025-07-01,FERG,29.3,34.4,50.9,17.8
2025-08-01,FERG,22.6,34.4,50.9,17.8
2025-09-01,FERG,51.4,34.4,50.9,17.8
2025-10-01,FERG,35.2,34.4,50.9,17.8
2025-11-01,FERG,31.3,34.4,50.9,17.8
2025-12-01,FERG,32.8,34.4,50.9,17.8
2026-01-01,FERG,24.4,34.4,50.9,17.8
2026-02-01,FERG,30.0,34.4,50.9,17.8
2026-03-01,FERG,29.0,34.4,50.9,17.8
2026-04-01,FERG,29.5,34.4,50.9,17.8
2026-05-01,FERG,29.4,34.4,50.9,17.8
2026-06-01,FERG,29.3,34.4,50.9,17.8
2026-07-01,FERG,28.0,34.4,50.9,17.8
2026-08-01,FERG,89.3,34.4,50.9,17.8
2026-09-01,FERG,14.6,34.4,50.9,17.8
2025-07-01,FFIV,11.1,16.0,22.1,9.9
2025-08-01,FFIV,10.1,16.0,22.1,9.9
2025-09-01,FFIV,8.9,16.0,22.1,9.9
2025-10-01,FFIV,23.5,16.0,22.1,9.9
2025-11-01,FFIV,23.6,16.0,22.1,9.9
2025-12-01,FFIV,28.7,16.0,22.1,9.9
2026-01-01,FFIV,23.5,16.0,22.1,9.9
2026-02-01,FFIV,13.8,16.0,22.1,9.9
2026-03-01,FFIV,16.1,16.0,22.1,9.9
2026-04-01,FFIV,16.5,16.0,22.1,9.9
2026-05-01,FFIV,15.0,16.0,22.1,9.9
2026-06-01,FFIV,13.2,16.0,22.1,9.9
2026-07-01,FFIV,14.2,16.0,22.1,9.9
2026-08-01,FFIV,12.0,16.0,22.1,9.9
2026-09-01,FFIV,5.4,16.0,22.1,9.9
2025-07-01,FICO,8.4,6.8,8.3,5.3
2025-08-01,FICO,7.8,6.8,8.3,5.3
2025-09-01,FICO,5.6,6.8,8.3,5.3
2025-10-01,FICO,9.0,6.8,8.3,5.3
2025-11-01,FICO,4.0,6.8,8.3,5.3
2025-12-01,FICO,4.2,6.8,8.3,5.3
2026-01-01,FICO,6.0,6.8,8.3,5.3
2026-02-01,FICO,6.4,6.8,8.3,5.3
2026-03-01,FICO,8.5,6.8,8.3,5.3
2026-04-01,FICO,8.8,6.8,8.3,5.3
2026-05-01,FICO,6.9,6.8,8.3,5.3
2026-06-01,FICO,6.8,6.8,8.3,5.3
2026-07-01,FICO,6.8,6.8,8.3,5.3
2026-08-01,FICO,6.3,6.8,8.3,5.3
2026-09-01,FICO,5.0,6.8,8.3,5.3
2025-07-01,FIS,49.8,101.9,133.6,70.1
2025-08-01,FIS,88.0,101.9,133.6,70.1
2025-09-01,FIS,99.0,101.9,133.6,70.1
2025-10-01,FIS,90.9,101.9,133.6,70.1
2025-11-01,FIS,66.7,101.9,133.6,70.1
2025-12-01,FIS,58.2,101.9,133.6,70.1
2026-01-01,FIS,74.8,101.9,133.6,70.1
2026-02-01,FIS,116.1,101.9,133.6,70.1
2026-03-01,FIS,133.8,101.9,133.6,70.1
2026-04-01,FIS,121.4,101.9,133.6,70.1
2026-05-01,FIS,155.1,101.9,133.6,70.1
2026-06-01,FIS,138.6,101.9,133.6,70.1
2026-07-01,FIS,126.8,101.9,133.6,70.1
2026-08-01,FIS,128.3,101.9,133.6,70.1
2026-09-01,FIS,68.2,101.9,133.6,70.1
2025-07-01,FISV,135.1,162.4,216.4,108.4
2025-08-01,FISV,91.0,162.4,216.4,108.4
2025-09-01,FISV,96.9,162.4,216.4,108.4
2025-10-01,FISV,281.7,162.4,216.4,108.4
2025-11-01,FISV,180.1,162.4,216.4,108.4
2025-12-01,FISV,241.5,162.4,216.4,108.4
2026-01-01,FISV,186.2,162.4,216.4,108.4
2026-02-01,FISV,192.3,162.4,216.4,108.4
2026-03-01,FISV,140.5,162.4,216.4,108.4
2026-04-01,FISV,114.1,162.4,216.4,108.4
2026-05-01,FISV,145.5,162.4,216.4,108.4
2026-06-01,FISV,194.8,162.4,216.4,108.4
2026-07-01,FISV,143.7,162.4,216.4,108.4
2026-08-01,FISV,169.9,162.4,216.4,108.4
2026-09-01,FISV,80.4,162.4,216.4,108.4
2025-07-01,FITB,133.5,156.4,219.5,93.3
2025-08-01,FITB,74.7,156.4,219.5,93.3
2025-09-01,FITB,94.5,156.4,219.5,93.3
2025-10-01,FITB,228.2,156.4,219.5,93.3
2025-11-01,FITB,131.0,156.4,219.5,93.3
2025-12-01,FITB,146.7,156.4,219.5,93.3
2026-01-01,FITB,292.2,156.4,219.5,93.3
2026-02-01,FITB,236.0,156.4,219.5,93.3
2026-03-01,FITB,236.9,156.4,219.5,93.3
2026-04-01,FITB,141.6,156.4,219.5,93.3
2026-05-01,FITB,119.9,156.4,219.5,93.3
2026-06-01,FITB,165.2,156.4,219.5,93.3
2026-07-01,FITB,143.9,156.4,219.5,93.3
2026-08-01,FITB,105.7,156.4,219.5,93.3
2026-09-01,FITB,53.2,156.4,219.5,93.3
2025-07-01,FIX,8.9,9.5,12.1,6.9
2025-08-01,FIX,8.1,9.5,12.1,6.9
2025-09-01,FIX,8.5,9.5,12.1,6.9
2025-10-01,FIX,9.1,9.5,12.1,6.9
2025-11-01,FIX,10.2,9.5,12.1,6.9
2025-12-01,FIX,16.7,9.5,12.1,6.9
2026-01-01,FIX,8.1,9.5,12.1,6.9
2026-02-01,FIX,9.1,9.5,12.1,6.9
2026-03-01,FIX,9.9,9.5,12.1,6.9
2026-04-01,FIX,8.3,9.5,12.1,6.9
2026-05-01,FIX,8.1,9.5,12.1,6.9
2026-06-01,FIX,11.3,9.5,12.1,6.9
2026-07-01,FIX,11.8,9.5,12.1,6.9
2026-08-01,FIX,8.3,9.5,12.1,6.9
2026-09-01,FIX,3.3,9.5,12.1,6.9
2025-07-01,FLEX,93.6,97.1,136.3,57.9
2025-08-01,FLEX,74.8,97.1,136.3,57.9
2025-09-01,FLEX,76.3,97.1,136.3,57.9
2025-10-01,FLEX,89.4,97.1,136.3,57.9
2025-11-01,FLEX,94.7,97.1,136.3,57.9
2025-12-01,FLEX,141.1,97.1,136.3,57.9
2026-01-01,FLEX,63.8,97.1,136.3,57.9
2026-02-01,FLEX,84.6,97.1,136.3,57.9
2026-03-01,FLEX,75.5,97.1,136.3,57.9
2026-04-01,FLEX,76.3,97.1,136.3,57.9
2026-05-01,FLEX,146.6,97.1,136.3,57.9
2026-06-01,FLEX,202.7,97.1,136.3,57.9
2026-07-01,FLEX,111.8,97.1,136.3,57.9
2026-08-01,FLEX,63.7,97.1,136.3,57.9
2026-09-01,FLEX,33.2,97.1,136.3,57.9
2025-07-01,FOXA,64.9,87.3,122.3,52.3
2025-08-01,FOXA,75.9,87.3,122.3,52.3
2025-09-01,FOXA,97.3,87.3,122.3,52.3
2025-10-01,FOXA,65.2,87.3,122.3,52.3
2025-11-01,FOXA,64.8,87.3,122.3,52.3
2025-12-01,FOXA,75.6,87.3,122.3,52.3
2026-01-01,FOXA,63.2,87.3,122.3,52.3
2026-02-01,FOXA,96.6,87.3,122.3,52.3
2026-03-01,FOXA,95.7,87.3,122.3,52.3
2026-04-01,FOXA,58.3,87.3,122.3,52.3
2026-05-01,FOXA,60.1,87.3,122.3,52.3
2026-06-01,FOXA,194.0,87.3,122.3,52.3
2026-07-01,FOXA,113.4,87.3,122.3,52.3
2026-08-01,FOXA,116.0,87.3,122.3,52.3
2026-09-01,FOXA,51.2,87.3,122.3,52.3
2025-07-01,FRO,45.6,60.6,78.2,43.1
2025-08-01,FRO,48.4,60.6,78.2,43.1
2025-09-01,FRO,52.1,60.6,78.2,43.1
2025-10-01,FRO,58.1,60.6,78.2,43.1
2025-11-01,FRO,65.0,60.6,78.2,43.1
2025-12-01,FRO,55.4,60.6,78.2,43.1
2026-01-01,FRO,69.9,60.6,78.2,43.1
2026-02-01,FRO,64.2,60.6,78.2,43.1
2026-03-01,FRO,112.3,60.6,78.2,43.1
2026-04-01,FRO,67.3,60.6,78.2,43.1
2026-05-01,FRO,57.4,60.6,78.2,43.1
2026-06-01,FRO,76.0,60.6,78.2,43.1
2026-07-01,FRO,44.7,60.6,78.2,43.1
2026-08-01,FRO,46.8,60.6,78.2,43.1
2026-09-01,FRO,36.6,60.6,78.2,43.1
2025-07-01,FRT,17.0,16.2,19.3,13.1
2025-08-01,FRT,17.9,16.2,19.3,13.1
2025-09-01,FRT,12.8,16.2,19.3,13.1
2025-10-01,FRT,12.8,16.2,19.3,13.1
2025-11-01,FRT,12.7,16.2,19.3,13.1
2025-12-01,FRT,14.0,16.2,19.3,13.1
2026-01-01,FRT,15.9,16.2,19.3,13.1
2026-02-01,FRT,18.3,16.2,19.3,13.1
2026-03-01,FRT,16.0,16.2,19.3,13.1
2026-04-01,FRT,19.1,16.2,19.3,13.1
2026-05-01,FRT,19.4,16.2,19.3,13.1
2026-06-01,FRT,21.4,16.2,19.3,13.1
2026-07-01,FRT,18.3,16.2,19.3,13.1
2026-08-01,FRT,16.3,16.2,19.3,13.1
2026-09-01,FRT,7.9,16.2,19.3,13.1
2025-07-01,FSLR,72.0,50.4,62.4,38.4
2025-08-01,FSLR,72.3,50.4,62.4,38.4
2025-09-01,FSLR,46.3,50.4,62.4,38.4
2025-10-01,FSLR,54.6,50.4,62.4,38.4
2025-11-01,FSLR,40.2,50.4,62.4,38.4
2025-12-01,FSLR,41.0,50.4,62.4,38.4
2026-01-01,FSLR,50.6,50.4,62.4,38.4
2026-02-01,FSLR,57.4,50.4,62.4,38.4
2026-03-01,FSLR,39.4,50.4,62.4,38.4
2026-04-01,FSLR,42.2,50.4,62.4,38.4
2026-05-01,FSLR,62.8,50.4,62.4,38.4
2026-06-01,FSLR,49.4,50.4,62.4,38.4
2026-07-01,FSLR,41.2,50.4,62.4,38.4
2026-08-01,FSLR,52.3,50.4,62.4,38.4
2026-09-01,FSLR,23.3,50.4,62.4,38.4
2025-07-01,FTI,101.6,86.6,120.0,53.2
2025-08-01,FTI,55.2,86.6,120.0,53.2
2025-09-01,FTI,180.6,86.6,120.0,53.2
2025-10-01,FTI,98.7,86.6,120.0,53.2
2025-11-01,FTI,53.4,86.6,120.0,53.2
2025-12-01,FTI,64.7,86.6,120.0,53.2
2026-01-01,FTI,65.7,86.6,120.0,53.2
2026-02-01,FTI,83.7,86.6,120.0,53.2
2026-03-01,FTI,100.0,86.6,120.0,53.2
2026-04-01,FTI,73.0,86.6,120.0,53.2
2026-05-01,FTI,122.5,86.6,120.0,53.2
2026-06-01,FTI,93.7,86.6,120.0,53.2
2026-07-01,FTI,85.8,86.6,120.0,53.2
2026-08-01,FTI,61.7,86.6,120.0,53.2
2026-09-01,FTI,30.5,86.6,120.0,53.2
2025-07-01,FTNT,86.8,126.7,165.0,88.5
2025-08-01,FTNT,237.2,126.7,165.0,88.5
2025-09-01,FTNT,136.8,126.7,165.0,88.5
2025-10-01,FTNT,99.8,126.7,165.0,88.5
2025-11-01,FTNT,113.2,126.7,165.0,88.5
2025-12-01,FTNT,122.7,126.7,165.0,88.5
2026-01-01,FTNT,129.7,126.7,165.0,88.5
2026-02-01,FTNT,152.4,126.7,165.0,88.5
2026-03-01,FTNT,135.5,126.7,165.0,88.5
2026-04-01,FTNT,115.9,126.7,165.0,88.5
2026-05-01,FTNT,133.5,126.7,165.0,88.5
2026-06-01,FTNT,149.2,126.7,165.0,88.5
2026-07-01,FTNT,118.4,126.7,165.0,88.5
2026-08-01,FTNT,97.0,126.7,165.0,88.5
2026-09-01,FTNT,43.3,126.7,165.0,88.5
2025-07-01,FTV,92.9,69.5,86.5,52.5
2025-08-01,FTV,96.0,69.5,86.5,52.5
2025-09-01,FTV,79.6,69.5,86.5,52.5
2025-10-01,FTV,64.4,69.5,86.5,52.5
2025-11-01,FTV,60.1,69.5,86.5,52.5
2025-12-01,FTV,63.1,69.5,86.5,52.5
2026-01-01,FTV,68.9,69.5,86.5,52.5
2026-02-01,FTV,99.7,69.5,86.5,52.5
2026-03-01,FTV,70.9,69.5,86.5,52.5
2026-04-01,FTV,65.4,69.5,86.5,52.5
2026-05-01,FTV,60.9,69.5,86.5,52.5
2026-06-01,FTV,68.8,69.5,86.5,52.5
2026-07-01,FTV,63.9,69.5,86.5,52.5
2026-08-01,FTV,43.9,69.5,86.5,52.5
2026-09-01,FTV,26.3,69.5,86.5,52.5
2025-07-01,FXA,1.0,0.4,0.6,0.1
2025-08-01,FXA,0.3,0.4,0.6,0.1
2025-09-01,FXA,0.3,0.4,0.6,0.1
2025-10-01,FXA,0.2,0.4,0.6,0.1
2025-11-01,FXA,0.2,0.4,0.6,0.1
2025-12-01,FXA,0.3,0.4,0.6,0.1
2026-01-01,FXA,0.7,0.4,0.6,0.1
2026-02-01,FXA,0.6,0.4,0.6,0.1
2026-03-01,FXA,0.7,0.4,0.6,0.1
2026-04-01,FXA,0.3,0.4,0.6,0.1
2026-05-01,FXA,0.2,0.4,0.6,0.1
2026-06-01,FXA,0.2,0.4,0.6,0.1
2026-07-01,FXA,0.2,0.4,0.6,0.1
2026-08-01,FXA,0.2,0.4,0.6,0.1
2026-09-01,FXA,0.1,0.4,0.6,0.1
2025-07-01,FXB,0.3,0.4,0.7,0.1
2025-08-01,FXB,0.3,0.4,0.7,0.1
2025-09-01,FXB,0.4,0.4,0.7,0.1
2025-10-01,FXB,0.4,0.4,0.7,0.1
2025-11-01,FXB,0.3,0.4,0.7,0.1
2025-12-01,FXB,0.2,0.4,0.7,0.1
2026-01-01,FXB,0.3,0.4,0.7,0.1
2026-02-01,FXB,0.2,0.4,0.7,0.1
2026-03-01,FXB,0.6,0.4,0.7,0.1
2026-04-01,FXB,0.6,0.4,0.7,0.1
2026-05-01,FXB,1.0,0.4,0.7,0.1
2026-06-01,FXB,0.2,0.4,0.7,0.1
2026-07-01,FXB,0.9,0.4,0.7,0.1
2026-08-01,FXB,0.1,0.4,0.7,0.1
2026-09-01,FXB,0.3,0.4,0.7,0.1
2025-07-01,FXC,0.8,0.7,1.2,0.3
2025-08-01,FXC,0.6,0.7,1.2,0.3
2025-09-01,FXC,0.4,0.7,1.2,0.3
2025-10-01,FXC,0.7,0.7,1.2,0.3
2025-11-01,FXC,0.3,0.7,1.2,0.3
2025-12-01,FXC,0.6,0.7,1.2,0.3
2026-01-01,FXC,1.6,0.7,1.2,0.3
2026-02-01,FXC,1.7,0.7,1.2,0.3
2026-03-01,FXC,1.5,0.7,1.2,0.3
2026-04-01,FXC,0.5,0.7,1.2,0.3
2026-05-01,FXC,0.2,0.7,1.2,0.3
2026-06-01,FXC,0.4,0.7,1.2,0.3
2026-07-01,FXC,0.9,0.7,1.2,0.3
2026-08-01,FXC,0.5,0.7,1.2,0.3
2026-09-01,FXC,0.5,0.7,1.2,0.3
2025-07-01,FXE,5.3,3.2,4.7,1.6
2025-08-01,FXE,2.8,3.2,4.7,1.6
2025-09-01,FXE,2.4,3.2,4.7,1.6
2025-10-01,FXE,2.4,3.2,4.7,1.6
2025-11-01,FXE,1.6,3.2,4.7,1.6
2025-12-01,FXE,2.1,3.2,4.7,1.6
2026-01-01,FXE,3.5,3.2,4.7,1.6
2026-02-01,FXE,3.0,3.2,4.7,1.6
2026-03-01,FXE,6.3,3.2,4.7,1.6
2026-04-01,FXE,5.1,3.2,4.7,1.6
2026-05-01,FXE,2.3,3.2,4.7,1.6
2026-06-01,FXE,5.2,3.2,4.7,1.6
2026-07-01,FXE,1.7,3.2,4.7,1.6
2026-08-01,FXE,1.6,3.2,4.7,1.6
2026-09-01,FXE,1.0,3.2,4.7,1.6
2025-07-01,FXY,8.3,4.6,6.0,3.2
2025-08-01,FXY,4.1,4.6,6.0,3.2
2025-09-01,FXY,4.1,4.6,6.0,3.2
2025-10-01,FXY,4.2,4.6,6.0,3.2
2025-11-01,FXY,2.6,4.6,6.0,3.2
2025-12-01,FXY,4.6,4.6,6.0,3.2
2026-01-01,FXY,5.1,4.6,6.0,3.2
2026-02-01,FXY,4.0,4.6,6.0,3.2
2026-03-01,FXY,3.7,4.6,6.0,3.2
2026-04-01,FXY,4.3,4.6,6.0,3.2
2026-05-01,FXY,3.9,4.6,6.0,3.2
2026-06-01,FXY,3.7,4.6,6.0,3.2
2026-07-01,FXY,6.4,4.6,6.0,3.2
2026-08-01,FXY,6.2,4.6,6.0,3.2
2026-09-01,FXY,3.1,4.6,6.0,3.2
2025-07-01,GD,28.8,24.9,30.0,19.8
2025-08-01,GD,18.4,24.9,30.0,19.8
2025-09-01,GD,23.6,24.9,30.0,19.8
2025-10-01,GD,24.7,24.9,30.0,19.8
2025-11-01,GD,20.1,24.9,30.0,19.8
2025-12-01,GD,24.8,24.9,30.0,19.8
2026-01-01,GD,32.2,24.9,30.0,19.8
2026-02-01,GD,24.3,24.9,30.0,19.8
2026-03-01,GD,30.6,24.9,30.0,19.8
2026-04-01,GD,31.5,24.9,30.0,19.8
2026-05-01,GD,23.0,24.9,30.0,19.8
2026-06-01,GD,29.4,24.9,30.0,19.8
2026-07-01,GD,26.5,24.9,30.0,19.8
2026-08-01,GD,17.2,24.9,30.0,19.8
2026-09-01,GD,12.8,24.9,30.0,19.8
2025-07-01,GDDY,31.4,40.7,51.8,29.6
2025-08-01,GDDY,49.5,40.7,51.8,29.6
2025-09-01,GDDY,32.7,40.7,51.8,29.6
2025-10-01,GDDY,34.4,40.7,51.8,29.6
2025-11-01,GDDY,26.5,40.7,51.8,29.6
2025-12-01,GDDY,30.7,40.7,51.8,29.6
2026-01-01,GDDY,31.3,40.7,51.8,29.6
2026-02-01,GDDY,53.7,40.7,51.8,29.6
2026-03-01,GDDY,49.9,40.7,51.8,29.6
2026-04-01,GDDY,43.4,40.7,51.8,29.6
2026-05-01,GDDY,56.3,40.7,51.8,29.6
2026-06-01,GDDY,61.4,40.7,51.8,29.6
2026-07-01,GDDY,40.8,40.7,51.8,29.6
2026-08-01,GDDY,41.1,40.7,51.8,29.6
2026-09-01,GDDY,20.4,40.7,51.8,29.6
2025-07-01,GDX,414.3,502.7,634.6,370.8
2025-08-01,GDX,351.1,502.7,634.6,370.8
2025-09-01,GDX,521.8,502.7,634.6,370.8
2025-10-01,GDX,764.9,502.7,634.6,370.8
2025-11-01,GDX,466.9,502.7,634.6,370.8
2025-12-01,GDX,464.5,502.7,634.6,370.8
2026-01-01,GDX,618.8,502.7,634.6,370.8
2026-02-01,GDX,495.9,502.7,634.6,370.8
2026-03-01,GDX,733.6,502.7,634.6,370.8
2026-04-01,GDX,412.1,502.7,634.6,370.8
2026-05-01,GDX,408.2,502.7,634.6,370.8
2026-06-01,GDX,558.2,502.7,634.6,370.8
2026-07-01,GDX,400.3,502.7,634.6,370.8
2026-08-01,GDX,552.6,502.7,634.6,370.8
2026-09-01,GDX,233.8,502.7,634.6,370.8
2025-07-01,GDXJ,88.4,116.7,147.5,85.9
2025-08-01,GDXJ,93.2,116.7,147.5,85.9
2025-09-01,GDXJ,123.2,116.7,147.5,85.9
2025-10-01,GDXJ,186.2,116.7,147.5,85.9
2025-11-01,GDXJ,114.4,116.7,147.5,85.9
2025-12-01,GDXJ,105.7,116.7,147.5,85.9
2026-01-01,GDXJ,144.0,116.7,147.5,85.9
2026-02-01,GDXJ,108.6,116.7,147.5,85.9
2026-03-01,GDXJ,147.4,116.7,147.5,85.9
2026-04-01,GDXJ,86.3,116.7,147.5,85.9
2026-05-01,GDXJ,117.0,116.7,147.5,85.9
2026-06-01,GDXJ,145.1,116.7,147.5,85.9
2026-07-01,GDXJ,100.5,116.7,147.5,85.9
2026-08-01,GDXJ,111.2,116.7,147.5,85.9
2026-09-01,GDXJ,43.0,116.7,147.5,85.9
2025-07-01,GE,143.2,101.7,126.4,76.9
2025-08-01,GE,86.1,101.7,126.4,76.9
2025-09-01,GE,93.1,101.7,126.4,76.9
2025-10-01,GE,81.5,101.7,126.4,76.9
2025-11-01,GE,78.9,101.7,126.4,76.9
2025-12-01,GE,100.7,101.7,126.4,76.9
2026-01-01,GE,125.5,101.7,126.4,76.9
2026-02-01,GE,100.7,101.7,126.4,76.9
2026-03-01,GE,124.9,101.7,126.4,76.9
2026-04-01,GE,143.2,101.7,126.4,76.9
2026-05-01,GE,106.5,101.7,126.4,76.9
2026-06-01,GE,109.2,101.7,126.4,76.9
2026-07-01,GE,86.5,101.7,126.4,76.9
2026-08-01,GE,76.0,101.7,126.4,76.9
2026-09-01,GE,41.9,101.7,126.4,76.9
2025-07-01,GEHC,86.8,82.1,104.2,59.9
2025-08-01,GEHC,64.2,82.1,104.2,59.9
2025-09-01,GEHC,78.2,82.1,104.2,59.9
2025-10-01,GEHC,73.9,82.1,104.2,59.9
2025-11-01,GEHC,82.5,82.1,104.2,59.9
2025-12-01,GEHC,62.8,82.1,104.2,59.9
2026-01-01,GEHC,69.5,82.1,104.2,59.9
2026-02-01,GEHC,68.8,82.1,104.2,59.9
2026-03-01,GEHC,85.1,82.1,104.2,59.9
2026-04-01,GEHC,95.6,82.1,104.2,59.9
2026-05-01,GEHC,114.0,82.1,104.2,59.9
2026-06-01,GEHC,105.8,82.1,104.2,59.9
2026-07-01,GEHC,129.8,82.1,104.2,59.9
2026-08-01,GEHC,58.3,82.1,104.2,59.9
2026-09-01,GEHC,34.2,82.1,104.2,59.9
2025-07-01,GEN,66.2,112.5,148.8,76.1
2025-08-01,GEN,91.6,112.5,148.8,76.1
2025-09-01,GEN,74.7,112.5,148.8,76.1
2025-10-01,GEN,75.3,112.5,148.8,76.1
2025-11-01,GEN,104.2,112.5,148.8,76.1
2025-12-01,GEN,104.8,112.5,148.8,76.1
2026-01-01,GEN,97.2,112.5,148.8,76.1
2026-02-01,GEN,148.1,112.5,148.8,76.1
2026-03-01,GEN,165.6,112.5,148.8,76.1
2026-04-01,GEN,133.9,112.5,148.8,76.1
2026-05-01,GEN,182.9,112.5,148.8,76.1
2026-06-01,GEN,155.9,112.5,148.8,76.1
2026-07-01,GEN,93.2,112.5,148.8,76.1
2026-08-01,GEN,121.2,112.5,148.8,76.1
2026-09-01,GEN,59.8,112.5,148.8,76.1
2025-07-01,GEOS,4.4,4.2,5.5,3.0
2025-08-01,GEOS,4.5,4.2,5.5,3.0
2025-09-01,GEOS,3.4,4.2,5.5,3.0
2025-10-01,GEOS,6.0,4.2,5.5,3.0
2025-11-01,GEOS,5.4,4.2,5.5,3.0
2025-12-01,GEOS,4.5,4.2,5.5,3.0
2026-01-01,GEOS,4.5,4.2,5.5,3.0
2026-02-01,GEOS,6.1,4.2,5.5,3.0
2026-03-01,GEOS,4.4,4.2,5.5,3.0
2026-04-01,GEOS,4.2,4.2,5.5,3.0
2026-05-01,GEOS,5.2,4.2,5.5,3.0
2026-06-01,GEOS,3.5,4.2,5.5,3.0
2026-07-01,GEOS,2.1,4.2,5.5,3.0
2026-08-01,GEOS,3.4,4.2,5.5,3.0
2026-09-01,GEOS,0.6,4.2,5.5,3.0
2025-07-01,GEV,68.2,58.7,70.7,46.7
2025-08-01,GEV,50.9,58.7,70.7,46.7
2025-09-01,GEV,59.6,58.7,70.7,46.7
2025-10-01,GEV,73.7,58.7,70.7,46.7
2025-11-01,GEV,57.6,58.7,70.7,46.7
2025-12-01,GEV,75.4,58.7,70.7,46.7
2026-01-01,GEV,65.7,58.7,70.7,46.7
2026-02-01,GEV,51.7,58.7,70.7,46.7
2026-03-01,GEV,59.6,58.7,70.7,46.7
2026-04-01,GEV,53.6,58.7,70.7,46.7
2026-05-01,GEV,46.4,58.7,70.7,46.7
2026-06-01,GEV,68.3,58.7,70.7,46.7
2026-07-01,GEV,65.3,58.7,70.7,46.7
2026-08-01,GEV,42.7,58.7,70.7,46.7
2026-09-01,GEV,22.7,58.7,70.7,46.7
2025-07-01,GGB,298.8,337.8,445.1,230.5
2025-08-01,GGB,188.1,337.8,445.1,230.5
2025-09-01,GGB,292.5,337.8,445.1,230.5
2025-10-01,GGB,566.4,337.8,445.1,230.5
2025-11-01,GGB,249.8,337.8,445.1,230.5
2025-12-01,GGB,262.5,337.8,445.1,230.5
2026-01-01,GGB,320.2,337.8,445.1,230.5
2026-02-01,GGB,492.5,337.8,445.1,230.5
2026-03-01,GGB,416.3,337.8,445.1,230.5
2026-04-01,GGB,410.9,337.8,445.1,230.5
2026-05-01,GGB,366.2,337.8,445.1,230.5
2026-06-01,GGB,377.5,337.8,445.1,230.5
2026-07-01,GGB,350.5,337.8,445.1,230.5
2026-08-01,GGB,244.5,337.8,445.1,230.5
2026-09-01,GGB,124.9,337.8,445.1,230.5
2025-07-01,GILD,123.4,141.6,167.7,115.5
2025-08-01,GILD,131.2,141.6,167.7,115.5
2025-09-01,GILD,151.3,141.6,167.7,115.5
2025-10-01,GILD,170.8,141.6,167.7,115.5
2025-11-01,GILD,141.2,141.6,167.7,115.5
2025-12-01,GILD,145.3,141.6,167.7,115.5
2026-01-01,GILD,155.0,141.6,167.7,115.5
2026-02-01,GILD,150.4,141.6,167.7,115.5
2026-03-01,GILD,140.6,141.6,167.7,115.5
2026-04-01,GILD,111.6,141.6,167.7,115.5
2026-05-01,GILD,133.5,141.6,167.7,115.5
2026-06-01,GILD,195.8,141.6,167.7,115.5
2026-07-01,GILD,146.6,141.6,167.7,115.5
2026-08-01,GILD,133.4,141.6,167.7,115.5
2026-09-01,GILD,56.0,141.6,167.7,115.5
2025-07-01,GIS,131.2,164.8,207.1,122.5
2025-08-01,GIS,116.6,164.8,207.1,122.5
2025-09-01,GIS,136.5,164.8,207.1,122.5
2025-10-01,GIS,126.8,164.8,207.1,122.5
2025-11-01,GIS,112.6,164.8,207.1,122.5
2025-12-01,GIS,155.3,164.8,207.1,122.5
2026-01-01,GIS,172.0,164.8,207.1,122.5
2026-02-01,GIS,153.2,164.8,207.1,122.5
2026-03-01,GIS,232.7,164.8,207.1,122.5
2026-04-01,GIS,169.7,164.8,207.1,122.5
2026-05-01,GIS,199.1,164.8,207.1,122.5
2026-06-01,GIS,225.5,164.8,207.1,122.5
2026-07-01,GIS,235.8,164.8,207.1,122.5
2026-08-01,GIS,171.4,164.8,207.1,122.5
2026-09-01,GIS,100.5,164.8,207.1,122.5
2025-07-01,GL,17.2,11.8,14.6,9.1
2025-08-01,GL,12.5,11.8,14.6,9.1
2025-09-01,GL,10.8,11.8,14.6,9.1
2025-10-01,GL,14.5,11.8,14.6,9.1
2025-11-01,GL,9.8,11.8,14.6,9.1
2025-12-01,GL,11.0,11.8,14.6,9.1
2026-01-01,GL,10.3,11.8,14.6,9.1
2026-02-01,GL,9.7,11.8,14.6,9.1
2026-03-01,GL,11.0,11.8,14.6,9.1
2026-04-01,GL,10.8,11.8,14.6,9.1
2026-05-01,GL,11.5,11.8,14.6,9.1
2026-06-01,GL,14.0,11.8,14.6,9.1
2026-07-01,GL,15.2,11.8,14.6,9.1
2026-08-01,GL,11.0,11.8,14.6,9.1
2026-09-01,GL,3.7,11.8,14.6,9.1
2025-07-01,GLATF,8.7,9.2,13.1,5.3
2025-08-01,GLATF,7.6,9.2,13.1,5.3
2025-09-01,GLATF,8.6,9.2,13.1,5.3
2025-10-01,GLATF,15.9,9.2,13.1,5.3
2025-11-01,GLATF,8.6,9.2,13.1,5.3
2025-12-01,GLATF,12.4,9.2,13.1,5.3
2026-01-01,GLATF,17.2,9.2,13.1,5.3
2026-02-01,GLATF,11.0,9.2,13.1,5.3
2026-03-01,GLATF,12.0,9.2,13.1,5.3
2026-04-01,GLATF,5.9,9.2,13.1,5.3
2026-05-01,GLATF,6.5,9.2,13.1,5.3
2026-06-01,GLATF,7.8,9.2,13.1,5.3
2026-07-01,GLATF,3.9,9.2,13.1,5.3
2026-08-01,GLATF,5.5,9.2,13.1,5.3
2026-09-01,GLATF,3.6,9.2,13.1,5.3
2025-07-01,GLD,202.6,259.2,389.9,128.6
2025-08-01,GLD,178.6,259.2,389.9,128.6
2025-09-01,GLD,302.0,259.2,389.9,128.6
2025-10-01,GLD,553.0,259.2,389.9,128.6
2025-11-01,GLD,209.3,259.2,389.9,128.6
2025-12-01,GLD,232.1,259.2,389.9,128.6
2026-01-01,GLD,524.0,259.2,389.9,128.6
2026-02-01,GLD,307.0,259.2,389.9,128.6
2026-03-01,GLD,346.7,259.2,389.9,128.6
2026-04-01,GLD,157.1,259.2,389.9,128.6
2026-05-01,GLD,120.4,259.2,389.9,128.6
2026-06-01,GLD,173.4,259.2,389.9,128.6
2026-07-01,GLD,143.9,259.2,389.9,128.6
2026-08-01,GLD,243.1,259.2,389.9,128.6
2026-09-01,GLD,117.5,259.2,389.9,128.6
2025-07-01,GLW,112.4,207.4,288.9,126.0
2025-08-01,GLW,108.2,207.4,288.9,126.0
2025-09-01,GLW,213.9,207.4,288.9,126.0
2025-10-01,GLW,170.2,207.4,288.9,126.0
2025-11-01,GLW,126.3,207.4,288.9,126.0
2025-12-01,GLW,127.9,207.4,288.9,126.0
2026-01-01,GLW,156.1,207.4,288.9,126.0
2026-02-01,GLW,244.0,207.4,288.9,126.0
2026-03-01,GLW,297.3,207.4,288.9,126.0
2026-04-01,GLW,226.6,207.4,288.9,126.0
2026-05-01,GLW,304.2,207.4,288.9,126.0
2026-06-01,GLW,357.4,207.4,288.9,126.0
2026-07-01,GLW,317.9,207.4,288.9,126.0
2026-08-01,GLW,202.2,207.4,288.9,126.0
2026-09-01,GLW,102.7,207.4,288.9,126.0
2025-07-01,GM,230.9,168.6,210.2,127.0
2025-08-01,GM,139.7,168.6,210.2,127.0
2025-09-01,GM,156.1,168.6,210.2,127.0
2025-10-01,GM,247.6,168.6,210.2,127.0
2025-11-01,GM,163.3,168.6,210.2,127.0
2025-12-01,GM,199.4,168.6,210.2,127.0
2026-01-01,GM,189.3,168.6,210.2,127.0
2026-02-01,GM,153.3,168.6,210.2,127.0
2026-03-01,GM,178.0,168.6,210.2,127.0
2026-04-01,GM,138.5,168.6,210.2,127.0
2026-05-01,GM,143.5,168.6,210.2,127.0
2026-06-01,GM,192.4,168.6,210.2,127.0
2026-07-01,GM,163.6,168.6,210.2,127.0
2026-08-01,GM,108.2,168.6,210.2,127.0
2026-09-01,GM,67.7,168.6,210.2,127.0
2025-07-01,GNK,16.4,10.2,13.4,7.1
2025-08-01,GNK,12.2,10.2,13.4,7.1
2025-09-01,GNK,14.7,10.2,13.4,7.1
2025-10-01,GNK,11.3,10.2,13.4,7.1
2025-11-01,GNK,11.5,10.2,13.4,7.1
2025-12-01,GNK,9.5,10.2,13.4,7.1
2026-01-01,GNK,7.0,10.2,13.4,7.1
2026-02-01,GNK,8.9,10.2,13.4,7.1
2026-03-01,GNK,12.8,10.2,13.4,7.1
2026-04-01,GNK,6.0,10.2,13.4,7.1
2026-05-01,GNK,7.8,10.2,13.4,7.1
2026-06-01,GNK,7.6,10.2,13.4,7.1
2026-07-01,GNK,5.6,10.2,13.4,7.1
2026-08-01,GNK,12.3,10.2,13.4,7.1
2026-09-01,GNK,8.6,10.2,13.4,7.1
2025-07-01,GNRC,26.3,22.0,26.3,17.6
2025-08-01,GNRC,19.1,22.0,26.3,17.6
2025-09-01,GNRC,21.5,22.0,26.3,17.6
2025-10-01,GNRC,28.7,22.0,26.3,17.6
2025-11-01,GNRC,22.0,22.0,26.3,17.6
2025-12-01,GNRC,22.0,22.0,26.3,17.6
2026-01-01,GNRC,21.7,22.0,26.3,17.6
2026-02-01,GNRC,27.8,22.0,26.3,17.6
2026-03-01,GNRC,23.8,22.0,26.3,17.6
2026-04-01,GNRC,17.1,22.0,26.3,17.6
2026-05-01,GNRC,15.5,22.0,26.3,17.6
2026-06-01,GNRC,20.7,22.0,26.3,17.6
2026-07-01,GNRC,24.9,22.0,26.3,17.6
2026-08-01,GNRC,22.5,22.0,26.3,17.6
2026-09-01,GNRC,9.4,22.0,26.3,17.6
2025-07-01,GOOGL,860.1,683.0,824.1,542.0
2025-08-01,GOOGL,617.6,683.0,824.1,542.0
2025-09-01,GOOGL,829.5,683.0,824.1,542.0
2025-10-01,GOOGL,729.6,683.0,824.1,542.0
2025-11-01,GOOGL,855.3,683.0,824.1,542.0
2025-12-01,GOOGL,678.2,683.0,824.1,542.0
2026-01-01,GOOGL,621.6,683.0,824.1,542.0
2026-02-01,GOOGL,809.0,683.0,824.1,542.0
2026-03-01,GOOGL,671.0,683.0,824.1,542.0
2026-04-01,GOOGL,564.7,683.0,824.1,542.0
2026-05-01,GOOGL,546.9,683.0,824.1,542.0
2026-06-01,GOOGL,848.3,683.0,824.1,542.0
2026-07-01,GOOGL,653.1,683.0,824.1,542.0
2026-08-01,GOOGL,521.5,683.0,824.1,542.0
2026-09-01,GOOGL,270.9,683.0,824.1,542.0
2025-07-01,GPC,28.7,30.0,39.4,20.6
2025-08-01,GPC,20.9,30.0,39.4,20.6
2025-09-01,GPC,28.8,30.0,39.4,20.6
2025-10-01,GPC,25.5,30.0,39.4,20.6
2025-11-01,GPC,22.4,30.0,39.4,20.6
2025-12-01,GPC,23.6,30.0,39.4,20.6
2026-01-01,GPC,22.5,30.0,39.4,20.6
2026-02-01,GPC,31.7,30.0,39.4,20.6
2026-03-01,GPC,48.5,30.0,39.4,20.6
2026-04-01,GPC,39.4,30.0,39.4,20.6
2026-05-01,GPC,30.4,30.0,39.4,20.6
2026-06-01,GPC,37.8,30.0,39.4,20.6
2026-07-01,GPC,45.4,30.0,39.4,20.6
2026-08-01,GPC,23.9,30.0,39.4,20.6
2026-09-01,GPC,10.0,30.0,39.4,20.6
2025-07-01,GPN,46.1,62.1,79.0,45.3
2025-08-01,GPN,54.2,62.1,79.0,45.3
2025-09-01,GPN,54.4,62.1,79.0,45.3
2025-10-01,GPN,42.7,62.1,79.0,45.3
2025-11-01,GPN,44.4,62.1,79.0,45.3
2025-12-01,GPN,57.5,62.1,79.0,45.3
2026-01-01,GPN,66.6,62.1,79.0,45.3
2026-02-01,GPN,87.8,62.1,79.0,45.3
2026-03-01,GPN,78.8,62.1,79.0,45.3
2026-04-01,GPN,60.2,62.1,79.0,45.3
2026-05-01,GPN,69.6,62.1,79.0,45.3
2026-06-01,GPN,96.1,62.1,79.0,45.3
2026-07-01,GPN,70.6,62.1,79.0,45.3
2026-08-01,GPN,65.1,62.1,79.0,45.3
2026-09-01,GPN,24.4,62.1,79.0,45.3
2025-07-01,GREK,1.6,2.1,2.9,1.3
2025-08-01,GREK,2.2,2.1,2.9,1.3
2025-09-01,GREK,3.1,2.1,2.9,1.3
2025-10-01,GREK,2.3,2.1,2.9,1.3
2025-11-01,GREK,1.6,2.1,2.9,1.3
2025-12-01,GREK,1.5,2.1,2.9,1.3
2026-01-01,GREK,2.1,2.1,2.9,1.3
2026-02-01,GREK,2.0,2.1,2.9,1.3
2026-03-01,GREK,3.9,2.1,2.9,1.3
2026-04-01,GREK,2.5,2.1,2.9,1.3
2026-05-01,GREK,2.2,2.1,2.9,1.3
2026-06-01,GREK,1.8,2.1,2.9,1.3
2026-07-01,GREK,2.6,2.1,2.9,1.3
2026-08-01,GREK,1.0,2.1,2.9,1.3
2026-09-01,GREK,0.4,2.1,2.9,1.3
2025-07-01,GRMN,19.0,18.7,21.8,15.6
2025-08-01,GRMN,17.0,18.7,21.8,15.6
2025-09-01,GRMN,18.0,18.7,21.8,15.6
2025-10-01,GRMN,19.0,18.7,21.8,15.6
2025-11-01,GRMN,21.7,18.7,21.8,15.6
2025-12-01,GRMN,22.4,18.7,21.8,15.6
2026-01-01,GRMN,18.2,18.7,21.8,15.6
2026-02-01,GRMN,23.8,18.7,21.8,15.6
2026-03-01,GRMN,18.0,18.7,21.8,15.6
2026-04-01,GRMN,16.3,18.7,21.8,15.6
2026-05-01,GRMN,16.5,18.7,21.8,15.6
2026-06-01,GRMN,18.8,18.7,21.8,15.6
2026-07-01,GRMN,21.8,18.7,21.8,15.6
2026-08-01,GRMN,18.2,18.7,21.8,15.6
2026-09-01,GRMN,7.8,18.7,21.8,15.6
2025-07-01,GS,48.0,43.5,50.8,36.2
2025-08-01,GS,34.8,43.5,50.8,36.2
2025-09-01,GS,37.3,43.5,50.8,36.2
2025-10-01,GS,49.0,43.5,50.8,36.2
2025-11-01,GS,37.6,43.5,50.8,36.2
2025-12-01,GS,45.3,43.5,50.8,36.2
2026-01-01,GS,49.8,43.5,50.8,36.2
2026-02-01,GS,49.4,43.5,50.8,36.2
2026-03-01,GS,53.0,43.5,50.8,36.2
2026-04-01,GS,41.1,43.5,50.8,36.2
2026-05-01,GS,40.5,43.5,50.8,36.2
2026-06-01,GS,52.8,43.5,50.8,36.2
2026-07-01,GS,43.5,43.5,50.8,36.2
2026-08-01,GS,38.3,43.5,50.8,36.2
2026-09-01,GS,21.3,43.5,50.8,36.2
2025-07-01,GWW,7.1,6.0,7.1,4.9
2025-08-01,GWW,7.4,6.0,7.1,4.9
2025-09-01,GWW,6.5,6.0,7.1,4.9
2025-10-01,GWW,6.7,6.0,7.1,4.9
2025-11-01,GWW,5.2,6.0,7.1,4.9
2025-12-01,GWW,6.5,6.0,7.1,4.9
2026-01-01,GWW,4.8,6.0,7.1,4.9
2026-02-01,GWW,6.9,6.0,7.1,4.9
2026-03-01,GWW,5.3,6.0,7.1,4.9
2026-04-01,GWW,5.0,6.0,7.1,4.9
2026-05-01,GWW,5.9,6.0,7.1,4.9
2026-06-01,GWW,7.6,6.0,7.1,4.9
2026-07-01,GWW,5.9,6.0,7.1,4.9
2026-08-01,GWW,5.4,6.0,7.1,4.9
2026-09-01,GWW,2.7,6.0,7.1,4.9
2025-07-01,HAL,347.2,270.0,339.7,200.3
2025-08-01,HAL,225.5,270.0,339.7,200.3
2025-09-01,HAL,292.8,270.0,339.7,200.3
2025-10-01,HAL,327.2,270.0,339.7,200.3
2025-11-01,HAL,183.4,270.0,339.7,200.3
2025-12-01,HAL,215.4,270.0,339.7,200.3
2026-01-01,HAL,341.4,270.0,339.7,200.3
2026-02-01,HAL,221.7,270.0,339.7,200.3
2026-03-01,HAL,413.4,270.0,339.7,200.3
2026-04-01,HAL,305.1,270.0,339.7,200.3
2026-05-01,HAL,217.6,270.0,339.7,200.3
2026-06-01,HAL,263.7,270.0,339.7,200.3
2026-07-01,HAL,262.6,270.0,339.7,200.3
2026-08-01,HAL,228.3,270.0,339.7,200.3
2026-09-01,HAL,112.5,270.0,339.7,200.3
2025-07-01,HAS,58.8,39.5,49.0,30.1
2025-08-01,HAS,35.5,39.5,49.0,30.1
2025-09-01,HAS,33.2,39.5,49.0,30.1
2025-10-01,HAS,44.8,39.5,49.0,30.1
2025-11-01,HAS,36.0,39.5,49.0,30.1
2025-12-01,HAS,32.6,39.5,49.0,30.1
2026-01-01,HAS,34.7,39.5,49.0,30.1
2026-02-01,HAS,46.0,39.5,49.0,30.1
2026-03-01,HAS,34.5,39.5,49.0,30.1
2026-04-01,HAS,39.9,39.5,49.0,30.1
2026-05-01,HAS,42.5,39.5,49.0,30.1
2026-06-01,HAS,40.9,39.5,49.0,30.1
2026-07-01,HAS,55.1,39.5,49.0,30.1
2026-08-01,HAS,31.8,39.5,49.0,30.1
2026-09-01,HAS,14.9,39.5,49.0,30.1
2025-07-01,HBAN,856.6,587.5,749.0,425.9
2025-08-01,HBAN,533.0,587.5,749.0,425.9
2025-09-01,HBAN,602.0,587.5,749.0,425.9
2025-10-01,HBAN,881.9,587.5,749.0,425.9
2025-11-01,HBAN,510.7,587.5,749.0,425.9
2025-12-01,HBAN,475.0,587.5,749.0,425.9
2026-01-01,HBAN,845.1,587.5,749.0,425.9
2026-02-01,HBAN,637.7,587.5,749.0,425.9
2026-03-01,HBAN,635.2,587.5,749.0,425.9
2026-04-01,HBAN,458.0,587.5,749.0,425.9
2026-05-01,HBAN,423.9,587.5,749.0,425.9
2026-06-01,HBAN,484.6,587.5,749.0,425.9
2026-07-01,HBAN,552.2,587.5,749.0,425.9
2026-08-01,HBAN,460.9,587.5,749.0,425.9
2026-09-01,HBAN,296.3,587.5,749.0,425.9
2025-07-01,HCA,34.7,27.6,33.5,21.8
2025-08-01,HCA,23.6,27.6,33.5,21.8
2025-09-01,HCA,27.3,27.6,33.5,21.8
2025-10-01,HCA,31.8,27.6,33.5,21.8
2025-11-01,HCA,25.2,27.6,33.5,21.8
2025-12-01,HCA,27.4,27.6,33.5,21.8
2026-01-01,HCA,23.0,27.6,33.5,21.8
2026-02-01,HCA,22.3,27.6,33.5,21.8
2026-03-01,HCA,23.7,27.6,33.5,21.8
2026-04-01,HCA,22.8,27.6,33.5,21.8
2026-05-01,HCA,29.3,27.6,33.5,21.8
2026-06-01,HCA,36.7,27.6,33.5,21.8
2026-07-01,HCA,39.3,27.6,33.5,21.8
2026-08-01,HCA,24.8,27.6,33.5,21.8
2026-09-01,HCA,15.7,27.6,33.5,21.8
2025-07-01,HD,72.3,84.3,100.2,68.3
2025-08-01,HD,74.5,84.3,100.2,68.3
2025-09-01,HD,79.9,84.3,100.2,68.3
2025-10-01,HD,68.6,84.3,100.2,68.3
2025-11-01,HD,85.6,84.3,100.2,68.3
2025-12-01,HD,100.8,84.3,100.2,68.3
2026-01-01,HD,90.0,84.3,100.2,68.3
2026-02-01,HD,78.4,84.3,100.2,68.3
2026-03-01,HD,95.0,84.3,100.2,68.3
2026-04-01,HD,74.0,84.3,100.2,68.3
2026-05-01,HD,112.7,84.3,100.2,68.3
2026-06-01,HD,111.6,84.3,100.2,68.3
2026-07-01,HD,85.3,84.3,100.2,68.3
2026-08-01,HD,77.0,84.3,100.2,68.3
2026-09-01,HD,42.1,84.3,100.2,68.3
2025-07-01,HIG,35.5,32.1,37.2,27.0
2025-08-01,HIG,27.7,32.1,37.2,27.0
2025-09-01,HIG,31.4,32.1,37.2,27.0
2025-10-01,HIG,35.7,32.1,37.2,27.0
2025-11-01,HIG,25.8,32.1,37.2,27.0
2025-12-01,HIG,34.3,32.1,37.2,27.0
2026-01-01,HIG,29.6,32.1,37.2,27.0
2026-02-01,HIG,33.8,32.1,37.2,27.0
2026-03-01,HIG,34.1,32.1,37.2,27.0
2026-04-01,HIG,29.8,32.1,37.2,27.0
2026-05-01,HIG,33.2,32.1,37.2,27.0
2026-06-01,HIG,40.4,32.1,37.2,27.0
2026-07-01,HIG,37.3,32.1,37.2,27.0
2026-08-01,HIG,29.7,32.1,37.2,27.0
2026-09-01,HIG,14.8,32.1,37.2,27.0
2025-07-01,HII,10.7,10.2,12.0,8.5
2025-08-01,HII,8.8,10.2,12.0,8.5
2025-09-01,HII,10.0,10.2,12.0,8.5
2025-10-01,HII,10.4,10.2,12.0,8.5
2025-11-01,HII,8.4,10.2,12.0,8.5
2025-12-01,HII,10.3,10.2,12.0,8.5
2026-01-01,HII,12.6,10.2,12.0,8.5
2026-02-01,HII,11.5,10.2,12.0,8.5
2026-03-01,HII,11.2,10.2,12.0,8.5
2026-04-01,HII,9.0,10.2,12.0,8.5
2026-05-01,HII,12.0,10.2,12.0,8.5
2026-06-01,HII,11.5,10.2,12.0,8.5
2026-07-01,HII,11.6,10.2,12.0,8.5
2026-08-01,HII,9.1,10.2,12.0,8.5
2026-09-01,HII,4.1,10.2,12.0,8.5
2025-07-01,HLT,41.1,37.8,44.7,30.9
2025-08-01,HLT,30.4,37.8,44.7,30.9
2025-09-01,HLT,36.1,37.8,44.7,30.9
2025-10-01,HLT,43.1,37.8,44.7,30.9
2025-11-01,HLT,30.4,37.8,44.7,30.9
2025-12-01,HLT,34.7,37.8,44.7,30.9
2026-01-01,HLT,37.8,37.8,44.7,30.9
2026-02-01,HLT,40.9,37.8,44.7,30.9
2026-03-01,HLT,42.5,37.8,44.7,30.9
2026-04-01,HLT,34.9,37.8,44.7,30.9
2026-05-01,HLT,31.4,37.8,44.7,30.9
2026-06-01,HLT,49.6,37.8,44.7,30.9
2026-07-01,HLT,45.4,37.8,44.7,30.9
2026-08-01,HLT,40.8,37.8,44.7,30.9
2026-09-01,HLT,17.0,37.8,44.7,30.9
2025-07-01,HLX,48.2,36.0,43.2,28.8
2025-08-01,HLX,29.1,36.0,43.2,28.8
2025-09-01,HLX,28.7,36.0,43.2,28.8
2025-10-01,HLX,34.6,36.0,43.2,28.8
2025-11-01,HLX,26.2,36.0,43.2,28.8
2025-12-01,HLX,38.0,36.0,43.2,28.8
2026-01-01,HLX,33.2,36.0,43.2,28.8
2026-02-01,HLX,49.4,36.0,43.2,28.8
2026-03-01,HLX,46.1,36.0,43.2,28.8
2026-04-01,HLX,42.5,36.0,43.2,28.8
2026-05-01,HLX,35.0,36.0,43.2,28.8
2026-06-01,HLX,34.5,36.0,43.2,28.8
2026-07-01,HLX,29.4,36.0,43.2,28.8
2026-08-01,HLX,30.2,36.0,43.2,28.8
2026-09-01,HLX,33.9,36.0,43.2,28.8
2025-07-01,HON,85.1,86.5,106.9,66.1
2025-08-01,HON,68.2,86.5,106.9,66.1
2025-09-01,HON,104.8,86.5,106.9,66.1
2025-10-01,HON,112.6,86.5,106.9,66.1
2025-11-01,HON,76.6,86.5,106.9,66.1
2025-12-01,HON,81.1,86.5,106.9,66.1
2026-01-01,HON,103.2,86.5,106.9,66.1
2026-02-01,HON,73.9,86.5,106.9,66.1
2026-03-01,HON,90.5,86.5,106.9,66.1
2026-04-01,HON,80.2,86.5,106.9,66.1
2026-05-01,HON,85.1,86.5,106.9,66.1
2026-06-01,HON,129.0,86.5,106.9,66.1
2026-07-01,HON,84.1,86.5,106.9,66.1
2026-08-01,HON,63.9,86.5,106.9,66.1
2026-09-01,HON,31.6,86.5,106.9,66.1
2025-07-01,HOOD,1160.0,654.4,881.3,427.5
2025-08-01,HOOD,823.5,654.4,881.3,427.5
2025-09-01,HOOD,1039.0,654.4,881.3,427.5
2025-10-01,HOOD,610.9,654.4,881.3,427.5
2025-11-01,HOOD,600.3,654.4,881.3,427.5
2025-12-01,HOOD,501.8,654.4,881.3,427.5
2026-01-01,HOOD,429.6,654.4,881.3,427.5
2026-02-01,HOOD,763.9,654.4,881.3,427.5
2026-03-01,HOOD,605.4,654.4,881.3,427.5
2026-04-01,HOOD,735.0,654.4,881.3,427.5
2026-05-01,HOOD,498.9,654.4,881.3,427.5
2026-06-01,HOOD,710.9,654.4,881.3,427.5
2026-07-01,HOOD,497.5,654.4,881.3,427.5
2026-08-01,HOOD,385.7,654.4,881.3,427.5
2026-09-01,HOOD,275.4,654.4,881.3,427.5
2025-07-01,HPE,394.6,477.9,656.4,299.4
2025-08-01,HPE,346.2,477.9,656.4,299.4
2025-09-01,HPE,542.1,477.9,656.4,299.4
2025-10-01,HPE,878.3,477.9,656.4,299.4
2025-11-01,HPE,559.7,477.9,656.4,299.4
2025-12-01,HPE,564.9,477.9,656.4,299.4
2026-01-01,HPE,335.5,477.9,656.4,299.4
2026-02-01,HPE,338.2,477.9,656.4,299.4
2026-03-01,HPE,472.5,477.9,656.4,299.4
2026-04-01,HPE,294.6,477.9,656.4,299.4
2026-05-01,HPE,409.4,477.9,656.4,299.4
2026-06-01,HPE,844.1,477.9,656.4,299.4
2026-07-01,HPE,382.1,477.9,656.4,299.4
2026-08-01,HPE,336.7,477.9,656.4,299.4
2026-09-01,HPE,377.6,477.9,656.4,299.4
2025-07-01,HPQ,162.4,308.9,402.8,215.0
2025-08-01,HPQ,181.4,308.9,402.8,215.0
2025-09-01,HPQ,193.3,308.9,402.8,215.0
2025-10-01,HPQ,290.8,308.9,402.8,215.0
2025-11-01,HPQ,260.1,308.9,402.8,215.0
2025-12-01,HPQ,270.5,308.9,402.8,215.0
2026-01-01,HPQ,356.1,308.9,402.8,215.0
2026-02-01,HPQ,438.8,308.9,402.8,215.0
2026-03-01,HPQ,426.3,308.9,402.8,215.0
2026-04-01,HPQ,344.0,308.9,402.8,215.0
2026-05-01,HPQ,447.8,308.9,402.8,215.0
2026-06-01,HPQ,408.8,308.9,402.8,215.0
2026-07-01,HPQ,325.8,308.9,402.8,215.0
2026-08-01,HPQ,315.7,308.9,402.8,215.0
2026-09-01,HPQ,175.7,308.9,402.8,215.0
2025-07-01,HRL,73.5,96.8,115.1,78.6
2025-08-01,HRL,88.4,96.8,115.1,78.6
2025-09-01,HRL,87.2,96.8,115.1,78.6
2025-10-01,HRL,113.5,96.8,115.1,78.6
2025-11-01,HRL,89.2,96.8,115.1,78.6
2025-12-01,HRL,115.6,96.8,115.1,78.6
2026-01-01,HRL,99.4,96.8,115.1,78.6
2026-02-01,HRL,96.4,96.8,115.1,78.6
2026-03-01,HRL,92.9,96.8,115.1,78.6
2026-04-01,HRL,105.9,96.8,115.1,78.6
2026-05-01,HRL,138.4,96.8,115.1,78.6
2026-06-01,HRL,96.8,96.8,115.1,78.6
2026-07-01,HRL,83.9,96.8,115.1,78.6
2026-08-01,HRL,103.6,96.8,115.1,78.6
2026-09-01,HRL,47.3,96.8,115.1,78.6
2025-07-01,HSIC,36.2,29.7,36.4,22.9
2025-08-01,HSIC,43.3,29.7,36.4,22.9
2025-09-01,HSIC,32.0,29.7,36.4,22.9
2025-10-01,HSIC,32.0,29.7,36.4,22.9
2025-11-01,HSIC,31.5,29.7,36.4,22.9
2025-12-01,HSIC,26.3,29.7,36.4,22.9
2026-01-01,HSIC,24.5,29.7,36.4,22.9
2026-02-01,HSIC,31.9,29.7,36.4,22.9
2026-03-01,HSIC,27.5,29.7,36.4,22.9
2026-04-01,HSIC,21.5,29.7,36.4,22.9
2026-05-01,HSIC,37.6,29.7,36.4,22.9
2026-06-01,HSIC,28.7,29.7,36.4,22.9
2026-07-01,HSIC,29.5,29.7,36.4,22.9
2026-08-01,HSIC,24.2,29.7,36.4,22.9
2026-09-01,HSIC,10.3,29.7,36.4,22.9
2025-07-01,HST,200.0,180.6,209.7,151.5
2025-08-01,HST,209.8,180.6,209.7,151.5
2025-09-01,HST,191.9,180.6,209.7,151.5
2025-10-01,HST,142.6,180.6,209.7,151.5
2025-11-01,HST,182.9,180.6,209.7,151.5
2025-12-01,HST,156.1,180.6,209.7,151.5
2026-01-01,HST,165.4,180.6,209.7,151.5
2026-02-01,HST,172.0,180.6,209.7,151.5
2026-03-01,HST,203.4,180.6,209.7,151.5
2026-04-01,HST,174.1,180.6,209.7,151.5
2026-05-01,HST,165.6,180.6,209.7,151.5
2026-06-01,HST,211.7,180.6,209.7,151.5
2026-07-01,HST,205.6,180.6,209.7,151.5
2026-08-01,HST,202.8,180.6,209.7,151.5
2026-09-01,HST,82.7,180.6,209.7,151.5
2025-07-01,HSY,42.7,36.6,44.7,28.6
2025-08-01,HSY,29.6,36.6,44.7,28.6
2025-09-01,HSY,28.9,36.6,44.7,28.6
2025-10-01,HSY,38.6,36.6,44.7,28.6
2025-11-01,HSY,35.1,36.6,44.7,28.6
2025-12-01,HSY,31.6,36.6,44.7,28.6
2026-01-01,HSY,36.8,36.6,44.7,28.6
2026-02-01,HSY,48.4,36.6,44.7,28.6
2026-03-01,HSY,38.3,36.6,44.7,28.6
2026-04-01,HSY,41.8,36.6,44.7,28.6
2026-05-01,HSY,38.5,36.6,44.7,28.6
2026-06-01,HSY,48.6,36.6,44.7,28.6
2026-07-01,HSY,42.5,36.6,44.7,28.6
2026-08-01,HSY,24.5,36.6,44.7,28.6
2026-09-01,HSY,14.6,36.6,44.7,28.6
2025-07-01,HUBB,13.1,11.4,13.5,9.3
2025-08-01,HUBB,9.6,11.4,13.5,9.3
2025-09-01,HUBB,10.5,11.4,13.5,9.3
2025-10-01,HUBB,13.5,11.4,13.5,9.3
2025-11-01,HUBB,9.8,11.4,13.5,9.3
2025-12-01,HUBB,9.8,11.4,13.5,9.3
2026-01-01,HUBB,10.0,11.4,13.5,9.3
2026-02-01,HUBB,11.0,11.4,13.5,9.3
2026-03-01,HUBB,13.0,11.4,13.5,9.3
2026-04-01,HUBB,11.1,11.4,13.5,9.3
2026-05-01,HUBB,14.4,11.4,13.5,9.3
2026-06-01,HUBB,13.9,11.4,13.5,9.3
2026-07-01,HUBB,13.3,11.4,13.5,9.3
2026-08-01,HUBB,9.9,11.4,13.5,9.3
2026-09-01,HUBB,5.1,11.4,13.5,9.3
2025-07-01,HUM,42.1,35.2,43.5,26.9
2025-08-01,HUM,29.1,35.2,43.5,26.9
2025-09-01,HUM,43.4,35.2,43.5,26.9
2025-10-01,HUM,43.7,35.2,43.5,26.9
2025-11-01,HUM,32.7,35.2,43.5,26.9
2025-12-01,HUM,30.3,35.2,43.5,26.9
2026-01-01,HUM,41.8,35.2,43.5,26.9
2026-02-01,HUM,47.0,35.2,43.5,26.9
2026-03-01,HUM,35.4,35.2,43.5,26.9
2026-04-01,HUM,41.2,35.2,43.5,26.9
2026-05-01,HUM,32.3,35.2,43.5,26.9
2026-06-01,HUM,32.3,35.2,43.5,26.9
2026-07-01,HUM,33.4,35.2,43.5,26.9
2026-08-01,HUM,23.0,35.2,43.5,26.9
2026-09-01,HUM,9.7,35.2,43.5,26.9
2025-07-01,HWM,64.3,51.9,61.0,42.8
2025-08-01,HWM,52.9,51.9,61.0,42.8
2025-09-01,HWM,45.8,51.9,61.0,42.8
2025-10-01,HWM,44.8,51.9,61.0,42.8
2025-11-01,HWM,40.1,51.9,61.0,42.8
2025-12-01,HWM,46.1,51.9,61.0,42.8
2026-01-01,HWM,54.1,51.9,61.0,42.8
2026-02-01,HWM,56.2,51.9,61.0,42.8
2026-03-01,HWM,53.6,51.9,61.0,42.8
2026-04-01,HWM,43.1,51.9,61.0,42.8
2026-05-01,HWM,52.8,51.9,61.0,42.8
2026-06-01,HWM,76.9,51.9,61.0,42.8
2026-07-01,HWM,44.8,51.9,61.0,42.8
2026-08-01,HWM,51.9,51.9,61.0,42.8
2026-09-01,HWM,51.0,51.9,61.0,42.8
2025-07-01,HYD,18.2,16.8,20.8,12.9
2025-08-01,HYD,16.5,16.8,20.8,12.9
2025-09-01,HYD,14.8,16.8,20.8,12.9
2025-10-01,HYD,9.6,16.8,20.8,12.9
2025-11-01,HYD,11.7,16.8,20.8,12.9
2025-12-01,HYD,21.2,16.8,20.8,12.9
2026-01-01,HYD,21.0,16.8,20.8,12.9
2026-02-01,HYD,12.1,16.8,20.8,12.9
2026-03-01,HYD,22.1,16.8,20.8,12.9
2026-04-01,HYD,17.4,16.8,20.8,12.9
2026-05-01,HYD,12.8,16.8,20.8,12.9
2026-06-01,HYD,15.7,16.8,20.8,12.9
2026-07-01,HYD,20.6,16.8,20.8,12.9
2026-08-01,HYD,17.9,16.8,20.8,12.9
2026-09-01,HYD,22.8,16.8,20.8,12.9
2025-07-01,HYG,670.4,817.6,1083.3,552.0
2025-08-01,HYG,708.3,817.6,1083.3,552.0
2025-09-01,HYG,736.5,817.6,1083.3,552.0
2025-10-01,HYG,1092.1,817.6,1083.3,552.0
2025-11-01,HYG,848.5,817.6,1083.3,552.0
2025-12-01,HYG,724.9,817.6,1083.3,552.0
2026-01-01,HYG,706.4,817.6,1083.3,552.0
2026-02-01,HYG,807.7,817.6,1083.3,552.0
2026-03-01,HYG,1636.2,817.6,1083.3,552.0
2026-04-01,HYG,933.3,817.6,1083.3,552.0
2026-05-01,HYG,729.2,817.6,1083.3,552.0
2026-06-01,HYG,702.4,817.6,1083.3,552.0
2026-07-01,HYG,698.6,817.6,1083.3,552.0
2026-08-01,HYG,625.2,817.6,1083.3,552.0
2026-09-01,HYG,418.1,817.6,1083.3,552.0
2025-07-01,IBKR,129.8,105.6,136.1,75.0
2025-08-01,IBKR,197.7,105.6,136.1,75.0
2025-09-01,IBKR,111.2,105.6,136.1,75.0
2025-10-01,IBKR,110.6,105.6,136.1,75.0
2025-11-01,IBKR,82.6,105.6,136.1,75.0
2025-12-01,IBKR,75.3,105.6,136.1,75.0
2026-01-01,IBKR,106.6,105.6,136.1,75.0
2026-02-01,IBKR,93.9,105.6,136.1,75.0
2026-03-01,IBKR,109.7,105.6,136.1,75.0
2026-04-01,IBKR,97.3,105.6,136.1,75.0
2026-05-01,IBKR,102.4,105.6,136.1,75.0
2026-06-01,IBKR,105.0,105.6,136.1,75.0
2026-07-01,IBKR,99.5,105.6,136.1,75.0
2026-08-01,IBKR,90.2,105.6,136.1,75.0
2026-09-01,IBKR,40.3,105.6,136.1,75.0
2025-07-01,IBM,109.1,135.7,195.5,76.0
2025-08-01,IBM,105.0,135.7,195.5,76.0
2025-09-01,IBM,110.3,135.7,195.5,76.0
2025-10-01,IBM,140.5,135.7,195.5,76.0
2025-11-01,IBM,85.9,135.7,195.5,76.0
2025-12-01,IBM,78.4,135.7,195.5,76.0
2026-01-01,IBM,93.2,135.7,195.5,76.0
2026-02-01,IBM,143.5,135.7,195.5,76.0
2026-03-01,IBM,123.0,135.7,195.5,76.0
2026-04-01,IBM,133.5,135.7,195.5,76.0
2026-05-01,IBM,184.4,135.7,195.5,76.0
2026-06-01,IBM,220.6,135.7,195.5,76.0
2026-07-01,IBM,299.5,135.7,195.5,76.0
2026-08-01,IBM,111.4,135.7,195.5,76.0
2026-09-01,IBM,55.4,135.7,195.5,76.0
2025-07-01,ICE,47.6,74.8,94.7,54.8
2025-08-01,ICE,62.1,74.8,94.7,54.8
2025-09-01,ICE,65.1,74.8,94.7,54.8
2025-10-01,ICE,103.0,74.8,94.7,54.8
2025-11-01,ICE,65.2,74.8,94.7,54.8
2025-12-01,ICE,67.6,74.8,94.7,54.8
2026-01-01,ICE,65.5,74.8,94.7,54.8
2026-02-01,ICE,98.2,74.8,94.7,54.8
2026-03-01,ICE,76.5,74.8,94.7,54.8
2026-04-01,ICE,63.0,74.8,94.7,54.8
2026-05-01,ICE,69.5,74.8,94.7,54.8
2026-06-01,ICE,114.6,74.8,94.7,54.8
2026-07-01,ICE,97.4,74.8,94.7,54.8
2026-08-01,ICE,72.5,74.8,94.7,54.8
2026-09-01,ICE,35.7,74.8,94.7,54.8
2025-07-01,ICL,14.9,24.0,33.2,14.8
2025-08-01,ICL,15.7,24.0,33.2,14.8
2025-09-01,ICL,14.0,24.0,33.2,14.8
2025-10-01,ICL,13.6,24.0,33.2,14.8
2025-11-01,ICL,17.6,24.0,33.2,14.8
2025-12-01,ICL,23.2,24.0,33.2,14.8
2026-01-01,ICL,27.2,24.0,33.2,14.8
2026-02-01,ICL,29.3,24.0,33.2,14.8
2026-03-01,ICL,48.4,24.0,33.2,14.8
2026-04-01,ICL,26.8,24.0,33.2,14.8
2026-05-01,ICL,28.4,24.0,33.2,14.8
2026-06-01,ICL,33.4,24.0,33.2,14.8
2026-07-01,ICL,24.9,24.0,33.2,14.8
2026-08-01,ICL,23.7,24.0,33.2,14.8
2026-09-01,ICL,15.0,24.0,33.2,14.8
2025-07-01,IDXX,11.7,11.6,13.6,9.5
2025-08-01,IDXX,14.6,11.6,13.6,9.5
2025-09-01,IDXX,8.7,11.6,13.6,9.5
2025-10-01,IDXX,10.0,11.6,13.6,9.5
2025-11-01,IDXX,12.9,11.6,13.6,9.5
2025-12-01,IDXX,11.5,11.6,13.6,9.5
2026-01-01,IDXX,9.5,11.6,13.6,9.5
2026-02-01,IDXX,10.5,11.6,13.6,9.5
2026-03-01,IDXX,11.5,11.6,13.6,9.5
2026-04-01,IDXX,11.3,11.6,13.6,9.5
2026-05-01,IDXX,13.4,11.6,13.6,9.5
2026-06-01,IDXX,14.1,11.6,13.6,9.5
2026-07-01,IDXX,13.1,11.6,13.6,9.5
2026-08-01,IDXX,12.9,11.6,13.6,9.5
2026-09-01,IDXX,5.5,11.6,13.6,9.5
2025-07-01,IEF,144.2,172.1,221.0,123.1
2025-08-01,IEF,153.6,172.1,221.0,123.1
2025-09-01,IEF,183.8,172.1,221.0,123.1
2025-10-01,IEF,183.2,172.1,221.0,123.1
2025-11-01,IEF,206.3,172.1,221.0,123.1
2025-12-01,IEF,161.3,172.1,221.0,123.1
2026-01-01,IEF,189.7,172.1,221.0,123.1
2026-02-01,IEF,174.1,172.1,221.0,123.1
2026-03-01,IEF,318.5,172.1,221.0,123.1
2026-04-01,IEF,147.5,172.1,221.0,123.1
2026-05-01,IEF,146.4,172.1,221.0,123.1
2026-06-01,IEF,152.4,172.1,221.0,123.1
2026-07-01,IEF,116.7,172.1,221.0,123.1
2026-08-01,IEF,181.7,172.1,221.0,123.1
2026-09-01,IEF,83.3,172.1,221.0,123.1
2025-07-01,IEX,16.8,14.9,17.9,11.9
2025-08-01,IEX,16.1,14.9,17.9,11.9
2025-09-01,IEX,15.6,14.9,17.9,11.9
2025-10-01,IEX,14.5,14.9,17.9,11.9
2025-11-01,IEX,11.8,14.9,17.9,11.9
2025-12-01,IEX,13.4,14.9,17.9,11.9
2026-01-01,IEX,13.6,14.9,17.9,11.9
2026-02-01,IEX,19.5,14.9,17.9,11.9
2026-03-01,IEX,19.9,14.9,17.9,11.9
2026-04-01,IEX,15.1,14.9,17.9,11.9
2026-05-01,IEX,13.6,14.9,17.9,11.9
2026-06-01,IEX,15.1,14.9,17.9,11.9
2026-07-01,IEX,16.8,14.9,17.9,11.9
2026-08-01,IEX,11.5,14.9,17.9,11.9
2026-09-01,IEX,5.6,14.9,17.9,11.9
2025-07-01,IFF,36.6,40.9,49.1,32.6
2025-08-01,IFF,50.7,40.9,49.1,32.6
2025-09-01,IFF,49.4,40.9,49.1,32.6
2025-10-01,IFF,48.2,40.9,49.1,32.6
2025-11-01,IFF,49.9,40.9,49.1,32.6
2025-12-01,IFF,47.9,40.9,49.1,32.6
2026-01-01,IFF,33.0,40.9,49.1,32.6
2026-02-01,IFF,36.5,40.9,49.1,32.6
2026-03-01,IFF,41.8,40.9,49.1,32.6
2026-04-01,IFF,29.6,40.9,49.1,32.6
2026-05-01,IFF,45.2,40.9,49.1,32.6
2026-06-01,IFF,43.0,40.9,49.1,32.6
2026-07-01,IFF,40.8,40.9,49.1,32.6
2026-08-01,IFF,32.8,40.9,49.1,32.6
2026-09-01,IFF,17.1,40.9,49.1,32.6
2025-07-01,INCY,37.1,37.8,46.2,29.5
2025-08-01,INCY,35.8,37.8,46.2,29.5
2025-09-01,INCY,38.2,37.8,46.2,29.5
2025-10-01,INCY,50.8,37.8,46.2,29.5
2025-11-01,INCY,44.6,37.8,46.2,29.5
2025-12-01,INCY,46.1,37.8,46.2,29.5
2026-01-01,INCY,41.2,37.8,46.2,29.5
2026-02-01,INCY,37.3,37.8,46.2,29.5
2026-03-01,INCY,36.9,37.8,46.2,29.5
2026-04-01,INCY,30.4,37.8,46.2,29.5
2026-05-01,INCY,25.4,37.8,46.2,29.5
2026-06-01,INCY,47.0,37.8,46.2,29.5
2026-07-01,INCY,42.5,37.8,46.2,29.5
2026-08-01,INCY,27.9,37.8,46.2,29.5
2026-09-01,INCY,15.3,37.8,46.2,29.5
2025-07-01,INDA,139.0,135.2,181.0,89.4
2025-08-01,INDA,137.4,135.2,181.0,89.4
2025-09-01,INDA,90.6,135.2,181.0,89.4
2025-10-01,INDA,120.6,135.2,181.0,89.4
2025-11-01,INDA,100.9,135.2,181.0,89.4
2025-12-01,INDA,118.3,135.2,181.0,89.4
2026-01-01,INDA,129.7,135.2,181.0,89.4
2026-02-01,INDA,175.5,135.2,181.0,89.4
2026-03-01,INDA,268.0,135.2,181.0,89.4
2026-04-01,INDA,163.7,135.2,181.0,89.4
2026-05-01,INDA,124.9,135.2,181.0,89.4
2026-06-01,INDA,145.5,135.2,181.0,89.4
2026-07-01,INDA,132.9,135.2,181.0,89.4
2026-08-01,INDA,84.7,135.2,181.0,89.4
2026-09-01,INDA,58.9,135.2,181.0,89.4
2025-07-01,INTC,1842.4,2308.5,2879.9,1737.1
2025-08-01,INTC,2840.3,2308.5,2879.9,1737.1
2025-09-01,INTC,2703.4,2308.5,2879.9,1737.1
2025-10-01,INTC,2783.0,2308.5,2879.9,1737.1
2025-11-01,INTC,1483.7,2308.5,2879.9,1737.1
2025-12-01,INTC,1627.5,2308.5,2879.9,1737.1
2026-01-01,INTC,2945.8,2308.5,2879.9,1737.1
2026-02-01,INTC,1719.7,2308.5,2879.9,1737.1
2026-03-01,INTC,1882.9,2308.5,2879.9,1737.1
2026-04-01,INTC,2876.5,2308.5,2879.9,1737.1
2026-05-01,INTC,2841.5,2308.5,2879.9,1737.1
2026-06-01,INTC,2759.4,2308.5,2879.9,1737.1
2026-07-01,INTC,2573.3,2308.5,2879.9,1737.1
2026-08-01,INTC,2105.7,2308.5,2879.9,1737.1
2026-09-01,INTC,1035.5,2308.5,2879.9,1737.1
2025-07-01,INTU,31.9,66.8,97.6,35.9
2025-08-01,INTU,44.9,66.8,97.6,35.9
2025-09-01,INTU,43.6,66.8,97.6,35.9
2025-10-01,INTU,37.3,66.8,97.6,35.9
2025-11-01,INTU,35.1,66.8,97.6,35.9
2025-12-01,INTU,37.7,66.8,97.6,35.9
2026-01-01,INTU,58.5,66.8,97.6,35.9
2026-02-01,INTU,102.9,66.8,97.6,35.9
2026-03-01,INTU,80.4,66.8,97.6,35.9
2026-04-01,INTU,69.3,66.8,97.6,35.9
2026-05-01,INTU,108.8,66.8,97.6,35.9
2026-06-01,INTU,128.8,66.8,97.6,35.9
2026-07-01,INTU,95.1,66.8,97.6,35.9
2026-08-01,INTU,85.0,66.8,97.6,35.9
2026-09-01,INTU,34.0,66.8,97.6,35.9
2025-07-01,INVH,74.1,107.8,137.5,78.2
2025-08-01,INVH,76.9,107.8,137.5,78.2
2025-09-01,INVH,97.0,107.8,137.5,78.2
2025-10-01,INVH,114.1,107.8,137.5,78.2
2025-11-01,INVH,89.6,107.8,137.5,78.2
2025-12-01,INVH,115.0,107.8,137.5,78.2
2026-01-01,INVH,154.1,107.8,137.5,78.2
2026-02-01,INVH,132.9,107.8,137.5,78.2
2026-03-01,INVH,163.4,107.8,137.5,78.2
2026-04-01,INVH,111.2,107.8,137.5,78.2
2026-05-01,INVH,109.0,107.8,137.5,78.2
2026-06-01,INVH,140.9,107.8,137.5,78.2
2026-07-01,INVH,87.5,107.8,137.5,78.2
2026-08-01,INVH,78.2,107.8,137.5,78.2
2026-09-01,INVH,51.5,107.8,137.5,78.2
2025-07-01,IP,103.9,114.8,143.0,86.6
2025-08-01,IP,88.0,114.8,143.0,86.6
2025-09-01,IP,79.6,114.8,143.0,86.6
2025-10-01,IP,114.6,114.8,143.0,86.6
2025-11-01,IP,97.7,114.8,143.0,86.6
2025-12-01,IP,95.5,114.8,143.0,86.6
2026-01-01,IP,149.5,114.8,143.0,86.6
2026-02-01,IP,145.5,114.8,143.0,86.6
2026-03-01,IP,146.2,114.8,143.0,86.6
2026-04-01,IP,154.9,114.8,143.0,86.6
2026-05-01,IP,131.5,114.8,143.0,86.6
2026-06-01,IP,134.0,114.8,143.0,86.6
2026-07-01,IP,126.2,114.8,143.0,86.6
2026-08-01,IP,77.4,114.8,143.0,86.6
2026-09-01,IP,55.4,114.8,143.0,86.6
2025-07-01,IQV,49.9,34.0,45.5,22.5
2025-08-01,IQV,26.8,34.0,45.5,22.5
2025-09-01,IQV,24.6,34.0,45.5,22.5
2025-10-01,IQV,41.4,34.0,45.5,22.5
2025-11-01,IQV,26.8,34.0,45.5,22.5
2025-12-01,IQV,29.2,34.0,45.5,22.5
2026-01-01,IQV,25.0,34.0,45.5,22.5
2026-02-01,IQV,67.4,34.0,45.5,22.5
2026-03-01,IQV,35.6,34.0,45.5,22.5
2026-04-01,IQV,30.2,34.0,45.5,22.5
2026-05-01,IQV,38.5,34.0,45.5,22.5
2026-06-01,IQV,34.1,34.0,45.5,22.5
2026-07-01,IQV,32.6,34.0,45.5,22.5
2026-08-01,IQV,26.3,34.0,45.5,22.5
2026-09-01,IQV,15.2,34.0,45.5,22.5
2025-07-01,IR,60.6,73.6,88.4,58.7
2025-08-01,IR,68.4,73.6,88.4,58.7
2025-09-01,IR,82.9,73.6,88.4,58.7
2025-10-01,IR,74.0,73.6,88.4,58.7
2025-11-01,IR,60.7,73.6,88.4,58.7
2025-12-01,IR,51.0,73.6,88.4,58.7
2026-01-01,IR,62.9,73.6,88.4,58.7
2026-02-01,IR,102.1,73.6,88.4,58.7
2026-03-01,IR,69.5,73.6,88.4,58.7
2026-04-01,IR,78.3,73.6,88.4,58.7
2026-05-01,IR,78.5,73.6,88.4,58.7
2026-06-01,IR,92.9,73.6,88.4,58.7
2026-07-01,IR,91.1,73.6,88.4,58.7
2026-08-01,IR,78.0,73.6,88.4,58.7
2026-09-01,IR,40.8,73.6,88.4,58.7
2025-07-01,IRM,24.5,35.2,43.3,27.1
2025-08-01,IRM,31.7,35.2,43.3,27.1
2025-09-01,IRM,34.9,35.2,43.3,27.1
2025-10-01,IRM,27.3,35.2,43.3,27.1
2025-11-01,IRM,50.7,35.2,43.3,27.1
2025-12-01,IRM,44.6,35.2,43.3,27.1
2026-01-01,IRM,39.4,35.2,43.3,27.1
2026-02-01,IRM,44.4,35.2,43.3,27.1
2026-03-01,IRM,32.2,35.2,43.3,27.1
2026-04-01,IRM,33.2,35.2,43.3,27.1
2026-05-01,IRM,29.6,35.2,43.3,27.1
2026-06-01,IRM,32.8,35.2,43.3,27.1
2026-07-01,IRM,46.7,35.2,43.3,27.1
2026-08-01,IRM,33.2,35.2,43.3,27.1
2026-09-01,IRM,18.7,35.2,43.3,27.1
2025-07-01,ISRG,43.8,47.7,61.4,34.0
2025-08-01,ISRG,40.4,47.7,61.4,34.0
2025-09-01,ISRG,55.6,47.7,61.4,34.0
2025-10-01,ISRG,59.4,47.7,61.4,34.0
2025-11-01,ISRG,38.8,47.7,61.4,34.0
2025-12-01,ISRG,32.3,47.7,61.4,34.0
2026-01-01,ISRG,41.7,47.7,61.4,34.0
2026-02-01,ISRG,40.2,47.7,61.4,34.0
2026-03-01,ISRG,37.2,47.7,61.4,34.0
2026-04-01,ISRG,45.6,47.7,61.4,34.0
2026-05-01,ISRG,46.3,47.7,61.4,34.0
2026-06-01,ISRG,55.1,47.7,61.4,34.0
2026-07-01,ISRG,86.3,47.7,61.4,34.0
2026-08-01,ISRG,53.7,47.7,61.4,34.0
2026-09-01,ISRG,26.6,47.7,61.4,34.0
2025-07-01,IT,19.2,29.0,37.6,20.4
2025-08-01,IT,38.2,29.0,37.6,20.4
2025-09-01,IT,35.8,29.0,37.6,20.4
2025-10-01,IT,25.0,29.0,37.6,20.4
2025-11-01,IT,19.1,29.0,37.6,20.4
2025-12-01,IT,21.0,29.0,37.6,20.4
2026-01-01,IT,19.8,29.0,37.6,20.4
2026-02-01,IT,45.2,29.0,37.6,20.4
2026-03-01,IT,33.8,29.0,37.6,20.4
2026-04-01,IT,27.1,29.0,37.6,20.4
2026-05-01,IT,40.7,29.0,37.6,20.4
2026-06-01,IT,32.1,29.0,37.6,20.4
2026-07-01,IT,28.7,29.0,37.6,20.4
2026-08-01,IT,31.7,29.0,37.6,20.4
2026-09-01,IT,11.9,29.0,37.6,20.4
2025-07-01,ITW,23.1,25.6,31.2,20.0
2025-08-01,ITW,19.5,25.6,31.2,20.0
2025-09-01,ITW,17.4,25.6,31.2,20.0
2025-10-01,ITW,29.6,25.6,31.2,20.0
2025-11-01,ITW,21.8,25.6,31.2,20.0
2025-12-01,ITW,23.6,25.6,31.2,20.0
2026-01-01,ITW,27.4,25.6,31.2,20.0
2026-02-01,ITW,34.7,25.6,31.2,20.0
2026-03-01,ITW,28.4,25.6,31.2,20.0
2026-04-01,ITW,27.0,25.6,31.2,20.0
2026-05-01,ITW,27.7,25.6,31.2,20.0
2026-06-01,ITW,31.0,25.6,31.2,20.0
2026-07-01,ITW,33.8,25.6,31.2,20.0
2026-08-01,ITW,20.0,25.6,31.2,20.0
2026-09-01,ITW,13.4,25.6,31.2,20.0
2025-07-01,IVZ,185.0,112.0,143.2,80.7
2025-08-01,IVZ,93.1,112.0,143.2,80.7
2025-09-01,IVZ,86.9,112.0,143.2,80.7
2025-10-01,IVZ,139.6,112.0,143.2,80.7
2025-11-01,IVZ,72.6,112.0,143.2,80.7
2025-12-01,IVZ,118.2,112.0,143.2,80.7
2026-01-01,IVZ,128.2,112.0,143.2,80.7
2026-02-01,IVZ,110.7,112.0,143.2,80.7
2026-03-01,IVZ,114.8,112.0,143.2,80.7
2026-04-01,IVZ,140.8,112.0,143.2,80.7
2026-05-01,IVZ,89.1,112.0,143.2,80.7
2026-06-01,IVZ,122.6,112.0,143.2,80.7
2026-07-01,IVZ,109.2,112.0,143.2,80.7
2026-08-01,IVZ,87.6,112.0,143.2,80.7
2026-09-01,IVZ,38.8,112.0,143.2,80.7
2025-07-01,IWD,49.8,61.1,85.3,36.8
2025-08-01,IWD,41.0,61.1,85.3,36.8
2025-09-01,IWD,55.8,61.1,85.3,36.8
2025-10-01,IWD,78.6,61.1,85.3,36.8
2025-11-01,IWD,87.6,61.1,85.3,36.8
2025-12-01,IWD,93.6,61.1,85.3,36.8
2026-01-01,IWD,84.3,61.1,85.3,36.8
2026-02-01,IWD,61.7,61.1,85.3,36.8
2026-03-01,IWD,105.9,61.1,85.3,36.8
2026-04-01,IWD,49.9,61.1,85.3,36.8
2026-05-01,IWD,32.9,61.1,85.3,36.8
2026-06-01,IWD,63.2,61.1,85.3,36.8
2026-07-01,IWD,43.3,61.1,85.3,36.8
2026-08-01,IWD,31.1,61.1,85.3,36.8
2026-09-01,IWD,16.3,61.1,85.3,36.8
2025-07-01,IWF,93.8,139.4,217.4,61.4
2025-08-01,IWF,73.4,139.4,217.4,61.4
2025-09-01,IWF,98.5,139.4,217.4,61.4
2025-10-01,IWF,125.3,139.4,217.4,61.4
2025-11-01,IWF,109.1,139.4,217.4,61.4
2025-12-01,IWF,161.4,139.4,217.4,61.4
2026-01-01,IWF,185.7,139.4,217.4,61.4
2026-02-01,IWF,284.7,139.4,217.4,61.4
2026-03-01,IWF,344.6,139.4,217.4,61.4
2026-04-01,IWF,134.4,139.4,217.4,61.4
2026-05-01,IWF,100.3,139.4,217.4,61.4
2026-06-01,IWF,125.6,139.4,217.4,61.4
2026-07-01,IWF,108.7,139.4,217.4,61.4
2026-08-01,IWF,68.2,139.4,217.4,61.4
2026-09-01,IWF,39.8,139.4,217.4,61.4
2025-07-01,IWM,784.5,714.0,936.5,491.5
2025-08-01,IWM,709.3,714.0,936.5,491.5
2025-09-01,IWM,847.5,714.0,936.5,491.5
2025-10-01,IWM,871.4,714.0,936.5,491.5
2025-11-01,IWM,921.3,714.0,936.5,491.5
2025-12-01,IWM,773.0,714.0,936.5,491.5
2026-01-01,IWM,777.1,714.0,936.5,491.5
2026-02-01,IWM,761.1,714.0,936.5,491.5
2026-03-01,IWM,1206.1,714.0,936.5,491.5
2026-04-01,IWM,617.7,714.0,936.5,491.5
2026-05-01,IWM,522.0,714.0,936.5,491.5
2026-06-01,IWM,629.6,714.0,936.5,491.5
2026-07-01,IWM,473.5,714.0,936.5,491.5
2026-08-01,IWM,355.0,714.0,936.5,491.5
2026-09-01,IWM,244.7,714.0,936.5,491.5
2025-07-01,J,14.1,20.2,26.4,14.0
2025-08-01,J,15.2,20.2,26.4,14.0
2025-09-01,J,14.3,20.2,26.4,14.0
2025-10-01,J,28.4,20.2,26.4,14.0
2025-11-01,J,22.8,20.2,26.4,14.0
2025-12-01,J,22.5,20.2,26.4,14.0
2026-01-01,J,13.9,20.2,26.4,14.0
2026-02-01,J,22.6,20.2,26.4,14.0
2026-03-01,J,20.7,20.2,26.4,14.0
2026-04-01,J,16.0,20.2,26.4,14.0
2026-05-01,J,32.5,20.2,26.4,14.0
2026-06-01,J,28.9,20.2,26.4,14.0
2026-07-01,J,19.4,20.2,26.4,14.0
2026-08-01,J,19.1,20.2,26.4,14.0
2026-09-01,J,7.5,20.2,26.4,14.0
2025-07-01,JBHT,25.4,22.9,28.2,17.6
2025-08-01,JBHT,21.8,22.9,28.2,17.6
2025-09-01,JBHT,25.0,22.9,28.2,17.6
2025-10-01,JBHT,38.1,22.9,28.2,17.6
2025-11-01,JBHT,22.8,22.9,28.2,17.6
2025-12-01,JBHT,26.2,22.9,28.2,17.6
2026-01-01,JBHT,21.4,22.9,28.2,17.6
2026-02-01,JBHT,22.0,22.9,28.2,17.6
2026-03-01,JBHT,20.9,22.9,28.2,17.6
2026-04-01,JBHT,19.7,22.9,28.2,17.6
2026-05-01,JBHT,19.4,22.9,28.2,17.6
2026-06-01,JBHT,21.4,22.9,28.2,17.6
2026-07-01,JBHT,24.2,22.9,28.2,17.6
2026-08-01,JBHT,15.9,22.9,28.2,17.6
2026-09-01,JBHT,13.3,22.9,28.2,17.6
2025-07-01,JBL,28.6,26.0,31.6,20.5
2025-08-01,JBL,28.6,26.0,31.6,20.5
2025-09-01,JBL,34.8,26.0,31.6,20.5
2025-10-01,JBL,28.7,26.0,31.6,20.5
2025-11-01,JBL,21.4,26.0,31.6,20.5
2025-12-01,JBL,29.6,26.0,31.6,20.5
2026-01-01,JBL,22.9,26.0,31.6,20.5
2026-02-01,JBL,21.1,26.0,31.6,20.5
2026-03-01,JBL,29.4,26.0,31.6,20.5
2026-04-01,JBL,21.4,26.0,31.6,20.5
2026-05-01,JBL,25.4,26.0,31.6,20.5
2026-06-01,JBL,34.4,26.0,31.6,20.5
2026-07-01,JBL,25.0,26.0,31.6,20.5
2026-08-01,JBL,20.2,26.0,31.6,20.5
2026-09-01,JBL,10.0,26.0,31.6,20.5
2025-07-01,JCI,106.1,90.8,111.2,70.3
2025-08-01,JCI,106.2,90.8,111.2,70.3
2025-09-01,JCI,85.0,90.8,111.2,70.3
2025-10-01,JCI,80.7,90.8,111.2,70.3
2025-11-01,JCI,102.0,90.8,111.2,70.3
2025-12-01,JCI,112.1,90.8,111.2,70.3
2026-01-01,JCI,122.6,90.8,111.2,70.3
2026-02-01,JCI,108.0,90.8,111.2,70.3
2026-03-01,JCI,90.2,90.8,111.2,70.3
2026-04-01,JCI,61.8,90.8,111.2,70.3
2026-05-01,JCI,73.7,90.8,111.2,70.3
2026-06-01,JCI,105.5,90.8,111.2,70.3
2026-07-01,JCI,85.1,90.8,111.2,70.3
2026-08-01,JCI,64.1,90.8,111.2,70.3
2026-09-01,JCI,39.3,90.8,111.2,70.3
2025-07-01,JKHY,9.7,21.3,28.8,13.9
2025-08-01,JKHY,18.0,21.3,28.8,13.9
2025-09-01,JKHY,20.1,21.3,28.8,13.9
2025-10-01,JKHY,26.4,21.3,28.8,13.9
2025-11-01,JKHY,17.2,21.3,28.8,13.9
2025-12-01,JKHY,17.4,21.3,28.8,13.9
2026-01-01,JKHY,13.9,21.3,28.8,13.9
2026-02-01,JKHY,25.3,21.3,28.8,13.9
2026-03-01,JKHY,21.4,21.3,28.8,13.9
2026-04-01,JKHY,17.8,21.3,28.8,13.9
2026-05-01,JKHY,35.0,21.3,28.8,13.9
2026-06-01,JKHY,37.0,21.3,28.8,13.9
2026-07-01,JKHY,25.8,21.3,28.8,13.9
2026-08-01,JKHY,20.2,21.3,28.8,13.9
2026-09-01,JKHY,10.8,21.3,28.8,13.9
2025-07-01,JNJ,187.6,170.7,197.1,144.3
2025-08-01,JNJ,174.9,170.7,197.1,144.3
2025-09-01,JNJ,180.8,170.7,197.1,144.3
2025-10-01,JNJ,195.1,170.7,197.1,144.3
2025-11-01,JNJ,174.2,170.7,197.1,144.3
2025-12-01,JNJ,176.4,170.7,197.1,144.3
2026-01-01,JNJ,191.4,170.7,197.1,144.3
2026-02-01,JNJ,181.3,170.7,197.1,144.3
2026-03-01,JNJ,170.4,170.7,197.1,144.3
2026-04-01,JNJ,160.3,170.7,197.1,144.3
2026-05-01,JNJ,154.3,170.7,197.1,144.3
2026-06-01,JNJ,188.6,170.7,197.1,144.3
2026-07-01,JNJ,176.7,170.7,197.1,144.3
2026-08-01,JNJ,136.9,170.7,197.1,144.3
2026-09-01,JNJ,63.0,170.7,197.1,144.3
2025-07-01,JNK,87.9,85.9,125.7,46.1
2025-08-01,JNK,77.0,85.9,125.7,46.1
2025-09-01,JNK,84.3,85.9,125.7,46.1
2025-10-01,JNK,110.3,85.9,125.7,46.1
2025-11-01,JNK,99.3,85.9,125.7,46.1
2025-12-01,JNK,95.7,85.9,125.7,46.1
2026-01-01,JNK,69.1,85.9,125.7,46.1
2026-02-01,JNK,78.0,85.9,125.7,46.1
2026-03-01,JNK,212.0,85.9,125.7,46.1
2026-04-01,JNK,82.7,85.9,125.7,46.1
2026-05-01,JNK,55.3,85.9,125.7,46.1
2026-06-01,JNK,64.2,85.9,125.7,46.1
2026-07-01,JNK,52.3,85.9,125.7,46.1
2026-08-01,JNK,55.6,85.9,125.7,46.1
2026-09-01,JNK,33.8,85.9,125.7,46.1
2025-07-01,JPM,198.6,185.3,225.5,145.1
2025-08-01,JPM,148.8,185.3,225.5,145.1
2025-09-01,JPM,182.6,185.3,225.5,145.1
2025-10-01,JPM,189.4,185.3,225.5,145.1
2025-11-01,JPM,150.2,185.3,225.5,145.1
2025-12-01,JPM,211.6,185.3,225.5,145.1
2026-01-01,JPM,243.5,185.3,225.5,145.1
2026-02-01,JPM,203.1,185.3,225.5,145.1
2026-03-01,JPM,244.2,185.3,225.5,145.1
2026-04-01,JPM,172.9,185.3,225.5,145.1
2026-05-01,JPM,171.1,185.3,225.5,145.1
2026-06-01,JPM,206.0,185.3,225.5,145.1
2026-07-01,JPM,211.0,185.3,225.5,145.1
2026-08-01,JPM,119.0,185.3,225.5,145.1
2026-09-01,JPM,74.2,185.3,225.5,145.1
2025-07-01,KDP,233.9,285.9,376.2,195.7
2025-08-01,KDP,313.2,285.9,376.2,195.7
2025-09-01,KDP,478.6,285.9,376.2,195.7
2025-10-01,KDP,450.1,285.9,376.2,195.7
2025-11-01,KDP,307.6,285.9,376.2,195.7
2025-12-01,KDP,310.7,285.9,376.2,195.7
2026-01-01,KDP,215.4,285.9,376.2,195.7
2026-02-01,KDP,213.3,285.9,376.2,195.7
2026-03-01,KDP,221.3,285.9,376.2,195.7
2026-04-01,KDP,263.3,285.9,376.2,195.7
2026-05-01,KDP,200.6,285.9,376.2,195.7
2026-06-01,KDP,348.1,285.9,376.2,195.7
2026-07-01,KDP,290.8,285.9,376.2,195.7
2026-08-01,KDP,238.2,285.9,376.2,195.7
2026-09-01,KDP,101.0,285.9,376.2,195.7
2025-07-01,KEY,620.8,364.4,508.6,220.1
2025-08-01,KEY,562.5,364.4,508.6,220.1
2025-09-01,KEY,615.0,364.4,508.6,220.1
2025-10-01,KEY,494.6,364.4,508.6,220.1
2025-11-01,KEY,346.8,364.4,508.6,220.1
2025-12-01,KEY,340.0,364.4,508.6,220.1
2026-01-01,KEY,325.7,364.4,508.6,220.1
2026-02-01,KEY,333.0,364.4,508.6,220.1
2026-03-01,KEY,359.8,364.4,508.6,220.1
2026-04-01,KEY,278.1,364.4,508.6,220.1
2026-05-01,KEY,212.6,364.4,508.6,220.1
2026-06-01,KEY,269.3,364.4,508.6,220.1
2026-07-01,KEY,241.6,364.4,508.6,220.1
2026-08-01,KEY,185.5,364.4,508.6,220.1
2026-09-01,KEY,162.9,364.4,508.6,220.1
2025-07-01,KEYS,16.8,26.4,33.2,19.7
2025-08-01,KEYS,21.9,26.4,33.2,19.7
2025-09-01,KEYS,21.0,26.4,33.2,19.7
2025-10-01,KEYS,26.5,26.4,33.2,19.7
2025-11-01,KEYS,28.1,26.4,33.2,19.7
2025-12-01,KEYS,23.6,26.4,33.2,19.7
2026-01-01,KEYS,20.6,26.4,33.2,19.7
2026-02-01,KEYS,34.8,26.4,33.2,19.7
2026-03-01,KEYS,34.9,26.4,33.2,19.7
2026-04-01,KEYS,23.0,26.4,33.2,19.7
2026-05-01,KEYS,35.1,26.4,33.2,19.7
2026-06-01,KEYS,35.4,26.4,33.2,19.7
2026-07-01,KEYS,28.7,26.4,33.2,19.7
2026-08-01,KEYS,30.5,26.4,33.2,19.7
2026-09-01,KEYS,10.2,26.4,33.2,19.7
2025-07-01,KHC,395.7,320.9,363.6,278.2
2025-08-01,KHC,246.1,320.9,363.6,278.2
2025-09-01,KHC,380.7,320.9,363.6,278.2
2025-10-01,KHC,346.6,320.9,363.6,278.2
2025-11-01,KHC,313.6,320.9,363.6,278.2
2025-12-01,KHC,279.1,320.9,363.6,278.2
2026-01-01,KHC,339.4,320.9,363.6,278.2
2026-02-01,KHC,306.6,320.9,363.6,278.2
2026-03-01,KHC,386.6,320.9,363.6,278.2
2026-04-01,KHC,274.0,320.9,363.6,278.2
2026-05-01,KHC,304.4,320.9,363.6,278.2
2026-06-01,KHC,300.1,320.9,363.6,278.2
2026-07-01,KHC,291.3,320.9,363.6,278.2
2026-08-01,KHC,321.4,320.9,363.6,278.2
2026-09-01,KHC,319.8,320.9,363.6,278.2
2025-07-01,KIM,92.9,99.3,116.5,82.2
2025-08-01,KIM,81.7,99.3,116.5,82.2
2025-09-01,KIM,77.4,99.3,116.5,82.2
2025-10-01,KIM,107.6,99.3,116.5,82.2
2025-11-01,KIM,101.6,99.3,116.5,82.2
2025-12-01,KIM,95.9,99.3,116.5,82.2
2026-01-01,KIM,108.4,99.3,116.5,82.2
2026-02-01,KIM,129.4,99.3,116.5,82.2
2026-03-01,KIM,125.7,99.3,116.5,82.2
2026-04-01,KIM,94.1,99.3,116.5,82.2
2026-05-01,KIM,87.6,99.3,116.5,82.2
2026-06-01,KIM,127.5,99.3,116.5,82.2
2026-07-01,KIM,89.0,99.3,116.5,82.2
2026-08-01,KIM,92.2,99.3,116.5,82.2
2026-09-01,KIM,66.9,99.3,116.5,82.2
2025-07-01,KKR,74.4,101.7,140.1,63.3
2025-08-01,KKR,66.0,101.7,140.1,63.3
2025-09-01,KKR,82.5,101.7,140.1,63.3
2025-10-01,KKR,105.8,101.7,140.1,63.3
2025-11-01,KKR,95.0,101.7,140.1,63.3
2025-12-01,KKR,84.2,101.7,140.1,63.3
2026-01-01,KKR,88.5,101.7,140.1,63.3
2026-02-01,KKR,207.0,101.7,140.1,63.3
2026-03-01,KKR,176.8,101.7,140.1,63.3
2026-04-01,KKR,102.3,101.7,140.1,63.3
2026-05-01,KKR,95.5,101.7,140.1,63.3
2026-06-01,KKR,106.7,101.7,140.1,63.3
2026-07-01,KKR,82.4,101.7,140.1,63.3
2026-08-01,KKR,98.6,101.7,140.1,63.3
2026-09-01,KKR,42.2,101.7,140.1,63.3
2025-07-01,KLAC,207.8,219.8,265.1,174.4
2025-08-01,KLAC,201.3,219.8,265.1,174.4
2025-09-01,KLAC,193.8,219.8,265.1,174.4
2025-10-01,KLAC,256.8,219.8,265.1,174.4
2025-11-01,KLAC,207.5,219.8,265.1,174.4
2025-12-01,KLAC,176.5,219.8,265.1,174.4
2026-01-01,KLAC,252.8,219.8,265.1,174.4
2026-02-01,KLAC,210.2,219.8,265.1,174.4
2026-03-01,KLAC,230.0,219.8,265.1,174.4
2026-04-01,KLAC,190.5,219.8,265.1,174.4
2026-05-01,KLAC,202.6,219.8,265.1,174.4
2026-06-01,KLAC,308.5,219.8,265.1,174.4
2026-07-01,KLAC,299.2,219.8,265.1,174.4
2026-08-01,KLAC,199.9,219.8,265.1,174.4
2026-09-01,KLAC,102.9,219.8,265.1,174.4
2025-07-01,KMB,48.1,90.4,124.3,56.5
2025-08-01,KMB,49.9,90.4,124.3,56.5
2025-09-01,KMB,53.6,90.4,124.3,56.5
2025-10-01,KMB,57.3,90.4,124.3,56.5
2025-11-01,KMB,167.7,90.4,124.3,56.5
2025-12-01,KMB,116.2,90.4,124.3,56.5
2026-01-01,KMB,140.2,90.4,124.3,56.5
2026-02-01,KMB,104.0,90.4,124.3,56.5
2026-03-01,KMB,111.5,90.4,124.3,56.5
2026-04-01,KMB,101.8,90.4,124.3,56.5
2026-05-01,KMB,87.2,90.4,124.3,56.5
2026-06-01,KMB,108.6,90.4,124.3,56.5
2026-07-01,KMB,79.7,90.4,124.3,56.5
2026-08-01,KMB,71.6,90.4,124.3,56.5
2026-09-01,KMB,59.8,90.4,124.3,56.5
2025-07-01,KMI,341.5,266.1,320.4,211.8
2025-08-01,KMI,321.8,266.1,320.4,211.8
2025-09-01,KMI,258.4,266.1,320.4,211.8
2025-10-01,KMI,336.9,266.1,320.4,211.8
2025-11-01,KMI,279.2,266.1,320.4,211.8
2025-12-01,KMI,243.8,266.1,320.4,211.8
2026-01-01,KMI,316.7,266.1,320.4,211.8
2026-02-01,KMI,257.0,266.1,320.4,211.8
2026-03-01,KMI,321.1,266.1,320.4,211.8
2026-04-01,KMI,261.2,266.1,320.4,211.8
2026-05-01,KMI,210.0,266.1,320.4,211.8
2026-06-01,KMI,219.3,266.1,320.4,211.8
2026-07-01,KMI,208.3,266.1,320.4,211.8
2026-08-01,KMI,220.7,266.1,320.4,211.8
2026-09-01,KMI,126.9,266.1,320.4,211.8
2025-07-01,KO,358.6,341.3,397.7,285.0
2025-08-01,KO,271.3,341.3,397.7,285.0
2025-09-01,KO,389.6,341.3,397.7,285.0
2025-10-01,KO,360.0,341.3,397.7,285.0
2025-11-01,KO,312.9,341.3,397.7,285.0
2025-12-01,KO,346.2,341.3,397.7,285.0
2026-01-01,KO,369.9,341.3,397.7,285.0
2026-02-01,KO,390.4,341.3,397.7,285.0
2026-03-01,KO,371.6,341.3,397.7,285.0
2026-04-01,KO,292.3,341.3,397.7,285.0
2026-05-01,KO,294.6,341.3,397.7,285.0
2026-06-01,KO,426.7,341.3,397.7,285.0
2026-07-01,KO,386.9,341.3,397.7,285.0
2026-08-01,KO,304.7,341.3,397.7,285.0
2026-09-01,KO,162.5,341.3,397.7,285.0
2025-07-01,KR,132.6,140.8,168.7,112.9
2025-08-01,KR,139.2,140.8,168.7,112.9
2025-09-01,KR,178.5,140.8,168.7,112.9
2025-10-01,KR,141.5,140.8,168.7,112.9
2025-11-01,KR,114.4,140.8,168.7,112.9
2025-12-01,KR,149.6,140.8,168.7,112.9
2026-01-01,KR,137.3,140.8,168.7,112.9
2026-02-01,KR,128.7,140.8,168.7,112.9
2026-03-01,KR,167.5,140.8,168.7,112.9
2026-04-01,KR,101.3,140.8,168.7,112.9
2026-05-01,KR,116.5,140.8,168.7,112.9
2026-06-01,KR,197.2,140.8,168.7,112.9
2026-07-01,KR,167.6,140.8,168.7,112.9
2026-08-01,KR,125.3,140.8,168.7,112.9
2026-09-01,KR,82.9,140.8,168.7,112.9
2025-07-01,KVUE,403.7,608.0,852.2,363.8
2025-08-01,KVUE,356.2,608.0,852.2,363.8
2025-09-01,KVUE,879.7,608.0,852.2,363.8
2025-10-01,KVUE,749.1,608.0,852.2,363.8
2025-11-01,KVUE,1006.8,608.0,852.2,363.8
2025-12-01,KVUE,714.3,608.0,852.2,363.8
2026-01-01,KVUE,983.5,608.0,852.2,363.8
2026-02-01,KVUE,1014.6,608.0,852.2,363.8
2026-03-01,KVUE,533.7,608.0,852.2,363.8
2026-04-01,KVUE,361.9,608.0,852.2,363.8
2026-05-01,KVUE,421.8,608.0,852.2,363.8
2026-06-01,KVUE,467.2,608.0,852.2,363.8
2026-07-01,KVUE,408.9,608.0,852.2,363.8
2026-08-01,KVUE,444.6,608.0,852.2,363.8
2026-09-01,KVUE,356.7,608.0,852.2,363.8
2025-07-01,L,17.5,16.1,18.5,13.6
2025-08-01,L,16.1,16.1,18.5,13.6
2025-09-01,L,17.6,16.1,18.5,13.6
2025-10-01,L,16.5,16.1,18.5,13.6
2025-11-01,L,15.2,16.1,18.5,13.6
2025-12-01,L,18.5,16.1,18.5,13.6
2026-01-01,L,14.1,16.1,18.5,13.6
2026-02-01,L,15.2,16.1,18.5,13.6
2026-03-01,L,15.0,16.1,18.5,13.6
2026-04-01,L,12.6,16.1,18.5,13.6
2026-05-01,L,18.9,16.1,18.5,13.6
2026-06-01,L,20.2,16.1,18.5,13.6
2026-07-01,L,17.5,16.1,18.5,13.6
2026-08-01,L,13.5,16.1,18.5,13.6
2026-09-01,L,9.6,16.1,18.5,13.6
2025-07-01,LDOS,17.2,22.8,30.3,15.3
2025-08-01,LDOS,18.6,22.8,30.3,15.3
2025-09-01,LDOS,18.4,22.8,30.3,15.3
2025-10-01,LDOS,16.6,22.8,30.3,15.3
2025-11-01,LDOS,16.2,22.8,30.3,15.3
2025-12-01,LDOS,17.6,22.8,30.3,15.3
2026-01-01,LDOS,18.7,22.8,30.3,15.3
2026-02-01,LDOS,23.9,22.8,30.3,15.3
2026-03-01,LDOS,27.1,22.8,30.3,15.3
2026-04-01,LDOS,16.9,22.8,30.3,15.3
2026-05-01,LDOS,30.3,22.8,30.3,15.3
2026-06-01,LDOS,40.4,22.8,30.3,15.3
2026-07-01,LDOS,31.4,22.8,30.3,15.3
2026-08-01,LDOS,31.5,22.8,30.3,15.3
2026-09-01,LDOS,13.7,22.8,30.3,15.3
2025-07-01,LEN,69.7,74.5,105.3,43.7
2025-08-01,LEN,65.7,74.5,105.3,43.7
2025-09-01,LEN,89.0,74.5,105.3,43.7
2025-10-01,LEN,83.3,74.5,105.3,43.7
2025-11-01,LEN,165.7,74.5,105.3,43.7
2025-12-01,LEN,122.6,74.5,105.3,43.7
2026-01-01,LEN,67.7,74.5,105.3,43.7
2026-02-01,LEN,47.8,74.5,105.3,43.7
2026-03-01,LEN,78.4,74.5,105.3,43.7
2026-04-01,LEN,58.3,74.5,105.3,43.7
2026-05-01,LEN,51.3,74.5,105.3,43.7
2026-06-01,LEN,64.5,74.5,105.3,43.7
2026-07-01,LEN,54.5,74.5,105.3,43.7
2026-08-01,LEN,46.3,74.5,105.3,43.7
2026-09-01,LEN,41.5,74.5,105.3,43.7
2025-07-01,LH,18.8,14.2,17.4,11.1
2025-08-01,LH,10.3,14.2,17.4,11.1
2025-09-01,LH,9.9,14.2,17.4,11.1
2025-10-01,LH,18.0,14.2,17.4,11.1
2025-11-01,LH,19.4,14.2,17.4,11.1
2025-12-01,LH,13.8,14.2,17.4,11.1
2026-01-01,LH,16.0,14.2,17.4,11.1
2026-02-01,LH,14.7,14.2,17.4,11.1
2026-03-01,LH,12.1,14.2,17.4,11.1
2026-04-01,LH,13.8,14.2,17.4,11.1
2026-05-01,LH,13.2,14.2,17.4,11.1
2026-06-01,LH,13.4,14.2,17.4,11.1
2026-07-01,LH,17.3,14.2,17.4,11.1
2026-08-01,LH,12.3,14.2,17.4,11.1
2026-09-01,LH,8.0,14.2,17.4,11.1
2025-07-01,LHX,28.5,27.6,32.9,22.2
2025-08-01,LHX,23.7,27.6,32.9,22.2
2025-09-01,LHX,22.0,27.6,32.9,22.2
2025-10-01,LHX,26.1,27.6,32.9,22.2
2025-11-01,LHX,22.3,27.6,32.9,22.2
2025-12-01,LHX,21.1,27.6,32.9,22.2
2026-01-01,LHX,38.3,27.6,32.9,22.2
2026-02-01,LHX,24.0,27.6,32.9,22.2
2026-03-01,LHX,32.9,27.6,32.9,22.2
2026-04-01,LHX,29.4,27.6,32.9,22.2
2026-05-01,LHX,26.9,27.6,32.9,22.2
2026-06-01,LHX,30.8,27.6,32.9,22.2
2026-07-01,LHX,31.1,27.6,32.9,22.2
2026-08-01,LHX,34.8,27.6,32.9,22.2
2026-09-01,LHX,16.8,27.6,32.9,22.2
2025-07-01,LII,8.6,9.4,11.0,7.8
2025-08-01,LII,7.4,9.4,11.0,7.8
2025-09-01,LII,8.4,9.4,11.0,7.8
2025-10-01,LII,12.3,9.4,11.0,7.8
2025-11-01,LII,8.3,9.4,11.0,7.8
2025-12-01,LII,9.0,9.4,11.0,7.8
2026-01-01,LII,10.1,9.4,11.0,7.8
2026-02-01,LII,10.0,9.4,11.0,7.8
2026-03-01,LII,9.8,9.4,11.0,7.8
2026-04-01,LII,10.7,9.4,11.0,7.8
2026-05-01,LII,8.3,9.4,11.0,7.8
2026-06-01,LII,8.3,9.4,11.0,7.8
2026-07-01,LII,11.8,9.4,11.0,7.8
2026-08-01,LII,10.6,9.4,11.0,7.8
2026-09-01,LII,5.5,9.4,11.0,7.8
2025-07-01,LIN,33.9,46.7,58.1,35.3
2025-08-01,LIN,33.3,46.7,58.1,35.3
2025-09-01,LIN,37.1,46.7,58.1,35.3
2025-10-01,LIN,47.9,46.7,58.1,35.3
2025-11-01,LIN,55.2,46.7,58.1,35.3
2025-12-01,LIN,67.9,46.7,58.1,35.3
2026-01-01,LIN,47.5,46.7,58.1,35.3
2026-02-01,LIN,56.4,46.7,58.1,35.3
2026-03-01,LIN,62.6,46.7,58.1,35.3
2026-04-01,LIN,40.8,46.7,58.1,35.3
2026-05-01,LIN,42.1,46.7,58.1,35.3
2026-06-01,LIN,55.4,46.7,58.1,35.3
2026-07-01,LIN,47.0,46.7,58.1,35.3
2026-08-01,LIN,42.8,46.7,58.1,35.3
2026-09-01,LIN,19.8,46.7,58.1,35.3
2025-07-01,LITE,47.5,97.9,128.0,67.7
2025-08-01,LITE,72.2,97.9,128.0,67.7
2025-09-01,LITE,84.3,97.9,128.0,67.7
2025-10-01,LITE,70.4,97.9,128.0,67.7
2025-11-01,LITE,112.5,97.9,128.0,67.7
2025-12-01,LITE,81.5,97.9,128.0,67.7
2026-01-01,LITE,90.8,97.9,128.0,67.7
2026-02-01,LITE,110.0,97.9,128.0,67.7
2026-03-01,LITE,163.9,97.9,128.0,67.7
2026-04-01,LITE,120.6,97.9,128.0,67.7
2026-05-01,LITE,124.1,97.9,128.0,67.7
2026-06-01,LITE,128.6,97.9,128.0,67.7
2026-07-01,LITE,95.9,97.9,128.0,67.7
2026-08-01,LITE,103.2,97.9,128.0,67.7
2026-09-01,LITE,47.1,97.9,128.0,67.7
2025-07-01,LLY,71.9,71.4,93.6,49.2
2025-08-01,LLY,140.4,71.4,93.6,49.2
2025-09-01,LLY,73.1,71.4,93.6,49.2
2025-10-01,LLY,78.6,71.4,93.6,49.2
2025-11-01,LLY,87.1,71.4,93.6,49.2
2025-12-01,LLY,65.9,71.4,93.6,49.2
2026-01-01,LLY,59.1,71.4,93.6,49.2
2026-02-01,LLY,72.5,71.4,93.6,49.2
2026-03-01,LLY,62.1,71.4,93.6,49.2
2026-04-01,LLY,67.2,71.4,93.6,49.2
2026-05-01,LLY,66.4,71.4,93.6,49.2
2026-06-01,LLY,71.6,71.4,93.6,49.2
2026-07-01,LLY,53.1,71.4,93.6,49.2
2026-08-01,LLY,60.1,71.4,93.6,49.2
2026-09-01,LLY,23.5,71.4,93.6,49.2
2025-07-01,LMT,44.4,30.5,38.2,22.9
2025-08-01,LMT,32.0,30.5,38.2,22.9
2025-09-01,LMT,28.4,30.5,38.2,22.9
2025-10-01,LMT,30.1,30.5,38.2,22.9
2025-11-01,LMT,24.8,30.5,38.2,22.9
2025-12-01,LMT,29.2,30.5,38.2,22.9
2026-01-01,LMT,45.2,30.5,38.2,22.9
2026-02-01,LMT,30.2,30.5,38.2,22.9
2026-03-01,LMT,39.3,30.5,38.2,22.9
2026-04-01,LMT,30.9,30.5,38.2,22.9
2026-05-01,LMT,26.6,30.5,38.2,22.9
2026-06-01,LMT,28.7,30.5,38.2,22.9
2026-07-01,LMT,26.7,30.5,38.2,22.9
2026-08-01,LMT,20.8,30.5,38.2,22.9
2026-09-01,LMT,12.2,30.5,38.2,22.9
2025-07-01,LNT,41.9,46.0,54.9,37.2
2025-08-01,LNT,42.3,46.0,54.9,37.2
2025-09-01,LNT,35.6,46.0,54.9,37.2
2025-10-01,LNT,47.4,46.0,54.9,37.2
2025-11-01,LNT,42.1,46.0,54.9,37.2
2025-12-01,LNT,39.3,46.0,54.9,37.2
2026-01-01,LNT,46.4,46.0,54.9,37.2
2026-02-01,LNT,66.0,46.0,54.9,37.2
2026-03-01,LNT,48.3,46.0,54.9,37.2
2026-04-01,LNT,39.5,46.0,54.9,37.2
2026-05-01,LNT,53.0,46.0,54.9,37.2
2026-06-01,LNT,55.1,46.0,54.9,37.2
2026-07-01,LNT,53.0,46.0,54.9,37.2
2026-08-01,LNT,50.1,46.0,54.9,37.2
2026-09-01,LNT,22.2,46.0,54.9,37.2
2025-07-01,LOW,56.4,59.5,66.7,52.3
2025-08-01,LOW,66.6,59.5,66.7,52.3
2025-09-01,LOW,59.8,59.5,66.7,52.3
2025-10-01,LOW,54.9,59.5,66.7,52.3
2025-11-01,LOW,67.4,59.5,66.7,52.3
2025-12-01,LOW,60.5,59.5,66.7,52.3
2026-01-01,LOW,59.6,59.5,66.7,52.3
2026-02-01,LOW,55.7,59.5,66.7,52.3
2026-03-01,LOW,59.7,59.5,66.7,52.3
2026-04-01,LOW,51.8,59.5,66.7,52.3
2026-05-01,LOW,60.4,59.5,66.7,52.3
2026-06-01,LOW,66.3,59.5,66.7,52.3
2026-07-01,LOW,68.2,59.5,66.7,52.3
2026-08-01,LOW,61.3,59.5,66.7,52.3
2026-09-01,LOW,32.7,59.5,66.7,52.3
2025-07-01,LQD,542.6,650.5,834.6,466.4
2025-08-01,LQD,557.4,650.5,834.6,466.4
2025-09-01,LQD,660.7,650.5,834.6,466.4
2025-10-01,LQD,733.3,650.5,834.6,466.4
2025-11-01,LQD,711.4,650.5,834.6,466.4
2025-12-01,LQD,555.5,650.5,834.6,466.4
2026-01-01,LQD,645.7,650.5,834.6,466.4
2026-02-01,LQD,652.3,650.5,834.6,466.4
2026-03-01,LQD,1239.4,650.5,834.6,466.4
2026-04-01,LQD,638.1,650.5,834.6,466.4
2026-05-01,LQD,535.1,650.5,834.6,466.4
2026-06-01,LQD,587.4,650.5,834.6,466.4
2026-07-01,LQD,646.0,650.5,834.6,466.4
2026-08-01,LQD,568.2,650.5,834.6,466.4
2026-09-01,LQD,315.7,650.5,834.6,466.4
2025-07-01,LRCX,224.9,227.4,271.6,183.1
2025-08-01,LRCX,241.9,227.4,271.6,183.1
2025-09-01,LRCX,247.9,227.4,271.6,183.1
2025-10-01,LRCX,270.7,227.4,271.6,183.1
2025-11-01,LRCX,215.3,227.4,271.6,183.1
2025-12-01,LRCX,219.9,227.4,271.6,183.1
2026-01-01,LRCX,283.7,227.4,271.6,183.1
2026-02-01,LRCX,203.7,227.4,271.6,183.1
2026-03-01,LRCX,244.5,227.4,271.6,183.1
2026-04-01,LRCX,190.9,227.4,271.6,183.1
2026-05-01,LRCX,183.5,227.4,271.6,183.1
2026-06-01,LRCX,280.5,227.4,271.6,183.1
2026-07-01,LRCX,272.7,227.4,271.6,183.1
2026-08-01,LRCX,170.0,227.4,271.6,183.1
2026-09-01,LRCX,93.4,227.4,271.6,183.1
2025-07-01,LULU,68.5,80.7,112.8,48.6
2025-08-01,LULU,71.6,80.7,112.8,48.6
2025-09-01,LULU,168.9,80.7,112.8,48.6
2025-10-01,LULU,91.3,80.7,112.8,48.6
2025-11-01,LULU,62.3,80.7,112.8,48.6
2025-12-01,LULU,123.1,80.7,112.8,48.6
2026-01-01,LULU,59.1,80.7,112.8,48.6
2026-02-01,LULU,39.7,80.7,112.8,48.6
2026-03-01,LULU,70.2,80.7,112.8,48.6
2026-04-01,LULU,57.3,80.7,112.8,48.6
2026-05-01,LULU,64.9,80.7,112.8,48.6
2026-06-01,LULU,102.3,80.7,112.8,48.6
2026-07-01,LULU,55.7,80.7,112.8,48.6
2026-08-01,LULU,70.0,80.7,112.8,48.6
2026-09-01,LULU,109.8,80.7,112.8,48.6
2025-07-01,LUV,289.9,177.1,233.9,120.3
2025-08-01,LUV,154.9,177.1,233.9,120.3
2025-09-01,LUV,203.2,177.1,233.9,120.3
2025-10-01,LUV,226.7,177.1,233.9,120.3
2025-11-01,LUV,141.2,177.1,233.9,120.3
2025-12-01,LUV,240.6,177.1,233.9,120.3
2026-01-01,LUV,205.0,177.1,233.9,120.3
2026-02-01,LUV,200.5,177.1,233.9,120.3
2026-03-01,LUV,215.9,177.1,233.9,120.3
2026-04-01,LUV,160.7,177.1,233.9,120.3
2026-05-01,LUV,135.3,177.1,233.9,120.3
2026-06-01,LUV,144.8,177.1,233.9,120.3
2026-07-01,LUV,121.0,177.1,233.9,120.3
2026-08-01,LUV,94.2,177.1,233.9,120.3
2026-09-01,LUV,56.8,177.1,233.9,120.3
2025-07-01,LVS,118.6,104.2,124.5,83.9
2025-08-01,LVS,81.1,104.2,124.5,83.9
2025-09-01,LVS,114.3,104.2,124.5,83.9
2025-10-01,LVS,137.4,104.2,124.5,83.9
2025-11-01,LVS,103.2,104.2,124.5,83.9
2025-12-01,LVS,108.7,104.2,124.5,83.9
2026-01-01,LVS,146.0,104.2,124.5,83.9
2026-02-01,LVS,100.2,104.2,124.5,83.9
2026-03-01,LVS,84.6,104.2,124.5,83.9
2026-04-01,LVS,86.4,104.2,124.5,83.9
2026-05-01,LVS,93.6,104.2,124.5,83.9
2026-06-01,LVS,95.3,104.2,124.5,83.9
2026-07-01,LVS,113.2,104.2,124.5,83.9
2026-08-01,LVS,99.7,104.2,124.5,83.9
2026-09-01,LVS,58.1,104.2,124.5,83.9
2025-07-01,LYB,88.8,117.7,155.5,79.9
2025-08-01,LYB,107.5,117.7,155.5,79.9
2025-09-01,LYB,108.0,117.7,155.5,79.9
2025-10-01,LYB,105.1,117.7,155.5,79.9
2025-11-01,LYB,102.0,117.7,155.5,79.9
2025-12-01,LYB,123.0,117.7,155.5,79.9
2026-01-01,LYB,130.1,117.7,155.5,79.9
2026-02-01,LYB,128.3,117.7,155.5,79.9
2026-03-01,LYB,228.0,117.7,155.5,79.9
2026-04-01,LYB,153.3,117.7,155.5,79.9
2026-05-01,LYB,106.5,117.7,155.5,79.9
2026-06-01,LYB,115.0,117.7,155.5,79.9
2026-07-01,LYB,111.1,117.7,155.5,79.9
2026-08-01,LYB,84.1,117.7,155.5,79.9
2026-09-01,LYB,37.4,117.7,155.5,79.9
2025-07-01,LYV,42.1,53.5,65.0,42.1
2025-08-01,LYV,43.6,53.5,65.0,42.1
2025-09-01,LYV,55.7,53.5,65.0,42.1
2025-10-01,LYV,56.5,53.5,65.0,42.1
2025-11-01,LYV,72.3,53.5,65.0,42.1
2025-12-01,LYV,60.0,53.5,65.0,42.1
2026-01-01,LYV,53.0,53.5,65.0,42.1
2026-02-01,LYV,61.4,53.5,65.0,42.1
2026-03-01,LYV,69.9,53.5,65.0,42.1
2026-04-01,LYV,57.9,53.5,65.0,42.1
2026-05-01,LYV,55.7,53.5,65.0,42.1
2026-06-01,LYV,58.6,53.5,65.0,42.1
2026-07-01,LYV,45.8,53.5,65.0,42.1
2026-08-01,LYV,37.7,53.5,65.0,42.1
2026-09-01,LYV,21.3,53.5,65.0,42.1
2025-07-01,MA,56.4,65.7,80.1,51.3
2025-08-01,MA,53.6,65.7,80.1,51.3
2025-09-01,MA,56.6,65.7,80.1,51.3
2025-10-01,MA,63.2,65.7,80.1,51.3
2025-11-01,MA,51.7,65.7,80.1,51.3
2025-12-01,MA,56.7,65.7,80.1,51.3
2026-01-01,MA,86.9,65.7,80.1,51.3
2026-02-01,MA,79.0,65.7,80.1,51.3
2026-03-01,MA,75.1,65.7,80.1,51.3
2026-04-01,MA,70.8,65.7,80.1,51.3
2026-05-01,MA,73.1,65.7,80.1,51.3
2026-06-01,MA,92.0,65.7,80.1,51.3
2026-07-01,MA,69.4,65.7,80.1,51.3
2026-08-01,MA,60.5,65.7,80.1,51.3
2026-09-01,MA,25.1,65.7,80.1,51.3
2025-07-01,MAA,20.5,19.9,23.0,16.8
2025-08-01,MAA,18.1,19.9,23.0,16.8
2025-09-01,MAA,16.2,19.9,23.0,16.8
2025-10-01,MAA,22.6,19.9,23.0,16.8
2025-11-01,MAA,19.7,19.9,23.0,16.8
2025-12-01,MAA,22.6,19.9,23.0,16.8
2026-01-01,MAA,18.7,19.9,23.0,16.8
2026-02-01,MAA,21.0,19.9,23.0,16.8
2026-03-01,MAA,20.5,19.9,23.0,16.8
2026-04-01,MAA,20.6,19.9,23.0,16.8
2026-05-01,MAA,17.2,19.9,23.0,16.8
2026-06-01,MAA,23.1,19.9,23.0,16.8
2026-07-01,MAA,25.4,19.9,23.0,16.8
2026-08-01,MAA,17.1,19.9,23.0,16.8
2026-09-01,MAA,10.9,19.9,23.0,16.8
2025-07-01,MAR,29.0,31.4,35.4,27.4
2025-08-01,MAR,28.4,31.4,35.4,27.4
2025-09-01,MAR,29.1,31.4,35.4,27.4
2025-10-01,MAR,33.4,31.4,35.4,27.4
2025-11-01,MAR,32.1,31.4,35.4,27.4
2025-12-01,MAR,34.3,31.4,35.4,27.4
2026-01-01,MAR,30.2,31.4,35.4,27.4
2026-02-01,MAR,36.2,31.4,35.4,27.4
2026-03-01,MAR,35.5,31.4,35.4,27.4
2026-04-01,MAR,29.5,31.4,35.4,27.4
2026-05-01,MAR,28.3,31.4,35.4,27.4
2026-06-01,MAR,34.1,31.4,35.4,27.4
2026-07-01,MAR,30.9,31.4,35.4,27.4
2026-08-01,MAR,36.4,31.4,35.4,27.4
2026-09-01,MAR,17.4,31.4,35.4,27.4
2025-07-01,MAS,50.0,51.6,60.6,42.6
2025-08-01,MAS,47.6,51.6,60.6,42.6
2025-09-01,MAS,49.6,51.6,60.6,42.6
2025-10-01,MAS,46.9,51.6,60.6,42.6
2025-11-01,MAS,51.3,51.6,60.6,42.6
2025-12-01,MAS,52.6,51.6,60.6,42.6
2026-01-01,MAS,45.2,51.6,60.6,42.6
2026-02-01,MAS,60.2,51.6,60.6,42.6
2026-03-01,MAS,56.6,51.6,60.6,42.6
2026-04-01,MAS,71.3,51.6,60.6,42.6
2026-05-01,MAS,54.2,51.6,60.6,42.6
2026-06-01,MAS,50.8,51.6,60.6,42.6
2026-07-01,MAS,60.2,51.6,60.6,42.6
2026-08-01,MAS,41.4,51.6,60.6,42.6
2026-09-01,MAS,24.4,51.6,60.6,42.6
2025-07-01,MCD,77.2,75.2,89.1,61.3
2025-08-01,MCD,72.3,75.2,89.1,61.3
2025-09-01,MCD,65.2,75.2,89.1,61.3
2025-10-01,MCD,62.4,75.2,89.1,61.3
2025-11-01,MCD,63.0,75.2,89.1,61.3
2025-12-01,MCD,72.8,75.2,89.1,61.3
2026-01-01,MCD,62.8,75.2,89.1,61.3
2026-02-01,MCD,70.7,75.2,89.1,61.3
2026-03-01,MCD,71.0,75.2,89.1,61.3
2026-04-01,MCD,65.9,75.2,89.1,61.3
2026-05-01,MCD,87.3,75.2,89.1,61.3
2026-06-01,MCD,101.0,75.2,89.1,61.3
2026-07-01,MCD,98.6,75.2,89.1,61.3
2026-08-01,MCD,95.0,75.2,89.1,61.3
2026-09-01,MCD,50.8,75.2,89.1,61.3
2025-07-01,MCHI,51.3,62.1,82.0,42.1
2025-08-01,MCHI,53.5,62.1,82.0,42.1
2025-09-01,MCHI,66.4,62.1,82.0,42.1
2025-10-01,MCHI,77.9,62.1,82.0,42.1
2025-11-01,MCHI,44.0,62.1,82.0,42.1
2025-12-01,MCHI,52.1,62.1,82.0,42.1
2026-01-01,MCHI,62.5,62.1,82.0,42.1
2026-02-01,MCHI,65.3,62.1,82.0,42.1
2026-03-01,MCHI,118.1,62.1,82.0,42.1
2026-04-01,MCHI,54.9,62.1,82.0,42.1
2026-05-01,MCHI,60.7,62.1,82.0,42.1
2026-06-01,MCHI,72.0,62.1,82.0,42.1
2026-07-01,MCHI,66.3,62.1,82.0,42.1
2026-08-01,MCHI,44.3,62.1,82.0,42.1
2026-09-01,MCHI,17.9,62.1,82.0,42.1
2025-07-01,MCHP,178.6,194.3,234.0,154.5
2025-08-01,MCHP,200.2,194.3,234.0,154.5
2025-09-01,MCHP,146.8,194.3,234.0,154.5
2025-10-01,MCHP,164.0,194.3,234.0,154.5
2025-11-01,MCHP,176.9,194.3,234.0,154.5
2025-12-01,MCHP,188.6,194.3,234.0,154.5
2026-01-01,MCHP,186.8,194.3,234.0,154.5
2026-02-01,MCHP,186.9,194.3,234.0,154.5
2026-03-01,MCHP,198.9,194.3,234.0,154.5
2026-04-01,MCHP,198.0,194.3,234.0,154.5
2026-05-01,MCHP,228.4,194.3,234.0,154.5
2026-06-01,MCHP,286.8,194.3,234.0,154.5
2026-07-01,MCHP,240.9,194.3,234.0,154.5
2026-08-01,MCHP,201.2,194.3,234.0,154.5
2026-09-01,MCHP,84.2,194.3,234.0,154.5
2025-07-01,MCK,13.2,17.7,22.5,12.9
2025-08-01,MCK,20.6,17.7,22.5,12.9
2025-09-01,MCK,15.7,17.7,22.5,12.9
2025-10-01,MCK,14.1,17.7,22.5,12.9
2025-11-01,MCK,14.8,17.7,22.5,12.9
2025-12-01,MCK,16.2,17.7,22.5,12.9
2026-01-01,MCK,11.7,17.7,22.5,12.9
2026-02-01,MCK,17.4,17.7,22.5,12.9
2026-03-01,MCK,17.3,17.7,22.5,12.9
2026-04-01,MCK,16.3,17.7,22.5,12.9
2026-05-01,MCK,29.8,17.7,22.5,12.9
2026-06-01,MCK,23.5,17.7,22.5,12.9
2026-07-01,MCK,20.7,17.7,22.5,12.9
2026-08-01,MCK,21.6,17.7,22.5,12.9
2026-09-01,MCK,9.5,17.7,22.5,12.9
2025-07-01,MCO,17.5,19.7,26.7,12.8
2025-08-01,MCO,12.8,19.7,26.7,12.8
2025-09-01,MCO,16.5,19.7,26.7,12.8
2025-10-01,MCO,22.1,19.7,26.7,12.8
2025-11-01,MCO,14.2,19.7,26.7,12.8
2025-12-01,MCO,17.1,19.7,26.7,12.8
2026-01-01,MCO,14.5,19.7,26.7,12.8
2026-02-01,MCO,38.0,19.7,26.7,12.8
2026-03-01,MCO,31.3,19.7,26.7,12.8
2026-04-01,MCO,21.8,19.7,26.7,12.8
2026-05-01,MCO,21.1,19.7,26.7,12.8
2026-06-01,MCO,22.9,19.7,26.7,12.8
2026-07-01,MCO,19.6,19.7,26.7,12.8
2026-08-01,MCO,14.6,19.7,26.7,12.8
2026-09-01,MCO,7.3,19.7,26.7,12.8
2025-07-01,MDLZ,177.8,187.1,228.3,145.9
2025-08-01,MDLZ,151.9,187.1,228.3,145.9
2025-09-01,MDLZ,157.1,187.1,228.3,145.9
2025-10-01,MDLZ,184.9,187.1,228.3,145.9
2025-11-01,MDLZ,172.9,187.1,228.3,145.9
2025-12-01,MDLZ,257.0,187.1,228.3,145.9
2026-01-01,MDLZ,231.7,187.1,228.3,145.9
2026-02-01,MDLZ,217.3,187.1,228.3,145.9
2026-03-01,MDLZ,240.7,187.1,228.3,145.9
2026-04-01,MDLZ,170.9,187.1,228.3,145.9
2026-05-01,MDLZ,142.0,187.1,228.3,145.9
2026-06-01,MDLZ,208.3,187.1,228.3,145.9
2026-07-01,MDLZ,213.7,187.1,228.3,145.9
2026-08-01,MDLZ,150.2,187.1,228.3,145.9
2026-09-01,MDLZ,79.2,187.1,228.3,145.9
2025-07-01,MDT,151.4,165.4,197.0,133.8
2025-08-01,MDT,155.5,165.4,197.0,133.8
2025-09-01,MDT,153.7,165.4,197.0,133.8
2025-10-01,MDT,145.3,165.4,197.0,133.8
2025-11-01,MDT,157.4,165.4,197.0,133.8
2025-12-01,MDT,127.1,165.4,197.0,133.8
2026-01-01,MDT,158.5,165.4,197.0,133.8
2026-02-01,MDT,176.5,165.4,197.0,133.8
2026-03-01,MDT,184.9,165.4,197.0,133.8
2026-04-01,MDT,181.8,165.4,197.0,133.8
2026-05-01,MDT,210.1,165.4,197.0,133.8
2026-06-01,MDT,244.0,165.4,197.0,133.8
2026-07-01,MDT,169.5,165.4,197.0,133.8
2026-08-01,MDT,143.7,165.4,197.0,133.8
2026-09-01,MDT,97.8,165.4,197.0,133.8
2025-07-01,MDY,14.6,17.4,24.3,10.6
2025-08-01,MDY,15.2,17.4,24.3,10.6
2025-09-01,MDY,14.9,17.4,24.3,10.6
2025-10-01,MDY,19.4,17.4,24.3,10.6
2025-11-01,MDY,20.8,17.4,24.3,10.6
2025-12-01,MDY,19.1,17.4,24.3,10.6
2026-01-01,MDY,19.8,17.4,24.3,10.6
2026-02-01,MDY,19.0,17.4,24.3,10.6
2026-03-01,MDY,38.5,17.4,24.3,10.6
2026-04-01,MDY,14.4,17.4,24.3,10.6
2026-05-01,MDY,11.2,17.4,24.3,10.6
2026-06-01,MDY,18.8,17.4,24.3,10.6
2026-07-01,MDY,13.3,17.4,24.3,10.6
2026-08-01,MDY,11.3,17.4,24.3,10.6
2026-09-01,MDY,5.9,17.4,24.3,10.6
2025-07-01,MET,61.2,72.7,84.4,61.1
2025-08-01,MET,69.9,72.7,84.4,61.1
2025-09-01,MET,78.2,72.7,84.4,61.1
2025-10-01,MET,66.4,72.7,84.4,61.1
2025-11-01,MET,76.3,72.7,84.4,61.1
2025-12-01,MET,73.3,72.7,84.4,61.1
2026-01-01,MET,70.4,72.7,84.4,61.1
2026-02-01,MET,85.6,72.7,84.4,61.1
2026-03-01,MET,89.6,72.7,84.4,61.1
2026-04-01,MET,69.0,72.7,84.4,61.1
2026-05-01,MET,68.7,72.7,84.4,61.1
2026-06-01,MET,83.9,72.7,84.4,61.1
2026-07-01,MET,83.5,72.7,84.4,61.1
2026-08-01,MET,67.0,72.7,84.4,61.1
2026-09-01,MET,31.2,72.7,84.4,61.1
2025-07-01,META,273.1,330.8,401.1,260.6
2025-08-01,META,224.5,330.8,401.1,260.6
2025-09-01,META,234.4,330.8,401.1,260.6
2025-10-01,META,411.8,330.8,401.1,260.6
2025-11-01,META,416.3,330.8,401.1,260.6
2025-12-01,META,335.3,330.8,401.1,260.6
2026-01-01,META,364.7,330.8,401.1,260.6
2026-02-01,META,255.2,330.8,401.1,260.6
2026-03-01,META,352.5,330.8,401.1,260.6
2026-04-01,META,339.3,330.8,401.1,260.6
2026-05-01,META,300.4,330.8,401.1,260.6
2026-06-01,META,397.2,330.8,401.1,260.6
2026-07-01,META,447.5,330.8,401.1,260.6
2026-08-01,META,333.9,330.8,401.1,260.6
2026-09-01,META,217.4,330.8,401.1,260.6
2025-07-01,MGM,109.0,90.0,114.3,65.8
2025-08-01,MGM,85.0,90.0,114.3,65.8
2025-09-01,MGM,100.0,90.0,114.3,65.8
2025-10-01,MGM,118.5,90.0,114.3,65.8
2025-11-01,MGM,94.1,90.0,114.3,65.8
2025-12-01,MGM,79.9,90.0,114.3,65.8
2026-01-01,MGM,92.4,90.0,114.3,65.8
2026-02-01,MGM,108.7,90.0,114.3,65.8
2026-03-01,MGM,108.6,90.0,114.3,65.8
2026-04-01,MGM,89.5,90.0,114.3,65.8
2026-05-01,MGM,103.2,90.0,114.3,65.8
2026-06-01,MGM,109.3,90.0,114.3,65.8
2026-07-01,MGM,54.7,90.0,114.3,65.8
2026-08-01,MGM,45.7,90.0,114.3,65.8
2026-09-01,MGM,23.5,90.0,114.3,65.8
2025-07-01,MKC,48.9,69.1,91.0,47.3
2025-08-01,MKC,49.0,69.1,91.0,47.3
2025-09-01,MKC,54.1,69.1,91.0,47.3
2025-10-01,MKC,65.9,69.1,91.0,47.3
2025-11-01,MKC,44.7,69.1,91.0,47.3
2025-12-01,MKC,57.6,69.1,91.0,47.3
2026-01-01,MKC,94.2,69.1,91.0,47.3
2026-02-01,MKC,66.9,69.1,91.0,47.3
2026-03-01,MKC,91.2,69.1,91.0,47.3
2026-04-01,MKC,99.5,69.1,91.0,47.3
2026-05-01,MKC,75.8,69.1,91.0,47.3
2026-06-01,MKC,110.9,69.1,91.0,47.3
2026-07-01,MKC,80.6,69.1,91.0,47.3
2026-08-01,MKC,50.1,69.1,91.0,47.3
2026-09-01,MKC,30.6,69.1,91.0,47.3
2025-07-01,MLM,7.6,10.0,12.1,7.9
2025-08-01,MLM,9.4,10.0,12.1,7.9
2025-09-01,MLM,7.6,10.0,12.1,7.9
2025-10-01,MLM,7.3,10.0,12.1,7.9
2025-11-01,MLM,8.7,10.0,12.1,7.9
2025-12-01,MLM,8.6,10.0,12.1,7.9
2026-01-01,MLM,8.3,10.0,12.1,7.9
2026-02-01,MLM,11.3,10.0,12.1,7.9
2026-03-01,MLM,13.3,10.0,12.1,7.9
2026-04-01,MLM,9.1,10.0,12.1,7.9
2026-05-01,MLM,11.2,10.0,12.1,7.9
2026-06-01,MLM,13.0,10.0,12.1,7.9
2026-07-01,MLM,13.6,10.0,12.1,7.9
2026-08-01,MLM,11.6,10.0,12.1,7.9
2026-09-01,MLM,9.1,10.0,12.1,7.9
2025-07-01,MMM,90.8,72.1,87.5,56.7
2025-08-01,MMM,63.4,72.1,87.5,56.7
2025-09-01,MMM,57.5,72.1,87.5,56.7
2025-10-01,MMM,74.6,72.1,87.5,56.7
2025-11-01,MMM,58.8,72.1,87.5,56.7
2025-12-01,MMM,52.1,72.1,87.5,56.7
2026-01-01,MMM,85.4,72.1,87.5,56.7
2026-02-01,MMM,78.3,72.1,87.5,56.7
2026-03-01,MMM,94.0,72.1,87.5,56.7
2026-04-01,MMM,75.8,72.1,87.5,56.7
2026-05-01,MMM,80.0,72.1,87.5,56.7
2026-06-01,MMM,84.8,72.1,87.5,56.7
2026-07-01,MMM,80.8,72.1,87.5,56.7
2026-08-01,MMM,55.1,72.1,87.5,56.7
2026-09-01,MMM,32.4,72.1,87.5,56.7
2025-07-01,MNST,231.7,231.8,267.5,196.2
2025-08-01,MNST,279.1,231.8,267.5,196.2
2025-09-01,MNST,217.2,231.8,267.5,196.2
2025-10-01,MNST,231.8,231.8,267.5,196.2
2025-11-01,MNST,236.3,231.8,267.5,196.2
2025-12-01,MNST,221.0,231.8,267.5,196.2
2026-01-01,MNST,220.6,231.8,267.5,196.2
2026-02-01,MNST,281.5,231.8,267.5,196.2
2026-03-01,MNST,259.7,231.8,267.5,196.2
2026-04-01,MNST,183.9,231.8,267.5,196.2
2026-05-01,MNST,233.0,231.8,267.5,196.2
2026-06-01,MNST,258.2,231.8,267.5,196.2
2026-07-01,MNST,244.6,231.8,267.5,196.2
2026-08-01,MNST,224.5,231.8,267.5,196.2
2026-09-01,MNST,102.7,231.8,267.5,196.2
2025-07-01,MO,211.7,185.6,214.6,156.6
2025-08-01,MO,156.2,185.6,214.6,156.6
2025-09-01,MO,174.7,185.6,214.6,156.6
2025-10-01,MO,197.4,185.6,214.6,156.6
2025-11-01,MO,159.5,185.6,214.6,156.6
2025-12-01,MO,198.6,185.6,214.6,156.6
2026-01-01,MO,229.1,185.6,214.6,156.6
2026-02-01,MO,175.8,185.6,214.6,156.6
2026-03-01,MO,226.4,185.6,214.6,156.6
2026-04-01,MO,192.1,185.6,214.6,156.6
2026-05-01,MO,176.4,185.6,214.6,156.6
2026-06-01,MO,181.5,185.6,214.6,156.6
2026-07-01,MO,170.4,185.6,214.6,156.6
2026-08-01,MO,198.2,185.6,214.6,156.6
2026-09-01,MO,88.5,185.6,214.6,156.6
2025-07-01,MOS,94.7,153.6,203.8,103.5
2025-08-01,MOS,112.2,153.6,203.8,103.5
2025-09-01,MOS,88.7,153.6,203.8,103.5
2025-10-01,MOS,119.5,153.6,203.8,103.5
2025-11-01,MOS,146.3,153.6,203.8,103.5
2025-12-01,MOS,160.9,153.6,203.8,103.5
2026-01-01,MOS,150.7,153.6,203.8,103.5
2026-02-01,MOS,121.2,153.6,203.8,103.5
2026-03-01,MOS,281.8,153.6,203.8,103.5
2026-04-01,MOS,178.3,153.6,203.8,103.5
2026-05-01,MOS,177.0,153.6,203.8,103.5
2026-06-01,MOS,216.7,153.6,203.8,103.5
2026-07-01,MOS,165.5,153.6,203.8,103.5
2026-08-01,MOS,167.5,153.6,203.8,103.5
2026-09-01,MOS,95.0,153.6,203.8,103.5
2025-07-01,MP,481.0,204.6,327.2,82.1
2025-08-01,MP,264.3,204.6,327.2,82.1
2025-09-01,MP,259.2,204.6,327.2,82.1
2025-10-01,MP,454.8,204.6,327.2,82.1
2025-11-01,MP,224.4,204.6,327.2,82.1
2025-12-01,MP,132.5,204.6,327.2,82.1
2026-01-01,MP,216.0,204.6,327.2,82.1
2026-02-01,MP,115.7,204.6,327.2,82.1
2026-03-01,MP,128.5,204.6,327.2,82.1
2026-04-01,MP,113.3,204.6,327.2,82.1
2026-05-01,MP,144.0,204.6,327.2,82.1
2026-06-01,MP,118.0,204.6,327.2,82.1
2026-07-01,MP,120.2,204.6,327.2,82.1
2026-08-01,MP,146.1,204.6,327.2,82.1
2026-09-01,MP,51.1,204.6,327.2,82.1
2025-07-01,MPC,44.1,46.4,55.3,37.5
2025-08-01,MPC,38.6,46.4,55.3,37.5
2025-09-01,MPC,41.7,46.4,55.3,37.5
2025-10-01,MPC,35.9,46.4,55.3,37.5
2025-11-01,MPC,42.4,46.4,55.3,37.5
2025-12-01,MPC,50.3,46.4,55.3,37.5
2026-01-01,MPC,45.5,46.4,55.3,37.5
2026-02-01,MPC,46.0,46.4,55.3,37.5
2026-03-01,MPC,69.6,46.4,55.3,37.5
2026-04-01,MPC,45.3,46.4,55.3,37.5
2026-05-01,MPC,48.4,46.4,55.3,37.5
2026-06-01,MPC,54.0,46.4,55.3,37.5
2026-07-01,MPC,44.2,46.4,55.3,37.5
2026-08-01,MPC,54.0,46.4,55.3,37.5
2026-09-01,MPC,26.9,46.4,55.3,37.5
2025-07-01,MPWR,11.7,14.1,17.9,10.2
2025-08-01,MPWR,13.2,14.1,17.9,10.2
2025-09-01,MPWR,10.3,14.1,17.9,10.2
2025-10-01,MPWR,14.6,14.1,17.9,10.2
2025-11-01,MPWR,13.4,14.1,17.9,10.2
2025-12-01,MPWR,16.0,14.1,17.9,10.2
2026-01-01,MPWR,11.5,14.1,17.9,10.2
2026-02-01,MPWR,13.0,14.1,17.9,10.2
2026-03-01,MPWR,12.2,14.1,17.9,10.2
2026-04-01,MPWR,12.4,14.1,17.9,10.2
2026-05-01,MPWR,13.7,14.1,17.9,10.2
2026-06-01,MPWR,23.5,14.1,17.9,10.2
2026-07-01,MPWR,21.5,14.1,17.9,10.2
2026-08-01,MPWR,13.6,14.1,17.9,10.2
2026-09-01,MPWR,6.8,14.1,17.9,10.2
2025-07-01,MRK,295.9,241.4,290.4,192.3
2025-08-01,MRK,230.6,241.4,290.4,192.3
2025-09-01,MRK,273.2,241.4,290.4,192.3
2025-10-01,MRK,262.4,241.4,290.4,192.3
2025-11-01,MRK,290.9,241.4,290.4,192.3
2025-12-01,MRK,309.0,241.4,290.4,192.3
2026-01-01,MRK,252.5,241.4,290.4,192.3
2026-02-01,MRK,258.5,241.4,290.4,192.3
2026-03-01,MRK,226.8,241.4,290.4,192.3
2026-04-01,MRK,196.0,241.4,290.4,192.3
2026-05-01,MRK,178.0,241.4,290.4,192.3
2026-06-01,MRK,266.1,241.4,290.4,192.3
2026-07-01,MRK,190.1,241.4,290.4,192.3
2026-08-01,MRK,235.6,241.4,290.4,192.3
2026-09-01,MRK,88.6,241.4,290.4,192.3
2025-07-01,MRNA,200.7,228.2,345.4,111.0
2025-08-01,MRNA,197.0,228.2,345.4,111.0
2025-09-01,MRNA,260.6,228.2,345.4,111.0
2025-10-01,MRNA,251.7,228.2,345.4,111.0
2025-11-01,MRNA,201.2,228.2,345.4,111.0
2025-12-01,MRNA,223.9,228.2,345.4,111.0
2026-01-01,MRNA,295.0,228.2,345.4,111.0
2026-02-01,MRNA,196.5,228.2,345.4,111.0
2026-03-01,MRNA,190.3,228.2,345.4,111.0
2026-04-01,MRNA,116.3,228.2,345.4,111.0
2026-05-01,MRNA,158.4,228.2,345.4,111.0
2026-06-01,MRNA,180.1,228.2,345.4,111.0
2026-07-01,MRNA,146.9,228.2,345.4,111.0
2026-08-01,MRNA,625.6,228.2,345.4,111.0
2026-09-01,MRNA,141.1,228.2,345.4,111.0
2025-07-01,MRSH,59.8,56.4,67.2,45.5
2025-08-01,MRSH,45.6,56.4,67.2,45.5
2025-09-01,MRSH,48.4,56.4,67.2,45.5
2025-10-01,MRSH,72.8,56.4,67.2,45.5
2025-11-01,MRSH,52.5,56.4,67.2,45.5
2025-12-01,MRSH,57.2,56.4,67.2,45.5
2026-01-01,MRSH,55.5,56.4,67.2,45.5
2026-02-01,MRSH,67.0,56.4,67.2,45.5
2026-03-01,MRSH,70.8,56.4,67.2,45.5
2026-04-01,MRSH,59.6,56.4,67.2,45.5
2026-05-01,MRSH,57.7,56.4,67.2,45.5
2026-06-01,MRSH,58.3,56.4,67.2,45.5
2026-07-01,MRSH,60.2,56.4,67.2,45.5
2026-08-01,MRSH,40.1,56.4,67.2,45.5
2026-09-01,MRSH,24.2,56.4,67.2,45.5
2025-07-01,MRVL,390.4,509.4,796.0,222.8
2025-08-01,MRVL,393.0,509.4,796.0,222.8
2025-09-01,MRVL,543.0,509.4,796.0,222.8
2025-10-01,MRVL,393.5,509.4,796.0,222.8
2025-11-01,MRVL,318.7,509.4,796.0,222.8
2025-12-01,MRVL,411.5,509.4,796.0,222.8
2026-01-01,MRVL,291.6,509.4,796.0,222.8
2026-02-01,MRVL,251.0,509.4,796.0,222.8
2026-03-01,MRVL,541.5,509.4,796.0,222.8
2026-04-01,MRVL,623.4,509.4,796.0,222.8
2026-05-01,MRVL,555.0,509.4,796.0,222.8
2026-06-01,MRVL,1472.4,509.4,796.0,222.8
2026-07-01,MRVL,567.4,509.4,796.0,222.8
2026-08-01,MRVL,520.2,509.4,796.0,222.8
2026-09-01,MRVL,203.7,509.4,796.0,222.8
2025-07-01,MS,123.7,121.2,145.8,96.6
2025-08-01,MS,93.5,121.2,145.8,96.6
2025-09-01,MS,118.1,121.2,145.8,96.6
2025-10-01,MS,133.1,121.2,145.8,96.6
2025-11-01,MS,107.1,121.2,145.8,96.6
2025-12-01,MS,112.7,121.2,145.8,96.6
2026-01-01,MS,141.5,121.2,145.8,96.6
2026-02-01,MS,157.6,121.2,145.8,96.6
2026-03-01,MS,163.5,121.2,145.8,96.6
2026-04-01,MS,122.0,121.2,145.8,96.6
2026-05-01,MS,110.7,121.2,145.8,96.6
2026-06-01,MS,136.7,121.2,145.8,96.6
2026-07-01,MS,126.9,121.2,145.8,96.6
2026-08-01,MS,88.7,121.2,145.8,96.6
2026-09-01,MS,52.5,121.2,145.8,96.6
2025-07-01,MSCI,19.1,13.7,16.7,10.8
2025-08-01,MSCI,12.8,13.7,16.7,10.8
2025-09-01,MSCI,16.2,13.7,16.7,10.8
2025-10-01,MSCI,14.1,13.7,16.7,10.8
2025-11-01,MSCI,11.2,13.7,16.7,10.8
2025-12-01,MSCI,14.9,13.7,16.7,10.8
2026-01-01,MSCI,9.3,13.7,16.7,10.8
2026-02-01,MSCI,17.0,13.7,16.7,10.8
2026-03-01,MSCI,12.1,13.7,16.7,10.8
2026-04-01,MSCI,12.3,13.7,16.7,10.8
2026-05-01,MSCI,13.4,13.7,16.7,10.8
2026-06-01,MSCI,15.4,13.7,16.7,10.8
2026-07-01,MSCI,16.2,13.7,16.7,10.8
2026-08-01,MSCI,12.5,13.7,16.7,10.8
2026-09-01,MSCI,5.5,13.7,16.7,10.8
2025-07-01,MSFT,396.9,609.6,802.5,416.7
2025-08-01,MSFT,454.9,609.6,802.5,416.7
2025-09-01,MSFT,424.0,609.6,802.5,416.7
2025-10-01,MSFT,468.5,609.6,802.5,416.7
2025-11-01,MSFT,479.5,609.6,802.5,416.7
2025-12-01,MSFT,496.6,609.6,802.5,416.7
2026-01-01,MSFT,684.1,609.6,802.5,416.7
2026-02-01,MSFT,800.3,609.6,802.5,416.7
2026-03-01,MSFT,745.3,609.6,802.5,416.7
2026-04-01,MSFT,716.5,609.6,802.5,416.7
2026-05-01,MSFT,699.0,609.6,802.5,416.7
2026-06-01,MSFT,1018.0,609.6,802.5,416.7
2026-07-01,MSFT,815.2,609.6,802.5,416.7
2026-08-01,MSFT,597.2,609.6,802.5,416.7
2026-09-01,MSFT,198.5,609.6,802.5,416.7
2025-07-01,MSI,17.5,22.4,28.0,16.9
2025-08-01,MSI,22.6,22.4,28.0,16.9
2025-09-01,MSI,18.4,22.4,28.0,16.9
2025-10-01,MSI,17.5,22.4,28.0,16.9
2025-11-01,MSI,31.3,22.4,28.0,16.9
2025-12-01,MSI,34.6,22.4,28.0,16.9
2026-01-01,MSI,23.0,22.4,28.0,16.9
2026-02-01,MSI,24.0,22.4,28.0,16.9
2026-03-01,MSI,24.4,22.4,28.0,16.9
2026-04-01,MSI,17.3,22.4,28.0,16.9
2026-05-01,MSI,27.3,22.4,28.0,16.9
2026-06-01,MSI,24.5,22.4,28.0,16.9
2026-07-01,MSI,18.8,22.4,28.0,16.9
2026-08-01,MSI,21.2,22.4,28.0,16.9
2026-09-01,MSI,10.8,22.4,28.0,16.9
2025-07-01,MTB,25.1,22.8,27.3,18.2
2025-08-01,MTB,18.4,22.8,27.3,18.2
2025-09-01,MTB,21.9,22.8,27.3,18.2
2025-10-01,MTB,31.6,22.8,27.3,18.2
2025-11-01,MTB,16.7,22.8,27.3,18.2
2025-12-01,MTB,20.5,22.8,27.3,18.2
2026-01-01,MTB,25.0,22.8,27.3,18.2
2026-02-01,MTB,25.9,22.8,27.3,18.2
2026-03-01,MTB,28.1,22.8,27.3,18.2
2026-04-01,MTB,20.9,22.8,27.3,18.2
2026-05-01,MTB,18.9,22.8,27.3,18.2
2026-06-01,MTB,25.2,22.8,27.3,18.2
2026-07-01,MTB,25.7,22.8,27.3,18.2
2026-08-01,MTB,19.3,22.8,27.3,18.2
2026-09-01,MTB,12.0,22.8,27.3,18.2
2025-07-01,MTD,3.4,3.4,4.1,2.6
2025-08-01,MTD,3.1,3.4,4.1,2.6
2025-09-01,MTD,2.8,3.4,4.1,2.6
2025-10-01,MTD,3.4,3.4,4.1,2.6
2025-11-01,MTD,3.0,3.4,4.1,2.6
2025-12-01,MTD,2.9,3.4,4.1,2.6
2026-01-01,MTD,2.7,3.4,4.1,2.6
2026-02-01,MTD,2.9,3.4,4.1,2.6
2026-03-01,MTD,4.1,3.4,4.1,2.6
2026-04-01,MTD,2.8,3.4,4.1,2.6
2026-05-01,MTD,4.7,3.4,4.1,2.6
2026-06-01,MTD,4.9,3.4,4.1,2.6
2026-07-01,MTD,3.8,3.4,4.1,2.6
2026-08-01,MTD,3.6,3.4,4.1,2.6
2026-09-01,MTD,2.0,3.4,4.1,2.6
2025-07-01,MTUM,20.7,21.5,30.3,12.6
2025-08-01,MTUM,16.7,21.5,30.3,12.6
2025-09-01,MTUM,17.4,21.5,30.3,12.6
2025-10-01,MTUM,17.5,21.5,30.3,12.6
2025-11-01,MTUM,22.5,21.5,30.3,12.6
2025-12-01,MTUM,13.2,21.5,30.3,12.6
2026-01-01,MTUM,15.2,21.5,30.3,12.6
2026-02-01,MTUM,15.3,21.5,30.3,12.6
2026-03-01,MTUM,21.2,21.5,30.3,12.6
2026-04-01,MTUM,15.7,21.5,30.3,12.6
2026-05-01,MTUM,28.1,21.5,30.3,12.6
2026-06-01,MTUM,33.9,21.5,30.3,12.6
2026-07-01,MTUM,45.3,21.5,30.3,12.6
2026-08-01,MTUM,24.9,21.5,30.3,12.6
2026-09-01,MTUM,8.4,21.5,30.3,12.6
2025-07-01,MU,485.9,726.0,990.7,461.4
2025-08-01,MU,378.7,726.0,990.7,461.4
2025-09-01,MU,576.1,726.0,990.7,461.4
2025-10-01,MU,551.2,726.0,990.7,461.4
2025-11-01,MU,537.1,726.0,990.7,461.4
2025-12-01,MU,579.4,726.0,990.7,461.4
2026-01-01,MU,749.9,726.0,990.7,461.4
2026-02-01,MU,671.7,726.0,990.7,461.4
2026-03-01,MU,1023.3,726.0,990.7,461.4
2026-04-01,MU,871.4,726.0,990.7,461.4
2026-05-01,MU,1117.3,726.0,990.7,461.4
2026-06-01,MU,1206.0,726.0,990.7,461.4
2026-07-01,MU,1045.5,726.0,990.7,461.4
2026-08-01,MU,630.7,726.0,990.7,461.4
2026-09-01,MU,274.8,726.0,990.7,461.4
2025-07-01,MUB,126.2,87.0,105.8,68.3
2025-08-01,MUB,96.7,87.0,105.8,68.3
2025-09-01,MUB,103.1,87.0,105.8,68.3
2025-10-01,MUB,78.3,87.0,105.8,68.3
2025-11-01,MUB,82.5,87.0,105.8,68.3
2025-12-01,MUB,72.5,87.0,105.8,68.3
2026-01-01,MUB,86.1,87.0,105.8,68.3
2026-02-01,MUB,57.8,87.0,105.8,68.3
2026-03-01,MUB,99.0,87.0,105.8,68.3
2026-04-01,MUB,71.6,87.0,105.8,68.3
2026-05-01,MUB,68.6,87.0,105.8,68.3
2026-06-01,MUB,69.6,87.0,105.8,68.3
2026-07-01,MUB,89.9,87.0,105.8,68.3
2026-08-01,MUB,87.5,87.0,105.8,68.3
2026-09-01,MUB,129.3,87.0,105.8,68.3
2025-07-01,NCLH,338.0,372.9,458.8,287.1
2025-08-01,NCLH,276.9,372.9,458.8,287.1
2025-09-01,NCLH,346.3,372.9,458.8,287.1
2025-10-01,NCLH,311.5,372.9,458.8,287.1
2025-11-01,NCLH,373.2,372.9,458.8,287.1
2025-12-01,NCLH,359.0,372.9,458.8,287.1
2026-01-01,NCLH,377.9,372.9,458.8,287.1
2026-02-01,NCLH,446.9,372.9,458.8,287.1
2026-03-01,NCLH,526.8,372.9,458.8,287.1
2026-04-01,NCLH,415.5,372.9,458.8,287.1
2026-05-01,NCLH,540.3,372.9,458.8,287.1
2026-06-01,NCLH,424.5,372.9,458.8,287.1
2026-07-01,NCLH,323.2,372.9,458.8,287.1
2026-08-01,NCLH,288.4,372.9,458.8,287.1
2026-09-01,NCLH,182.1,372.9,458.8,287.1
2025-07-01,NDAQ,76.7,74.9,96.2,53.5
2025-08-01,NDAQ,53.6,74.9,96.2,53.5
2025-09-01,NDAQ,90.3,74.9,96.2,53.5
2025-10-01,NDAQ,72.8,74.9,96.2,53.5
2025-11-01,NDAQ,45.9,74.9,96.2,53.5
2025-12-01,NDAQ,83.8,74.9,96.2,53.5
2026-01-01,NDAQ,69.4,74.9,96.2,53.5
2026-02-01,NDAQ,128.5,74.9,96.2,53.5
2026-03-01,NDAQ,73.3,74.9,96.2,53.5
2026-04-01,NDAQ,68.4,74.9,96.2,53.5
2026-05-01,NDAQ,62.4,74.9,96.2,53.5
2026-06-01,NDAQ,100.3,74.9,96.2,53.5
2026-07-01,NDAQ,90.8,74.9,96.2,53.5
2026-08-01,NDAQ,56.4,74.9,96.2,53.5
2026-09-01,NDAQ,32.6,74.9,96.2,53.5
2025-07-01,NDSN,6.9,7.8,9.6,6.0
2025-08-01,NDSN,8.3,7.8,9.6,6.0
2025-09-01,NDSN,6.0,7.8,9.6,6.0
2025-10-01,NDSN,6.4,7.8,9.6,6.0
2025-11-01,NDSN,5.8,7.8,9.6,6.0
2025-12-01,NDSN,12.2,7.8,9.6,6.0
2026-01-01,NDSN,8.4,7.8,9.6,6.0
2026-02-01,NDSN,9.4,7.8,9.6,6.0
2026-03-01,NDSN,7.2,7.8,9.6,6.0
2026-04-01,NDSN,7.0,7.8,9.6,6.0
2026-05-01,NDSN,8.4,7.8,9.6,6.0
2026-06-01,NDSN,9.2,7.8,9.6,6.0
2026-07-01,NDSN,7.6,7.8,9.6,6.0
2026-08-01,NDSN,8.8,7.8,9.6,6.0
2026-09-01,NDSN,3.8,7.8,9.6,6.0
2025-07-01,NEE,231.2,212.1,240.9,183.3
2025-08-01,NEE,195.7,212.1,240.9,183.3
2025-09-01,NEE,209.3,212.1,240.9,183.3
2025-10-01,NEE,239.0,212.1,240.9,183.3
2025-11-01,NEE,179.5,212.1,240.9,183.3
2025-12-01,NEE,210.5,212.1,240.9,183.3
2026-01-01,NEE,196.5,212.1,240.9,183.3
2026-02-01,NEE,198.3,212.1,240.9,183.3
2026-03-01,NEE,214.4,212.1,240.9,183.3
2026-04-01,NEE,184.0,212.1,240.9,183.3
2026-05-01,NEE,248.7,212.1,240.9,183.3
2026-06-01,NEE,252.7,212.1,240.9,183.3
2026-07-01,NEE,231.5,212.1,240.9,183.3
2026-08-01,NEE,223.6,212.1,240.9,183.3
2026-09-01,NEE,118.5,212.1,240.9,183.3
2025-07-01,NEM,275.3,201.4,253.7,149.0
2025-08-01,NEM,177.1,201.4,253.7,149.0
2025-09-01,NEM,263.4,201.4,253.7,149.0
2025-10-01,NEM,287.4,201.4,253.7,149.0
2025-11-01,NEM,177.4,201.4,253.7,149.0
2025-12-01,NEM,192.5,201.4,253.7,149.0
2026-01-01,NEM,206.4,201.4,253.7,149.0
2026-02-01,NEM,184.8,201.4,253.7,149.0
2026-03-01,NEM,267.8,201.4,253.7,149.0
2026-04-01,NEM,168.6,201.4,253.7,149.0
2026-05-01,NEM,141.9,201.4,253.7,149.0
2026-06-01,NEM,194.4,201.4,253.7,149.0
2026-07-01,NEM,161.7,201.4,253.7,149.0
2026-08-01,NEM,173.6,201.4,253.7,149.0
2026-09-01,NEM,75.3,201.4,253.7,149.0
2025-07-01,NFLX,866.7,844.7,1053.1,636.2
2025-08-01,NFLX,578.2,844.7,1053.1,636.2
2025-09-01,NFLX,620.0,844.7,1053.1,636.2
2025-10-01,NFLX,1021.0,844.7,1053.1,636.2
2025-11-01,NFLX,726.0,844.7,1053.1,636.2
2025-12-01,NFLX,1021.7,844.7,1053.1,636.2
2026-01-01,NFLX,1048.0,844.7,1053.1,636.2
2026-02-01,NFLX,1039.2,844.7,1053.1,636.2
2026-03-01,NFLX,948.6,844.7,1053.1,636.2
2026-04-01,NFLX,875.4,844.7,1053.1,636.2
2026-05-01,NFLX,665.2,844.7,1053.1,636.2
2026-06-01,NFLX,1004.1,844.7,1053.1,636.2
2026-07-01,NFLX,1080.8,844.7,1053.1,636.2
2026-08-01,NFLX,613.0,844.7,1053.1,636.2
2026-09-01,NFLX,290.7,844.7,1053.1,636.2
2025-07-01,NI,89.4,90.1,108.1,72.0
2025-08-01,NI,78.3,90.1,108.1,72.0
2025-09-01,NI,112.3,90.1,108.1,72.0
2025-10-01,NI,103.5,90.1,108.1,72.0
2025-11-01,NI,69.7,90.1,108.1,72.0
2025-12-01,NI,68.5,90.1,108.1,72.0
2026-01-01,NI,76.7,90.1,108.1,72.0
2026-02-01,NI,93.1,90.1,108.1,72.0
2026-03-01,NI,77.6,90.1,108.1,72.0
2026-04-01,NI,98.3,90.1,108.1,72.0
2026-05-01,NI,90.7,90.1,108.1,72.0
2026-06-01,NI,92.1,90.1,108.1,72.0
2026-07-01,NI,99.5,90.1,108.1,72.0
2026-08-01,NI,131.1,90.1,108.1,72.0
2026-09-01,NI,51.8,90.1,108.1,72.0
2025-07-01,NKE,323.8,395.9,515.4,276.4
2025-08-01,NKE,189.0,395.9,515.4,276.4
2025-09-01,NKE,302.9,395.9,515.4,276.4
2025-10-01,NKE,352.3,395.9,515.4,276.4
2025-11-01,NKE,289.9,395.9,515.4,276.4
2025-12-01,NKE,504.7,395.9,515.4,276.4
2026-01-01,NKE,323.2,395.9,515.4,276.4
2026-02-01,NKE,286.6,395.9,515.4,276.4
2026-03-01,NKE,367.4,395.9,515.4,276.4
2026-04-01,NKE,605.3,395.9,515.4,276.4
2026-05-01,NKE,436.9,395.9,515.4,276.4
2026-06-01,NKE,541.9,395.9,515.4,276.4
2026-07-01,NKE,473.5,395.9,515.4,276.4
2026-08-01,NKE,573.8,395.9,515.4,276.4
2026-09-01,NKE,306.8,395.9,515.4,276.4
2025-07-01,NOC,17.4,17.2,20.8,13.6
2025-08-01,NOC,15.0,17.2,20.8,13.6
2025-09-01,NOC,15.9,17.2,20.8,13.6
2025-10-01,NOC,17.7,17.2,20.8,13.6
2025-11-01,NOC,13.8,17.2,20.8,13.6
2025-12-01,NOC,13.9,17.2,20.8,13.6
2026-01-01,NOC,23.8,17.2,20.8,13.6
2026-02-01,NOC,17.4,17.2,20.8,13.6
2026-03-01,NOC,18.7,17.2,20.8,13.6
2026-04-01,NOC,17.2,17.2,20.8,13.6
2026-05-01,NOC,16.4,17.2,20.8,13.6
2026-06-01,NOC,23.3,17.2,20.8,13.6
2026-07-01,NOC,21.5,17.2,20.8,13.6
2026-08-01,NOC,13.6,17.2,20.8,13.6
2026-09-01,NOC,8.7,17.2,20.8,13.6
2025-07-01,NORW,0.3,1.2,3.0,-0.5
2025-08-01,NORW,0.2,1.2,3.0,-0.5
2025-09-01,NORW,0.2,1.2,3.0,-0.5
2025-10-01,NORW,0.2,1.2,3.0,-0.5
2025-11-01,NORW,0.2,1.2,3.0,-0.5
2025-12-01,NORW,0.1,1.2,3.0,-0.5
2026-01-01,NORW,0.3,1.2,3.0,-0.5
2026-02-01,NORW,0.4,1.2,3.0,-0.5
2026-03-01,NORW,6.3,1.2,3.0,-0.5
2026-04-01,NORW,3.7,1.2,3.0,-0.5
2026-05-01,NORW,1.6,1.2,3.0,-0.5
2026-06-01,NORW,2.4,1.2,3.0,-0.5
2026-07-01,NORW,0.9,1.2,3.0,-0.5
2026-08-01,NORW,0.7,1.2,3.0,-0.5
2026-09-01,NORW,0.3,1.2,3.0,-0.5
2025-07-01,NOV,92.6,85.9,103.4,68.4
2025-08-01,NOV,67.4,85.9,103.4,68.4
2025-09-01,NOV,78.7,85.9,103.4,68.4
2025-10-01,NOV,98.8,85.9,103.4,68.4
2025-11-01,NOV,84.0,85.9,103.4,68.4
2025-12-01,NOV,75.7,85.9,103.4,68.4
2026-01-01,NOV,93.9,85.9,103.4,68.4
2026-02-01,NOV,99.0,85.9,103.4,68.4
2026-03-01,NOV,113.1,85.9,103.4,68.4
2026-04-01,NOV,105.0,85.9,103.4,68.4
2026-05-01,NOV,83.1,85.9,103.4,68.4
2026-06-01,NOV,96.2,85.9,103.4,68.4
2026-07-01,NOV,79.9,85.9,103.4,68.4
2026-08-01,NOV,67.1,85.9,103.4,68.4
2026-09-01,NOV,29.1,85.9,103.4,68.4
2025-07-01,NOW,169.9,342.4,520.8,164.0
2025-08-01,NOW,200.8,342.4,520.8,164.0
2025-09-01,NOW,147.6,342.4,520.8,164.0
2025-10-01,NOW,154.6,342.4,520.8,164.0
2025-11-01,NOW,147.5,342.4,520.8,164.0
2025-12-01,NOW,209.3,342.4,520.8,164.0
2026-01-01,NOW,323.8,342.4,520.8,164.0
2026-02-01,NOW,460.5,342.4,520.8,164.0
2026-03-01,NOW,368.3,342.4,520.8,164.0
2026-04-01,NOW,591.1,342.4,520.8,164.0
2026-05-01,NOW,615.9,342.4,520.8,164.0
2026-06-01,NOW,613.0,342.4,520.8,164.0
2026-07-01,NOW,535.0,342.4,520.8,164.0
2026-08-01,NOW,391.0,342.4,520.8,164.0
2026-09-01,NOW,154.2,342.4,520.8,164.0
2025-07-01,NRG,59.3,52.4,63.6,41.3
2025-08-01,NRG,59.9,52.4,63.6,41.3
2025-09-01,NRG,50.0,52.4,63.6,41.3
2025-10-01,NRG,50.1,52.4,63.6,41.3
2025-11-01,NRG,40.3,52.4,63.6,41.3
2025-12-01,NRG,37.1,52.4,63.6,41.3
2026-01-01,NRG,40.0,52.4,63.6,41.3
2026-02-01,NRG,44.3,52.4,63.6,41.3
2026-03-01,NRG,73.5,52.4,63.6,41.3
2026-04-01,NRG,53.7,52.4,63.6,41.3
2026-05-01,NRG,59.4,52.4,63.6,41.3
2026-06-01,NRG,57.9,52.4,63.6,41.3
2026-07-01,NRG,51.3,52.4,63.6,41.3
2026-08-01,NRG,68.4,52.4,63.6,41.3
2026-09-01,NRG,29.0,52.4,63.6,41.3
2025-07-01,NSC,61.3,30.1,41.0,19.3
2025-08-01,NSC,45.3,30.1,41.0,19.3
2025-09-01,NSC,37.3,30.1,41.0,19.3
2025-10-01,NSC,27.0,30.1,41.0,19.3
2025-11-01,NSC,26.1,30.1,41.0,19.3
2025-12-01,NSC,28.4,30.1,41.0,19.3
2026-01-01,NSC,21.7,30.1,41.0,19.3
2026-02-01,NSC,27.1,30.1,41.0,19.3
2026-03-01,NSC,29.5,30.1,41.0,19.3
2026-04-01,NSC,27.9,30.1,41.0,19.3
2026-05-01,NSC,25.1,30.1,41.0,19.3
2026-06-01,NSC,23.6,30.1,41.0,19.3
2026-07-01,NSC,25.1,30.1,41.0,19.3
2026-08-01,NSC,24.1,30.1,41.0,19.3
2026-09-01,NSC,13.2,30.1,41.0,19.3
2025-07-01,NTAP,32.1,48.3,59.9,36.6
2025-08-01,NTAP,40.6,48.3,59.9,36.6
2025-09-01,NTAP,46.7,48.3,59.9,36.6
2025-10-01,NTAP,40.4,48.3,59.9,36.6
2025-11-01,NTAP,44.5,48.3,59.9,36.6
2025-12-01,NTAP,37.6,48.3,59.9,36.6
2026-01-01,NTAP,52.0,48.3,59.9,36.6
2026-02-01,NTAP,48.4,48.3,59.9,36.6
2026-03-01,NTAP,51.6,48.3,59.9,36.6
2026-04-01,NTAP,42.4,48.3,59.9,36.6
2026-05-01,NTAP,74.6,48.3,59.9,36.6
2026-06-01,NTAP,68.6,48.3,59.9,36.6
2026-07-01,NTAP,58.9,48.3,59.9,36.6
2026-08-01,NTAP,50.4,48.3,59.9,36.6
2026-09-01,NTAP,30.2,48.3,59.9,36.6
2025-07-01,NTRS,37.5,23.3,28.4,18.2
2025-08-01,NTRS,21.4,23.3,28.4,18.2
2025-09-01,NTRS,25.3,23.3,28.4,18.2
2025-10-01,NTRS,26.7,23.3,28.4,18.2
2025-11-01,NTRS,17.7,23.3,28.4,18.2
2025-12-01,NTRS,21.4,23.3,28.4,18.2
2026-01-01,NTRS,21.0,23.3,28.4,18.2
2026-02-01,NTRS,22.3,23.3,28.4,18.2
2026-03-01,NTRS,23.9,23.3,28.4,18.2
2026-04-01,NTRS,25.3,23.3,28.4,18.2
2026-05-01,NTRS,20.6,23.3,28.4,18.2
2026-06-01,NTRS,23.5,23.3,28.4,18.2
2026-07-01,NTRS,23.4,23.3,28.4,18.2
2026-08-01,NTRS,21.2,23.3,28.4,18.2
2026-09-01,NTRS,10.5,23.3,28.4,18.2
2025-07-01,NUE,41.0,32.6,39.0,26.3
2025-08-01,NUE,25.8,32.6,39.0,26.3
2025-09-01,NUE,38.9,32.6,39.0,26.3
2025-10-01,NUE,36.3,32.6,39.0,26.3
2025-11-01,NUE,25.4,32.6,39.0,26.3
2025-12-01,NUE,33.4,32.6,39.0,26.3
2026-01-01,NUE,37.9,32.6,39.0,26.3
2026-02-01,NUE,35.5,32.6,39.0,26.3
2026-03-01,NUE,31.6,32.6,39.0,26.3
2026-04-01,NUE,34.0,32.6,39.0,26.3
2026-05-01,NUE,28.1,32.6,39.0,26.3
2026-06-01,NUE,39.1,32.6,39.0,26.3
2026-07-01,NUE,30.1,32.6,39.0,26.3
2026-08-01,NUE,31.1,32.6,39.0,26.3
2026-09-01,NUE,11.4,32.6,39.0,26.3
2025-07-01,NVDA,3596.8,3438.3,4047.3,2829.3
2025-08-01,NVDA,3608.9,3438.3,4047.3,2829.3
2025-09-01,NVDA,3890.5,3438.3,4047.3,2829.3
2025-10-01,NVDA,4031.0,3438.3,4047.3,2829.3
2025-11-01,NVDA,4160.2,3438.3,4047.3,2829.3
2025-12-01,NVDA,3629.7,3438.3,4047.3,2829.3
2026-01-01,NVDA,3292.2,3438.3,4047.3,2829.3
2026-02-01,NVDA,3745.5,3438.3,4047.3,2829.3
2026-03-01,NVDA,4027.2,3438.3,4047.3,2829.3
2026-04-01,NVDA,3129.6,3438.3,4047.3,2829.3
2026-05-01,NVDA,3324.8,3438.3,4047.3,2829.3
2026-06-01,NVDA,3425.0,3438.3,4047.3,2829.3
2026-07-01,NVDA,2852.9,3438.3,4047.3,2829.3
2026-08-01,NVDA,2682.6,3438.3,4047.3,2829.3
2026-09-01,NVDA,1254.5,3438.3,4047.3,2829.3
2025-07-01,NVR,0.4,0.5,0.6,0.4
2025-08-01,NVR,0.3,0.5,0.6,0.4
2025-09-01,NVR,0.4,0.5,0.6,0.4
2025-10-01,NVR,0.5,0.5,0.6,0.4
2025-11-01,NVR,0.4,0.5,0.6,0.4
2025-12-01,NVR,0.5,0.5,0.6,0.4
2026-01-01,NVR,0.7,0.5,0.6,0.4
2026-02-01,NVR,0.5,0.5,0.6,0.4
2026-03-01,NVR,0.6,0.5,0.6,0.4
2026-04-01,NVR,0.5,0.5,0.6,0.4
2026-05-01,NVR,0.5,0.5,0.6,0.4
2026-06-01,NVR,0.7,0.5,0.6,0.4
2026-07-01,NVR,0.7,0.5,0.6,0.4
2026-08-01,NVR,0.7,0.5,0.6,0.4
2026-09-01,NVR,0.4,0.5,0.6,0.4
2025-07-01,NWSA,54.5,84.7,108.2,61.2
2025-08-01,NWSA,70.5,84.7,108.2,61.2
2025-09-01,NWSA,104.9,84.7,108.2,61.2
2025-10-01,NWSA,77.9,84.7,108.2,61.2
2025-11-01,NWSA,84.0,84.7,108.2,61.2
2025-12-01,NWSA,78.7,84.7,108.2,61.2
2026-01-01,NWSA,60.7,84.7,108.2,61.2
2026-02-01,NWSA,96.4,84.7,108.2,61.2
2026-03-01,NWSA,112.5,84.7,108.2,61.2
2026-04-01,NWSA,71.6,84.7,108.2,61.2
2026-05-01,NWSA,95.7,84.7,108.2,61.2
2026-06-01,NWSA,142.9,84.7,108.2,61.2
2026-07-01,NWSA,78.9,84.7,108.2,61.2
2026-08-01,NWSA,84.0,84.7,108.2,61.2
2026-09-01,NWSA,39.3,84.7,108.2,61.2
2025-07-01,NXPI,60.3,65.6,80.9,50.3
2025-08-01,NXPI,54.2,65.6,80.9,50.3
2025-09-01,NXPI,47.3,65.6,80.9,50.3
2025-10-01,NXPI,63.1,65.6,80.9,50.3
2025-11-01,NXPI,49.7,65.6,80.9,50.3
2025-12-01,NXPI,66.0,65.6,80.9,50.3
2026-01-01,NXPI,54.7,65.6,80.9,50.3
2026-02-01,NXPI,62.2,65.6,80.9,50.3
2026-03-01,NXPI,61.0,65.6,80.9,50.3
2026-04-01,NXPI,74.0,65.6,80.9,50.3
2026-05-01,NXPI,77.3,65.6,80.9,50.3
2026-06-01,NXPI,95.4,65.6,80.9,50.3
2026-07-01,NXPI,95.7,65.6,80.9,50.3
2026-08-01,NXPI,71.0,65.6,80.9,50.3
2026-09-01,NXPI,37.1,65.6,80.9,50.3
2025-07-01,O,113.1,120.6,135.2,105.9
2025-08-01,O,111.9,120.6,135.2,105.9
2025-09-01,O,117.7,120.6,135.2,105.9
2025-10-01,O,113.6,120.6,135.2,105.9
2025-11-01,O,123.5,120.6,135.2,105.9
2025-12-01,O,138.4,120.6,135.2,105.9
2026-01-01,O,131.0,120.6,135.2,105.9
2026-02-01,O,134.1,120.6,135.2,105.9
2026-03-01,O,139.3,120.6,135.2,105.9
2026-04-01,O,109.3,120.6,135.2,105.9
2026-05-01,O,119.9,120.6,135.2,105.9
2026-06-01,O,139.7,120.6,135.2,105.9
2026-07-01,O,111.6,120.6,135.2,105.9
2026-08-01,O,114.1,120.6,135.2,105.9
2026-09-01,O,72.5,120.6,135.2,105.9
2025-07-01,ODFL,39.8,42.1,49.7,34.5
2025-08-01,ODFL,40.2,42.1,49.7,34.5
2025-09-01,ODFL,44.0,42.1,49.7,34.5
2025-10-01,ODFL,47.3,42.1,49.7,34.5
2025-11-01,ODFL,39.4,42.1,49.7,34.5
2025-12-01,ODFL,54.0,42.1,49.7,34.5
2026-01-01,ODFL,38.2,42.1,49.7,34.5
2026-02-01,ODFL,53.7,42.1,49.7,34.5
2026-03-01,ODFL,51.6,42.1,49.7,34.5
2026-04-01,ODFL,42.8,42.1,49.7,34.5
2026-05-01,ODFL,37.7,42.1,49.7,34.5
2026-06-01,ODFL,44.0,42.1,49.7,34.5
2026-07-01,ODFL,36.5,42.1,49.7,34.5
2026-08-01,ODFL,30.9,42.1,49.7,34.5
2026-09-01,ODFL,22.3,42.1,49.7,34.5
2025-07-01,OEF,4.5,13.4,29.4,-2.6
2025-08-01,OEF,5.0,13.4,29.4,-2.6
2025-09-01,OEF,20.6,13.4,29.4,-2.6
2025-10-01,OEF,11.2,13.4,29.4,-2.6
2025-11-01,OEF,10.9,13.4,29.4,-2.6
2025-12-01,OEF,9.0,13.4,29.4,-2.6
2026-01-01,OEF,11.1,13.4,29.4,-2.6
2026-02-01,OEF,14.3,13.4,29.4,-2.6
2026-03-01,OEF,68.5,13.4,29.4,-2.6
2026-04-01,OEF,12.8,13.4,29.4,-2.6
2026-05-01,OEF,6.7,13.4,29.4,-2.6
2026-06-01,OEF,7.7,13.4,29.4,-2.6
2026-07-01,OEF,5.8,13.4,29.4,-2.6
2026-08-01,OEF,4.2,13.4,29.4,-2.6
2026-09-01,OEF,2.1,13.4,29.4,-2.6
2025-07-01,OKE,70.6,84.0,99.4,68.7
2025-08-01,OKE,76.1,84.0,99.4,68.7
2025-09-01,OKE,81.4,84.0,99.4,68.7
2025-10-01,OKE,87.7,84.0,99.4,68.7
2025-11-01,OKE,86.3,84.0,99.4,68.7
2025-12-01,OKE,82.4,84.0,99.4,68.7
2026-01-01,OKE,92.9,84.0,99.4,68.7
2026-02-01,OKE,97.9,84.0,99.4,68.7
2026-03-01,OKE,120.6,84.0,99.4,68.7
2026-04-01,OKE,93.1,84.0,99.4,68.7
2026-05-01,OKE,82.4,84.0,99.4,68.7
2026-06-01,OKE,81.5,84.0,99.4,68.7
2026-07-01,OKE,74.2,84.0,99.4,68.7
2026-08-01,OKE,77.5,84.0,99.4,68.7
2026-09-01,OKE,37.0,84.0,99.4,68.7
2025-07-01,OMC,101.6,87.4,112.0,62.8
2025-08-01,OMC,71.1,87.4,112.0,62.8
2025-09-01,OMC,73.4,87.4,112.0,62.8
2025-10-01,OMC,93.8,87.4,112.0,62.8
2025-11-01,OMC,77.5,87.4,112.0,62.8
2025-12-01,OMC,126.1,87.4,112.0,62.8
2026-01-01,OMC,75.1,87.4,112.0,62.8
2026-02-01,OMC,125.4,87.4,112.0,62.8
2026-03-01,OMC,115.1,87.4,112.0,62.8
2026-04-01,OMC,90.5,87.4,112.0,62.8
2026-05-01,OMC,78.5,87.4,112.0,62.8
2026-06-01,OMC,105.1,87.4,112.0,62.8
2026-07-01,OMC,75.3,87.4,112.0,62.8
2026-08-01,OMC,45.6,87.4,112.0,62.8
2026-09-01,OMC,30.3,87.4,112.0,62.8
2025-07-01,ON,193.2,201.0,241.4,160.7
2025-08-01,ON,201.6,201.0,241.4,160.7
2025-09-01,ON,157.6,201.0,241.4,160.7
2025-10-01,ON,212.3,201.0,241.4,160.7
2025-11-01,ON,174.2,201.0,241.4,160.7
2025-12-01,ON,197.3,201.0,241.4,160.7
2026-01-01,ON,184.2,201.0,241.4,160.7
2026-02-01,ON,188.1,201.0,241.4,160.7
2026-03-01,ON,166.4,201.0,241.4,160.7
2026-04-01,ON,212.0,201.0,241.4,160.7
2026-05-01,ON,267.0,201.0,241.4,160.7
2026-06-01,ON,302.7,201.0,241.4,160.7
2026-07-01,ON,219.3,201.0,241.4,160.7
2026-08-01,ON,185.0,201.0,241.4,160.7
2026-09-01,ON,117.6,201.0,241.4,160.7
2025-07-01,ORCL,269.8,543.6,717.7,369.5
2025-08-01,ORCL,218.4,543.6,717.7,369.5
2025-09-01,ORCL,771.9,543.6,717.7,369.5
2025-10-01,ORCL,483.2,543.6,717.7,369.5
2025-11-01,ORCL,447.1,543.6,717.7,369.5
2025-12-01,ORCL,691.0,543.6,717.7,369.5
2026-01-01,ORCL,470.0,543.6,717.7,369.5
2026-02-01,ORCL,578.7,543.6,717.7,369.5
2026-03-01,ORCL,621.1,543.6,717.7,369.5
2026-04-01,ORCL,651.5,543.6,717.7,369.5
2026-05-01,ORCL,423.8,543.6,717.7,369.5
2026-06-01,ORCL,657.4,543.6,717.7,369.5
2026-07-01,ORCL,862.8,543.6,717.7,369.5
2026-08-01,ORCL,518.4,543.6,717.7,369.5
2026-09-01,ORCL,409.4,543.6,717.7,369.5
2025-07-01,ORLY,102.1,120.5,152.2,88.7
2025-08-01,ORLY,90.8,120.5,152.2,88.7
2025-09-01,ORLY,105.7,120.5,152.2,88.7
2025-10-01,ORLY,113.2,120.5,152.2,88.7
2025-11-01,ORLY,99.9,120.5,152.2,88.7
2025-12-01,ORLY,117.8,120.5,152.2,88.7
2026-01-01,ORLY,120.8,120.5,152.2,88.7
2026-02-01,ORLY,131.8,120.5,152.2,88.7
2026-03-01,ORLY,131.2,120.5,152.2,88.7
2026-04-01,ORLY,102.1,120.5,152.2,88.7
2026-05-01,ORLY,126.1,120.5,152.2,88.7
2026-06-01,ORLY,178.5,120.5,152.2,88.7
2026-07-01,ORLY,198.3,120.5,152.2,88.7
2026-08-01,ORLY,97.6,120.5,152.2,88.7
2026-09-01,ORLY,63.3,120.5,152.2,88.7
2025-07-01,OTIS,66.8,69.1,83.0,55.2
2025-08-01,OTIS,82.8,69.1,83.0,55.2
2025-09-01,OTIS,60.6,69.1,83.0,55.2
2025-10-01,OTIS,50.0,69.1,83.0,55.2
2025-11-01,OTIS,44.7,69.1,83.0,55.2
2025-12-01,OTIS,56.5,69.1,83.0,55.2
2026-01-01,OTIS,68.5,69.1,83.0,55.2
2026-02-01,OTIS,81.2,69.1,83.0,55.2
2026-03-01,OTIS,89.7,69.1,83.0,55.2
2026-04-01,OTIS,70.2,69.1,83.0,55.2
2026-05-01,OTIS,78.9,69.1,83.0,55.2
2026-06-01,OTIS,80.8,69.1,83.0,55.2
2026-07-01,OTIS,85.2,69.1,83.0,55.2
2026-08-01,OTIS,66.1,69.1,83.0,55.2
2026-09-01,OTIS,44.1,69.1,83.0,55.2
2025-07-01,OXY,225.4,236.9,322.8,151.1
2025-08-01,OXY,205.9,236.9,322.8,151.1
2025-09-01,OXY,196.2,236.9,322.8,151.1
2025-10-01,OXY,274.1,236.9,322.8,151.1
2025-11-01,OXY,172.1,236.9,322.8,151.1
2025-12-01,OXY,200.0,236.9,322.8,151.1
2026-01-01,OXY,240.8,236.9,322.8,151.1
2026-02-01,OXY,241.8,236.9,322.8,151.1
2026-03-01,OXY,500.6,236.9,322.8,151.1
2026-04-01,OXY,306.0,236.9,322.8,151.1
2026-05-01,OXY,248.9,236.9,322.8,151.1
2026-06-01,OXY,208.3,236.9,322.8,151.1
2026-07-01,OXY,197.6,236.9,322.8,151.1
2026-08-01,OXY,167.6,236.9,322.8,151.1
2026-09-01,OXY,88.6,236.9,322.8,151.1
2025-07-01,PAM,5.2,5.3,7.7,3.0
2025-08-01,PAM,5.6,5.3,7.7,3.0
2025-09-01,PAM,10.6,5.3,7.7,3.0
2025-10-01,PAM,10.6,5.3,7.7,3.0
2025-11-01,PAM,5.3,5.3,7.7,3.0
2025-12-01,PAM,2.8,5.3,7.7,3.0
2026-01-01,PAM,4.1,5.3,7.7,3.0
2026-02-01,PAM,3.9,5.3,7.7,3.0
2026-03-01,PAM,6.1,5.3,7.7,3.0
2026-04-01,PAM,5.0,5.3,7.7,3.0
2026-05-01,PAM,5.6,5.3,7.7,3.0
2026-06-01,PAM,4.4,5.3,7.7,3.0
2026-07-01,PAM,3.4,5.3,7.7,3.0
2026-08-01,PAM,3.5,5.3,7.7,3.0
2026-09-01,PAM,2.4,5.3,7.7,3.0
2025-07-01,PANW,167.4,158.7,216.1,101.3
2025-08-01,PANW,228.1,158.7,216.1,101.3
2025-09-01,PANW,119.7,158.7,216.1,101.3
2025-10-01,PANW,107.4,158.7,216.1,101.3
2025-11-01,PANW,125.0,158.7,216.1,101.3
2025-12-01,PANW,116.2,158.7,216.1,101.3
2026-01-01,PANW,129.8,158.7,216.1,101.3
2026-02-01,PANW,335.0,158.7,216.1,101.3
2026-03-01,PANW,178.8,158.7,216.1,101.3
2026-04-01,PANW,155.3,158.7,216.1,101.3
2026-05-01,PANW,169.3,158.7,216.1,101.3
2026-06-01,PANW,188.2,158.7,216.1,101.3
2026-07-01,PANW,146.6,158.7,216.1,101.3
2026-08-01,PANW,119.8,158.7,216.1,101.3
2026-09-01,PANW,78.7,158.7,216.1,101.3
2025-07-01,PAYX,49.2,66.2,82.7,49.8
2025-08-01,PAYX,46.5,66.2,82.7,49.8
2025-09-01,PAYX,66.3,66.2,82.7,49.8
2025-10-01,PAYX,64.4,66.2,82.7,49.8
2025-11-01,PAYX,56.8,66.2,82.7,49.8
2025-12-01,PAYX,81.4,66.2,82.7,49.8
2026-01-01,PAYX,64.8,66.2,82.7,49.8
2026-02-01,PAYX,87.3,66.2,82.7,49.8
2026-03-01,PAYX,97.4,66.2,82.7,49.8
2026-04-01,PAYX,72.3,66.2,82.7,49.8
2026-05-01,PAYX,63.3,66.2,82.7,49.8
2026-06-01,PAYX,79.1,66.2,82.7,49.8
2026-07-01,PAYX,73.0,66.2,82.7,49.8
2026-08-01,PAYX,47.3,66.2,82.7,49.8
2026-09-01,PAYX,27.3,66.2,82.7,49.8
2025-07-01,PBR,429.1,454.5,595.8,313.1
2025-08-01,PBR,472.0,454.5,595.8,313.1
2025-09-01,PBR,461.8,454.5,595.8,313.1
2025-10-01,PBR,564.9,454.5,595.8,313.1
2025-11-01,PBR,394.5,454.5,595.8,313.1
2025-12-01,PBR,366.0,454.5,595.8,313.1
2026-01-01,PBR,553.8,454.5,595.8,313.1
2026-02-01,PBR,422.3,454.5,595.8,313.1
2026-03-01,PBR,865.8,454.5,595.8,313.1
2026-04-01,PBR,529.8,454.5,595.8,313.1
2026-05-01,PBR,350.5,454.5,595.8,313.1
2026-06-01,PBR,303.1,454.5,595.8,313.1
2026-07-01,PBR,336.0,454.5,595.8,313.1
2026-08-01,PBR,388.7,454.5,595.8,313.1
2026-09-01,PBR,273.1,454.5,595.8,313.1
2025-07-01,PCAR,77.5,63.5,74.9,52.2
2025-08-01,PCAR,46.2,63.5,74.9,52.2
2025-09-01,PCAR,63.6,63.5,74.9,52.2
2025-10-01,PCAR,66.1,63.5,74.9,52.2
2025-11-01,PCAR,60.1,63.5,74.9,52.2
2025-12-01,PCAR,72.3,63.5,74.9,52.2
2026-01-01,PCAR,66.4,63.5,74.9,52.2
2026-02-01,PCAR,69.8,63.5,74.9,52.2
2026-03-01,PCAR,61.4,63.5,74.9,52.2
2026-04-01,PCAR,60.9,63.5,74.9,52.2
2026-05-01,PCAR,52.1,63.5,74.9,52.2
2026-06-01,PCAR,73.3,63.5,74.9,52.2
2026-07-01,PCAR,77.1,63.5,74.9,52.2
2026-08-01,PCAR,61.7,63.5,74.9,52.2
2026-09-01,PCAR,26.3,63.5,74.9,52.2
2025-07-01,PCG,529.1,499.2,593.3,405.1
2025-08-01,PCG,549.4,499.2,593.3,405.1
2025-09-01,PCG,533.0,499.2,593.3,405.1
2025-10-01,PCG,503.3,499.2,593.3,405.1
2025-11-01,PCG,525.0,499.2,593.3,405.1
2025-12-01,PCG,430.7,499.2,593.3,405.1
2026-01-01,PCG,450.0,499.2,593.3,405.1
2026-02-01,PCG,409.4,499.2,593.3,405.1
2026-03-01,PCG,531.8,499.2,593.3,405.1
2026-04-01,PCG,477.1,499.2,593.3,405.1
2026-05-01,PCG,374.8,499.2,593.3,405.1
2026-06-01,PCG,405.7,499.2,593.3,405.1
2026-07-01,PCG,418.2,499.2,593.3,405.1
2026-08-01,PCG,749.3,499.2,593.3,405.1
2026-09-01,PCG,658.0,499.2,593.3,405.1
2025-07-01,PEG,52.6,57.8,65.8,49.8
2025-08-01,PEG,57.9,57.8,65.8,49.8
2025-09-01,PEG,54.3,57.8,65.8,49.8
2025-10-01,PEG,61.7,57.8,65.8,49.8
2025-11-01,PEG,48.7,57.8,65.8,49.8
2025-12-01,PEG,65.0,57.8,65.8,49.8
2026-01-01,PEG,66.9,57.8,65.8,49.8
2026-02-01,PEG,51.1,57.8,65.8,49.8
2026-03-01,PEG,67.0,57.8,65.8,49.8
2026-04-01,PEG,47.5,57.8,65.8,49.8
2026-05-01,PEG,64.7,57.8,65.8,49.8
2026-06-01,PEG,61.6,57.8,65.8,49.8
2026-07-01,PEG,64.9,57.8,65.8,49.8
2026-08-01,PEG,56.9,57.8,65.8,49.8
2026-09-01,PEG,34.0,57.8,65.8,49.8
2025-07-01,PEP,214.1,162.5,192.8,132.3
2025-08-01,PEP,161.8,162.5,192.8,132.3
2025-09-01,PEP,169.1,162.5,192.8,132.3
2025-10-01,PEP,162.0,162.5,192.8,132.3
2025-11-01,PEP,137.9,162.5,192.8,132.3
2025-12-01,PEP,171.4,162.5,192.8,132.3
2026-01-01,PEP,168.6,162.5,192.8,132.3
2026-02-01,PEP,180.0,162.5,192.8,132.3
2026-03-01,PEP,144.3,162.5,192.8,132.3
2026-04-01,PEP,122.4,162.5,192.8,132.3
2026-05-01,PEP,139.2,162.5,192.8,132.3
2026-06-01,PEP,204.5,162.5,192.8,132.3
2026-07-01,PEP,200.2,162.5,192.8,132.3
2026-08-01,PEP,137.0,162.5,192.8,132.3
2026-09-01,PEP,88.6,162.5,192.8,132.3
2025-07-01,PFE,883.5,975.7,1263.2,688.1
2025-08-01,PFE,911.3,975.7,1263.2,688.1
2025-09-01,PFE,1100.9,975.7,1263.2,688.1
2025-10-01,PFE,1410.2,975.7,1263.2,688.1
2025-11-01,PFE,1760.4,975.7,1263.2,688.1
2025-12-01,PFE,1038.2,975.7,1263.2,688.1
2026-01-01,PFE,990.5,975.7,1263.2,688.1
2026-02-01,PFE,896.9,975.7,1263.2,688.1
2026-03-01,PFE,921.3,975.7,1263.2,688.1
2026-04-01,PFE,719.2,975.7,1263.2,688.1
2026-05-01,PFE,715.4,975.7,1263.2,688.1
2026-06-01,PFE,996.3,975.7,1263.2,688.1
2026-07-01,PFE,891.2,975.7,1263.2,688.1
2026-08-01,PFE,807.8,975.7,1263.2,688.1
2026-09-01,PFE,342.6,975.7,1263.2,688.1
2025-07-01,PFF,85.0,66.8,81.7,51.8
2025-08-01,PFF,58.1,66.8,81.7,51.8
2025-09-01,PFF,62.0,66.8,81.7,51.8
2025-10-01,PFF,69.8,66.8,81.7,51.8
2025-11-01,PFF,67.9,66.8,81.7,51.8
2025-12-01,PFF,76.7,66.8,81.7,51.8
2026-01-01,PFF,70.1,66.8,81.7,51.8
2026-02-01,PFF,64.3,66.8,81.7,51.8
2026-03-01,PFF,101.2,66.8,81.7,51.8
2026-04-01,PFF,57.3,66.8,81.7,51.8
2026-05-01,PFF,51.0,66.8,81.7,51.8
2026-06-01,PFF,77.0,66.8,81.7,51.8
2026-07-01,PFF,59.8,66.8,81.7,51.8
2026-08-01,PFF,50.2,66.8,81.7,51.8
2026-09-01,PFF,32.7,66.8,81.7,51.8
2025-07-01,PFG,27.7,28.2,33.6,22.8
2025-08-01,PFG,24.2,28.2,33.6,22.8
2025-09-01,PFG,26.5,28.2,33.6,22.8
2025-10-01,PFG,26.1,28.2,33.6,22.8
2025-11-01,PFG,26.4,28.2,33.6,22.8
2025-12-01,PFG,26.7,28.2,33.6,22.8
2026-01-01,PFG,31.2,28.2,33.6,22.8
2026-02-01,PFG,36.9,28.2,33.6,22.8
2026-03-01,PFG,37.4,28.2,33.6,22.8
2026-04-01,PFG,29.6,28.2,33.6,22.8
2026-05-01,PFG,22.3,28.2,33.6,22.8
2026-06-01,PFG,29.8,28.2,33.6,22.8
2026-07-01,PFG,35.7,28.2,33.6,22.8
2026-08-01,PFG,21.0,28.2,33.6,22.8
2026-09-01,PFG,16.8,28.2,33.6,22.8
2025-07-01,PG,196.1,190.2,227.7,152.6
2025-08-01,PG,139.4,190.2,227.7,152.6
2025-09-01,PG,153.9,190.2,227.7,152.6
2025-10-01,PG,169.4,190.2,227.7,152.6
2025-11-01,PG,176.4,190.2,227.7,152.6
2025-12-01,PG,234.4,190.2,227.7,152.6
2026-01-01,PG,242.0,190.2,227.7,152.6
2026-02-01,PG,222.0,190.2,227.7,152.6
2026-03-01,PG,252.6,190.2,227.7,152.6
2026-04-01,PG,182.0,190.2,227.7,152.6
2026-05-01,PG,164.8,190.2,227.7,152.6
2026-06-01,PG,201.4,190.2,227.7,152.6
2026-07-01,PG,191.6,190.2,227.7,152.6
2026-08-01,PG,191.9,190.2,227.7,152.6
2026-09-01,PG,92.2,190.2,227.7,152.6
2025-07-01,PGR,84.3,65.8,80.4,51.2
2025-08-01,PGR,59.3,65.8,80.4,51.2
2025-09-01,PGR,58.0,65.8,80.4,51.2
2025-10-01,PGR,88.8,65.8,80.4,51.2
2025-11-01,PGR,66.1,65.8,80.4,51.2
2025-12-01,PGR,65.5,65.8,80.4,51.2
2026-01-01,PGR,79.4,65.8,80.4,51.2
2026-02-01,PGR,64.6,65.8,80.4,51.2
2026-03-01,PGR,69.6,65.8,80.4,51.2
2026-04-01,PGR,54.5,65.8,80.4,51.2
2026-05-01,PGR,61.6,65.8,80.4,51.2
2026-06-01,PGR,78.2,65.8,80.4,51.2
2026-07-01,PGR,67.8,65.8,80.4,51.2
2026-08-01,PGR,46.9,65.8,80.4,51.2
2026-09-01,PGR,20.1,65.8,80.4,51.2
2025-07-01,PH,11.1,13.7,16.7,10.8
2025-08-01,PH,16.7,13.7,16.7,10.8
2025-09-01,PH,11.3,13.7,16.7,10.8
2025-10-01,PH,11.4,13.7,16.7,10.8
2025-11-01,PH,16.0,13.7,16.7,10.8
2025-12-01,PH,11.8,13.7,16.7,10.8
2026-01-01,PH,13.5,13.7,16.7,10.8
2026-02-01,PH,12.9,13.7,16.7,10.8
2026-03-01,PH,19.7,13.7,16.7,10.8
2026-04-01,PH,12.7,13.7,16.7,10.8
2026-05-01,PH,16.0,13.7,16.7,10.8
2026-06-01,PH,16.9,13.7,16.7,10.8
2026-07-01,PH,12.0,13.7,16.7,10.8
2026-08-01,PH,14.5,13.7,16.7,10.8
2026-09-01,PH,6.3,13.7,16.7,10.8
2025-07-01,PHM,52.8,39.7,48.4,31.0
2025-08-01,PHM,41.4,39.7,48.4,31.0
2025-09-01,PHM,43.9,39.7,48.4,31.0
2025-10-01,PHM,56.9,39.7,48.4,31.0
2025-11-01,PHM,33.0,39.7,48.4,31.0
2025-12-01,PHM,38.8,39.7,48.4,31.0
2026-01-01,PHM,38.9,39.7,48.4,31.0
2026-02-01,PHM,35.5,39.7,48.4,31.0
2026-03-01,PHM,39.9,39.7,48.4,31.0
2026-04-01,PHM,42.5,39.7,48.4,31.0
2026-05-01,PHM,37.1,39.7,48.4,31.0
2026-06-01,PHM,38.2,39.7,48.4,31.0
2026-07-01,PHM,40.6,39.7,48.4,31.0
2026-08-01,PHM,26.4,39.7,48.4,31.0
2026-09-01,PHM,15.6,39.7,48.4,31.0
2025-07-01,PKG,16.4,16.5,20.6,12.4
2025-08-01,PKG,16.3,16.5,20.6,12.4
2025-09-01,PKG,13.8,16.5,20.6,12.4
2025-10-01,PKG,17.7,16.5,20.6,12.4
2025-11-01,PKG,14.3,16.5,20.6,12.4
2025-12-01,PKG,17.9,16.5,20.6,12.4
2026-01-01,PKG,21.8,16.5,20.6,12.4
2026-02-01,PKG,20.2,16.5,20.6,12.4
2026-03-01,PKG,24.9,16.5,20.6,12.4
2026-04-01,PKG,19.2,16.5,20.6,12.4
2026-05-01,PKG,14.0,16.5,20.6,12.4
2026-06-01,PKG,13.6,16.5,20.6,12.4
2026-07-01,PKG,16.1,16.5,20.6,12.4
2026-08-01,PKG,10.3,16.5,20.6,12.4
2026-09-01,PKG,6.9,16.5,20.6,12.4
2025-07-01,PLD,99.2,76.2,90.1,62.3
2025-08-01,PLD,66.5,76.2,90.1,62.3
2025-09-01,PLD,72.9,76.2,90.1,62.3
2025-10-01,PLD,78.5,76.2,90.1,62.3
2025-11-01,PLD,68.9,76.2,90.1,62.3
2025-12-01,PLD,71.1,76.2,90.1,62.3
2026-01-01,PLD,76.7,76.2,90.1,62.3
2026-02-01,PLD,60.6,76.2,90.1,62.3
2026-03-01,PLD,78.0,76.2,90.1,62.3
2026-04-01,PLD,78.0,76.2,90.1,62.3
2026-05-01,PLD,62.6,76.2,90.1,62.3
2026-06-01,PLD,88.4,76.2,90.1,62.3
2026-07-01,PLD,94.4,76.2,90.1,62.3
2026-08-01,PLD,90.1,76.2,90.1,62.3
2026-09-01,PLD,34.7,76.2,90.1,62.3
2025-07-01,PLTR,1246.1,1030.1,1316.5,743.6
2025-08-01,PLTR,1747.6,1030.1,1316.5,743.6
2025-09-01,PLTR,1215.8,1030.1,1316.5,743.6
2025-10-01,PLTR,1088.1,1030.1,1316.5,743.6
2025-11-01,PLTR,1195.9,1030.1,1316.5,743.6
2025-12-01,PLTR,758.8,1030.1,1316.5,743.6
2026-01-01,PLTR,790.6,1030.1,1316.5,743.6
2026-02-01,PLTR,1207.2,1030.1,1316.5,743.6
2026-03-01,PLTR,1054.8,1030.1,1316.5,743.6
2026-04-01,PLTR,994.9,1030.1,1316.5,743.6
2026-05-01,PLTR,901.2,1030.1,1316.5,743.6
2026-06-01,PLTR,894.4,1030.1,1316.5,743.6
2026-07-01,PLTR,800.6,1030.1,1316.5,743.6
2026-08-01,PLTR,967.8,1030.1,1316.5,743.6
2026-09-01,PLTR,293.6,1030.1,1316.5,743.6
2025-07-01,PM,144.8,114.5,141.9,87.1
2025-08-01,PM,104.4,114.5,141.9,87.1
2025-09-01,PM,120.2,114.5,141.9,87.1
2025-10-01,PM,185.9,114.5,141.9,87.1
2025-11-01,PM,105.6,114.5,141.9,87.1
2025-12-01,PM,128.4,114.5,141.9,87.1
2026-01-01,PM,108.4,114.5,141.9,87.1
2026-02-01,PM,105.6,114.5,141.9,87.1
2026-03-01,PM,111.6,114.5,141.9,87.1
2026-04-01,PM,103.4,114.5,141.9,87.1
2026-05-01,PM,98.3,114.5,141.9,87.1
2026-06-01,PM,109.3,114.5,141.9,87.1
2026-07-01,PM,113.2,114.5,141.9,87.1
2026-08-01,PM,94.3,114.5,141.9,87.1
2026-09-01,PM,41.8,114.5,141.9,87.1
2025-07-01,PNC,57.6,43.8,55.8,31.7
2025-08-01,PNC,33.5,43.8,55.8,31.7
2025-09-01,PNC,30.8,43.8,55.8,31.7
2025-10-01,PNC,54.3,43.8,55.8,31.7
2025-11-01,PNC,35.0,43.8,55.8,31.7
2025-12-01,PNC,38.2,43.8,55.8,31.7
2026-01-01,PNC,61.4,43.8,55.8,31.7
2026-02-01,PNC,49.5,43.8,55.8,31.7
2026-03-01,PNC,60.6,43.8,55.8,31.7
2026-04-01,PNC,47.0,43.8,55.8,31.7
2026-05-01,PNC,32.6,43.8,55.8,31.7
2026-06-01,PNC,51.1,43.8,55.8,31.7
2026-07-01,PNC,43.9,43.8,55.8,31.7
2026-08-01,PNC,30.6,43.8,55.8,31.7
2026-09-01,PNC,16.2,43.8,55.8,31.7
2025-07-01,PNR,43.8,40.2,57.3,23.1
2025-08-01,PNR,27.7,40.2,57.3,23.1
2025-09-01,PNR,22.6,40.2,57.3,23.1
2025-10-01,PNR,28.9,40.2,57.3,23.1
2025-11-01,PNR,23.2,40.2,57.3,23.1
2025-12-01,PNR,23.4,40.2,57.3,23.1
2026-01-01,PNR,35.2,40.2,57.3,23.1
2026-02-01,PNR,41.6,40.2,57.3,23.1
2026-03-01,PNR,34.3,40.2,57.3,23.1
2026-04-01,PNR,39.7,40.2,57.3,23.1
2026-05-01,PNR,43.6,40.2,57.3,23.1
2026-06-01,PNR,47.1,40.2,57.3,23.1
2026-07-01,PNR,79.2,40.2,57.3,23.1
2026-08-01,PNR,76.4,40.2,57.3,23.1
2026-09-01,PNR,31.9,40.2,57.3,23.1
2025-07-01,PNW,24.7,24.6,28.6,20.5
2025-08-01,PNW,22.5,24.6,28.6,20.5
2025-09-01,PNW,21.2,24.6,28.6,20.5
2025-10-01,PNW,26.3,24.6,28.6,20.5
2025-11-01,PNW,28.4,24.6,28.6,20.5
2025-12-01,PNW,24.9,24.6,28.6,20.5
2026-01-01,PNW,26.2,24.6,28.6,20.5
2026-02-01,PNW,26.2,24.6,28.6,20.5
2026-03-01,PNW,29.5,24.6,28.6,20.5
2026-04-01,PNW,20.5,24.6,28.6,20.5
2026-05-01,PNW,25.3,24.6,28.6,20.5
2026-06-01,PNW,28.4,24.6,28.6,20.5
2026-07-01,PNW,26.5,24.6,28.6,20.5
2026-08-01,PNW,22.4,24.6,28.6,20.5
2026-09-01,PNW,9.1,24.6,28.6,20.5
2025-07-01,PODD,12.6,21.7,30.9,12.4
2025-08-01,PODD,14.6,21.7,30.9,12.4
2025-09-01,PODD,13.8,21.7,30.9,12.4
2025-10-01,PODD,11.3,21.7,30.9,12.4
2025-11-01,PODD,15.1,21.7,30.9,12.4
2025-12-01,PODD,14.8,21.7,30.9,12.4
2026-01-01,PODD,18.3,21.7,30.9,12.4
2026-02-01,PODD,22.1,21.7,30.9,12.4
2026-03-01,PODD,21.5,21.7,30.9,12.4
2026-04-01,PODD,22.6,21.7,30.9,12.4
2026-05-01,PODD,35.7,21.7,30.9,12.4
2026-06-01,PODD,33.4,21.7,30.9,12.4
2026-07-01,PODD,28.5,21.7,30.9,12.4
2026-08-01,PODD,42.6,21.7,30.9,12.4
2026-09-01,PODD,17.7,21.7,30.9,12.4
2025-07-01,POWA,0.0,0.1,0.1,0.0
2025-08-01,POWA,0.1,0.1,0.1,0.0
2025-09-01,POWA,0.0,0.1,0.1,0.0
2025-10-01,POWA,0.1,0.1,0.1,0.0
2025-11-01,POWA,0.1,0.1,0.1,0.0
2025-12-01,POWA,0.1,0.1,0.1,0.0
2026-01-01,POWA,0.1,0.1,0.1,0.0
2026-02-01,POWA,0.1,0.1,0.1,0.0
2026-03-01,POWA,0.1,0.1,0.1,0.0
2026-04-01,POWA,0.1,0.1,0.1,0.0
2026-05-01,POWA,0.1,0.1,0.1,0.0
2026-06-01,POWA,0.1,0.1,0.1,0.0
2026-07-01,POWA,0.1,0.1,0.1,0.0
2026-08-01,POWA,0.1,0.1,0.1,0.0
2026-09-01,POWA,0.0,0.1,0.1,0.0
2025-07-01,PPG,43.4,40.2,47.7,32.7
2025-08-01,PPG,31.8,40.2,47.7,32.7
2025-09-01,PPG,39.9,40.2,47.7,32.7
2025-10-01,PPG,40.5,40.2,47.7,32.7
2025-11-01,PPG,43.1,40.2,47.7,32.7
2025-12-01,PPG,40.2,40.2,47.7,32.7
2026-01-01,PPG,47.1,40.2,47.7,32.7
2026-02-01,PPG,39.3,40.2,47.7,32.7
2026-03-01,PPG,53.3,40.2,47.7,32.7
2026-04-01,PPG,44.3,40.2,47.7,32.7
2026-05-01,PPG,37.1,40.2,47.7,32.7
2026-06-01,PPG,41.6,40.2,47.7,32.7
2026-07-01,PPG,45.8,40.2,47.7,32.7
2026-08-01,PPG,27.4,40.2,47.7,32.7
2026-09-01,PPG,17.8,40.2,47.7,32.7
2025-07-01,PPL,138.7,154.8,197.5,112.1
2025-08-01,PPL,146.7,154.8,197.5,112.1
2025-09-01,PPL,93.8,154.8,197.5,112.1
2025-10-01,PPL,115.5,154.8,197.5,112.1
2025-11-01,PPL,133.2,154.8,197.5,112.1
2025-12-01,PPL,144.0,154.8,197.5,112.1
2026-01-01,PPL,129.4,154.8,197.5,112.1
2026-02-01,PPL,249.4,154.8,197.5,112.1
2026-03-01,PPL,167.9,154.8,197.5,112.1
2026-04-01,PPL,159.9,154.8,197.5,112.1
2026-05-01,PPL,170.6,154.8,197.5,112.1
2026-06-01,PPL,240.8,154.8,197.5,112.1
2026-07-01,PPL,164.1,154.8,197.5,112.1
2026-08-01,PPL,167.7,154.8,197.5,112.1
2026-09-01,PPL,77.5,154.8,197.5,112.1
2025-07-01,PPLT,90.5,102.4,183.2,21.7
2025-08-01,PPLT,42.3,102.4,183.2,21.7
2025-09-01,PPLT,97.1,102.4,183.2,21.7
2025-10-01,PPLT,114.2,102.4,183.2,21.7
2025-11-01,PPLT,55.2,102.4,183.2,21.7
2025-12-01,PPLT,264.1,102.4,183.2,21.7
2026-01-01,PPLT,322.1,102.4,183.2,21.7
2026-02-01,PPLT,117.8,102.4,183.2,21.7
2026-03-01,PPLT,100.9,102.4,183.2,21.7
2026-04-01,PPLT,60.9,102.4,183.2,21.7
2026-05-01,PPLT,42.9,102.4,183.2,21.7
2026-06-01,PPLT,62.6,102.4,183.2,21.7
2026-07-01,PPLT,43.3,102.4,183.2,21.7
2026-08-01,PPLT,62.0,102.4,183.2,21.7
2026-09-01,PPLT,27.6,102.4,183.2,21.7
2025-07-01,PRU,34.2,38.7,46.7,30.7
2025-08-01,PRU,34.7,38.7,46.7,30.7
2025-09-01,PRU,34.4,38.7,46.7,30.7
2025-10-01,PRU,33.9,38.7,46.7,30.7
2025-11-01,PRU,34.2,38.7,46.7,30.7
2025-12-01,PRU,34.0,38.7,46.7,30.7
2026-01-01,PRU,36.8,38.7,46.7,30.7
2026-02-01,PRU,54.0,38.7,46.7,30.7
2026-03-01,PRU,52.8,38.7,46.7,30.7
2026-04-01,PRU,48.3,38.7,46.7,30.7
2026-05-01,PRU,40.7,38.7,46.7,30.7
2026-06-01,PRU,40.8,38.7,46.7,30.7
2026-07-01,PRU,38.9,38.7,46.7,30.7
2026-08-01,PRU,38.1,38.7,46.7,30.7
2026-09-01,PRU,16.7,38.7,46.7,30.7
2025-07-01,PSA,20.5,21.2,26.2,16.2
2025-08-01,PSA,14.5,21.2,26.2,16.2
2025-09-01,PSA,18.8,21.2,26.2,16.2
2025-10-01,PSA,22.3,21.2,26.2,16.2
2025-11-01,PSA,17.7,21.2,26.2,16.2
2025-12-01,PSA,27.1,21.2,26.2,16.2
2026-01-01,PSA,24.3,21.2,26.2,16.2
2026-02-01,PSA,23.6,21.2,26.2,16.2
2026-03-01,PSA,29.6,21.2,26.2,16.2
2026-04-01,PSA,22.7,21.2,26.2,16.2
2026-05-01,PSA,16.9,21.2,26.2,16.2
2026-06-01,PSA,21.3,21.2,26.2,16.2
2026-07-01,PSA,27.7,21.2,26.2,16.2
2026-08-01,PSA,15.6,21.2,26.2,16.2
2026-09-01,PSA,9.2,21.2,26.2,16.2
2025-07-01,PSKY,248.2,239.5,347.5,131.6
2025-08-01,PSKY,581.6,239.5,347.5,131.6
2025-09-01,PSKY,262.7,239.5,347.5,131.6
2025-10-01,PSKY,115.7,239.5,347.5,131.6
2025-11-01,PSKY,157.5,239.5,347.5,131.6
2025-12-01,PSKY,247.1,239.5,347.5,131.6
2026-01-01,PSKY,137.5,239.5,347.5,131.6
2026-02-01,PSKY,259.7,239.5,347.5,131.6
2026-03-01,PSKY,320.1,239.5,347.5,131.6
2026-04-01,PSKY,232.8,239.5,347.5,131.6
2026-05-01,PSKY,194.8,239.5,347.5,131.6
2026-06-01,PSKY,189.0,239.5,347.5,131.6
2026-07-01,PSKY,229.4,239.5,347.5,131.6
2026-08-01,PSKY,235.2,239.5,347.5,131.6
2026-09-01,PSKY,129.5,239.5,347.5,131.6
2025-07-01,PSX,59.2,54.6,66.1,43.1
2025-08-01,PSX,41.8,54.6,66.1,43.1
2025-09-01,PSX,62.2,54.6,66.1,43.1
2025-10-01,PSX,49.2,54.6,66.1,43.1
2025-11-01,PSX,42.5,54.6,66.1,43.1
2025-12-01,PSX,51.6,54.6,66.1,43.1
2026-01-01,PSX,49.5,54.6,66.1,43.1
2026-02-01,PSX,52.1,54.6,66.1,43.1
2026-03-01,PSX,85.6,54.6,66.1,43.1
2026-04-01,PSX,62.5,54.6,66.1,43.1
2026-05-01,PSX,48.9,54.6,66.1,43.1
2026-06-01,PSX,56.4,54.6,66.1,43.1
2026-07-01,PSX,55.0,54.6,66.1,43.1
2026-08-01,PSX,59.4,54.6,66.1,43.1
2026-09-01,PSX,30.3,54.6,66.1,43.1
2025-07-01,PTC,33.3,25.3,34.2,16.4
2025-08-01,PTC,18.2,25.3,34.2,16.4
2025-09-01,PTC,17.9,25.3,34.2,16.4
2025-10-01,PTC,14.9,25.3,34.2,16.4
2025-11-01,PTC,20.3,25.3,34.2,16.4
2025-12-01,PTC,18.5,25.3,34.2,16.4
2026-01-01,PTC,17.7,25.3,34.2,16.4
2026-02-01,PTC,27.5,25.3,34.2,16.4
2026-03-01,PTC,24.7,25.3,34.2,16.4
2026-04-01,PTC,23.2,25.3,34.2,16.4
2026-05-01,PTC,32.9,25.3,34.2,16.4
2026-06-01,PTC,47.3,25.3,34.2,16.4
2026-07-01,PTC,37.2,25.3,34.2,16.4
2026-08-01,PTC,25.1,25.3,34.2,16.4
2026-09-01,PTC,17.3,25.3,34.2,16.4
2025-07-01,PWR,25.8,22.8,27.0,18.6
2025-08-01,PWR,21.0,22.8,27.0,18.6
2025-09-01,PWR,20.2,22.8,27.0,18.6
2025-10-01,PWR,25.3,22.8,27.0,18.6
2025-11-01,PWR,19.9,22.8,27.0,18.6
2025-12-01,PWR,19.2,22.8,27.0,18.6
2026-01-01,PWR,20.6,22.8,27.0,18.6
2026-02-01,PWR,23.0,22.8,27.0,18.6
2026-03-01,PWR,26.3,22.8,27.0,18.6
2026-04-01,PWR,20.4,22.8,27.0,18.6
2026-05-01,PWR,25.1,22.8,27.0,18.6
2026-06-01,PWR,30.6,22.8,27.0,18.6
2026-07-01,PWR,25.7,22.8,27.0,18.6
2026-08-01,PWR,22.8,22.8,27.0,18.6
2026-09-01,PWR,8.8,22.8,27.0,18.6
2025-07-01,PYPL,260.8,338.4,472.5,204.2
2025-08-01,PYPL,200.4,338.4,472.5,204.2
2025-09-01,PYPL,270.1,338.4,472.5,204.2
2025-10-01,PYPL,445.2,338.4,472.5,204.2
2025-11-01,PYPL,294.7,338.4,472.5,204.2
2025-12-01,PYPL,332.9,338.4,472.5,204.2
2026-01-01,PYPL,312.2,338.4,472.5,204.2
2026-02-01,PYPL,763.2,338.4,472.5,204.2
2026-03-01,PYPL,396.8,338.4,472.5,204.2
2026-04-01,PYPL,266.3,338.4,472.5,204.2
2026-05-01,PYPL,315.2,338.4,472.5,204.2
2026-06-01,PYPL,363.7,338.4,472.5,204.2
2026-07-01,PYPL,419.1,338.4,472.5,204.2
2026-08-01,PYPL,243.1,338.4,472.5,204.2
2026-09-01,PYPL,119.8,338.4,472.5,204.2
2025-10-01,Q,0.7,43.6,57.1,30.1
2025-11-01,Q,72.0,43.6,57.1,30.1
2025-12-01,Q,43.9,43.6,57.1,30.1
2026-01-01,Q,47.7,43.6,57.1,30.1
2026-02-01,Q,56.9,43.6,57.1,30.1
2026-03-01,Q,47.5,43.6,57.1,30.1
2026-04-01,Q,32.1,43.6,57.1,30.1
2026-05-01,Q,39.2,43.6,57.1,30.1
2026-06-01,Q,46.3,43.6,57.1,30.1
2026-07-01,Q,42.2,43.6,57.1,30.1
2026-08-01,Q,36.8,43.6,57.1,30.1
2026-09-01,Q,18.4,43.6,57.1,30.1
2025-07-01,QAT,0.9,0.6,1.1,0.2
2025-08-01,QAT,0.6,0.6,1.1,0.2
2025-09-01,QAT,0.8,0.6,1.1,0.2
2025-10-01,QAT,0.3,0.6,1.1,0.2
2025-11-01,QAT,0.3,0.6,1.1,0.2
2025-12-01,QAT,0.2,0.6,1.1,0.2
2026-01-01,QAT,0.2,0.6,1.1,0.2
2026-02-01,QAT,0.2,0.6,1.1,0.2
2026-03-01,QAT,1.3,0.6,1.1,0.2
2026-04-01,QAT,0.4,0.6,1.1,0.2
2026-05-01,QAT,1.0,0.6,1.1,0.2
2026-06-01,QAT,2.0,0.6,1.1,0.2
2026-07-01,QAT,0.7,0.6,1.1,0.2
2026-08-01,QAT,0.4,0.6,1.1,0.2
2026-09-01,QAT,0.1,0.6,1.1,0.2
2025-07-01,QCOM,177.0,261.0,382.2,139.7
2025-08-01,QCOM,152.9,261.0,382.2,139.7
2025-09-01,QCOM,161.3,261.0,382.2,139.7
2025-10-01,QCOM,267.4,261.0,382.2,139.7
2025-11-01,QCOM,196.5,261.0,382.2,139.7
2025-12-01,QCOM,164.0,261.0,382.2,139.7
2026-01-01,QCOM,186.6,261.0,382.2,139.7
2026-02-01,QCOM,228.2,261.0,382.2,139.7
2026-03-01,QCOM,284.5,261.0,382.2,139.7
2026-04-01,QCOM,342.0,261.0,382.2,139.7
2026-05-01,QCOM,583.2,261.0,382.2,139.7
2026-06-01,QCOM,471.9,261.0,382.2,139.7
2026-07-01,QCOM,309.3,261.0,382.2,139.7
2026-08-01,QCOM,206.7,261.0,382.2,139.7
2026-09-01,QCOM,137.4,261.0,382.2,139.7
2025-07-01,QQQ,922.0,1047.0,1320.5,773.6
2025-08-01,QQQ,964.9,1047.0,1320.5,773.6
2025-09-01,QQQ,1132.9,1047.0,1320.5,773.6
2025-10-01,QQQ,1324.9,1047.0,1320.5,773.6
2025-11-01,QQQ,1227.8,1047.0,1320.5,773.6
2025-12-01,QQQ,1064.4,1047.0,1320.5,773.6
2026-01-01,QQQ,1085.3,1047.0,1320.5,773.6
2026-02-01,QQQ,1306.7,1047.0,1320.5,773.6
2026-03-01,QQQ,1630.1,1047.0,1320.5,773.6
2026-04-01,QQQ,918.2,1047.0,1320.5,773.6
2026-05-01,QQQ,787.5,1047.0,1320.5,773.6
2026-06-01,QQQ,1099.8,1047.0,1320.5,773.6
2026-07-01,QQQ,895.0,1047.0,1320.5,773.6
2026-08-01,QQQ,697.2,1047.0,1320.5,773.6
2026-09-01,QQQ,331.7,1047.0,1320.5,773.6
2025-07-01,QUAL,28.7,34.6,48.3,20.9
2025-08-01,QUAL,21.3,34.6,48.3,20.9
2025-09-01,QUAL,43.0,34.6,48.3,20.9
2025-10-01,QUAL,34.4,34.6,48.3,20.9
2025-11-01,QUAL,63.6,34.6,48.3,20.9
2025-12-01,QUAL,31.7,34.6,48.3,20.9
2026-01-01,QUAL,33.9,34.6,48.3,20.9
2026-02-01,QUAL,36.7,34.6,48.3,20.9
2026-03-01,QUAL,56.5,34.6,48.3,20.9
2026-04-01,QUAL,23.5,34.6,48.3,20.9
2026-05-01,QUAL,52.9,34.6,48.3,20.9
2026-06-01,QUAL,33.5,34.6,48.3,20.9
2026-07-01,QUAL,24.6,34.6,48.3,20.9
2026-08-01,QUAL,17.6,34.6,48.3,20.9
2026-09-01,QUAL,10.8,34.6,48.3,20.9
2025-07-01,RCL,50.5,48.4,57.9,38.8
2025-08-01,RCL,42.0,48.4,57.9,38.8
2025-09-01,RCL,39.5,48.4,57.9,38.8
2025-10-01,RCL,48.5,48.4,57.9,38.8
2025-11-01,RCL,45.6,48.4,57.9,38.8
2025-12-01,RCL,48.1,48.4,57.9,38.8
2026-01-01,RCL,52.8,48.4,57.9,38.8
2026-02-01,RCL,41.4,48.4,57.9,38.8
2026-03-01,RCL,60.4,48.4,57.9,38.8
2026-04-01,RCL,55.8,48.4,57.9,38.8
2026-05-01,RCL,62.0,48.4,57.9,38.8
2026-06-01,RCL,57.0,48.4,57.9,38.8
2026-07-01,RCL,54.3,48.4,57.9,38.8
2026-08-01,RCL,32.5,48.4,57.9,38.8
2026-09-01,RCL,22.9,48.4,57.9,38.8
2025-07-01,RDDT,136.6,116.3,145.7,86.9
2025-08-01,RDDT,168.1,116.3,145.7,86.9
2025-09-01,RDDT,118.8,116.3,145.7,86.9
2025-10-01,RDDT,145.1,116.3,145.7,86.9
2025-11-01,RDDT,92.3,116.3,145.7,86.9
2025-12-01,RDDT,86.7,116.3,145.7,86.9
2026-01-01,RDDT,87.5,116.3,145.7,86.9
2026-02-01,RDDT,143.3,116.3,145.7,86.9
2026-03-01,RDDT,110.5,116.3,145.7,86.9
2026-04-01,RDDT,84.2,116.3,145.7,86.9
2026-05-01,RDDT,121.8,116.3,145.7,86.9
2026-06-01,RDDT,92.1,116.3,145.7,86.9
2026-07-01,RDDT,125.9,116.3,145.7,86.9
2026-08-01,RDDT,150.9,116.3,145.7,86.9
2026-09-01,RDDT,48.3,116.3,145.7,86.9
2025-07-01,REG,24.8,26.6,30.5,22.6
2025-08-01,REG,25.1,26.6,30.5,22.6
2025-09-01,REG,24.5,26.6,30.5,22.6
2025-10-01,REG,23.1,26.6,30.5,22.6
2025-11-01,REG,22.4,26.6,30.5,22.6
2025-12-01,REG,26.6,26.6,30.5,22.6
2026-01-01,REG,26.5,26.6,30.5,22.6
2026-02-01,REG,26.9,26.6,30.5,22.6
2026-03-01,REG,29.4,26.6,30.5,22.6
2026-04-01,REG,30.7,26.6,30.5,22.6
2026-05-01,REG,29.0,26.6,30.5,22.6
2026-06-01,REG,35.0,26.6,30.5,22.6
2026-07-01,REG,29.0,26.6,30.5,22.6
2026-08-01,REG,25.6,26.6,30.5,22.6
2026-09-01,REG,14.6,26.6,30.5,22.6
2025-07-01,REGN,19.7,18.8,23.1,14.4
2025-08-01,REGN,21.4,18.8,23.1,14.4
2025-09-01,REGN,22.6,18.8,23.1,14.4
2025-10-01,REGN,25.5,18.8,23.1,14.4
2025-11-01,REGN,21.4,18.8,23.1,14.4
2025-12-01,REGN,19.2,18.8,23.1,14.4
2026-01-01,REGN,18.5,18.8,23.1,14.4
2026-02-01,REGN,14.3,18.8,23.1,14.4
2026-03-01,REGN,13.3,18.8,23.1,14.4
2026-04-01,REGN,15.6,18.8,23.1,14.4
2026-05-01,REGN,22.5,18.8,23.1,14.4
2026-06-01,REGN,22.9,18.8,23.1,14.4
2026-07-01,REGN,18.0,18.8,23.1,14.4
2026-08-01,REGN,15.0,18.8,23.1,14.4
2026-09-01,REGN,6.2,18.8,23.1,14.4
2025-07-01,RF,305.7,310.5,483.2,137.9
2025-08-01,RF,324.2,310.5,483.2,137.9
2025-09-01,RF,408.0,310.5,483.2,137.9
2025-10-01,RF,854.7,310.5,483.2,137.9
2025-11-01,RF,333.5,310.5,483.2,137.9
2025-12-01,RF,221.1,310.5,483.2,137.9
2026-01-01,RF,320.3,310.5,483.2,137.9
2026-02-01,RF,269.6,310.5,483.2,137.9
2026-03-01,RF,350.5,310.5,483.2,137.9
2026-04-01,RF,202.8,310.5,483.2,137.9
2026-05-01,RF,221.1,310.5,483.2,137.9
2026-06-01,RF,239.9,310.5,483.2,137.9
2026-07-01,RF,218.9,310.5,483.2,137.9
2026-08-01,RF,159.6,310.5,483.2,137.9
2026-09-01,RF,78.3,310.5,483.2,137.9
2025-07-01,RIG,698.2,812.0,1055.5,568.4
2025-08-01,RIG,471.3,812.0,1055.5,568.4
2025-09-01,RIG,894.2,812.0,1055.5,568.4
2025-10-01,RIG,1372.6,812.0,1055.5,568.4
2025-11-01,RIG,760.9,812.0,1055.5,568.4
2025-12-01,RIG,629.9,812.0,1055.5,568.4
2026-01-01,RIG,693.9,812.0,1055.5,568.4
2026-02-01,RIG,1306.9,812.0,1055.5,568.4
2026-03-01,RIG,847.5,812.0,1055.5,568.4
2026-04-01,RIG,680.0,812.0,1055.5,568.4
2026-05-01,RIG,709.0,812.0,1055.5,568.4
2026-06-01,RIG,694.0,812.0,1055.5,568.4
2026-07-01,RIG,932.2,812.0,1055.5,568.4
2026-08-01,RIG,831.6,812.0,1055.5,568.4
2026-09-01,RIG,515.1,812.0,1055.5,568.4
2025-07-01,RJF,24.6,26.2,31.2,21.2
2025-08-01,RJF,18.0,26.2,31.2,21.2
2025-09-01,RJF,24.9,26.2,31.2,21.2
2025-10-01,RJF,30.2,26.2,31.2,21.2
2025-11-01,RJF,21.3,26.2,31.2,21.2
2025-12-01,RJF,28.1,26.2,31.2,21.2
2026-01-01,RJF,25.0,26.2,31.2,21.2
2026-02-01,RJF,31.5,26.2,31.2,21.2
2026-03-01,RJF,30.4,26.2,31.2,21.2
2026-04-01,RJF,30.7,26.2,31.2,21.2
2026-05-01,RJF,26.8,26.2,31.2,21.2
2026-06-01,RJF,33.3,26.2,31.2,21.2
2026-07-01,RJF,28.4,26.2,31.2,21.2
2026-08-01,RJF,20.9,26.2,31.2,21.2
2026-09-01,RJF,13.1,26.2,31.2,21.2
2025-07-01,RL,13.3,13.2,15.4,11.1
2025-08-01,RL,15.2,13.2,15.4,11.1
2025-09-01,RL,13.8,13.2,15.4,11.1
2025-10-01,RL,10.7,13.2,15.4,11.1
2025-11-01,RL,13.4,13.2,15.4,11.1
2025-12-01,RL,15.3,13.2,15.4,11.1
2026-01-01,RL,9.7,13.2,15.4,11.1
2026-02-01,RL,14.8,13.2,15.4,11.1
2026-03-01,RL,14.4,13.2,15.4,11.1
2026-04-01,RL,11.2,13.2,15.4,11.1
2026-05-01,RL,16.0,13.2,15.4,11.1
2026-06-01,RL,15.5,13.2,15.4,11.1
2026-07-01,RL,12.0,13.2,15.4,11.1
2026-08-01,RL,13.5,13.2,15.4,11.1
2026-09-01,RL,8.0,13.2,15.4,11.1
2025-07-01,RMD,20.8,24.5,29.8,19.1
2025-08-01,RMD,22.1,24.5,29.8,19.1
2025-09-01,RMD,19.9,24.5,29.8,19.1
2025-10-01,RMD,24.6,24.5,29.8,19.1
2025-11-01,RMD,22.3,24.5,29.8,19.1
2025-12-01,RMD,20.2,24.5,29.8,19.1
2026-01-01,RMD,20.4,24.5,29.8,19.1
2026-02-01,RMD,23.3,24.5,29.8,19.1
2026-03-01,RMD,23.3,24.5,29.8,19.1
2026-04-01,RMD,22.2,24.5,29.8,19.1
2026-05-01,RMD,32.3,24.5,29.8,19.1
2026-06-01,RMD,33.5,24.5,29.8,19.1
2026-07-01,RMD,30.5,24.5,29.8,19.1
2026-08-01,RMD,33.4,24.5,29.8,19.1
2026-09-01,RMD,13.2,24.5,29.8,19.1
2025-07-01,ROK,18.2,17.8,21.9,13.7
2025-08-01,ROK,22.8,17.8,21.9,13.7
2025-09-01,ROK,15.5,17.8,21.9,13.7
2025-10-01,ROK,15.6,17.8,21.9,13.7
2025-11-01,ROK,23.0,17.8,21.9,13.7
2025-12-01,ROK,16.6,17.8,21.9,13.7
2026-01-01,ROK,13.6,17.8,21.9,13.7
2026-02-01,ROK,26.5,17.8,21.9,13.7
2026-03-01,ROK,21.9,17.8,21.9,13.7
2026-04-01,ROK,13.9,17.8,21.9,13.7
2026-05-01,ROK,17.1,17.8,21.9,13.7
2026-06-01,ROK,18.2,17.8,21.9,13.7
2026-07-01,ROK,15.7,17.8,21.9,13.7
2026-08-01,ROK,17.8,17.8,21.9,13.7
2026-09-01,ROK,7.9,17.8,21.9,13.7
2025-07-01,ROKU,67.4,70.7,98.9,42.4
2025-08-01,ROKU,89.7,70.7,98.9,42.4
2025-09-01,ROKU,70.2,70.7,98.9,42.4
2025-10-01,ROKU,76.6,70.7,98.9,42.4
2025-11-01,ROKU,54.7,70.7,98.9,42.4
2025-12-01,ROKU,64.8,70.7,98.9,42.4
2026-01-01,ROKU,58.3,70.7,98.9,42.4
2026-02-01,ROKU,91.7,70.7,98.9,42.4
2026-03-01,ROKU,63.2,70.7,98.9,42.4
2026-04-01,ROKU,53.8,70.7,98.9,42.4
2026-05-01,ROKU,48.8,70.7,98.9,42.4
2026-06-01,ROKU,160.5,70.7,98.9,42.4
2026-07-01,ROKU,63.0,70.7,98.9,42.4
2026-08-01,ROKU,50.6,70.7,98.9,42.4
2026-09-01,ROKU,28.0,70.7,98.9,42.4
2025-07-01,ROL,36.1,64.8,93.4,36.3
2025-08-01,ROL,29.2,64.8,93.4,36.3
2025-09-01,ROL,38.0,64.8,93.4,36.3
2025-10-01,ROL,42.4,64.8,93.4,36.3
2025-11-01,ROL,62.9,64.8,93.4,36.3
2025-12-01,ROL,53.9,64.8,93.4,36.3
2026-01-01,ROL,43.2,64.8,93.4,36.3
2026-02-01,ROL,79.0,64.8,93.4,36.3
2026-03-01,ROL,66.3,64.8,93.4,36.3
2026-04-01,ROL,57.7,64.8,93.4,36.3
2026-05-01,ROL,69.4,64.8,93.4,36.3
2026-06-01,ROL,105.9,64.8,93.4,36.3
2026-07-01,ROL,132.6,64.8,93.4,36.3
2026-08-01,ROL,97.0,64.8,93.4,36.3
2026-09-01,ROL,56.9,64.8,93.4,36.3
2025-07-01,ROP,14.1,22.6,30.4,14.9
2025-08-01,ROP,15.3,22.6,30.4,14.9
2025-09-01,ROP,18.4,22.6,30.4,14.9
2025-10-01,ROP,26.1,22.6,30.4,14.9
2025-11-01,ROP,17.4,22.6,30.4,14.9
2025-12-01,ROP,23.0,22.6,30.4,14.9
2026-01-01,ROP,31.6,22.6,30.4,14.9
2026-02-01,ROP,40.6,22.6,30.4,14.9
2026-03-01,ROP,31.0,22.6,30.4,14.9
2026-04-01,ROP,24.7,22.6,30.4,14.9
2026-05-01,ROP,22.5,22.6,30.4,14.9
2026-06-01,ROP,27.9,22.6,30.4,14.9
2026-07-01,ROP,19.7,22.6,30.4,14.9
2026-08-01,ROP,14.7,22.6,30.4,14.9
2026-09-01,ROP,7.1,22.6,30.4,14.9
2025-07-01,ROST,55.6,55.5,67.4,43.5
2025-08-01,ROST,69.2,55.5,67.4,43.5
2025-09-01,ROST,54.0,55.5,67.4,43.5
2025-10-01,ROST,46.7,55.5,67.4,43.5
2025-11-01,ROST,56.7,55.5,67.4,43.5
2025-12-01,ROST,57.2,55.5,67.4,43.5
2026-01-01,ROST,48.0,55.5,67.4,43.5
2026-02-01,ROST,45.6,55.5,67.4,43.5
2026-03-01,ROST,67.5,55.5,67.4,43.5
2026-04-01,ROST,42.3,55.5,67.4,43.5
2026-05-01,ROST,70.6,55.5,67.4,43.5
2026-06-01,ROST,74.6,55.5,67.4,43.5
2026-07-01,ROST,50.7,55.5,67.4,43.5
2026-08-01,ROST,57.9,55.5,67.4,43.5
2026-09-01,ROST,20.2,55.5,67.4,43.5
2025-07-01,RSG,32.6,30.4,35.1,25.6
2025-08-01,RSG,24.1,30.4,35.1,25.6
2025-09-01,RSG,24.8,30.4,35.1,25.6
2025-10-01,RSG,30.6,30.4,35.1,25.6
2025-11-01,RSG,30.6,30.4,35.1,25.6
2025-12-01,RSG,33.3,30.4,35.1,25.6
2026-01-01,RSG,29.0,30.4,35.1,25.6
2026-02-01,RSG,29.8,30.4,35.1,25.6
2026-03-01,RSG,28.2,30.4,35.1,25.6
2026-04-01,RSG,34.2,30.4,35.1,25.6
2026-05-01,RSG,39.9,30.4,35.1,25.6
2026-06-01,RSG,36.3,30.4,35.1,25.6
2026-07-01,RSG,29.3,30.4,35.1,25.6
2026-08-01,RSG,30.0,30.4,35.1,25.6
2026-09-01,RSG,17.6,30.4,35.1,25.6
2025-07-01,RSP,264.8,277.1,378.1,176.0
2025-08-01,RSP,245.8,277.1,378.1,176.0
2025-09-01,RSP,299.1,277.1,378.1,176.0
2025-10-01,RSP,350.8,277.1,378.1,176.0
2025-11-01,RSP,438.3,277.1,378.1,176.0
2025-12-01,RSP,283.2,277.1,378.1,176.0
2026-01-01,RSP,359.9,277.1,378.1,176.0
2026-02-01,RSP,443.2,277.1,378.1,176.0
2026-03-01,RSP,399.0,277.1,378.1,176.0
2026-04-01,RSP,184.7,277.1,378.1,176.0
2026-05-01,RSP,203.9,277.1,378.1,176.0
2026-06-01,RSP,225.3,277.1,378.1,176.0
2026-07-01,RSP,194.3,277.1,378.1,176.0
2026-08-01,RSP,126.9,277.1,378.1,176.0
2026-09-01,RSP,71.6,277.1,378.1,176.0
2025-07-01,RTX,105.0,104.2,125.1,83.4
2025-08-01,RTX,80.5,104.2,125.1,83.4
2025-09-01,RTX,91.3,104.2,125.1,83.4
2025-10-01,RTX,119.3,104.2,125.1,83.4
2025-11-01,RTX,77.8,104.2,125.1,83.4
2025-12-01,RTX,96.2,104.2,125.1,83.4
2026-01-01,RTX,123.7,104.2,125.1,83.4
2026-02-01,RTX,129.8,104.2,125.1,83.4
2026-03-01,RTX,131.7,104.2,125.1,83.4
2026-04-01,RTX,105.6,104.2,125.1,83.4
2026-05-01,RTX,115.7,104.2,125.1,83.4
2026-06-01,RTX,114.8,104.2,125.1,83.4
2026-07-01,RTX,112.2,104.2,125.1,83.4
2026-08-01,RTX,91.4,104.2,125.1,83.4
2026-09-01,RTX,39.4,104.2,125.1,83.4
2025-07-01,RVTY,32.2,28.5,32.5,24.5
2025-08-01,RVTY,23.5,28.5,32.5,24.5
2025-09-01,RVTY,27.3,28.5,32.5,24.5
2025-10-01,RVTY,30.3,28.5,32.5,24.5
2025-11-01,RVTY,33.8,28.5,32.5,24.5
2025-12-01,RVTY,24.9,28.5,32.5,24.5
2026-01-01,RVTY,29.5,28.5,32.5,24.5
2026-02-01,RVTY,27.8,28.5,32.5,24.5
2026-03-01,RVTY,24.5,28.5,32.5,24.5
2026-04-01,RVTY,21.3,28.5,32.5,24.5
2026-05-01,RVTY,34.3,28.5,32.5,24.5
2026-06-01,RVTY,32.5,28.5,32.5,24.5
2026-07-01,RVTY,29.2,28.5,32.5,24.5
2026-08-01,RVTY,32.3,28.5,32.5,24.5
2026-09-01,RVTY,23.0,28.5,32.5,24.5
2025-07-01,SBAC,15.4,21.0,27.2,14.9
2025-08-01,SBAC,20.2,21.0,27.2,14.9
2025-09-01,SBAC,32.1,21.0,27.2,14.9
2025-10-01,SBAC,25.0,21.0,27.2,14.9
2025-11-01,SBAC,17.7,21.0,27.2,14.9
2025-12-01,SBAC,16.1,21.0,27.2,14.9
2026-01-01,SBAC,15.7,21.0,27.2,14.9
2026-02-01,SBAC,20.1,21.0,27.2,14.9
2026-03-01,SBAC,21.4,21.0,27.2,14.9
2026-04-01,SBAC,35.7,21.0,27.2,14.9
2026-05-01,SBAC,15.7,21.0,27.2,14.9
2026-06-01,SBAC,21.7,21.0,27.2,14.9
2026-07-01,SBAC,22.9,21.0,27.2,14.9
2026-08-01,SBAC,19.9,21.0,27.2,14.9
2026-09-01,SBAC,10.2,21.0,27.2,14.9
2025-07-01,SBLK,30.8,26.9,33.2,20.5
2025-08-01,SBLK,21.4,26.9,33.2,20.5
2025-09-01,SBLK,24.3,26.9,33.2,20.5
2025-10-01,SBLK,19.2,26.9,33.2,20.5
2025-11-01,SBLK,19.4,26.9,33.2,20.5
2025-12-01,SBLK,30.4,26.9,33.2,20.5
2026-01-01,SBLK,28.2,26.9,33.2,20.5
2026-02-01,SBLK,30.2,26.9,33.2,20.5
2026-03-01,SBLK,42.6,26.9,33.2,20.5
2026-04-01,SBLK,18.2,26.9,33.2,20.5
2026-05-01,SBLK,28.9,26.9,33.2,20.5
2026-06-01,SBLK,27.4,26.9,33.2,20.5
2026-07-01,SBLK,26.7,26.9,33.2,20.5
2026-08-01,SBLK,32.1,26.9,33.2,20.5
2026-09-01,SBLK,19.8,26.9,33.2,20.5
2025-07-01,SBUX,226.9,179.3,218.0,140.6
2025-08-01,SBUX,180.6,179.3,218.0,140.6
2025-09-01,SBUX,194.3,179.3,218.0,140.6
2025-10-01,SBUX,225.8,179.3,218.0,140.6
2025-11-01,SBUX,199.2,179.3,218.0,140.6
2025-12-01,SBUX,195.1,179.3,218.0,140.6
2026-01-01,SBUX,238.5,179.3,218.0,140.6
2026-02-01,SBUX,145.3,179.3,218.0,140.6
2026-03-01,SBUX,189.6,179.3,218.0,140.6
2026-04-01,SBUX,155.1,179.3,218.0,140.6
2026-05-01,SBUX,147.0,179.3,218.0,140.6
2026-06-01,SBUX,171.7,179.3,218.0,140.6
2026-07-01,SBUX,169.3,179.3,218.0,140.6
2026-08-01,SBUX,129.5,179.3,218.0,140.6
2026-09-01,SBUX,65.3,179.3,218.0,140.6
2025-07-01,SCHP,62.6,83.9,104.6,63.2
2025-08-01,SCHP,58.4,83.9,104.6,63.2
2025-09-01,SCHP,64.8,83.9,104.6,63.2
2025-10-01,SCHP,83.9,83.9,104.6,63.2
2025-11-01,SCHP,58.2,83.9,104.6,63.2
2025-12-01,SCHP,95.1,83.9,104.6,63.2
2026-01-01,SCHP,118.7,83.9,104.6,63.2
2026-02-01,SCHP,71.3,83.9,104.6,63.2
2026-03-01,SCHP,102.2,83.9,104.6,63.2
2026-04-01,SCHP,86.6,83.9,104.6,63.2
2026-05-01,SCHP,72.9,83.9,104.6,63.2
2026-06-01,SCHP,97.5,83.9,104.6,63.2
2026-07-01,SCHP,84.4,83.9,104.6,63.2
2026-08-01,SCHP,126.8,83.9,104.6,63.2
2026-09-01,SCHP,63.9,83.9,104.6,63.2
2025-07-01,SCHW,193.1,198.5,240.1,156.9
2025-08-01,SCHW,166.6,198.5,240.1,156.9
2025-09-01,SCHW,216.3,198.5,240.1,156.9
2025-10-01,SCHW,200.3,198.5,240.1,156.9
2025-11-01,SCHW,157.3,198.5,240.1,156.9
2025-12-01,SCHW,193.2,198.5,240.1,156.9
2026-01-01,SCHW,185.5,198.5,240.1,156.9
2026-02-01,SCHW,270.7,198.5,240.1,156.9
2026-03-01,SCHW,188.3,198.5,240.1,156.9
2026-04-01,SCHW,254.5,198.5,240.1,156.9
2026-05-01,SCHW,222.1,198.5,240.1,156.9
2026-06-01,SCHW,257.3,198.5,240.1,156.9
2026-07-01,SCHW,191.1,198.5,240.1,156.9
2026-08-01,SCHW,155.8,198.5,240.1,156.9
2026-09-01,SCHW,78.7,198.5,240.1,156.9
2025-07-01,SD,5.9,6.9,8.4,5.4
2025-08-01,SD,6.7,6.9,8.4,5.4
2025-09-01,SD,5.9,6.9,8.4,5.4
2025-10-01,SD,6.1,6.9,8.4,5.4
2025-11-01,SD,7.5,6.9,8.4,5.4
2025-12-01,SD,7.2,6.9,8.4,5.4
2026-01-01,SD,6.2,6.9,8.4,5.4
2026-02-01,SD,6.0,6.9,8.4,5.4
2026-03-01,SD,11.4,6.9,8.4,5.4
2026-04-01,SD,7.5,6.9,8.4,5.4
2026-05-01,SD,7.7,6.9,8.4,5.4
2026-06-01,SD,7.3,6.9,8.4,5.4
2026-07-01,SD,6.1,6.9,8.4,5.4
2026-08-01,SD,7.0,6.9,8.4,5.4
2026-09-01,SD,3.5,6.9,8.4,5.4
2025-07-01,SDY,4.8,5.0,6.4,3.6
2025-08-01,SDY,4.2,5.0,6.4,3.6
2025-09-01,SDY,6.0,5.0,6.4,3.6
2025-10-01,SDY,5.2,5.0,6.4,3.6
2025-11-01,SDY,5.6,5.0,6.4,3.6
2025-12-01,SDY,5.6,5.0,6.4,3.6
2026-01-01,SDY,9.2,5.0,6.4,3.6
2026-02-01,SDY,3.9,5.0,6.4,3.6
2026-03-01,SDY,5.0,5.0,6.4,3.6
2026-04-01,SDY,4.4,5.0,6.4,3.6
2026-05-01,SDY,4.3,5.0,6.4,3.6
2026-06-01,SDY,5.3,5.0,6.4,3.6
2026-07-01,SDY,4.3,5.0,6.4,3.6
2026-08-01,SDY,4.4,5.0,6.4,3.6
2026-09-01,SDY,1.7,5.0,6.4,3.6
2025-07-01,SHW,39.0,40.3,48.7,31.8
2025-08-01,SHW,41.7,40.3,48.7,31.8
2025-09-01,SHW,38.4,40.3,48.7,31.8
2025-10-01,SHW,50.9,40.3,48.7,31.8
2025-11-01,SHW,37.8,40.3,48.7,31.8
2025-12-01,SHW,35.2,40.3,48.7,31.8
2026-01-01,SHW,37.7,40.3,48.7,31.8
2026-02-01,SHW,34.6,40.3,48.7,31.8
2026-03-01,SHW,39.1,40.3,48.7,31.8
2026-04-01,SHW,34.9,40.3,48.7,31.8
2026-05-01,SHW,43.8,40.3,48.7,31.8
2026-06-01,SHW,60.4,40.3,48.7,31.8
2026-07-01,SHW,46.5,40.3,48.7,31.8
2026-08-01,SHW,35.5,40.3,48.7,31.8
2026-09-01,SHW,16.5,40.3,48.7,31.8
2025-07-01,SHY,73.3,83.5,105.2,61.7
2025-08-01,SHY,79.2,83.5,105.2,61.7
2025-09-01,SHY,71.5,83.5,105.2,61.7
2025-10-01,SHY,99.4,83.5,105.2,61.7
2025-11-01,SHY,87.0,83.5,105.2,61.7
2025-12-01,SHY,79.4,83.5,105.2,61.7
2026-01-01,SHY,85.7,83.5,105.2,61.7
2026-02-01,SHY,85.6,83.5,105.2,61.7
2026-03-01,SHY,152.7,83.5,105.2,61.7
2026-04-01,SHY,83.7,83.5,105.2,61.7
2026-05-01,SHY,62.6,83.5,105.2,61.7
2026-06-01,SHY,75.3,83.5,105.2,61.7
2026-07-01,SHY,72.1,83.5,105.2,61.7
2026-08-01,SHY,74.7,83.5,105.2,61.7
2026-09-01,SHY,52.4,83.5,105.2,61.7
2025-07-01,SILJ,154.1,145.9,207.7,84.2
2025-08-01,SILJ,135.0,145.9,207.7,84.2
2025-09-01,SILJ,164.6,145.9,207.7,84.2
2025-10-01,SILJ,194.1,145.9,207.7,84.2
2025-11-01,SILJ,119.8,145.9,207.7,84.2
2025-12-01,SILJ,214.4,145.9,207.7,84.2
2026-01-01,SILJ,292.4,145.9,207.7,84.2
2026-02-01,SILJ,203.2,145.9,207.7,84.2
2026-03-01,SILJ,171.7,145.9,207.7,84.2
2026-04-01,SILJ,76.3,145.9,207.7,84.2
2026-05-01,SILJ,105.6,145.9,207.7,84.2
2026-06-01,SILJ,108.2,145.9,207.7,84.2
2026-07-01,SILJ,69.8,145.9,207.7,84.2
2026-08-01,SILJ,95.9,145.9,207.7,84.2
2026-09-01,SILJ,40.7,145.9,207.7,84.2
2025-07-01,SJM,46.3,37.6,45.9,29.4
2025-08-01,SJM,44.7,37.6,45.9,29.4
2025-09-01,SJM,47.1,37.6,45.9,29.4
2025-10-01,SJM,34.3,37.6,45.9,29.4
2025-11-01,SJM,35.0,37.6,45.9,29.4
2025-12-01,SJM,31.4,37.6,45.9,29.4
2026-01-01,SJM,31.5,37.6,45.9,29.4
2026-02-01,SJM,51.1,37.6,45.9,29.4
2026-03-01,SJM,44.6,37.6,45.9,29.4
2026-04-01,SJM,40.2,37.6,45.9,29.4
2026-05-01,SJM,36.0,37.6,45.9,29.4
2026-06-01,SJM,37.6,37.6,45.9,29.4
2026-07-01,SJM,34.7,37.6,45.9,29.4
2026-08-01,SJM,26.2,37.6,45.9,29.4
2026-09-01,SJM,14.5,37.6,45.9,29.4
2025-07-01,SLB,407.6,332.3,418.3,246.4
2025-08-01,SLB,256.9,332.3,418.3,246.4
2025-09-01,SLB,378.0,332.3,418.3,246.4
2025-10-01,SLB,402.4,332.3,418.3,246.4
2025-11-01,SLB,266.0,332.3,418.3,246.4
2025-12-01,SLB,290.8,332.3,418.3,246.4
2026-01-01,SLB,481.6,332.3,418.3,246.4
2026-02-01,SLB,335.1,332.3,418.3,246.4
2026-03-01,SLB,482.4,332.3,418.3,246.4
2026-04-01,SLB,315.5,332.3,418.3,246.4
2026-05-01,SLB,253.6,332.3,418.3,246.4
2026-06-01,SLB,351.3,332.3,418.3,246.4
2026-07-01,SLB,285.4,332.3,418.3,246.4
2026-08-01,SLB,234.8,332.3,418.3,246.4
2026-09-01,SLB,148.7,332.3,418.3,246.4
2025-07-01,SLV,511.5,882.2,1659.1,105.3
2025-08-01,SLV,314.5,882.2,1659.1,105.3
2025-09-01,SLV,617.5,882.2,1659.1,105.3
2025-10-01,SLV,1115.7,882.2,1659.1,105.3
2025-11-01,SLV,499.6,882.2,1659.1,105.3
2025-12-01,SLV,1458.1,882.2,1659.1,105.3
2026-01-01,SLV,3287.4,882.2,1659.1,105.3
2026-02-01,SLV,1818.5,882.2,1659.1,105.3
2026-03-01,SLV,1104.6,882.2,1659.1,105.3
2026-04-01,SLV,517.1,882.2,1659.1,105.3
2026-05-01,SLV,471.0,882.2,1659.1,105.3
2026-06-01,SLV,486.5,882.2,1659.1,105.3
2026-07-01,SLV,323.6,882.2,1659.1,105.3
2026-08-01,SLV,363.4,882.2,1659.1,105.3
2026-09-01,SLV,171.2,882.2,1659.1,105.3
2025-07-01,SM,43.6,81.9,118.9,44.9
2025-08-01,SM,40.7,81.9,118.9,44.9
2025-09-01,SM,43.2,81.9,118.9,44.9
2025-10-01,SM,60.1,81.9,118.9,44.9
2025-11-01,SM,70.5,81.9,118.9,44.9
2025-12-01,SM,58.3,81.9,118.9,44.9
2026-01-01,SM,111.4,81.9,118.9,44.9
2026-02-01,SM,167.0,81.9,118.9,44.9
2026-03-01,SM,151.7,81.9,118.9,44.9
2026-04-01,SM,103.3,81.9,118.9,44.9
2026-05-01,SM,85.3,81.9,118.9,44.9
2026-06-01,SM,82.7,81.9,118.9,44.9
2026-07-01,SM,78.3,81.9,118.9,44.9
2026-08-01,SM,84.6,81.9,118.9,44.9
2026-09-01,SM,41.1,81.9,118.9,44.9
2025-07-01,SMCI,821.9,795.6,1081.0,510.1
2025-08-01,SMCI,704.9,795.6,1081.0,510.1
2025-09-01,SMCI,569.2,795.6,1081.0,510.1
2025-10-01,SMCI,727.2,795.6,1081.0,510.1
2025-11-01,SMCI,574.1,795.6,1081.0,510.1
2025-12-01,SMCI,451.6,795.6,1081.0,510.1
2026-01-01,SMCI,643.3,795.6,1081.0,510.1
2026-02-01,SMCI,656.3,795.6,1081.0,510.1
2026-03-01,SMCI,991.9,795.6,1081.0,510.1
2026-04-01,SMCI,628.2,795.6,1081.0,510.1
2026-05-01,SMCI,911.4,795.6,1081.0,510.1
2026-06-01,SMCI,1569.9,795.6,1081.0,510.1
2026-07-01,SMCI,962.1,795.6,1081.0,510.1
2026-08-01,SMCI,1123.9,795.6,1081.0,510.1
2026-09-01,SMCI,393.1,795.6,1081.0,510.1
2025-07-01,SMH,163.0,181.9,233.8,129.9
2025-08-01,SMH,154.7,181.9,233.8,129.9
2025-09-01,SMH,176.6,181.9,233.8,129.9
2025-10-01,SMH,185.0,181.9,233.8,129.9
2025-11-01,SMH,184.6,181.9,233.8,129.9
2025-12-01,SMH,118.9,181.9,233.8,129.9
2026-01-01,SMH,143.2,181.9,233.8,129.9
2026-02-01,SMH,160.3,181.9,233.8,129.9
2026-03-01,SMH,241.6,181.9,233.8,129.9
2026-04-01,SMH,170.6,181.9,233.8,129.9
2026-05-01,SMH,202.4,181.9,233.8,129.9
2026-06-01,SMH,256.5,181.9,233.8,129.9
2026-07-01,SMH,298.0,181.9,233.8,129.9
2026-08-01,SMH,145.7,181.9,233.8,129.9
2026-09-01,SMH,72.8,181.9,233.8,129.9
2025-07-01,SNA,8.0,7.0,8.6,5.4
2025-08-01,SNA,4.9,7.0,8.6,5.4
2025-09-01,SNA,6.6,7.0,8.6,5.4
2025-10-01,SNA,8.6,7.0,8.6,5.4
2025-11-01,SNA,5.2,7.0,8.6,5.4
2025-12-01,SNA,6.4,7.0,8.6,5.4
2026-01-01,SNA,5.6,7.0,8.6,5.4
2026-02-01,SNA,8.0,7.0,8.6,5.4
2026-03-01,SNA,9.4,7.0,8.6,5.4
2026-04-01,SNA,8.6,7.0,8.6,5.4
2026-05-01,SNA,6.9,7.0,8.6,5.4
2026-06-01,SNA,7.3,7.0,8.6,5.4
2026-07-01,SNA,8.4,7.0,8.6,5.4
2026-08-01,SNA,6.1,7.0,8.6,5.4
2026-09-01,SNA,2.8,7.0,8.6,5.4
2025-07-01,SNDK,45.1,251.8,369.8,133.8
2025-08-01,SNDK,55.3,251.8,369.8,133.8
2025-09-01,SNDK,159.0,251.8,369.8,133.8
2025-10-01,SNDK,187.9,251.8,369.8,133.8
2025-11-01,SNDK,319.8,251.8,369.8,133.8
2025-12-01,SNDK,176.3,251.8,369.8,133.8
2026-01-01,SNDK,355.7,251.8,369.8,133.8
2026-02-01,SNDK,426.9,251.8,369.8,133.8
2026-03-01,SNDK,411.1,251.8,369.8,133.8
2026-04-01,SNDK,324.8,251.8,369.8,133.8
2026-05-01,SNDK,291.9,251.8,369.8,133.8
2026-06-01,SNDK,240.9,251.8,369.8,133.8
2026-07-01,SNDK,350.6,251.8,369.8,133.8
2026-08-01,SNDK,298.8,251.8,369.8,133.8
2026-09-01,SNDK,108.7,251.8,369.8,133.8
2025-07-01,SNPS,53.4,45.3,62.9,27.7
2025-08-01,SNPS,22.0,45.3,62.9,27.7
2025-09-01,SNPS,100.8,45.3,62.9,27.7
2025-10-01,SNPS,47.7,45.3,62.9,27.7
2025-11-01,SNPS,42.4,45.3,62.9,27.7
2025-12-01,SNPS,49.2,45.3,62.9,27.7
2026-01-01,SNPS,36.6,45.3,62.9,27.7
2026-02-01,SNPS,53.0,45.3,62.9,27.7
2026-03-01,SNPS,46.9,45.3,62.9,27.7
2026-04-01,SNPS,34.6,45.3,62.9,27.7
2026-05-01,SNPS,37.2,45.3,62.9,27.7
2026-06-01,SNPS,46.5,45.3,62.9,27.7
2026-07-01,SNPS,42.5,45.3,62.9,27.7
2026-08-01,SNPS,34.5,45.3,62.9,27.7
2026-09-01,SNPS,20.7,45.3,62.9,27.7
2025-07-01,SO,116.0,115.1,134.9,95.3
2025-08-01,SO,97.3,115.1,134.9,95.3
2025-09-01,SO,105.8,115.1,134.9,95.3
2025-10-01,SO,115.3,115.1,134.9,95.3
2025-11-01,SO,122.1,115.1,134.9,95.3
2025-12-01,SO,133.0,115.1,134.9,95.3
2026-01-01,SO,106.4,115.1,134.9,95.3
2026-02-01,SO,146.9,115.1,134.9,95.3
2026-03-01,SO,121.1,115.1,134.9,95.3
2026-04-01,SO,90.2,115.1,134.9,95.3
2026-05-01,SO,113.5,115.1,134.9,95.3
2026-06-01,SO,152.4,115.1,134.9,95.3
2026-07-01,SO,102.8,115.1,134.9,95.3
2026-08-01,SO,121.7,115.1,134.9,95.3
2026-09-01,SO,61.2,115.1,134.9,95.3
2025-07-01,SOLV,13.9,25.2,33.3,17.0
2025-08-01,SOLV,28.0,25.2,33.3,17.0
2025-09-01,SOLV,23.8,25.2,33.3,17.0
2025-10-01,SOLV,20.3,25.2,33.3,17.0
2025-11-01,SOLV,24.0,25.2,33.3,17.0
2025-12-01,SOLV,23.4,25.2,33.3,17.0
2026-01-01,SOLV,19.3,25.2,33.3,17.0
2026-02-01,SOLV,23.0,25.2,33.3,17.0
2026-03-01,SOLV,32.3,25.2,33.3,17.0
2026-04-01,SOLV,24.0,25.2,33.3,17.0
2026-05-01,SOLV,46.5,25.2,33.3,17.0
2026-06-01,SOLV,36.1,25.2,33.3,17.0
2026-07-01,SOLV,23.4,25.2,33.3,17.0
2026-08-01,SOLV,24.6,25.2,33.3,17.0
2026-09-01,SOLV,9.6,25.2,33.3,17.0
2025-07-01,SOYB,0.5,2.0,2.9,1.0
2025-08-01,SOYB,0.5,2.0,2.9,1.0
2025-09-01,SOYB,1.4,2.0,2.9,1.0
2025-10-01,SOYB,2.7,2.0,2.9,1.0
2025-11-01,SOYB,3.4,2.0,2.9,1.0
2025-12-01,SOYB,3.3,2.0,2.9,1.0
2026-01-01,SOYB,1.0,2.0,2.9,1.0
2026-02-01,SOYB,1.3,2.0,2.9,1.0
2026-03-01,SOYB,3.1,2.0,2.9,1.0
2026-04-01,SOYB,2.3,2.0,2.9,1.0
2026-05-01,SOYB,2.9,2.0,2.9,1.0
2026-06-01,SOYB,2.3,2.0,2.9,1.0
2026-07-01,SOYB,1.8,2.0,2.9,1.0
2026-08-01,SOYB,1.9,2.0,2.9,1.0
2026-09-01,SOYB,0.7,2.0,2.9,1.0
2025-07-01,SPG,29.3,32.9,41.3,24.4
2025-08-01,SPG,33.1,32.9,41.3,24.4
2025-09-01,SPG,41.9,32.9,41.3,24.4
2025-10-01,SPG,30.5,32.9,41.3,24.4
2025-11-01,SPG,25.1,32.9,41.3,24.4
2025-12-01,SPG,30.9,32.9,41.3,24.4
2026-01-01,SPG,31.8,32.9,41.3,24.4
2026-02-01,SPG,32.2,32.9,41.3,24.4
2026-03-01,SPG,41.2,32.9,41.3,24.4
2026-04-01,SPG,27.4,32.9,41.3,24.4
2026-05-01,SPG,29.7,32.9,41.3,24.4
2026-06-01,SPG,55.6,32.9,41.3,24.4
2026-07-01,SPG,34.4,32.9,41.3,24.4
2026-08-01,SPG,27.3,32.9,41.3,24.4
2026-09-01,SPG,13.3,32.9,41.3,24.4
2025-07-01,SPGI,22.0,39.0,53.1,24.8
2025-08-01,SPGI,24.6,39.0,53.1,24.8
2025-09-01,SPGI,32.7,39.0,53.1,24.8
2025-10-01,SPGI,40.0,39.0,53.1,24.8
2025-11-01,SPGI,29.9,39.0,53.1,24.8
2025-12-01,SPGI,33.1,39.0,53.1,24.8
2026-01-01,SPGI,29.6,39.0,53.1,24.8
2026-02-01,SPGI,81.6,39.0,53.1,24.8
2026-03-01,SPGI,48.8,39.0,53.1,24.8
2026-04-01,SPGI,36.7,39.0,53.1,24.8
2026-05-01,SPGI,42.5,39.0,53.1,24.8
2026-06-01,SPGI,50.7,39.0,53.1,24.8
2026-07-01,SPGI,48.8,39.0,53.1,24.8
2026-08-01,SPGI,37.7,39.0,53.1,24.8
2026-09-01,SPGI,21.6,39.0,53.1,24.8
2025-07-01,SPHB,8.3,7.5,9.2,5.9
2025-08-01,SPHB,7.7,7.5,9.2,5.9
2025-09-01,SPHB,7.9,7.5,9.2,5.9
2025-10-01,SPHB,8.4,7.5,9.2,5.9
2025-11-01,SPHB,7.1,7.5,9.2,5.9
2025-12-01,SPHB,8.0,7.5,9.2,5.9
2026-01-01,SPHB,5.5,7.5,9.2,5.9
2026-02-01,SPHB,6.1,7.5,9.2,5.9
2026-03-01,SPHB,11.3,7.5,9.2,5.9
2026-04-01,SPHB,7.9,7.5,9.2,5.9
2026-05-01,SPHB,7.8,7.5,9.2,5.9
2026-06-01,SPHB,7.5,7.5,9.2,5.9
2026-07-01,SPHB,8.6,7.5,9.2,5.9
2026-08-01,SPHB,5.0,7.5,9.2,5.9
2026-09-01,SPHB,3.3,7.5,9.2,5.9
2025-07-01,SPLV,50.1,60.6,76.9,44.4
2025-08-01,SPLV,64.9,60.6,76.9,44.4
2025-09-01,SPLV,46.8,60.6,76.9,44.4
2025-10-01,SPLV,68.6,60.6,76.9,44.4
2025-11-01,SPLV,77.9,60.6,76.9,44.4
2025-12-01,SPLV,77.5,60.6,76.9,44.4
2026-01-01,SPLV,83.0,60.6,76.9,44.4
2026-02-01,SPLV,71.5,60.6,76.9,44.4
2026-03-01,SPLV,85.4,60.6,76.9,44.4
2026-04-01,SPLV,46.7,60.6,76.9,44.4
2026-05-01,SPLV,49.5,60.6,76.9,44.4
2026-06-01,SPLV,61.0,60.6,76.9,44.4
2026-07-01,SPLV,46.0,60.6,76.9,44.4
2026-08-01,SPLV,43.9,60.6,76.9,44.4
2026-09-01,SPLV,22.2,60.6,76.9,44.4
2025-07-01,SPY,1479.9,1422.6,1823.5,1021.7
2025-08-01,SPY,1424.1,1422.6,1823.5,1021.7
2025-09-01,SPY,1606.4,1422.6,1823.5,1021.7
2025-10-01,SPY,1781.8,1422.6,1823.5,1021.7
2025-11-01,SPY,1664.7,1422.6,1823.5,1021.7
2025-12-01,SPY,1656.2,1422.6,1823.5,1021.7
2026-01-01,SPY,1600.5,1422.6,1823.5,1021.7
2026-02-01,SPY,1615.0,1422.6,1823.5,1021.7
2026-03-01,SPY,2237.6,1422.6,1823.5,1021.7
2026-04-01,SPY,1196.5,1422.6,1823.5,1021.7
2026-05-01,SPY,945.1,1422.6,1823.5,1021.7
2026-06-01,SPY,1315.0,1422.6,1823.5,1021.7
2026-07-01,SPY,1065.0,1422.6,1823.5,1021.7
2026-08-01,SPY,834.0,1422.6,1823.5,1021.7
2026-09-01,SPY,463.5,1422.6,1823.5,1021.7
2025-07-01,SRE,70.1,76.6,89.4,63.8
2025-08-01,SRE,73.0,76.6,89.4,63.8
2025-09-01,SRE,100.7,76.6,89.4,63.8
2025-10-01,SRE,71.1,76.6,89.4,63.8
2025-11-01,SRE,78.7,76.6,89.4,63.8
2025-12-01,SRE,73.9,76.6,89.4,63.8
2026-01-01,SRE,85.6,76.6,89.4,63.8
2026-02-01,SRE,77.7,76.6,89.4,63.8
2026-03-01,SRE,78.9,76.6,89.4,63.8
2026-04-01,SRE,67.0,76.6,89.4,63.8
2026-05-01,SRE,72.4,76.6,89.4,63.8
2026-06-01,SRE,93.7,76.6,89.4,63.8
2026-07-01,SRE,60.7,76.6,89.4,63.8
2026-08-01,SRE,91.7,76.6,89.4,63.8
2026-09-01,SRE,40.9,76.6,89.4,63.8
2025-07-01,STE,14.4,14.6,18.0,11.2
2025-08-01,STE,11.4,14.6,18.0,11.2
2025-09-01,STE,11.9,14.6,18.0,11.2
2025-10-01,STE,13.6,14.6,18.0,11.2
2025-11-01,STE,14.8,14.6,18.0,11.2
2025-12-01,STE,12.8,14.6,18.0,11.2
2026-01-01,STE,10.0,14.6,18.0,11.2
2026-02-01,STE,20.5,14.6,18.0,11.2
2026-03-01,STE,20.2,14.6,18.0,11.2
2026-04-01,STE,13.3,14.6,18.0,11.2
2026-05-01,STE,17.3,14.6,18.0,11.2
2026-06-01,STE,18.6,14.6,18.0,11.2
2026-07-01,STE,15.9,14.6,18.0,11.2
2026-08-01,STE,14.6,14.6,18.0,11.2
2026-09-01,STE,6.7,14.6,18.0,11.2
2025-07-01,STIP,17.1,20.4,27.0,13.8
2025-08-01,STIP,10.2,20.4,27.0,13.8
2025-09-01,STIP,15.8,20.4,27.0,13.8
2025-10-01,STIP,14.8,20.4,27.0,13.8
2025-11-01,STIP,21.8,20.4,27.0,13.8
2025-12-01,STIP,16.9,20.4,27.0,13.8
2026-01-01,STIP,26.6,20.4,27.0,13.8
2026-02-01,STIP,25.9,20.4,27.0,13.8
2026-03-01,STIP,37.6,20.4,27.0,13.8
2026-04-01,STIP,23.4,20.4,27.0,13.8
2026-05-01,STIP,22.7,20.4,27.0,13.8
2026-06-01,STIP,21.8,20.4,27.0,13.8
2026-07-01,STIP,18.0,20.4,27.0,13.8
2026-08-01,STIP,19.4,20.4,27.0,13.8
2026-09-01,STIP,11.6,20.4,27.0,13.8
2025-07-01,STLA,684.9,387.7,507.3,268.0
2025-08-01,STLA,245.8,387.7,507.3,268.0
2025-09-01,STLA,343.8,387.7,507.3,268.0
2025-10-01,STLA,442.1,387.7,507.3,268.0
2025-11-01,STLA,270.2,387.7,507.3,268.0
2025-12-01,STLA,221.5,387.7,507.3,268.0
2026-01-01,STLA,281.2,387.7,507.3,268.0
2026-02-01,STLA,391.1,387.7,507.3,268.0
2026-03-01,STLA,495.7,387.7,507.3,268.0
2026-04-01,STLA,443.9,387.7,507.3,268.0
2026-05-01,STLA,380.1,387.7,507.3,268.0
2026-06-01,STLA,383.5,387.7,507.3,268.0
2026-07-01,STLA,465.5,387.7,507.3,268.0
2026-08-01,STLA,431.3,387.7,507.3,268.0
2026-09-01,STLA,230.6,387.7,507.3,268.0
2025-07-01,STLD,28.7,25.8,29.7,22.0
2025-08-01,STLD,25.9,25.8,29.7,22.0
2025-09-01,STLD,28.5,25.8,29.7,22.0
2025-10-01,STLD,29.5,25.8,29.7,22.0
2025-11-01,STLD,21.8,25.8,29.7,22.0
2025-12-01,STLD,27.6,25.8,29.7,22.0
2026-01-01,STLD,27.5,25.8,29.7,22.0
2026-02-01,STLD,26.1,25.8,29.7,22.0
2026-03-01,STLD,27.5,25.8,29.7,22.0
2026-04-01,STLD,24.6,25.8,29.7,22.0
2026-05-01,STLD,21.4,25.8,29.7,22.0
2026-06-01,STLD,28.0,25.8,29.7,22.0
2026-07-01,STLD,26.3,25.8,29.7,22.0
2026-08-01,STLD,25.5,25.8,29.7,22.0
2026-09-01,STLD,10.4,25.8,29.7,22.0
2025-07-01,STNG,27.7,20.9,25.8,16.0
2025-08-01,STNG,21.0,20.9,25.8,16.0
2025-09-01,STNG,23.7,20.9,25.8,16.0
2025-10-01,STNG,17.4,20.9,25.8,16.0
2025-11-01,STNG,17.1,20.9,25.8,16.0
2025-12-01,STNG,20.8,20.9,25.8,16.0
2026-01-01,STNG,22.4,20.9,25.8,16.0
2026-02-01,STNG,20.3,20.9,25.8,16.0
2026-03-01,STNG,31.8,20.9,25.8,16.0
2026-04-01,STNG,23.3,20.9,25.8,16.0
2026-05-01,STNG,23.6,20.9,25.8,16.0
2026-06-01,STNG,17.8,20.9,25.8,16.0
2026-07-01,STNG,16.2,20.9,25.8,16.0
2026-08-01,STNG,15.4,20.9,25.8,16.0
2026-09-01,STNG,10.2,20.9,25.8,16.0
2025-07-01,STT,51.9,42.1,52.2,32.1
2025-08-01,STT,32.5,42.1,52.2,32.1
2025-09-01,STT,36.0,42.1,52.2,32.1
2025-10-01,STT,53.0,42.1,52.2,32.1
2025-11-01,STT,28.8,42.1,52.2,32.1
2025-12-01,STT,45.5,42.1,52.2,32.1
2026-01-01,STT,47.9,42.1,52.2,32.1
2026-02-01,STT,36.8,42.1,52.2,32.1
2026-03-01,STT,48.6,42.1,52.2,32.1
2026-04-01,STT,47.1,42.1,52.2,32.1
2026-05-01,STT,38.0,42.1,52.2,32.1
2026-06-01,STT,52.1,42.1,52.2,32.1
2026-07-01,STT,53.5,42.1,52.2,32.1
2026-08-01,STT,28.5,42.1,52.2,32.1
2026-09-01,STT,16.8,42.1,52.2,32.1
2025-07-01,STX,98.7,88.1,107.8,68.5
2025-08-01,STX,55.2,88.1,107.8,68.5
2025-09-01,STX,89.0,88.1,107.8,68.5
2025-10-01,STX,123.9,88.1,107.8,68.5
2025-11-01,STX,75.4,88.1,107.8,68.5
2025-12-01,STX,84.9,88.1,107.8,68.5
2026-01-01,STX,99.4,88.1,107.8,68.5
2026-02-01,STX,74.9,88.1,107.8,68.5
2026-03-01,STX,81.4,88.1,107.8,68.5
2026-04-01,STX,85.9,88.1,107.8,68.5
2026-05-01,STX,84.4,88.1,107.8,68.5
2026-06-01,STX,95.4,88.1,107.8,68.5
2026-07-01,STX,119.3,88.1,107.8,68.5
2026-08-01,STX,88.0,88.1,107.8,68.5
2026-09-01,STX,38.0,88.1,107.8,68.5
2025-07-01,STZ,49.5,48.2,58.8,37.6
2025-08-01,STZ,38.0,48.2,58.8,37.6
2025-09-01,STZ,67.6,48.2,58.8,37.6
2025-10-01,STZ,65.3,48.2,58.8,37.6
2025-11-01,STZ,42.6,48.2,58.8,37.6
2025-12-01,STZ,54.9,48.2,58.8,37.6
2026-01-01,STZ,60.8,48.2,58.8,37.6
2026-02-01,STZ,45.5,48.2,58.8,37.6
2026-03-01,STZ,39.0,48.2,58.8,37.6
2026-04-01,STZ,46.3,48.2,58.8,37.6
2026-05-01,STZ,40.2,48.2,58.8,37.6
2026-06-01,STZ,50.7,48.2,58.8,37.6
2026-07-01,STZ,49.5,48.2,58.8,37.6
2026-08-01,STZ,35.3,48.2,58.8,37.6
2026-09-01,STZ,26.2,48.2,58.8,37.6
2025-07-01,SW,77.9,106.7,130.2,83.2
2025-08-01,SW,86.4,106.7,130.2,83.2
2025-09-01,SW,87.5,106.7,130.2,83.2
2025-10-01,SW,122.5,106.7,130.2,83.2
2025-11-01,SW,102.8,106.7,130.2,83.2
2025-12-01,SW,108.9,106.7,130.2,83.2
2026-01-01,SW,107.7,106.7,130.2,83.2
2026-02-01,SW,147.0,106.7,130.2,83.2
2026-03-01,SW,140.2,106.7,130.2,83.2
2026-04-01,SW,105.3,106.7,130.2,83.2
2026-05-01,SW,96.4,106.7,130.2,83.2
2026-06-01,SW,134.1,106.7,130.2,83.2
2026-07-01,SW,121.2,106.7,130.2,83.2
2026-08-01,SW,91.4,106.7,130.2,83.2
2026-09-01,SW,45.9,106.7,130.2,83.2
2025-07-01,SWK,50.9,39.2,46.2,32.1
2025-08-01,SWK,40.1,39.2,46.2,32.1
2025-09-01,SWK,44.0,39.2,46.2,32.1
2025-10-01,SWK,43.5,39.2,46.2,32.1
2025-11-01,SWK,34.7,39.2,46.2,32.1
2025-12-01,SWK,33.9,39.2,46.2,32.1
2026-01-01,SWK,33.8,39.2,46.2,32.1
2026-02-01,SWK,42.0,39.2,46.2,32.1
2026-03-01,SWK,38.5,39.2,46.2,32.1
2026-04-01,SWK,52.3,39.2,46.2,32.1
2026-05-01,SWK,33.5,39.2,46.2,32.1
2026-06-01,SWK,36.7,39.2,46.2,32.1
2026-07-01,SWK,38.7,39.2,46.2,32.1
2026-08-01,SWK,36.0,39.2,46.2,32.1
2026-09-01,SWK,18.9,39.2,46.2,32.1
2025-07-01,SWKS,47.9,79.7,106.1,53.4
2025-08-01,SWKS,54.0,79.7,106.1,53.4
2025-09-01,SWKS,58.4,79.7,106.1,53.4
2025-10-01,SWKS,65.4,79.7,106.1,53.4
2025-11-01,SWKS,63.7,79.7,106.1,53.4
2025-12-01,SWKS,52.6,79.7,106.1,53.4
2026-01-01,SWKS,90.5,79.7,106.1,53.4
2026-02-01,SWKS,70.8,79.7,106.1,53.4
2026-03-01,SWKS,72.0,79.7,106.1,53.4
2026-04-01,SWKS,66.2,79.7,106.1,53.4
2026-05-01,SWKS,111.2,79.7,106.1,53.4
2026-06-01,SWKS,117.0,79.7,106.1,53.4
2026-07-01,SWKS,131.3,79.7,106.1,53.4
2026-08-01,SWKS,112.4,79.7,106.1,53.4
2026-09-01,SWKS,88.0,79.7,106.1,53.4
2025-07-01,SYF,75.8,76.8,91.7,61.8
2025-08-01,SYF,66.0,76.8,91.7,61.8
2025-09-01,SYF,66.7,76.8,91.7,61.8
2025-10-01,SYF,82.0,76.8,91.7,61.8
2025-11-01,SYF,69.9,76.8,91.7,61.8
2025-12-01,SYF,64.2,76.8,91.7,61.8
2026-01-01,SYF,104.4,76.8,91.7,61.8
2026-02-01,SYF,97.9,76.8,91.7,61.8
2026-03-01,SYF,87.2,76.8,91.7,61.8
2026-04-01,SYF,79.0,76.8,91.7,61.8
2026-05-01,SYF,79.4,76.8,91.7,61.8
2026-06-01,SYF,74.0,76.8,91.7,61.8
2026-07-01,SYF,90.0,76.8,91.7,61.8
2026-08-01,SYF,66.8,76.8,91.7,61.8
2026-09-01,SYF,30.0,76.8,91.7,61.8
2025-07-01,SYK,26.0,40.9,52.3,29.5
2025-08-01,SYK,26.0,40.9,52.3,29.5
2025-09-01,SYK,26.8,40.9,52.3,29.5
2025-10-01,SYK,35.3,40.9,52.3,29.5
2025-11-01,SYK,34.6,40.9,52.3,29.5
2025-12-01,SYK,35.0,40.9,52.3,29.5
2026-01-01,SYK,39.9,40.9,52.3,29.5
2026-02-01,SYK,39.3,40.9,52.3,29.5
2026-03-01,SYK,49.9,40.9,52.3,29.5
2026-04-01,SYK,39.9,40.9,52.3,29.5
2026-05-01,SYK,65.4,40.9,52.3,29.5
2026-06-01,SYK,55.7,40.9,52.3,29.5
2026-07-01,SYK,55.1,40.9,52.3,29.5
2026-08-01,SYK,46.8,40.9,52.3,29.5
2026-09-01,SYK,38.2,40.9,52.3,29.5
2025-07-01,SYY,65.7,74.2,92.1,56.2
2025-08-01,SYY,62.4,74.2,92.1,56.2
2025-09-01,SYY,63.8,74.2,92.1,56.2
2025-10-01,SYY,69.5,74.2,92.1,56.2
2025-11-01,SYY,58.6,74.2,92.1,56.2
2025-12-01,SYY,62.6,74.2,92.1,56.2
2026-01-01,SYY,88.2,74.2,92.1,56.2
2026-02-01,SYY,75.0,74.2,92.1,56.2
2026-03-01,SYY,102.7,74.2,92.1,56.2
2026-04-01,SYY,123.7,74.2,92.1,56.2
2026-05-01,SYY,70.9,74.2,92.1,56.2
2026-06-01,SYY,75.4,74.2,92.1,56.2
2026-07-01,SYY,65.8,74.2,92.1,56.2
2026-08-01,SYY,68.7,74.2,92.1,56.2
2026-09-01,SYY,48.1,74.2,92.1,56.2
2025-07-01,T,726.6,940.3,1299.9,580.7
2025-08-01,T,620.8,940.3,1299.9,580.7
2025-09-01,T,638.9,940.3,1299.9,580.7
2025-10-01,T,1441.9,940.3,1299.9,580.7
2025-11-01,T,953.5,940.3,1299.9,580.7
2025-12-01,T,748.2,940.3,1299.9,580.7
2026-01-01,T,985.7,940.3,1299.9,580.7
2026-02-01,T,836.9,940.3,1299.9,580.7
2026-03-01,T,973.6,940.3,1299.9,580.7
2026-04-01,T,792.2,940.3,1299.9,580.7
2026-05-01,T,737.0,940.3,1299.9,580.7
2026-06-01,T,1279.8,940.3,1299.9,580.7
2026-07-01,T,1886.4,940.3,1299.9,580.7
2026-08-01,T,756.3,940.3,1299.9,580.7
2026-09-01,T,407.9,940.3,1299.9,580.7
2025-07-01,TAGS,0.0,0.4,0.8,-0.1
2025-08-01,TAGS,0.0,0.4,0.8,-0.1
2025-09-01,TAGS,0.0,0.4,0.8,-0.1
2025-10-01,TAGS,0.1,0.4,0.8,-0.1
2025-11-01,TAGS,0.1,0.4,0.8,-0.1
2025-12-01,TAGS,0.1,0.4,0.8,-0.1
2026-01-01,TAGS,0.1,0.4,0.8,-0.1
2026-02-01,TAGS,0.2,0.4,0.8,-0.1
2026-03-01,TAGS,1.6,0.4,0.8,-0.1
2026-04-01,TAGS,1.1,0.4,0.8,-0.1
2026-05-01,TAGS,0.8,0.4,0.8,-0.1
2026-06-01,TAGS,0.4,0.4,0.8,-0.1
2026-07-01,TAGS,0.3,0.4,0.8,-0.1
2026-08-01,TAGS,0.4,0.4,0.8,-0.1
2026-09-01,TAGS,0.2,0.4,0.8,-0.1
2025-07-01,TAP,50.2,61.2,71.4,51.1
2025-08-01,TAP,54.6,61.2,71.4,51.1
2025-09-01,TAP,56.4,61.2,71.4,51.1
2025-10-01,TAP,49.4,61.2,71.4,51.1
2025-11-01,TAP,82.1,61.2,71.4,51.1
2025-12-01,TAP,67.1,61.2,71.4,51.1
2026-01-01,TAP,58.2,61.2,71.4,51.1
2026-02-01,TAP,66.3,61.2,71.4,51.1
2026-03-01,TAP,64.2,61.2,71.4,51.1
2026-04-01,TAP,65.2,61.2,71.4,51.1
2026-05-01,TAP,66.1,61.2,71.4,51.1
2026-06-01,TAP,72.4,61.2,71.4,51.1
2026-07-01,TAP,68.9,61.2,71.4,51.1
2026-08-01,TAP,55.7,61.2,71.4,51.1
2026-09-01,TAP,33.9,61.2,71.4,51.1
2025-07-01,TDG,4.7,7.5,8.9,6.0
2025-08-01,TDG,9.0,7.5,8.9,6.0
2025-09-01,TDG,7.7,7.5,8.9,6.0
2025-10-01,TDG,6.5,7.5,8.9,6.0
2025-11-01,TDG,6.1,7.5,8.9,6.0
2025-12-01,TDG,6.8,7.5,8.9,6.0
2026-01-01,TDG,6.8,7.5,8.9,6.0
2026-02-01,TDG,8.5,7.5,8.9,6.0
2026-03-01,TDG,9.1,7.5,8.9,6.0
2026-04-01,TDG,7.8,7.5,8.9,6.0
2026-05-01,TDG,8.3,7.5,8.9,6.0
2026-06-01,TDG,8.6,7.5,8.9,6.0
2026-07-01,TDG,7.3,7.5,8.9,6.0
2026-08-01,TDG,9.6,7.5,8.9,6.0
2026-09-01,TDG,4.0,7.5,8.9,6.0
2025-07-01,TDW,18.0,16.2,19.1,13.2
2025-08-01,TDW,21.2,16.2,19.1,13.2
2025-09-01,TDW,15.4,16.2,19.1,13.2
2025-10-01,TDW,16.3,16.2,19.1,13.2
2025-11-01,TDW,18.3,16.2,19.1,13.2
2025-12-01,TDW,14.0,16.2,19.1,13.2
2026-01-01,TDW,14.2,16.2,19.1,13.2
2026-02-01,TDW,15.3,16.2,19.1,13.2
2026-03-01,TDW,21.3,16.2,19.1,13.2
2026-04-01,TDW,16.6,16.2,19.1,13.2
2026-05-01,TDW,15.6,16.2,19.1,13.2
2026-06-01,TDW,17.4,16.2,19.1,13.2
2026-07-01,TDW,14.3,16.2,19.1,13.2
2026-08-01,TDW,13.7,16.2,19.1,13.2
2026-09-01,TDW,7.5,16.2,19.1,13.2
2025-07-01,TDY,10.0,7.1,8.7,5.5
2025-08-01,TDY,6.0,7.1,8.7,5.5
2025-09-01,TDY,5.9,7.1,8.7,5.5
2025-10-01,TDY,6.9,7.1,8.7,5.5
2025-11-01,TDY,8.0,7.1,8.7,5.5
2025-12-01,TDY,6.3,7.1,8.7,5.5
2026-01-01,TDY,9.0,7.1,8.7,5.5
2026-02-01,TDY,6.8,7.1,8.7,5.5
2026-03-01,TDY,6.7,7.1,8.7,5.5
2026-04-01,TDY,7.7,7.1,8.7,5.5
2026-05-01,TDY,6.0,7.1,8.7,5.5
2026-06-01,TDY,7.1,7.1,8.7,5.5
2026-07-01,TDY,9.5,7.1,8.7,5.5
2026-08-01,TDY,5.9,7.1,8.7,5.5
2026-09-01,TDY,2.6,7.1,8.7,5.5
2025-07-01,TECH,45.0,58.4,86.9,29.9
2025-08-01,TECH,46.2,58.4,86.9,29.9
2025-09-01,TECH,51.7,58.4,86.9,29.9
2025-10-01,TECH,51.2,58.4,86.9,29.9
2025-11-01,TECH,40.0,58.4,86.9,29.9
2025-12-01,TECH,35.4,58.4,86.9,29.9
2026-01-01,TECH,47.0,58.4,86.9,29.9
2026-02-01,TECH,50.8,58.4,86.9,29.9
2026-03-01,TECH,51.1,58.4,86.9,29.9
2026-04-01,TECH,42.2,58.4,86.9,29.9
2026-05-01,TECH,70.4,58.4,86.9,29.9
2026-06-01,TECH,144.0,58.4,86.9,29.9
2026-07-01,TECH,102.8,58.4,86.9,29.9
2026-08-01,TECH,55.3,58.4,86.9,29.9
2026-09-01,TECH,28.9,58.4,86.9,29.9
2025-07-01,TECK,123.2,86.5,118.6,54.5
2025-08-01,TECK,64.2,86.5,118.6,54.5
2025-09-01,TECK,176.3,86.5,118.6,54.5
2025-10-01,TECK,94.8,86.5,118.6,54.5
2025-11-01,TECK,68.8,86.5,118.6,54.5
2025-12-01,TECK,93.6,86.5,118.6,54.5
2026-01-01,TECK,91.9,86.5,118.6,54.5
2026-02-01,TECK,78.4,86.5,118.6,54.5
2026-03-01,TECK,111.5,86.5,118.6,54.5
2026-04-01,TECK,64.1,86.5,118.6,54.5
2026-05-01,TECK,63.6,86.5,118.6,54.5
2026-06-01,TECK,65.9,86.5,118.6,54.5
2026-07-01,TECK,78.6,86.5,118.6,54.5
2026-08-01,TECK,60.5,86.5,118.6,54.5
2026-09-01,TECK,33.3,86.5,118.6,54.5
2025-07-01,TEL,45.4,44.9,53.8,36.1
2025-08-01,TEL,35.0,44.9,53.8,36.1
2025-09-01,TEL,34.7,44.9,53.8,36.1
2025-10-01,TEL,41.1,44.9,53.8,36.1
2025-11-01,TEL,39.6,44.9,53.8,36.1
2025-12-01,TEL,41.4,44.9,53.8,36.1
2026-01-01,TEL,42.1,44.9,53.8,36.1
2026-02-01,TEL,45.2,44.9,53.8,36.1
2026-03-01,TEL,52.2,44.9,53.8,36.1
2026-04-01,TEL,52.6,44.9,53.8,36.1
2026-05-01,TEL,58.4,44.9,53.8,36.1
2026-06-01,TEL,54.1,44.9,53.8,36.1
2026-07-01,TEL,59.1,44.9,53.8,36.1
2026-08-01,TEL,40.6,44.9,53.8,36.1
2026-09-01,TEL,22.8,44.9,53.8,36.1
2025-07-01,TER,100.7,76.3,94.4,58.3
2025-08-01,TER,75.7,76.3,94.4,58.3
2025-09-01,TER,86.4,76.3,94.4,58.3
2025-10-01,TER,83.9,76.3,94.4,58.3
2025-11-01,TER,66.4,76.3,94.4,58.3
2025-12-01,TER,61.6,76.3,94.4,58.3
2026-01-01,TER,57.5,76.3,94.4,58.3
2026-02-01,TER,80.9,76.3,94.4,58.3
2026-03-01,TER,74.0,76.3,94.4,58.3
2026-04-01,TER,75.6,76.3,94.4,58.3
2026-05-01,TER,74.2,76.3,94.4,58.3
2026-06-01,TER,112.1,76.3,94.4,58.3
2026-07-01,TER,89.6,76.3,94.4,58.3
2026-08-01,TER,54.7,76.3,94.4,58.3
2026-09-01,TER,28.3,76.3,94.4,58.3
2025-07-01,TFC,179.9,173.6,211.2,136.1
2025-08-01,TFC,144.0,173.6,211.2,136.1
2025-09-01,TFC,166.3,173.6,211.2,136.1
2025-10-01,TFC,196.8,173.6,211.2,136.1
2025-11-01,TFC,154.4,173.6,211.2,136.1
2025-12-01,TFC,160.7,173.6,211.2,136.1
2026-01-01,TFC,208.6,173.6,211.2,136.1
2026-02-01,TFC,178.8,173.6,211.2,136.1
2026-03-01,TFC,224.0,173.6,211.2,136.1
2026-04-01,TFC,186.5,173.6,211.2,136.1
2026-05-01,TFC,140.4,173.6,211.2,136.1
2026-06-01,TFC,245.1,173.6,211.2,136.1
2026-07-01,TFC,172.8,173.6,211.2,136.1
2026-08-01,TFC,125.1,173.6,211.2,136.1
2026-09-01,TFC,72.3,173.6,211.2,136.1
2025-07-01,TGT,113.7,128.2,163.9,92.4
2025-08-01,TGT,164.7,128.2,163.9,92.4
2025-09-01,TGT,190.3,128.2,163.9,92.4
2025-10-01,TGT,168.1,128.2,163.9,92.4
2025-11-01,TGT,150.5,128.2,163.9,92.4
2025-12-01,TGT,155.9,128.2,163.9,92.4
2026-01-01,TGT,126.3,128.2,163.9,92.4
2026-02-01,TGT,122.5,128.2,163.9,92.4
2026-03-01,TGT,148.1,128.2,163.9,92.4
2026-04-01,TGT,97.4,128.2,163.9,92.4
2026-05-01,TGT,123.0,128.2,163.9,92.4
2026-06-01,TGT,99.4,128.2,163.9,92.4
2026-07-01,TGT,83.1,128.2,163.9,92.4
2026-08-01,TGT,103.6,128.2,163.9,92.4
2026-09-01,TGT,33.2,128.2,163.9,92.4
2025-07-01,THD,2.4,2.0,2.8,1.1
2025-08-01,THD,2.0,2.0,2.8,1.1
2025-09-01,THD,1.3,2.0,2.8,1.1
2025-10-01,THD,2.0,2.0,2.8,1.1
2025-11-01,THD,0.9,2.0,2.8,1.1
2025-12-01,THD,1.4,2.0,2.8,1.1
2026-01-01,THD,3.1,2.0,2.8,1.1
2026-02-01,THD,2.5,2.0,2.8,1.1
2026-03-01,THD,3.7,2.0,2.8,1.1
2026-04-01,THD,2.8,2.0,2.8,1.1
2026-05-01,THD,1.4,2.0,2.8,1.1
2026-06-01,THD,2.7,2.0,2.8,1.1
2026-07-01,THD,0.8,2.0,2.8,1.1
2026-08-01,THD,0.9,2.0,2.8,1.1
2026-09-01,THD,1.3,2.0,2.8,1.1
2025-07-01,TIP,58.7,52.5,66.8,38.2
2025-08-01,TIP,55.4,52.5,66.8,38.2
2025-09-01,TIP,77.6,52.5,66.8,38.2
2025-10-01,TIP,63.7,52.5,66.8,38.2
2025-11-01,TIP,59.5,52.5,66.8,38.2
2025-12-01,TIP,61.4,52.5,66.8,38.2
2026-01-01,TIP,55.8,52.5,66.8,38.2
2026-02-01,TIP,47.2,52.5,66.8,38.2
2026-03-01,TIP,74.4,52.5,66.8,38.2
2026-04-01,TIP,37.1,52.5,66.8,38.2
2026-05-01,TIP,44.1,52.5,66.8,38.2
2026-06-01,TIP,42.9,52.5,66.8,38.2
2026-07-01,TIP,36.8,52.5,66.8,38.2
2026-08-01,TIP,37.3,52.5,66.8,38.2
2026-09-01,TIP,20.1,52.5,66.8,38.2
2025-07-01,TJX,101.1,110.8,127.9,93.8
2025-08-01,TJX,116.3,110.8,127.9,93.8
2025-09-01,TJX,99.1,110.8,127.9,93.8
2025-10-01,TJX,102.1,110.8,127.9,93.8
2025-11-01,TJX,122.5,110.8,127.9,93.8
2025-12-01,TJX,98.1,110.8,127.9,93.8
2026-01-01,TJX,112.4,110.8,127.9,93.8
2026-02-01,TJX,107.9,110.8,127.9,93.8
2026-03-01,TJX,100.0,110.8,127.9,93.8
2026-04-01,TJX,84.1,110.8,127.9,93.8
2026-05-01,TJX,131.6,110.8,127.9,93.8
2026-06-01,TJX,135.3,110.8,127.9,93.8
2026-07-01,TJX,108.2,110.8,127.9,93.8
2026-08-01,TJX,149.2,110.8,127.9,93.8
2026-09-01,TJX,90.0,110.8,127.9,93.8
2025-07-01,TKO,16.6,24.8,30.8,18.7
2025-08-01,TKO,21.9,24.8,30.8,18.7
2025-09-01,TKO,30.5,24.8,30.8,18.7
2025-10-01,TKO,25.3,24.8,30.8,18.7
2025-11-01,TKO,25.7,24.8,30.8,18.7
2025-12-01,TKO,24.7,24.8,30.8,18.7
2026-01-01,TKO,19.5,24.8,30.8,18.7
2026-02-01,TKO,16.1,24.8,30.8,18.7
2026-03-01,TKO,34.3,24.8,30.8,18.7
2026-04-01,TKO,26.2,24.8,30.8,18.7
2026-05-01,TKO,29.5,24.8,30.8,18.7
2026-06-01,TKO,35.1,24.8,30.8,18.7
2026-07-01,TKO,24.0,24.8,30.8,18.7
2026-08-01,TKO,23.8,24.8,30.8,18.7
2026-09-01,TKO,11.8,24.8,30.8,18.7
2025-07-01,TLT,784.1,683.0,848.1,517.9
2025-08-01,TLT,712.9,683.0,848.1,517.9
2025-09-01,TLT,823.7,683.0,848.1,517.9
2025-10-01,TLT,732.5,683.0,848.1,517.9
2025-11-01,TLT,612.8,683.0,848.1,517.9
2025-12-01,TLT,708.8,683.0,848.1,517.9
2026-01-01,TLT,823.7,683.0,848.1,517.9
2026-02-01,TLT,700.4,683.0,848.1,517.9
2026-03-01,TLT,1062.7,683.0,848.1,517.9
2026-04-01,TLT,433.2,683.0,848.1,517.9
2026-05-01,TLT,552.5,683.0,848.1,517.9
2026-06-01,TLT,530.5,683.0,848.1,517.9
2026-07-01,TLT,534.2,683.0,848.1,517.9
2026-08-01,TLT,710.3,683.0,848.1,517.9
2026-09-01,TLT,356.7,683.0,848.1,517.9
2025-07-01,TMO,71.1,45.3,56.2,34.4
2025-08-01,TMO,39.4,45.3,56.2,34.4
2025-09-01,TMO,45.3,45.3,56.2,34.4
2025-10-01,TMO,51.5,45.3,56.2,34.4
2025-11-01,TMO,31.3,45.3,56.2,34.4
2025-12-01,TMO,32.9,45.3,56.2,34.4
2026-01-01,TMO,54.1,45.3,56.2,34.4
2026-02-01,TMO,46.0,45.3,56.2,34.4
2026-03-01,TMO,47.4,45.3,56.2,34.4
2026-04-01,TMO,41.9,45.3,56.2,34.4
2026-05-01,TMO,52.9,45.3,56.2,34.4
2026-06-01,TMO,48.1,45.3,56.2,34.4
2026-07-01,TMO,49.3,45.3,56.2,34.4
2026-08-01,TMO,35.0,45.3,56.2,34.4
2026-09-01,TMO,21.2,45.3,56.2,34.4
2025-07-01,TMUS,91.6,106.4,129.1,83.8
2025-08-01,TMUS,82.1,106.4,129.1,83.8
2025-09-01,TMUS,85.6,106.4,129.1,83.8
2025-10-01,TMUS,116.4,106.4,129.1,83.8
2025-11-01,TMUS,99.4,106.4,129.1,83.8
2025-12-01,TMUS,111.1,106.4,129.1,83.8
2026-01-01,TMUS,119.9,106.4,129.1,83.8
2026-02-01,TMUS,137.1,106.4,129.1,83.8
2026-03-01,TMUS,121.8,106.4,129.1,83.8
2026-04-01,TMUS,140.3,106.4,129.1,83.8
2026-05-01,TMUS,90.1,106.4,129.1,83.8
2026-06-01,TMUS,132.0,106.4,129.1,83.8
2026-07-01,TMUS,114.3,106.4,129.1,83.8
2026-08-01,TMUS,84.0,106.4,129.1,83.8
2026-09-01,TMUS,45.3,106.4,129.1,83.8
2025-07-01,TPL,10.0,9.0,10.9,7.0
2025-08-01,TPL,9.0,9.0,10.9,7.0
2025-09-01,TPL,8.8,9.0,10.9,7.0
2025-10-01,TPL,8.1,9.0,10.9,7.0
2025-11-01,TPL,7.7,9.0,10.9,7.0
2025-12-01,TPL,10.0,9.0,10.9,7.0
2026-01-01,TPL,7.3,9.0,10.9,7.0
2026-02-01,TPL,13.1,9.0,10.9,7.0
2026-03-01,TPL,11.1,9.0,10.9,7.0
2026-04-01,TPL,10.1,9.0,10.9,7.0
2026-05-01,TPL,8.7,9.0,10.9,7.0
2026-06-01,TPL,9.8,9.0,10.9,7.0
2026-07-01,TPL,6.5,9.0,10.9,7.0
2026-08-01,TPL,8.7,9.0,10.9,7.0
2026-09-01,TPL,3.4,9.0,10.9,7.0
2025-07-01,TPR,87.3,61.0,80.4,41.6
2025-08-01,TPR,108.3,61.0,80.4,41.6
2025-09-01,TPR,71.5,61.0,80.4,41.6
2025-10-01,TPR,52.3,61.0,80.4,41.6
2025-11-01,TPR,72.5,61.0,80.4,41.6
2025-12-01,TPR,60.5,61.0,80.4,41.6
2026-01-01,TPR,43.1,61.0,80.4,41.6
2026-02-01,TPR,53.3,61.0,80.4,41.6
2026-03-01,TPR,44.2,61.0,80.4,41.6
2026-04-01,TPR,34.1,61.0,80.4,41.6
2026-05-01,TPR,55.5,61.0,80.4,41.6
2026-06-01,TPR,63.2,61.0,80.4,41.6
2026-07-01,TPR,48.8,61.0,80.4,41.6
2026-08-01,TPR,75.3,61.0,80.4,41.6
2026-09-01,TPR,33.9,61.0,80.4,41.6
2025-07-01,TRGP,28.6,28.7,33.8,23.6
2025-08-01,TRGP,32.2,28.7,33.8,23.6
2025-09-01,TRGP,30.7,28.7,33.8,23.6
2025-10-01,TRGP,33.5,28.7,33.8,23.6
2025-11-01,TRGP,32.0,28.7,33.8,23.6
2025-12-01,TRGP,33.1,28.7,33.8,23.6
2026-01-01,TRGP,25.7,28.7,33.8,23.6
2026-02-01,TRGP,28.8,28.7,33.8,23.6
2026-03-01,TRGP,36.5,28.7,33.8,23.6
2026-04-01,TRGP,26.2,28.7,33.8,23.6
2026-05-01,TRGP,25.1,28.7,33.8,23.6
2026-06-01,TRGP,26.3,28.7,33.8,23.6
2026-07-01,TRGP,25.5,28.7,33.8,23.6
2026-08-01,TRGP,27.5,28.7,33.8,23.6
2026-09-01,TRGP,10.0,28.7,33.8,23.6
2025-07-01,TRMB,38.8,43.1,59.8,26.5
2025-08-01,TRMB,37.3,43.1,59.8,26.5
2025-09-01,TRMB,29.3,43.1,59.8,26.5
2025-10-01,TRMB,27.6,43.1,59.8,26.5
2025-11-01,TRMB,25.5,43.1,59.8,26.5
2025-12-01,TRMB,26.9,43.1,59.8,26.5
2026-01-01,TRMB,40.5,43.1,59.8,26.5
2026-02-01,TRMB,45.9,43.1,59.8,26.5
2026-03-01,TRMB,42.3,43.1,59.8,26.5
2026-04-01,TRMB,32.1,43.1,59.8,26.5
2026-05-01,TRMB,56.7,43.1,59.8,26.5
2026-06-01,TRMB,71.3,43.1,59.8,26.5
2026-07-01,TRMB,59.0,43.1,59.8,26.5
2026-08-01,TRMB,81.2,43.1,59.8,26.5
2026-09-01,TRMB,26.7,43.1,59.8,26.5
2025-07-01,TROW,38.6,39.4,49.3,29.5
2025-08-01,TROW,26.9,39.4,49.3,29.5
2025-09-01,TROW,34.4,39.4,49.3,29.5
2025-10-01,TROW,36.8,39.4,49.3,29.5
2025-11-01,TROW,31.2,39.4,49.3,29.5
2025-12-01,TROW,40.1,39.4,49.3,29.5
2026-01-01,TROW,34.8,39.4,49.3,29.5
2026-02-01,TROW,48.3,39.4,49.3,29.5
2026-03-01,TROW,61.2,39.4,49.3,29.5
2026-04-01,TROW,45.4,39.4,49.3,29.5
2026-05-01,TROW,39.4,39.4,49.3,29.5
2026-06-01,TROW,49.6,39.4,49.3,29.5
2026-07-01,TROW,45.8,39.4,49.3,29.5
2026-08-01,TROW,31.8,39.4,49.3,29.5
2026-09-01,TROW,15.2,39.4,49.3,29.5
2025-07-01,TRV,29.7,31.2,38.3,24.1
2025-08-01,TRV,24.4,31.2,38.3,24.1
2025-09-01,TRV,23.3,31.2,38.3,24.1
2025-10-01,TRV,28.9,31.2,38.3,24.1
2025-11-01,TRV,26.1,31.2,38.3,24.1
2025-12-01,TRV,30.2,31.2,38.3,24.1
2026-01-01,TRV,35.7,31.2,38.3,24.1
2026-02-01,TRV,32.5,31.2,38.3,24.1
2026-03-01,TRV,32.8,31.2,38.3,24.1
2026-04-01,TRV,30.3,31.2,38.3,24.1
2026-05-01,TRV,26.9,31.2,38.3,24.1
2026-06-01,TRV,44.8,31.2,38.3,24.1
2026-07-01,TRV,45.4,31.2,38.3,24.1
2026-08-01,TRV,34.1,31.2,38.3,24.1
2026-09-01,TRV,15.4,31.2,38.3,24.1
2025-07-01,TS,30.1,31.6,40.9,22.3
2025-08-01,TS,27.9,31.6,40.9,22.3
2025-09-01,TS,44.5,31.6,40.9,22.3
2025-10-01,TS,36.3,31.6,40.9,22.3
2025-11-01,TS,19.7,31.6,40.9,22.3
2025-12-01,TS,22.9,31.6,40.9,22.3
2026-01-01,TS,28.4,31.6,40.9,22.3
2026-02-01,TS,30.1,31.6,40.9,22.3
2026-03-01,TS,49.9,31.6,40.9,22.3
2026-04-01,TS,40.6,31.6,40.9,22.3
2026-05-01,TS,38.7,31.6,40.9,22.3
2026-06-01,TS,24.8,31.6,40.9,22.3
2026-07-01,TS,22.7,31.6,40.9,22.3
2026-08-01,TS,34.7,31.6,40.9,22.3
2026-09-01,TS,12.4,31.6,40.9,22.3
2025-07-01,TSCO,138.0,161.9,229.8,93.9
2025-08-01,TSCO,86.5,161.9,229.8,93.9
2025-09-01,TSCO,91.8,161.9,229.8,93.9
2025-10-01,TSCO,118.2,161.9,229.8,93.9
2025-11-01,TSCO,110.8,161.9,229.8,93.9
2025-12-01,TSCO,107.9,161.9,229.8,93.9
2026-01-01,TSCO,183.7,161.9,229.8,93.9
2026-02-01,TSCO,113.4,161.9,229.8,93.9
2026-03-01,TSCO,130.5,161.9,229.8,93.9
2026-04-01,TSCO,195.9,161.9,229.8,93.9
2026-05-01,TSCO,280.7,161.9,229.8,93.9
2026-06-01,TSCO,301.8,161.9,229.8,93.9
2026-07-01,TSCO,219.8,161.9,229.8,93.9
2026-08-01,TSCO,229.2,161.9,229.8,93.9
2026-09-01,TSCO,94.6,161.9,229.8,93.9
2025-07-01,TSLA,2157.4,1392.0,1852.8,931.1
2025-08-01,TSLA,1603.2,1392.0,1852.8,931.1
2025-09-01,TSLA,1973.6,1392.0,1852.8,931.1
2025-10-01,TSLA,2032.1,1392.0,1852.8,931.1
2025-11-01,TSLA,1628.4,1392.0,1852.8,931.1
2025-12-01,TSLA,1635.9,1392.0,1852.8,931.1
2026-01-01,TSLA,1275.0,1392.0,1852.8,931.1
2026-02-01,TSLA,1123.5,1392.0,1852.8,931.1
2026-03-01,TSLA,1362.7,1392.0,1852.8,931.1
2026-04-01,TSLA,1416.3,1392.0,1852.8,931.1
2026-05-01,TSLA,1051.6,1392.0,1852.8,931.1
2026-06-01,TSLA,1002.4,1392.0,1852.8,931.1
2026-07-01,TSLA,934.9,1392.0,1852.8,931.1
2026-08-01,TSLA,725.3,1392.0,1852.8,931.1
2026-09-01,TSLA,437.2,1392.0,1852.8,931.1
2025-07-01,TSN,54.0,61.9,70.8,53.1
2025-08-01,TSN,59.5,61.9,70.8,53.1
2025-09-01,TSN,56.7,61.9,70.8,53.1
2025-10-01,TSN,62.0,61.9,70.8,53.1
2025-11-01,TSN,68.6,61.9,70.8,53.1
2025-12-01,TSN,62.9,61.9,70.8,53.1
2026-01-01,TSN,61.7,61.9,70.8,53.1
2026-02-01,TSN,57.8,61.9,70.8,53.1
2026-03-01,TSN,70.6,61.9,70.8,53.1
2026-04-01,TSN,50.7,61.9,70.8,53.1
2026-05-01,TSN,60.4,61.9,70.8,53.1
2026-06-01,TSN,86.2,61.9,70.8,53.1
2026-07-01,TSN,64.3,61.9,70.8,53.1
2026-08-01,TSN,61.6,61.9,70.8,53.1
2026-09-01,TSN,44.3,61.9,70.8,53.1
2025-07-01,TT,28.4,27.4,33.5,21.3
2025-08-01,TT,22.4,27.4,33.5,21.3
2025-09-01,TT,30.6,27.4,33.5,21.3
2025-10-01,TT,29.5,27.4,33.5,21.3
2025-11-01,TT,21.9,27.4,33.5,21.3
2025-12-01,TT,27.1,27.4,33.5,21.3
2026-01-01,TT,43.4,27.4,33.5,21.3
2026-02-01,TT,26.9,27.4,33.5,21.3
2026-03-01,TT,29.7,27.4,33.5,21.3
2026-04-01,TT,26.6,27.4,33.5,21.3
2026-05-01,TT,28.1,27.4,33.5,21.3
2026-06-01,TT,31.0,27.4,33.5,21.3
2026-07-01,TT,27.9,27.4,33.5,21.3
2026-08-01,TT,20.0,27.4,33.5,21.3
2026-09-01,TT,10.7,27.4,33.5,21.3
2025-07-01,TTD,310.7,366.7,478.5,255.0
2025-08-01,TTD,396.6,366.7,478.5,255.0
2025-09-01,TTD,413.5,366.7,478.5,255.0
2025-10-01,TTD,241.2,366.7,478.5,255.0
2025-11-01,TTD,267.4,366.7,478.5,255.0
2025-12-01,TTD,298.3,366.7,478.5,255.0
2026-01-01,TTD,243.1,366.7,478.5,255.0
2026-02-01,TTD,359.7,366.7,478.5,255.0
2026-03-01,TTD,527.3,366.7,478.5,255.0
2026-04-01,TTD,341.6,366.7,478.5,255.0
2026-05-01,TTD,430.6,366.7,478.5,255.0
2026-06-01,TTD,471.2,366.7,478.5,255.0
2026-07-01,TTD,302.4,366.7,478.5,255.0
2026-08-01,TTD,625.5,366.7,478.5,255.0
2026-09-01,TTD,201.3,366.7,478.5,255.0
2025-07-01,TTWO,37.7,41.4,52.9,29.9
2025-08-01,TTWO,37.6,41.4,52.9,29.9
2025-09-01,TTWO,36.4,41.4,52.9,29.9
2025-10-01,TTWO,29.4,41.4,52.9,29.9
2025-11-01,TTWO,38.2,41.4,52.9,29.9
2025-12-01,TTWO,29.7,41.4,52.9,29.9
2026-01-01,TTWO,34.1,41.4,52.9,29.9
2026-02-01,TTWO,61.5,41.4,52.9,29.9
2026-03-01,TTWO,43.6,41.4,52.9,29.9
2026-04-01,TTWO,30.5,41.4,52.9,29.9
2026-05-01,TTWO,53.7,41.4,52.9,29.9
2026-06-01,TTWO,64.0,41.4,52.9,29.9
2026-07-01,TTWO,40.1,41.4,52.9,29.9
2026-08-01,TTWO,56.2,41.4,52.9,29.9
2026-09-01,TTWO,25.6,41.4,52.9,29.9
2025-07-01,TUR,2.4,4.6,7.4,1.9
2025-08-01,TUR,2.4,4.6,7.4,1.9
2025-09-01,TUR,4.9,4.6,7.4,1.9
2025-10-01,TUR,3.0,4.6,7.4,1.9
2025-11-01,TUR,2.1,4.6,7.4,1.9
2025-12-01,TUR,3.2,4.6,7.4,1.9
2026-01-01,TUR,7.0,4.6,7.4,1.9
2026-02-01,TUR,8.3,4.6,7.4,1.9
2026-03-01,TUR,10.8,4.6,7.4,1.9
2026-04-01,TUR,5.7,4.6,7.4,1.9
2026-05-01,TUR,8.2,4.6,7.4,1.9
2026-06-01,TUR,4.2,4.6,7.4,1.9
2026-07-01,TUR,2.2,4.6,7.4,1.9
2026-08-01,TUR,1.5,4.6,7.4,1.9
2026-09-01,TUR,3.4,4.6,7.4,1.9
2025-07-01,TXN,165.4,156.5,190.0,123.1
2025-08-01,TXN,119.4,156.5,190.0,123.1
2025-09-01,TXN,157.8,156.5,190.0,123.1
2025-10-01,TXN,199.6,156.5,190.0,123.1
2025-11-01,TXN,145.0,156.5,190.0,123.1
2025-12-01,TXN,140.6,156.5,190.0,123.1
2026-01-01,TXN,173.3,156.5,190.0,123.1
2026-02-01,TXN,159.6,156.5,190.0,123.1
2026-03-01,TXN,143.9,156.5,190.0,123.1
2026-04-01,TXN,164.6,156.5,190.0,123.1
2026-05-01,TXN,151.3,156.5,190.0,123.1
2026-06-01,TXN,221.9,156.5,190.0,123.1
2026-07-01,TXN,179.7,156.5,190.0,123.1
2026-08-01,TXN,123.0,156.5,190.0,123.1
2026-09-01,TXN,55.4,156.5,190.0,123.1
2025-07-01,TXT,41.6,31.8,37.9,25.8
2025-08-01,TXT,24.6,31.8,37.9,25.8
2025-09-01,TXT,30.2,31.8,37.9,25.8
2025-10-01,TXT,34.5,31.8,37.9,25.8
2025-11-01,TXT,22.4,31.8,37.9,25.8
2025-12-01,TXT,32.0,31.8,37.9,25.8
2026-01-01,TXT,39.9,31.8,37.9,25.8
2026-02-01,TXT,35.3,31.8,37.9,25.8
2026-03-01,TXT,36.1,31.8,37.9,25.8
2026-04-01,TXT,26.3,31.8,37.9,25.8
2026-05-01,TXT,25.7,31.8,37.9,25.8
2026-06-01,TXT,34.8,31.8,37.9,25.8
2026-07-01,TXT,37.9,31.8,37.9,25.8
2026-08-01,TXT,29.2,31.8,37.9,25.8
2026-09-01,TXT,20.2,31.8,37.9,25.8
2025-07-01,TYL,7.7,12.0,17.3,6.7
2025-08-01,TYL,6.9,12.0,17.3,6.7
2025-09-01,TYL,6.7,12.0,17.3,6.7
2025-10-01,TYL,8.7,12.0,17.3,6.7
2025-11-01,TYL,8.2,12.0,17.3,6.7
2025-12-01,TYL,8.2,12.0,17.3,6.7
2026-01-01,TYL,7.9,12.0,17.3,6.7
2026-02-01,TYL,21.0,12.0,17.3,6.7
2026-03-01,TYL,11.3,12.0,17.3,6.7
2026-04-01,TYL,10.3,12.0,17.3,6.7
2026-05-01,TYL,16.1,12.0,17.3,6.7
2026-06-01,TYL,20.5,12.0,17.3,6.7
2026-07-01,TYL,17.7,12.0,17.3,6.7
2026-08-01,TYL,20.1,12.0,17.3,6.7
2026-09-01,TYL,8.1,12.0,17.3,6.7
2025-07-01,UAL,173.3,123.3,162.6,84.0
2025-08-01,UAL,99.0,123.3,162.6,84.0
2025-09-01,UAL,119.8,123.3,162.6,84.0
2025-10-01,UAL,157.3,123.3,162.6,84.0
2025-11-01,UAL,112.4,123.3,162.6,84.0
2025-12-01,UAL,105.1,123.3,162.6,84.0
2026-01-01,UAL,102.9,123.3,162.6,84.0
2026-02-01,UAL,112.8,123.3,162.6,84.0
2026-03-01,UAL,202.9,123.3,162.6,84.0
2026-04-01,UAL,171.5,123.3,162.6,84.0
2026-05-01,UAL,122.5,123.3,162.6,84.0
2026-06-01,UAL,120.0,123.3,162.6,84.0
2026-07-01,UAL,99.2,123.3,162.6,84.0
2026-08-01,UAL,62.7,123.3,162.6,84.0
2026-09-01,UAL,42.5,123.3,162.6,84.0
2025-07-01,UBER,363.8,383.2,444.0,322.5
2025-08-01,UBER,380.1,383.2,444.0,322.5
2025-09-01,UBER,391.8,383.2,444.0,322.5
2025-10-01,UBER,321.7,383.2,444.0,322.5
2025-11-01,UBER,405.0,383.2,444.0,322.5
2025-12-01,UBER,412.3,383.2,444.0,322.5
2026-01-01,UBER,385.8,383.2,444.0,322.5
2026-02-01,UBER,473.5,383.2,444.0,322.5
2026-03-01,UBER,395.4,383.2,444.0,322.5
2026-04-01,UBER,289.5,383.2,444.0,322.5
2026-05-01,UBER,411.9,383.2,444.0,322.5
2026-06-01,UBER,495.8,383.2,444.0,322.5
2026-07-01,UBER,350.0,383.2,444.0,322.5
2026-08-01,UBER,404.1,383.2,444.0,322.5
2026-09-01,UBER,214.1,383.2,444.0,322.5
2025-07-01,UDR,48.3,69.5,88.7,50.3
2025-08-01,UDR,43.2,69.5,88.7,50.3
2025-09-01,UDR,54.4,69.5,88.7,50.3
2025-10-01,UDR,68.2,69.5,88.7,50.3
2025-11-01,UDR,52.2,69.5,88.7,50.3
2025-12-01,UDR,58.6,69.5,88.7,50.3
2026-01-01,UDR,99.6,69.5,88.7,50.3
2026-02-01,UDR,85.8,69.5,88.7,50.3
2026-03-01,UDR,77.2,69.5,88.7,50.3
2026-04-01,UDR,72.1,69.5,88.7,50.3
2026-05-01,UDR,102.8,69.5,88.7,50.3
2026-06-01,UDR,98.7,69.5,88.7,50.3
2026-07-01,UDR,71.2,69.5,88.7,50.3
2026-08-01,UDR,59.0,69.5,88.7,50.3
2026-09-01,UDR,44.0,69.5,88.7,50.3
2025-07-01,UHS,22.6,16.8,20.9,12.7
2025-08-01,UHS,15.9,16.8,20.9,12.7
2025-09-01,UHS,14.6,16.8,20.9,12.7
2025-10-01,UHS,14.1,16.8,20.9,12.7
2025-11-01,UHS,12.6,16.8,20.9,12.7
2025-12-01,UHS,15.9,16.8,20.9,12.7
2026-01-01,UHS,14.6,16.8,20.9,12.7
2026-02-01,UHS,15.4,16.8,20.9,12.7
2026-03-01,UHS,17.7,16.8,20.9,12.7
2026-04-01,UHS,15.1,16.8,20.9,12.7
2026-05-01,UHS,23.8,16.8,20.9,12.7
2026-06-01,UHS,21.8,16.8,20.9,12.7
2026-07-01,UHS,22.7,16.8,20.9,12.7
2026-08-01,UHS,13.7,16.8,20.9,12.7
2026-09-01,UHS,7.4,16.8,20.9,12.7
2025-07-01,ULTA,12.5,14.2,18.0,10.4
2025-08-01,ULTA,16.5,14.2,18.0,10.4
2025-09-01,ULTA,15.1,14.2,18.0,10.4
2025-10-01,ULTA,12.2,14.2,18.0,10.4
2025-11-01,ULTA,9.9,14.2,18.0,10.4
2025-12-01,ULTA,19.2,14.2,18.0,10.4
2026-01-01,ULTA,11.4,14.2,18.0,10.4
2026-02-01,ULTA,9.4,14.2,18.0,10.4
2026-03-01,ULTA,20.1,14.2,18.0,10.4
2026-04-01,ULTA,13.6,14.2,18.0,10.4
2026-05-01,ULTA,14.0,14.2,18.0,10.4
2026-06-01,ULTA,21.1,14.2,18.0,10.4
2026-07-01,ULTA,12.3,14.2,18.0,10.4
2026-08-01,ULTA,14.8,14.2,18.0,10.4
2026-09-01,ULTA,6.4,14.2,18.0,10.4
2025-07-01,UNG,194.3,249.3,370.7,127.9
2025-08-01,UNG,183.5,249.3,370.7,127.9
2025-09-01,UNG,174.5,249.3,370.7,127.9
2025-10-01,UNG,321.2,249.3,370.7,127.9
2025-11-01,UNG,224.4,249.3,370.7,127.9
2025-12-01,UNG,388.7,249.3,370.7,127.9
2026-01-01,UNG,631.4,249.3,370.7,127.9
2026-02-01,UNG,236.9,249.3,370.7,127.9
2026-03-01,UNG,293.9,249.3,370.7,127.9
2026-04-01,UNG,187.3,249.3,370.7,127.9
2026-05-01,UNG,193.1,249.3,370.7,127.9
2026-06-01,UNG,125.8,249.3,370.7,127.9
2026-07-01,UNG,166.8,249.3,370.7,127.9
2026-08-01,UNG,207.6,249.3,370.7,127.9
2026-09-01,UNG,187.2,249.3,370.7,127.9
2025-07-01,UNH,347.6,195.9,287.2,104.6
2025-08-01,UNH,417.8,195.9,287.2,104.6
2025-09-01,UNH,274.8,195.9,287.2,104.6
2025-10-01,UNH,199.6,195.9,287.2,104.6
2025-11-01,UNH,155.6,195.9,287.2,104.6
2025-12-01,UNH,135.7,195.9,287.2,104.6
2026-01-01,UNH,232.6,195.9,287.2,104.6
2026-02-01,UNH,174.5,195.9,287.2,104.6
2026-03-01,UNH,191.7,195.9,287.2,104.6
2026-04-01,UNH,191.7,195.9,287.2,104.6
2026-05-01,UNH,131.7,195.9,287.2,104.6
2026-06-01,UNH,151.4,195.9,287.2,104.6
2026-07-01,UNH,122.0,195.9,287.2,104.6
2026-08-01,UNH,86.6,195.9,287.2,104.6
2026-09-01,UNH,58.0,195.9,287.2,104.6
2025-07-01,UNP,105.2,70.1,88.8,51.5
2025-08-01,UNP,86.5,70.1,88.8,51.5
2025-09-01,UNP,105.8,70.1,88.8,51.5
2025-10-01,UNP,74.2,70.1,88.8,51.5
2025-11-01,UNP,59.7,70.1,88.8,51.5
2025-12-01,UNP,62.4,70.1,88.8,51.5
2026-01-01,UNP,69.0,70.1,88.8,51.5
2026-02-01,UNP,76.6,70.1,88.8,51.5
2026-03-01,UNP,64.4,70.1,88.8,51.5
2026-04-01,UNP,65.6,70.1,88.8,51.5
2026-05-01,UNP,60.8,70.1,88.8,51.5
2026-06-01,UNP,58.2,70.1,88.8,51.5
2026-07-01,UNP,68.6,70.1,88.8,51.5
2026-08-01,UNP,50.5,70.1,88.8,51.5
2026-09-01,UNP,21.7,70.1,88.8,51.5
2025-07-01,UPS,154.4,133.7,167.8,99.7
2025-08-01,UPS,172.4,133.7,167.8,99.7
2025-09-01,UPS,184.7,133.7,167.8,99.7
2025-10-01,UPS,186.8,133.7,167.8,99.7
2025-11-01,UPS,124.3,133.7,167.8,99.7
2025-12-01,UPS,126.5,133.7,167.8,99.7
2026-01-01,UPS,124.2,133.7,167.8,99.7
2026-02-01,UPS,115.8,133.7,167.8,99.7
2026-03-01,UPS,165.1,133.7,167.8,99.7
2026-04-01,UPS,109.0,133.7,167.8,99.7
2026-05-01,UPS,128.2,133.7,167.8,99.7
2026-06-01,UPS,113.9,133.7,167.8,99.7
2026-07-01,UPS,112.9,133.7,167.8,99.7
2026-08-01,UPS,97.5,133.7,167.8,99.7
2026-09-01,UPS,41.4,133.7,167.8,99.7
2025-07-01,URA,73.8,92.2,124.2,60.2
2025-08-01,URA,73.1,92.2,124.2,60.2
2025-09-01,URA,95.5,92.2,124.2,60.2
2025-10-01,URA,170.9,92.2,124.2,60.2
2025-11-01,URA,103.7,92.2,124.2,60.2
2025-12-01,URA,84.5,92.2,124.2,60.2
2026-01-01,URA,154.3,92.2,124.2,60.2
2026-02-01,URA,100.2,92.2,124.2,60.2
2026-03-01,URA,89.6,92.2,124.2,60.2
2026-04-01,URA,76.8,92.2,124.2,60.2
2026-05-01,URA,80.1,92.2,124.2,60.2
2026-06-01,URA,82.4,92.2,124.2,60.2
2026-07-01,URA,64.9,92.2,124.2,60.2
2026-08-01,URA,72.4,92.2,124.2,60.2
2026-09-01,URA,36.0,92.2,124.2,60.2
2025-07-01,URI,14.8,11.8,14.1,9.5
2025-08-01,URI,10.2,11.8,14.1,9.5
2025-09-01,URI,10.8,11.8,14.1,9.5
2025-10-01,URI,11.9,11.8,14.1,9.5
2025-11-01,URI,12.2,11.8,14.1,9.5
2025-12-01,URI,13.9,11.8,14.1,9.5
2026-01-01,URI,14.7,11.8,14.1,9.5
2026-02-01,URI,13.6,11.8,14.1,9.5
2026-03-01,URI,14.0,11.8,14.1,9.5
2026-04-01,URI,12.1,11.8,14.1,9.5
2026-05-01,URI,10.0,11.8,14.1,9.5
2026-06-01,URI,11.7,11.8,14.1,9.5
2026-07-01,URI,10.6,11.8,14.1,9.5
2026-08-01,URI,9.1,11.8,14.1,9.5
2026-09-01,URI,4.5,11.8,14.1,9.5
2025-07-01,URNM,13.0,15.2,19.8,10.5
2025-08-01,URNM,13.7,15.2,19.8,10.5
2025-09-01,URNM,15.8,15.2,19.8,10.5
2025-10-01,URNM,21.3,15.2,19.8,10.5
2025-11-01,URNM,14.2,15.2,19.8,10.5
2025-12-01,URNM,10.5,15.2,19.8,10.5
2026-01-01,URNM,27.5,15.2,19.8,10.5
2026-02-01,URNM,18.2,15.2,19.8,10.5
2026-03-01,URNM,17.2,15.2,19.8,10.5
2026-04-01,URNM,14.3,15.2,19.8,10.5
2026-05-01,URNM,17.0,15.2,19.8,10.5
2026-06-01,URNM,12.3,15.2,19.8,10.5
2026-07-01,URNM,9.3,15.2,19.8,10.5
2026-08-01,URNM,12.9,15.2,19.8,10.5
2026-09-01,URNM,8.0,15.2,19.8,10.5
2025-07-01,USB,275.6,194.7,240.2,149.1
2025-08-01,USB,168.9,194.7,240.2,149.1
2025-09-01,USB,207.5,194.7,240.2,149.1
2025-10-01,USB,225.5,194.7,240.2,149.1
2025-11-01,USB,135.4,194.7,240.2,149.1
2025-12-01,USB,193.3,194.7,240.2,149.1
2026-01-01,USB,241.7,194.7,240.2,149.1
2026-02-01,USB,209.3,194.7,240.2,149.1
2026-03-01,USB,244.4,194.7,240.2,149.1
2026-04-01,USB,187.4,194.7,240.2,149.1
2026-05-01,USB,164.2,194.7,240.2,149.1
2026-06-01,USB,214.5,194.7,240.2,149.1
2026-07-01,USB,182.2,194.7,240.2,149.1
2026-08-01,USB,129.1,194.7,240.2,149.1
2026-09-01,USB,79.9,194.7,240.2,149.1
2025-07-01,USO,113.5,246.0,593.1,-101.0
2025-08-01,USO,98.4,246.0,593.1,-101.0
2025-09-01,USO,105.6,246.0,593.1,-101.0
2025-10-01,USO,143.6,246.0,593.1,-101.0
2025-11-01,USO,81.8,246.0,593.1,-101.0
2025-12-01,USO,100.7,246.0,593.1,-101.0
2026-01-01,USO,140.7,246.0,593.1,-101.0
2026-02-01,USO,178.1,246.0,593.1,-101.0
2026-03-01,USO,1430.0,246.0,593.1,-101.0
2026-04-01,USO,532.6,246.0,593.1,-101.0
2026-05-01,USO,177.4,246.0,593.1,-101.0
2026-06-01,USO,130.6,246.0,593.1,-101.0
2026-07-01,USO,153.1,246.0,593.1,-101.0
2026-08-01,USO,99.8,246.0,593.1,-101.0
2026-09-01,USO,69.6,246.0,593.1,-101.0
2025-07-01,UUP,31.6,34.8,51.6,18.0
2025-08-01,UUP,20.6,34.8,51.6,18.0
2025-09-01,UUP,18.5,34.8,51.6,18.0
2025-10-01,UUP,24.7,34.8,51.6,18.0
2025-11-01,UUP,23.3,34.8,51.6,18.0
2025-12-01,UUP,25.6,34.8,51.6,18.0
2026-01-01,UUP,25.9,34.8,51.6,18.0
2026-02-01,UUP,24.1,34.8,51.6,18.0
2026-03-01,UUP,79.4,34.8,51.6,18.0
2026-04-01,UUP,58.3,34.8,51.6,18.0
2026-05-01,UUP,42.9,34.8,51.6,18.0
2026-06-01,UUP,45.0,34.8,51.6,18.0
2026-07-01,UUP,45.5,34.8,51.6,18.0
2026-08-01,UUP,28.8,34.8,51.6,18.0
2026-09-01,UUP,17.8,34.8,51.6,18.0
2025-07-01,V,130.4,144.8,171.9,117.8
2025-08-01,V,125.8,144.8,171.9,117.8
2025-09-01,V,131.7,144.8,171.9,117.8
2025-10-01,V,128.8,144.8,171.9,117.8
2025-11-01,V,120.1,144.8,171.9,117.8
2025-12-01,V,139.5,144.8,171.9,117.8
2026-01-01,V,170.6,144.8,171.9,117.8
2026-02-01,V,165.2,144.8,171.9,117.8
2026-03-01,V,162.9,144.8,171.9,117.8
2026-04-01,V,143.7,144.8,171.9,117.8
2026-05-01,V,154.3,144.8,171.9,117.8
2026-06-01,V,188.1,144.8,171.9,117.8
2026-07-01,V,177.4,144.8,171.9,117.8
2026-08-01,V,141.7,144.8,171.9,117.8
2026-09-01,V,55.1,144.8,171.9,117.8
2025-07-01,VAL,30.8,24.5,33.0,16.0
2025-08-01,VAL,25.8,24.5,33.0,16.0
2025-09-01,VAL,25.3,24.5,33.0,16.0
2025-10-01,VAL,28.5,24.5,33.0,16.0
2025-11-01,VAL,16.1,24.5,33.0,16.0
2025-12-01,VAL,23.9,24.5,33.0,16.0
2026-01-01,VAL,21.5,24.5,33.0,16.0
2026-02-01,VAL,53.6,24.5,33.0,16.0
2026-03-01,VAL,23.9,24.5,33.0,16.0
2026-04-01,VAL,20.3,24.5,33.0,16.0
2026-05-01,VAL,17.6,24.5,33.0,16.0
2026-06-01,VAL,20.5,24.5,33.0,16.0
2026-07-01,VAL,20.7,24.5,33.0,16.0
2026-08-01,VAL,21.2,24.5,33.0,16.0
2026-09-01,VAL,15.8,24.5,33.0,16.0
2025-07-01,VEEV,28.4,40.3,57.9,22.8
2025-08-01,VEEV,27.4,40.3,57.9,22.8
2025-09-01,VEEV,27.6,40.3,57.9,22.8
2025-10-01,VEEV,24.9,40.3,57.9,22.8
2025-11-01,VEEV,28.6,40.3,57.9,22.8
2025-12-01,VEEV,34.3,40.3,57.9,22.8
2026-01-01,VEEV,36.9,40.3,57.9,22.8
2026-02-01,VEEV,48.5,40.3,57.9,22.8
2026-03-01,VEEV,47.6,40.3,57.9,22.8
2026-04-01,VEEV,44.7,40.3,57.9,22.8
2026-05-01,VEEV,91.3,40.3,57.9,22.8
2026-06-01,VEEV,63.1,40.3,57.9,22.8
2026-07-01,VEEV,37.0,40.3,57.9,22.8
2026-08-01,VEEV,43.9,40.3,57.9,22.8
2026-09-01,VEEV,13.5,40.3,57.9,22.8
2025-07-01,VICI,128.2,195.3,239.6,151.1
2025-08-01,VICI,167.1,195.3,239.6,151.1
2025-09-01,VICI,190.3,195.3,239.6,151.1
2025-10-01,VICI,200.9,195.3,239.6,151.1
2025-11-01,VICI,214.1,195.3,239.6,151.1
2025-12-01,VICI,314.7,195.3,239.6,151.1
2026-01-01,VICI,222.1,195.3,239.6,151.1
2026-02-01,VICI,191.1,195.3,239.6,151.1
2026-03-01,VICI,211.4,195.3,239.6,151.1
2026-04-01,VICI,156.8,195.3,239.6,151.1
2026-05-01,VICI,160.3,195.3,239.6,151.1
2026-06-01,VICI,223.0,195.3,239.6,151.1
2026-07-01,VICI,198.7,195.3,239.6,151.1
2026-08-01,VICI,196.5,195.3,239.6,151.1
2026-09-01,VICI,119.7,195.3,239.6,151.1
2025-07-01,VLO,75.1,63.5,80.4,46.6
2025-08-01,VLO,45.4,63.5,80.4,46.6
2025-09-01,VLO,67.1,63.5,80.4,46.6
2025-10-01,VLO,53.1,63.5,80.4,46.6
2025-11-01,VLO,49.5,63.5,80.4,46.6
2025-12-01,VLO,62.8,63.5,80.4,46.6
2026-01-01,VLO,80.3,63.5,80.4,46.6
2026-02-01,VLO,50.2,63.5,80.4,46.6
2026-03-01,VLO,110.1,63.5,80.4,46.6
2026-04-01,VLO,66.1,63.5,80.4,46.6
2026-05-01,VLO,61.7,63.5,80.4,46.6
2026-06-01,VLO,69.6,63.5,80.4,46.6
2026-07-01,VLO,58.5,63.5,80.4,46.6
2026-08-01,VLO,52.6,63.5,80.4,46.6
2026-09-01,VLO,35.1,63.5,80.4,46.6
2025-07-01,VLTO,27.7,36.0,46.4,25.7
2025-08-01,VLTO,20.2,36.0,46.4,25.7
2025-09-01,VLTO,28.8,36.0,46.4,25.7
2025-10-01,VLTO,33.0,36.0,46.4,25.7
2025-11-01,VLTO,35.5,36.0,46.4,25.7
2025-12-01,VLTO,37.8,36.0,46.4,25.7
2026-01-01,VLTO,26.6,36.0,46.4,25.7
2026-02-01,VLTO,52.5,36.0,46.4,25.7
2026-03-01,VLTO,43.4,36.0,46.4,25.7
2026-04-01,VLTO,39.8,36.0,46.4,25.7
2026-05-01,VLTO,47.5,36.0,46.4,25.7
2026-06-01,VLTO,54.1,36.0,46.4,25.7
2026-07-01,VLTO,41.2,36.0,46.4,25.7
2026-08-01,VLTO,29.4,36.0,46.4,25.7
2026-09-01,VLTO,15.4,36.0,46.4,25.7
2025-07-01,VMC,21.1,21.6,26.6,16.7
2025-08-01,VMC,17.9,21.6,26.6,16.7
2025-09-01,VMC,15.8,21.6,26.6,16.7
2025-10-01,VMC,19.3,21.6,26.6,16.7
2025-11-01,VMC,23.4,21.6,26.6,16.7
2025-12-01,VMC,19.7,21.6,26.6,16.7
2026-01-01,VMC,18.1,21.6,26.6,16.7
2026-02-01,VMC,26.1,21.6,26.6,16.7
2026-03-01,VMC,34.0,21.6,26.6,16.7
2026-04-01,VMC,21.5,21.6,26.6,16.7
2026-05-01,VMC,21.9,21.6,26.6,16.7
2026-06-01,VMC,28.0,21.6,26.6,16.7
2026-07-01,VMC,23.8,21.6,26.6,16.7
2026-08-01,VMC,18.1,21.6,26.6,16.7
2026-09-01,VMC,12.1,21.6,26.6,16.7
2025-07-01,VNM,22.7,16.8,21.6,12.0
2025-08-01,VNM,13.2,16.8,21.6,12.0
2025-09-01,VNM,15.2,16.8,21.6,12.0
2025-10-01,VNM,25.6,16.8,21.6,12.0
2025-11-01,VNM,15.0,16.8,21.6,12.0
2025-12-01,VNM,17.4,16.8,21.6,12.0
2026-01-01,VNM,18.2,16.8,21.6,12.0
2026-02-01,VNM,16.7,16.8,21.6,12.0
2026-03-01,VNM,25.7,16.8,21.6,12.0
2026-04-01,VNM,17.2,16.8,21.6,12.0
2026-05-01,VNM,10.9,16.8,21.6,12.0
2026-06-01,VNM,15.4,16.8,21.6,12.0
2026-07-01,VNM,14.1,16.8,21.6,12.0
2026-08-01,VNM,11.3,16.8,21.6,12.0
2026-09-01,VNM,8.6,16.8,21.6,12.0
2025-07-01,VRSK,22.7,35.0,48.5,21.5
2025-08-01,VRSK,23.0,35.0,48.5,21.5
2025-09-01,VRSK,27.3,35.0,48.5,21.5
2025-10-01,VRSK,34.7,35.0,48.5,21.5
2025-11-01,VRSK,28.6,35.0,48.5,21.5
2025-12-01,VRSK,28.7,35.0,48.5,21.5
2026-01-01,VRSK,24.4,35.0,48.5,21.5
2026-02-01,VRSK,57.9,35.0,48.5,21.5
2026-03-01,VRSK,40.3,35.0,48.5,21.5
2026-04-01,VRSK,43.5,35.0,48.5,21.5
2026-05-01,VRSK,37.4,35.0,48.5,21.5
2026-06-01,VRSK,67.9,35.0,48.5,21.5
2026-07-01,VRSK,42.1,35.0,48.5,21.5
2026-08-01,VRSK,26.6,35.0,48.5,21.5
2026-09-01,VRSK,12.1,35.0,48.5,21.5
2025-07-01,VRSN,21.0,17.4,20.5,14.2
2025-08-01,VRSN,18.4,17.4,20.5,14.2
2025-09-01,VRSN,15.4,17.4,20.5,14.2
2025-10-01,VRSN,22.3,17.4,20.5,14.2
2025-11-01,VRSN,19.4,17.4,20.5,14.2
2025-12-01,VRSN,16.1,17.4,20.5,14.2
2026-01-01,VRSN,12.4,17.4,20.5,14.2
2026-02-01,VRSN,18.8,17.4,20.5,14.2
2026-03-01,VRSN,17.0,17.4,20.5,14.2
2026-04-01,VRSN,19.4,17.4,20.5,14.2
2026-05-01,VRSN,16.7,17.4,20.5,14.2
2026-06-01,VRSN,18.4,17.4,20.5,14.2
2026-07-01,VRSN,17.9,17.4,20.5,14.2
2026-08-01,VRSN,15.0,17.4,20.5,14.2
2026-09-01,VRSN,7.4,17.4,20.5,14.2
2025-07-01,VRT,185.6,142.7,183.8,101.6
2025-08-01,VRT,128.9,142.7,183.8,101.6
2025-09-01,VRT,150.1,142.7,183.8,101.6
2025-10-01,VRT,189.2,142.7,183.8,101.6
2025-11-01,VRT,141.1,142.7,183.8,101.6
2025-12-01,VRT,139.0,142.7,183.8,101.6
2026-01-01,VRT,101.6,142.7,183.8,101.6
2026-02-01,VRT,134.8,142.7,183.8,101.6
2026-03-01,VRT,245.3,142.7,183.8,101.6
2026-04-01,VRT,115.2,142.7,183.8,101.6
2026-05-01,VRT,114.3,142.7,183.8,101.6
2026-06-01,VRT,151.5,142.7,183.8,101.6
2026-07-01,VRT,134.7,142.7,183.8,101.6
2026-08-01,VRT,95.3,142.7,183.8,101.6
2026-09-01,VRT,66.4,142.7,183.8,101.6
2025-07-01,VRTX,23.7,30.4,38.7,22.0
2025-08-01,VRTX,53.0,30.4,38.7,22.0
2025-09-01,VRTX,35.4,30.4,38.7,22.0
2025-10-01,VRTX,30.4,30.4,38.7,22.0
2025-11-01,VRTX,27.8,30.4,38.7,22.0
2025-12-01,VRTX,28.8,30.4,38.7,22.0
2026-01-01,VRTX,30.7,30.4,38.7,22.0
2026-02-01,VRTX,29.0,30.4,38.7,22.0
2026-03-01,VRTX,32.8,30.4,38.7,22.0
2026-04-01,VRTX,22.4,30.4,38.7,22.0
2026-05-01,VRTX,26.5,30.4,38.7,22.0
2026-06-01,VRTX,38.3,30.4,38.7,22.0
2026-07-01,VRTX,32.4,30.4,38.7,22.0
2026-08-01,VRTX,25.2,30.4,38.7,22.0
2026-09-01,VRTX,10.2,30.4,38.7,22.0
2025-07-01,VST,108.5,97.6,113.6,81.6
2025-08-01,VST,88.4,97.6,113.6,81.6
2025-09-01,VST,103.2,97.6,113.6,81.6
2025-10-01,VST,106.8,97.6,113.6,81.6
2025-11-01,VST,82.1,97.6,113.6,81.6
2025-12-01,VST,91.6,97.6,113.6,81.6
2026-01-01,VST,125.7,97.6,113.6,81.6
2026-02-01,VST,111.5,97.6,113.6,81.6
2026-03-01,VST,103.8,97.6,113.6,81.6
2026-04-01,VST,76.0,97.6,113.6,81.6
2026-05-01,VST,117.6,97.6,113.6,81.6
2026-06-01,VST,92.2,97.6,113.6,81.6
2026-07-01,VST,90.6,97.6,113.6,81.6
2026-08-01,VST,95.8,97.6,113.6,81.6
2026-09-01,VST,51.3,97.6,113.6,81.6
2025-07-01,VTR,58.9,67.2,81.2,53.3
2025-08-01,VTR,54.7,67.2,81.2,53.3
2025-09-01,VTR,61.4,67.2,81.2,53.3
2025-10-01,VTR,59.0,67.2,81.2,53.3
2025-11-01,VTR,59.2,67.2,81.2,53.3
2025-12-01,VTR,68.1,67.2,81.2,53.3
2026-01-01,VTR,55.2,67.2,81.2,53.3
2026-02-01,VTR,63.6,67.2,81.2,53.3
2026-03-01,VTR,67.5,67.2,81.2,53.3
2026-04-01,VTR,90.0,67.2,81.2,53.3
2026-05-01,VTR,90.9,67.2,81.2,53.3
2026-06-01,VTR,87.7,67.2,81.2,53.3
2026-07-01,VTR,80.6,67.2,81.2,53.3
2026-08-01,VTR,62.7,67.2,81.2,53.3
2026-09-01,VTR,35.0,67.2,81.2,53.3
2025-07-01,VTRS,182.2,200.3,236.1,164.5
2025-08-01,VTRS,200.9,200.3,236.1,164.5
2025-09-01,VTRS,237.3,200.3,236.1,164.5
2025-10-01,VTRS,168.3,200.3,236.1,164.5
2025-11-01,VTRS,181.3,200.3,236.1,164.5
2025-12-01,VTRS,184.6,200.3,236.1,164.5
2026-01-01,VTRS,170.1,200.3,236.1,164.5
2026-02-01,VTRS,226.5,200.3,236.1,164.5
2026-03-01,VTRS,234.5,200.3,236.1,164.5
2026-04-01,VTRS,197.8,200.3,236.1,164.5
2026-05-01,VTRS,267.9,200.3,236.1,164.5
2026-06-01,VTRS,208.9,200.3,236.1,164.5
2026-07-01,VTRS,208.8,200.3,236.1,164.5
2026-08-01,VTRS,207.5,200.3,236.1,164.5
2026-09-01,VTRS,82.7,200.3,236.1,164.5
2025-07-01,VZ,440.2,528.5,674.8,382.1
2025-08-01,VZ,325.9,528.5,674.8,382.1
2025-09-01,VZ,380.2,528.5,674.8,382.1
2025-10-01,VZ,762.9,528.5,674.8,382.1
2025-11-01,VZ,507.3,528.5,674.8,382.1
2025-12-01,VZ,518.7,528.5,674.8,382.1
2026-01-01,VZ,685.5,528.5,674.8,382.1
2026-02-01,VZ,685.8,528.5,674.8,382.1
2026-03-01,VZ,596.8,528.5,674.8,382.1
2026-04-01,VZ,558.0,528.5,674.8,382.1
2026-05-01,VZ,406.3,528.5,674.8,382.1
2026-06-01,VZ,615.4,528.5,674.8,382.1
2026-07-01,VZ,691.8,528.5,674.8,382.1
2026-08-01,VZ,394.5,528.5,674.8,382.1
2026-09-01,VZ,205.0,528.5,674.8,382.1
2025-07-01,WAB,27.0,19.8,23.8,15.7
2025-08-01,WAB,22.3,19.8,23.8,15.7
2025-09-01,WAB,24.0,19.8,23.8,15.7
2025-10-01,WAB,20.7,19.8,23.8,15.7
2025-11-01,WAB,17.5,19.8,23.8,15.7
2025-12-01,WAB,17.3,19.8,23.8,15.7
2026-01-01,WAB,13.2,19.8,23.8,15.7
2026-02-01,WAB,19.5,19.8,23.8,15.7
2026-03-01,WAB,19.1,19.8,23.8,15.7
2026-04-01,WAB,23.8,19.8,23.8,15.7
2026-05-01,WAB,19.5,19.8,23.8,15.7
2026-06-01,WAB,18.2,19.8,23.8,15.7
2026-07-01,WAB,22.2,19.8,23.8,15.7
2026-08-01,WAB,18.3,19.8,23.8,15.7
2026-09-01,WAB,7.9,19.8,23.8,15.7
2025-07-01,WAT,23.6,18.0,24.2,11.8
2025-08-01,WAT,15.0,18.0,24.2,11.8
2025-09-01,WAT,14.7,18.0,24.2,11.8
2025-10-01,WAT,15.3,18.0,24.2,11.8
2025-11-01,WAT,12.5,18.0,24.2,11.8
2025-12-01,WAT,11.6,18.0,24.2,11.8
2026-01-01,WAT,10.0,18.0,24.2,11.8
2026-02-01,WAT,32.7,18.0,24.2,11.8
2026-03-01,WAT,24.6,18.0,24.2,11.8
2026-04-01,WAT,18.8,18.0,24.2,11.8
2026-05-01,WAT,24.5,18.0,24.2,11.8
2026-06-01,WAT,20.9,18.0,24.2,11.8
2026-07-01,WAT,17.4,18.0,24.2,11.8
2026-08-01,WAT,17.4,18.0,24.2,11.8
2026-09-01,WAT,6.4,18.0,24.2,11.8
2025-07-01,WBD,1674.5,777.9,1257.4,298.4
2025-08-01,WBD,999.8,777.9,1257.4,298.4
2025-09-01,WBD,1795.8,777.9,1257.4,298.4
2025-10-01,WBD,700.2,777.9,1257.4,298.4
2025-11-01,WBD,742.5,777.9,1257.4,298.4
2025-12-01,WBD,1414.6,777.9,1257.4,298.4
2026-01-01,WBD,485.0,777.9,1257.4,298.4
2026-02-01,WBD,488.0,777.9,1257.4,298.4
2026-03-01,WBD,639.1,777.9,1257.4,298.4
2026-04-01,WBD,406.5,777.9,1257.4,298.4
2026-05-01,WBD,347.5,777.9,1257.4,298.4
2026-06-01,WBD,510.4,777.9,1257.4,298.4
2026-07-01,WBD,507.3,777.9,1257.4,298.4
2026-08-01,WBD,408.3,777.9,1257.4,298.4
2026-09-01,WBD,182.8,777.9,1257.4,298.4
2025-07-01,WDAY,50.7,85.1,112.9,57.2
2025-08-01,WDAY,84.8,85.1,112.9,57.2
2025-09-01,WDAY,77.1,85.1,112.9,57.2
2025-10-01,WDAY,48.1,85.1,112.9,57.2
2025-11-01,WDAY,62.7,85.1,112.9,57.2
2025-12-01,WDAY,58.7,85.1,112.9,57.2
2026-01-01,WDAY,70.3,85.1,112.9,57.2
2026-02-01,WDAY,134.0,85.1,112.9,57.2
2026-03-01,WDAY,109.2,85.1,112.9,57.2
2026-04-01,WDAY,106.3,85.1,112.9,57.2
2026-05-01,WDAY,109.0,85.1,112.9,57.2
2026-06-01,WDAY,113.5,85.1,112.9,57.2
2026-07-01,WDAY,102.4,85.1,112.9,57.2
2026-08-01,WDAY,104.0,85.1,112.9,57.2
2026-09-01,WDAY,28.5,85.1,112.9,57.2
2025-07-01,WDC,160.5,176.2,214.0,138.3
2025-08-01,WDC,126.2,176.2,214.0,138.3
2025-09-01,WDC,208.5,176.2,214.0,138.3
2025-10-01,WDC,240.6,176.2,214.0,138.3
2025-11-01,WDC,171.8,176.2,214.0,138.3
2025-12-01,WDC,163.6,176.2,214.0,138.3
2026-01-01,WDC,205.8,176.2,214.0,138.3
2026-02-01,WDC,207.7,176.2,214.0,138.3
2026-03-01,WDC,194.7,176.2,214.0,138.3
2026-04-01,WDC,153.7,176.2,214.0,138.3
2026-05-01,WDC,153.0,176.2,214.0,138.3
2026-06-01,WDC,216.1,176.2,214.0,138.3
2026-07-01,WDC,164.0,176.2,214.0,138.3
2026-08-01,WDC,162.4,176.2,214.0,138.3
2026-09-01,WDC,63.8,176.2,214.0,138.3
2025-07-01,WEAT,3.5,9.4,17.2,1.6
2025-08-01,WEAT,2.7,9.4,17.2,1.6
2025-09-01,WEAT,3.3,9.4,17.2,1.6
2025-10-01,WEAT,3.2,9.4,17.2,1.6
2025-11-01,WEAT,2.6,9.4,17.2,1.6
2025-12-01,WEAT,3.8,9.4,17.2,1.6
2026-01-01,WEAT,3.5,9.4,17.2,1.6
2026-02-01,WEAT,5.6,9.4,17.2,1.6
2026-03-01,WEAT,27.4,9.4,17.2,1.6
2026-04-01,WEAT,21.3,9.4,17.2,1.6
2026-05-01,WEAT,18.5,9.4,17.2,1.6
2026-06-01,WEAT,10.9,9.4,17.2,1.6
2026-07-01,WEAT,11.1,9.4,17.2,1.6
2026-08-01,WEAT,14.7,9.4,17.2,1.6
2026-09-01,WEAT,7.3,9.4,17.2,1.6
2025-07-01,WEC,41.3,44.1,49.7,38.4
2025-08-01,WEC,45.0,44.1,49.7,38.4
2025-09-01,WEC,45.8,44.1,49.7,38.4
2025-10-01,WEC,49.9,44.1,49.7,38.4
2025-11-01,WEC,39.5,44.1,49.7,38.4
2025-12-01,WEC,45.3,44.1,49.7,38.4
2026-01-01,WEC,44.4,44.1,49.7,38.4
2026-02-01,WEC,48.9,44.1,49.7,38.4
2026-03-01,WEC,45.9,44.1,49.7,38.4
2026-04-01,WEC,35.7,44.1,49.7,38.4
2026-05-01,WEC,42.0,44.1,49.7,38.4
2026-06-01,WEC,50.5,44.1,49.7,38.4
2026-07-01,WEC,41.5,44.1,49.7,38.4
2026-08-01,WEC,51.3,44.1,49.7,38.4
2026-09-01,WEC,25.6,44.1,49.7,38.4
2025-07-01,WELL,52.4,64.4,76.4,52.4
2025-08-01,WELL,49.5,64.4,76.4,52.4
2025-09-01,WELL,77.1,64.4,76.4,52.4
2025-10-01,WELL,65.7,64.4,76.4,52.4
2025-11-01,WELL,65.6,64.4,76.4,52.4
2025-12-01,WELL,79.2,64.4,76.4,52.4
2026-01-01,WELL,61.8,64.4,76.4,52.4
2026-02-01,WELL,65.1,64.4,76.4,52.4
2026-03-01,WELL,71.1,64.4,76.4,52.4
2026-04-01,WELL,56.3,64.4,76.4,52.4
2026-05-01,WELL,73.3,64.4,76.4,52.4
2026-06-01,WELL,80.7,64.4,76.4,52.4
2026-07-01,WELL,64.3,64.4,76.4,52.4
2026-08-01,WELL,61.7,64.4,76.4,52.4
2026-09-01,WELL,25.4,64.4,76.4,52.4
2025-07-01,WFC,417.6,324.6,384.6,264.7
2025-08-01,WFC,284.5,324.6,384.6,264.7
2025-09-01,WFC,296.6,324.6,384.6,264.7
2025-10-01,WFC,366.3,324.6,384.6,264.7
2025-11-01,WFC,276.8,324.6,384.6,264.7
2025-12-01,WFC,282.6,324.6,384.6,264.7
2026-01-01,WFC,349.9,324.6,384.6,264.7
2026-02-01,WFC,304.9,324.6,384.6,264.7
2026-03-01,WFC,420.2,324.6,384.6,264.7
2026-04-01,WFC,341.1,324.6,384.6,264.7
2026-05-01,WFC,344.6,324.6,384.6,264.7
2026-06-01,WFC,336.8,324.6,384.6,264.7
2026-07-01,WFC,357.0,324.6,384.6,264.7
2026-08-01,WFC,244.8,324.6,384.6,264.7
2026-09-01,WFC,156.7,324.6,384.6,264.7
2025-07-01,WM,37.4,41.1,47.0,35.2
2025-08-01,WM,34.2,41.1,47.0,35.2
2025-09-01,WM,34.4,41.1,47.0,35.2
2025-10-01,WM,39.8,41.1,47.0,35.2
2025-11-01,WM,42.7,41.1,47.0,35.2
2025-12-01,WM,38.7,41.1,47.0,35.2
2026-01-01,WM,45.2,41.1,47.0,35.2
2026-02-01,WM,45.4,41.1,47.0,35.2
2026-03-01,WM,48.4,41.1,47.0,35.2
2026-04-01,WM,42.1,41.1,47.0,35.2
2026-05-01,WM,43.3,41.1,47.0,35.2
2026-06-01,WM,52.1,41.1,47.0,35.2
2026-07-01,WM,39.8,41.1,47.0,35.2
2026-08-01,WM,42.7,41.1,47.0,35.2
2026-09-01,WM,24.1,41.1,47.0,35.2
2025-07-01,WMB,156.2,144.2,160.1,128.3
2025-08-01,WMB,140.9,144.2,160.1,128.3
2025-09-01,WMB,144.0,144.2,160.1,128.3
2025-10-01,WMB,159.7,144.2,160.1,128.3
2025-11-01,WMB,149.8,144.2,160.1,128.3
2025-12-01,WMB,138.2,144.2,160.1,128.3
2026-01-01,WMB,146.1,144.2,160.1,128.3
2026-02-01,WMB,161.3,144.2,160.1,128.3
2026-03-01,WMB,143.7,144.2,160.1,128.3
2026-04-01,WMB,122.4,144.2,160.1,128.3
2026-05-01,WMB,137.4,144.2,160.1,128.3
2026-06-01,WMB,161.7,144.2,160.1,128.3
2026-07-01,WMB,143.8,144.2,160.1,128.3
2026-08-01,WMB,147.9,144.2,160.1,128.3
2026-09-01,WMB,84.0,144.2,160.1,128.3
2025-07-01,WMT,290.0,450.3,601.1,299.5
2025-08-01,WMT,397.9,450.3,601.1,299.5
2025-09-01,WMT,327.0,450.3,601.1,299.5
2025-10-01,WMT,348.8,450.3,601.1,299.5
2025-11-01,WMT,391.4,450.3,601.1,299.5
2025-12-01,WMT,442.9,450.3,601.1,299.5
2026-01-01,WMT,909.1,450.3,601.1,299.5
2026-02-01,WMT,540.1,450.3,601.1,299.5
2026-03-01,WMT,459.8,450.3,601.1,299.5
2026-04-01,WMT,349.8,450.3,601.1,299.5
2026-05-01,WMT,428.5,450.3,601.1,299.5
2026-06-01,WMT,512.5,450.3,601.1,299.5
2026-07-01,WMT,492.2,450.3,601.1,299.5
2026-08-01,WMT,582.2,450.3,601.1,299.5
2026-09-01,WMT,224.1,450.3,601.1,299.5
2025-07-01,WRB,52.7,48.4,62.2,34.5
2025-08-01,WRB,36.2,48.4,62.2,34.5
2025-09-01,WRB,39.0,48.4,62.2,34.5
2025-10-01,WRB,71.7,48.4,62.2,34.5
2025-11-01,WRB,43.2,48.4,62.2,34.5
2025-12-01,WRB,84.7,48.4,62.2,34.5
2026-01-01,WRB,52.5,48.4,62.2,34.5
2026-02-01,WRB,40.9,48.4,62.2,34.5
2026-03-01,WRB,50.4,48.4,62.2,34.5
2026-04-01,WRB,43.6,48.4,62.2,34.5
2026-05-01,WRB,42.3,48.4,62.2,34.5
2026-06-01,WRB,46.0,48.4,62.2,34.5
2026-07-01,WRB,44.1,48.4,62.2,34.5
2026-08-01,WRB,33.9,48.4,62.2,34.5
2026-09-01,WRB,31.9,48.4,62.2,34.5
2025-07-01,WSM,26.1,24.4,28.9,19.8
2025-08-01,WSM,32.3,24.4,28.9,19.8
2025-09-01,WSM,23.6,24.4,28.9,19.8
2025-10-01,WSM,22.8,24.4,28.9,19.8
2025-11-01,WSM,25.2,24.4,28.9,19.8
2025-12-01,WSM,26.4,24.4,28.9,19.8
2026-01-01,WSM,21.2,24.4,28.9,19.8
2026-02-01,WSM,18.9,24.4,28.9,19.8
2026-03-01,WSM,33.2,24.4,28.9,19.8
2026-04-01,WSM,21.6,24.4,28.9,19.8
2026-05-01,WSM,26.4,24.4,28.9,19.8
2026-06-01,WSM,26.4,24.4,28.9,19.8
2026-07-01,WSM,20.2,24.4,28.9,19.8
2026-08-01,WSM,22.8,24.4,28.9,19.8
2026-09-01,WSM,13.0,24.4,28.9,19.8
2025-07-01,WST,18.4,16.0,19.9,12.1
2025-08-01,WST,11.2,16.0,19.9,12.1
2025-09-01,WST,13.6,16.0,19.9,12.1
2025-10-01,WST,16.6,16.0,19.9,12.1
2025-11-01,WST,13.0,16.0,19.9,12.1
2025-12-01,WST,14.6,16.0,19.9,12.1
2026-01-01,WST,20.5,16.0,19.9,12.1
2026-02-01,WST,20.6,16.0,19.9,12.1
2026-03-01,WST,19.8,16.0,19.9,12.1
2026-04-01,WST,20.3,16.0,19.9,12.1
2026-05-01,WST,15.8,16.0,19.9,12.1
2026-06-01,WST,17.1,16.0,19.9,12.1
2026-07-01,WST,18.4,16.0,19.9,12.1
2026-08-01,WST,10.1,16.0,19.9,12.1
2026-09-01,WST,5.9,16.0,19.9,12.1
2025-07-01,WTW,16.1,13.8,17.8,9.8
2025-08-01,WTW,12.6,13.8,17.8,9.8
2025-09-01,WTW,11.3,13.8,17.8,9.8
2025-10-01,WTW,13.1,13.8,17.8,9.8
2025-11-01,WTW,13.2,13.8,17.8,9.8
2025-12-01,WTW,14.6,13.8,17.8,9.8
2026-01-01,WTW,9.9,13.8,17.8,9.8
2026-02-01,WTW,25.4,13.8,17.8,9.8
2026-03-01,WTW,12.3,13.8,17.8,9.8
2026-04-01,WTW,14.1,13.8,17.8,9.8
2026-05-01,WTW,18.0,13.8,17.8,9.8
2026-06-01,WTW,15.0,13.8,17.8,9.8
2026-07-01,WTW,13.1,13.8,17.8,9.8
2026-08-01,WTW,10.8,13.8,17.8,9.8
2026-09-01,WTW,4.6,13.8,17.8,9.8
2025-07-01,WY,111.3,115.5,139.4,91.7
2025-08-01,WY,81.1,115.5,139.4,91.7
2025-09-01,WY,97.4,115.5,139.4,91.7
2025-10-01,WY,113.8,115.5,139.4,91.7
2025-11-01,WY,118.9,115.5,139.4,91.7
2025-12-01,WY,155.9,115.5,139.4,91.7
2026-01-01,WY,165.7,115.5,139.4,91.7
2026-02-01,WY,122.2,115.5,139.4,91.7
2026-03-01,WY,134.7,115.5,139.4,91.7
2026-04-01,WY,91.1,115.5,139.4,91.7
2026-05-01,WY,110.4,115.5,139.4,91.7
2026-06-01,WY,125.5,115.5,139.4,91.7
2026-07-01,WY,112.2,115.5,139.4,91.7
2026-08-01,WY,105.8,115.5,139.4,91.7
2026-09-01,WY,67.3,115.5,139.4,91.7
2025-07-01,WYNN,43.2,34.2,40.9,27.5
2025-08-01,WYNN,46.0,34.2,40.9,27.5
2025-09-01,WYNN,34.2,34.2,40.9,27.5
2025-10-01,WYNN,38.2,34.2,40.9,27.5
2025-11-01,WYNN,33.9,34.2,40.9,27.5
2025-12-01,WYNN,30.6,34.2,40.9,27.5
2026-01-01,WYNN,23.5,34.2,40.9,27.5
2026-02-01,WYNN,35.2,34.2,40.9,27.5
2026-03-01,WYNN,44.5,34.2,40.9,27.5
2026-04-01,WYNN,28.0,34.2,40.9,27.5
2026-05-01,WYNN,31.3,34.2,40.9,27.5
2026-06-01,WYNN,32.5,34.2,40.9,27.5
2026-07-01,WYNN,31.0,34.2,40.9,27.5
2026-08-01,WYNN,34.0,34.2,40.9,27.5
2026-09-01,WYNN,20.0,34.2,40.9,27.5
2025-07-01,XEL,64.6,101.3,121.2,81.4
2025-08-01,XEL,75.5,101.3,121.2,81.4
2025-09-01,XEL,125.9,101.3,121.2,81.4
2025-10-01,XEL,99.8,101.3,121.2,81.4
2025-11-01,XEL,87.3,101.3,121.2,81.4
2025-12-01,XEL,128.8,101.3,121.2,81.4
2026-01-01,XEL,105.5,101.3,121.2,81.4
2026-02-01,XEL,101.3,101.3,121.2,81.4
2026-03-01,XEL,97.6,101.3,121.2,81.4
2026-04-01,XEL,94.2,101.3,121.2,81.4
2026-05-01,XEL,112.7,101.3,121.2,81.4
2026-06-01,XEL,135.1,101.3,121.2,81.4
2026-07-01,XEL,109.8,101.3,121.2,81.4
2026-08-01,XEL,99.4,101.3,121.2,81.4
2026-09-01,XEL,67.6,101.3,121.2,81.4
2025-07-01,XES,1.5,2.0,2.7,1.2
2025-08-01,XES,0.9,2.0,2.7,1.2
2025-09-01,XES,2.1,2.0,2.7,1.2
2025-10-01,XES,1.9,2.0,2.7,1.2
2025-11-01,XES,1.2,2.0,2.7,1.2
2025-12-01,XES,1.5,2.0,2.7,1.2
2026-01-01,XES,2.3,2.0,2.7,1.2
2026-02-01,XES,2.6,2.0,2.7,1.2
2026-03-01,XES,3.4,2.0,2.7,1.2
2026-04-01,XES,3.0,2.0,2.7,1.2
2026-05-01,XES,2.4,2.0,2.7,1.2
2026-06-01,XES,2.3,2.0,2.7,1.2
2026-07-01,XES,2.1,2.0,2.7,1.2
2026-08-01,XES,1.2,2.0,2.7,1.2
2026-09-01,XES,0.6,2.0,2.7,1.2
2025-07-01,XLB,316.9,275.0,339.0,211.0
2025-08-01,XLB,278.7,275.0,339.0,211.0
2025-09-01,XLB,241.9,275.0,339.0,211.0
2025-10-01,XLB,301.0,275.0,339.0,211.0
2025-11-01,XLB,312.6,275.0,339.0,211.0
2025-12-01,XLB,203.2,275.0,339.0,211.0
2026-01-01,XLB,324.9,275.0,339.0,211.0
2026-02-01,XLB,380.3,275.0,339.0,211.0
2026-03-01,XLB,397.0,275.0,339.0,211.0
2026-04-01,XLB,231.0,275.0,339.0,211.0
2026-05-01,XLB,211.5,275.0,339.0,211.0
2026-06-01,XLB,264.1,275.0,339.0,211.0
2026-07-01,XLB,252.3,275.0,339.0,211.0
2026-08-01,XLB,225.8,275.0,339.0,211.0
2026-09-01,XLB,128.0,275.0,339.0,211.0
2025-07-01,XLC,124.7,125.8,158.7,92.9
2025-08-01,XLC,119.2,125.8,158.7,92.9
2025-09-01,XLC,135.1,125.8,158.7,92.9
2025-10-01,XLC,118.2,125.8,158.7,92.9
2025-11-01,XLC,113.1,125.8,158.7,92.9
2025-12-01,XLC,108.6,125.8,158.7,92.9
2026-01-01,XLC,136.4,125.8,158.7,92.9
2026-02-01,XLC,150.6,125.8,158.7,92.9
2026-03-01,XLC,205.3,125.8,158.7,92.9
2026-04-01,XLC,94.4,125.8,158.7,92.9
2026-05-01,XLC,99.4,125.8,158.7,92.9
2026-06-01,XLC,153.6,125.8,158.7,92.9
2026-07-01,XLC,153.5,125.8,158.7,92.9
2026-08-01,XLC,89.5,125.8,158.7,92.9
2026-09-01,XLC,50.0,125.8,158.7,92.9
2025-07-01,XLE,711.1,780.9,1054.1,507.7
2025-08-01,XLE,609.6,780.9,1054.1,507.7
2025-09-01,XLE,698.6,780.9,1054.1,507.7
2025-10-01,XLE,613.2,780.9,1054.1,507.7
2025-11-01,XLE,610.0,780.9,1054.1,507.7
2025-12-01,XLE,595.7,780.9,1054.1,507.7
2026-01-01,XLE,1054.0,780.9,1054.1,507.7
2026-02-01,XLE,1015.7,780.9,1054.1,507.7
2026-03-01,XLE,1542.3,780.9,1054.1,507.7
2026-04-01,XLE,1007.6,780.9,1054.1,507.7
2026-05-01,XLE,778.4,780.9,1054.1,507.7
2026-06-01,XLE,737.0,780.9,1054.1,507.7
2026-07-01,XLE,668.7,780.9,1054.1,507.7
2026-08-01,XLE,545.9,780.9,1054.1,507.7
2026-09-01,XLE,362.7,780.9,1054.1,507.7
2025-07-01,XLF,796.4,831.9,1046.5,617.4
2025-08-01,XLF,766.2,831.9,1046.5,617.4
2025-09-01,XLF,735.2,831.9,1046.5,617.4
2025-10-01,XLF,972.4,831.9,1046.5,617.4
2025-11-01,XLF,892.2,831.9,1046.5,617.4
2025-12-01,XLF,760.1,831.9,1046.5,617.4
2026-01-01,XLF,924.7,831.9,1046.5,617.4
2026-02-01,XLF,1141.9,831.9,1046.5,617.4
2026-03-01,XLF,1372.5,831.9,1046.5,617.4
2026-04-01,XLF,716.4,831.9,1046.5,617.4
2026-05-01,XLF,704.7,831.9,1046.5,617.4
2026-06-01,XLF,786.3,831.9,1046.5,617.4
2026-07-01,XLF,767.3,831.9,1046.5,617.4
2026-08-01,XLF,577.3,831.9,1046.5,617.4
2026-09-01,XLF,370.0,831.9,1046.5,617.4
2025-07-01,XLI,247.2,208.7,270.8,146.5
2025-08-01,XLI,203.0,208.7,270.8,146.5
2025-09-01,XLI,219.7,208.7,270.8,146.5
2025-10-01,XLI,245.9,208.7,270.8,146.5
2025-11-01,XLI,254.1,208.7,270.8,146.5
2025-12-01,XLI,175.2,208.7,270.8,146.5
2026-01-01,XLI,228.7,208.7,270.8,146.5
2026-02-01,XLI,249.1,208.7,270.8,146.5
2026-03-01,XLI,362.7,208.7,270.8,146.5
2026-04-01,XLI,199.4,208.7,270.8,146.5
2026-05-01,XLI,154.7,208.7,270.8,146.5
2026-06-01,XLI,175.5,208.7,270.8,146.5
2026-07-01,XLI,146.1,208.7,270.8,146.5
2026-08-01,XLI,128.9,208.7,270.8,146.5
2026-09-01,XLI,85.4,208.7,270.8,146.5
2025-07-01,XLK,266.0,304.0,411.9,196.2
2025-08-01,XLK,282.7,304.0,411.9,196.2
2025-09-01,XLK,407.5,304.0,411.9,196.2
2025-10-01,XLK,435.8,304.0,411.9,196.2
2025-11-01,XLK,443.8,304.0,411.9,196.2
2025-12-01,XLK,222.9,304.0,411.9,196.2
2026-01-01,XLK,338.9,304.0,411.9,196.2
2026-02-01,XLK,448.3,304.0,411.9,196.2
2026-03-01,XLK,426.5,304.0,411.9,196.2
2026-04-01,XLK,225.4,304.0,411.9,196.2
2026-05-01,XLK,246.6,304.0,411.9,196.2
2026-06-01,XLK,315.8,304.0,411.9,196.2
2026-07-01,XLK,207.2,304.0,411.9,196.2
2026-08-01,XLK,138.7,304.0,411.9,196.2
2026-09-01,XLK,73.8,304.0,411.9,196.2
2025-07-01,XLP,347.6,306.3,392.0,220.7
2025-08-01,XLP,341.1,306.3,392.0,220.7
2025-09-01,XLP,301.8,306.3,392.0,220.7
2025-10-01,XLP,293.8,306.3,392.0,220.7
2025-11-01,XLP,306.9,306.3,392.0,220.7
2025-12-01,XLP,272.7,306.3,392.0,220.7
2026-01-01,XLP,416.9,306.3,392.0,220.7
2026-02-01,XLP,468.0,306.3,392.0,220.7
2026-03-01,XLP,448.8,306.3,392.0,220.7
2026-04-01,XLP,267.2,306.3,392.0,220.7
2026-05-01,XLP,225.4,306.3,392.0,220.7
2026-06-01,XLP,275.1,306.3,392.0,220.7
2026-07-01,XLP,257.0,306.3,392.0,220.7
2026-08-01,XLP,186.5,306.3,392.0,220.7
2026-09-01,XLP,119.5,306.3,392.0,220.7
2025-07-01,XLRE,149.5,140.7,183.1,98.3
2025-08-01,XLRE,131.8,140.7,183.1,98.3
2025-09-01,XLRE,101.0,140.7,183.1,98.3
2025-10-01,XLRE,188.7,140.7,183.1,98.3
2025-11-01,XLRE,133.2,140.7,183.1,98.3
2025-12-01,XLRE,156.1,140.7,183.1,98.3
2026-01-01,XLRE,195.8,140.7,183.1,98.3
2026-02-01,XLRE,186.8,140.7,183.1,98.3
2026-03-01,XLRE,225.5,140.7,183.1,98.3
2026-04-01,XLRE,114.0,140.7,183.1,98.3
2026-05-01,XLRE,96.2,140.7,183.1,98.3
2026-06-01,XLRE,119.0,140.7,183.1,98.3
2026-07-01,XLRE,105.9,140.7,183.1,98.3
2026-08-01,XLRE,108.8,140.7,183.1,98.3
2026-09-01,XLRE,58.7,140.7,183.1,98.3
2025-07-01,XLU,574.3,462.6,551.9,373.4
2025-08-01,XLU,436.0,462.6,551.9,373.4
2025-09-01,XLU,456.3,462.6,551.9,373.4
2025-10-01,XLU,503.6,462.6,551.9,373.4
2025-11-01,XLU,391.6,462.6,551.9,373.4
2025-12-01,XLU,383.9,462.6,551.9,373.4
2026-01-01,XLU,494.9,462.6,551.9,373.4
2026-02-01,XLU,598.3,462.6,551.9,373.4
2026-03-01,XLU,646.0,462.6,551.9,373.4
2026-04-01,XLU,411.0,462.6,551.9,373.4
2026-05-01,XLU,416.0,462.6,551.9,373.4
2026-06-01,XLU,448.7,462.6,551.9,373.4
2026-07-01,XLU,408.9,462.6,551.9,373.4
2026-08-01,XLU,425.1,462.6,551.9,373.4
2026-09-01,XLU,245.9,462.6,551.9,373.4
2025-07-01,XLV,319.1,249.5,311.2,187.8
2025-08-01,XLV,290.2,249.5,311.2,187.8
2025-09-01,XLV,259.0,249.5,311.2,187.8
2025-10-01,XLV,248.9,249.5,311.2,187.8
2025-11-01,XLV,315.0,249.5,311.2,187.8
2025-12-01,XLV,225.4,249.5,311.2,187.8
2026-01-01,XLV,261.0,249.5,311.2,187.8
2026-02-01,XLV,282.8,249.5,311.2,187.8
2026-03-01,XLV,365.3,249.5,311.2,187.8
2026-04-01,XLV,182.9,249.5,311.2,187.8
2026-05-01,XLV,194.3,249.5,311.2,187.8
2026-06-01,XLV,246.1,249.5,311.2,187.8
2026-07-01,XLV,219.3,249.5,311.2,187.8
2026-08-01,XLV,178.8,249.5,311.2,187.8
2026-09-01,XLV,85.2,249.5,311.2,187.8
2025-07-01,XLY,227.0,207.6,263.8,151.4
2025-08-01,XLY,243.8,207.6,263.8,151.4
2025-09-01,XLY,296.7,207.6,263.8,151.4
2025-10-01,XLY,258.4,207.6,263.8,151.4
2025-11-01,XLY,262.1,207.6,263.8,151.4
2025-12-01,XLY,178.6,207.6,263.8,151.4
2026-01-01,XLY,208.1,207.6,263.8,151.4
2026-02-01,XLY,226.8,207.6,263.8,151.4
2026-03-01,XLY,277.7,207.6,263.8,151.4
2026-04-01,XLY,167.5,207.6,263.8,151.4
2026-05-01,XLY,164.0,207.6,263.8,151.4
2026-06-01,XLY,163.7,207.6,263.8,151.4
2026-07-01,XLY,190.7,207.6,263.8,151.4
2026-08-01,XLY,115.8,207.6,263.8,151.4
2026-09-01,XLY,73.6,207.6,263.8,151.4
2025-07-01,XOM,317.8,352.5,432.3,272.7
2025-08-01,XOM,327.7,352.5,432.3,272.7
2025-09-01,XOM,352.0,352.5,432.3,272.7
2025-10-01,XOM,288.6,352.5,432.3,272.7
2025-11-01,XOM,279.4,352.5,432.3,272.7
2025-12-01,XOM,344.7,352.5,432.3,272.7
2026-01-01,XOM,404.2,352.5,432.3,272.7
2026-02-01,XOM,418.6,352.5,432.3,272.7
2026-03-01,XOM,550.0,352.5,432.3,272.7
2026-04-01,XOM,421.1,352.5,432.3,272.7
2026-05-01,XOM,351.6,352.5,432.3,272.7
2026-06-01,XOM,381.3,352.5,432.3,272.7
2026-07-01,XOM,317.8,352.5,432.3,272.7
2026-08-01,XOM,299.8,352.5,432.3,272.7
2026-09-01,XOM,146.1,352.5,432.3,272.7
2025-07-01,XOP,58.6,75.5,101.7,49.2
2025-08-01,XOP,55.5,75.5,101.7,49.2
2025-09-01,XOP,84.1,75.5,101.7,49.2
2025-10-01,XOP,75.6,75.5,101.7,49.2
2025-11-01,XOP,51.0,75.5,101.7,49.2
2025-12-01,XOP,51.1,75.5,101.7,49.2
2026-01-01,XOP,88.3,75.5,101.7,49.2
2026-02-01,XOP,80.5,75.5,101.7,49.2
2026-03-01,XOP,153.8,75.5,101.7,49.2
2026-04-01,XOP,91.3,75.5,101.7,49.2
2026-05-01,XOP,73.5,75.5,101.7,49.2
2026-06-01,XOP,82.4,75.5,101.7,49.2
2026-07-01,XOP,70.7,75.5,101.7,49.2
2026-08-01,XOP,60.5,75.5,101.7,49.2
2026-09-01,XOP,35.2,75.5,101.7,49.2
2025-07-01,XYL,24.0,34.3,43.6,25.0
2025-08-01,XYL,23.3,34.3,43.6,25.0
2025-09-01,XYL,26.3,34.3,43.6,25.0
2025-10-01,XYL,27.7,34.3,43.6,25.0
2025-11-01,XYL,27.8,34.3,43.6,25.0
2025-12-01,XYL,25.3,34.3,43.6,25.0
2026-01-01,XYL,28.2,34.3,43.6,25.0
2026-02-01,XYL,42.6,34.3,43.6,25.0
2026-03-01,XYL,43.3,34.3,43.6,25.0
2026-04-01,XYL,53.9,34.3,43.6,25.0
2026-05-01,XYL,39.7,34.3,43.6,25.0
2026-06-01,XYL,41.5,34.3,43.6,25.0
2026-07-01,XYL,45.4,34.3,43.6,25.0
2026-08-01,XYL,33.5,34.3,43.6,25.0
2026-09-01,XYL,32.0,34.3,43.6,25.0
2025-07-01,XYZ,351.9,151.7,218.6,84.9
2025-08-01,XYZ,169.5,151.7,218.6,84.9
2025-09-01,XYZ,126.0,151.7,218.6,84.9
2025-10-01,XYZ,127.2,151.7,218.6,84.9
2025-11-01,XYZ,174.4,151.7,218.6,84.9
2025-12-01,XYZ,145.9,151.7,218.6,84.9
2026-01-01,XYZ,125.2,151.7,218.6,84.9
2026-02-01,XYZ,220.1,151.7,218.6,84.9
2026-03-01,XYZ,178.4,151.7,218.6,84.9
2026-04-01,XYZ,104.8,151.7,218.6,84.9
2026-05-01,XYZ,126.6,151.7,218.6,84.9
2026-06-01,XYZ,132.8,151.7,218.6,84.9
2026-07-01,XYZ,103.1,151.7,218.6,84.9
2026-08-01,XYZ,102.1,151.7,218.6,84.9
2026-09-01,XYZ,41.0,151.7,218.6,84.9
2025-07-01,YUM,37.6,42.8,50.9,34.6
2025-08-01,YUM,45.8,42.8,50.9,34.6
2025-09-01,YUM,40.8,42.8,50.9,34.6
2025-10-01,YUM,38.0,42.8,50.9,34.6
2025-11-01,YUM,45.8,42.8,50.9,34.6
2025-12-01,YUM,46.8,42.8,50.9,34.6
2026-01-01,YUM,40.6,42.8,50.9,34.6
2026-02-01,YUM,40.6,42.8,50.9,34.6
2026-03-01,YUM,39.3,42.8,50.9,34.6
2026-04-01,YUM,33.3,42.8,50.9,34.6
2026-05-01,YUM,37.9,42.8,50.9,34.6
2026-06-01,YUM,49.4,42.8,50.9,34.6
2026-07-01,YUM,61.9,42.8,50.9,34.6
2026-08-01,YUM,52.1,42.8,50.9,34.6
2026-09-01,YUM,22.5,42.8,50.9,34.6
2025-07-01,ZBH,37.6,42.2,50.7,33.7
2025-08-01,ZBH,35.0,42.2,50.7,33.7
2025-09-01,ZBH,29.3,42.2,50.7,33.7
2025-10-01,ZBH,28.7,42.2,50.7,33.7
2025-11-01,ZBH,50.5,42.2,50.7,33.7
2025-12-01,ZBH,44.3,42.2,50.7,33.7
2026-01-01,ZBH,45.1,42.2,50.7,33.7
2026-02-01,ZBH,45.6,42.2,50.7,33.7
2026-03-01,ZBH,45.5,42.2,50.7,33.7
2026-04-01,ZBH,54.1,42.2,50.7,33.7
2026-05-01,ZBH,45.4,42.2,50.7,33.7
2026-06-01,ZBH,47.6,42.2,50.7,33.7
2026-07-01,ZBH,50.9,42.2,50.7,33.7
2026-08-01,ZBH,44.9,42.2,50.7,33.7
2026-09-01,ZBH,21.4,42.2,50.7,33.7
2025-07-01,ZBRA,9.0,15.0,19.3,10.8
2025-08-01,ZBRA,13.8,15.0,19.3,10.8
2025-09-01,ZBRA,10.2,15.0,19.3,10.8
2025-10-01,ZBRA,16.5,15.0,19.3,10.8
2025-11-01,ZBRA,14.3,15.0,19.3,10.8
2025-12-01,ZBRA,12.3,15.0,19.3,10.8
2026-01-01,ZBRA,12.7,15.0,19.3,10.8
2026-02-01,ZBRA,18.3,15.0,19.3,10.8
2026-03-01,ZBRA,16.2,15.0,19.3,10.8
2026-04-01,ZBRA,16.4,15.0,19.3,10.8
2026-05-01,ZBRA,25.3,15.0,19.3,10.8
2026-06-01,ZBRA,19.9,15.0,19.3,10.8
2026-07-01,ZBRA,15.4,15.0,19.3,10.8
2026-08-01,ZBRA,16.6,15.0,19.3,10.8
2026-09-01,ZBRA,5.7,15.0,19.3,10.8
2025-07-01,ZTS,70.4,101.2,140.6,61.7
2025-08-01,ZTS,66.2,101.2,140.6,61.7
2025-09-01,ZTS,59.0,101.2,140.6,61.7
2025-10-01,ZTS,64.9,101.2,140.6,61.7
2025-11-01,ZTS,105.9,101.2,140.6,61.7
2025-12-01,ZTS,131.8,101.2,140.6,61.7
2026-01-01,ZTS,93.0,101.2,140.6,61.7
2026-02-01,ZTS,89.3,101.2,140.6,61.7
2026-03-01,ZTS,92.7,101.2,140.6,61.7
2026-04-01,ZTS,68.1,101.2,140.6,61.7
2026-05-01,ZTS,196.0,101.2,140.6,61.7
2026-06-01,ZTS,155.5,101.2,140.6,61.7
2026-07-01,ZTS,121.3,101.2,140.6,61.7
2026-08-01,ZTS,138.0,101.2,140.6,61.7
2026-09-01,ZTS,50.0,101.2,140.6,61.7
