Date,Ticker,Ticker_name,Category,Close,day_pct_change,week_pct_change,month_pct_change,quarter_pct_change,Sharpe_Rank,Sharpe_Rank_daily_change,Sharpe_Rank_wtd_change,Sharpe_Rank_mtd_change,Sharpe_Rank_qtd_change,MM_Score,MM_Score_daily_change,MM_Score_wtd_change,MM_Score_mtd_change,MM_Score_qtd_change,st_trend,mt_trend,lt_trend,st_trend_change,mt_trend_change,lt_trend_change,Tape_Bias,Volatility_Spread_Quadrant
2026-09-22,A,"AGILENT TECHNOLOGIES, INC.",Health Care,167.26,0.03285167345930584,0.0689589058605482,0.08921594165147173,0.25920349318677993,80.8,32.599999999999994,38.9,-7.1000000000000085,45.8,-35.0,-33.0,-41.0,-9.0,-29.0,0.0122,0.0425,0.013,0.0099,0.0117,0.0042,Leaning Bullish,Mean Reversion Downside Bias
2026-09-22,AAPL,APPLE INC.,Information Technology,339.75,0.0022715204436838388,0.010769642697765702,0.07227394666245845,0.1741429361349185,87.9,0.0,8.5,23.200000000000003,68.5,-7.0,16.0,6.0,-33.0,-90.0,0.0165,0.0368,0.0259,0.0016,0.0163,0.0015,Leaning Bullish,Mean Reversion Upside Bias
2026-09-22,ABBV,ABBVIE INC.,Health Care,265.21,0.0027601330913489264,0.004735565994847812,0.03427969737149983,0.053926243840406896,39.5,4.0,-4.200000000000003,-30.5,-53.099999999999994,-4.0,12.0,-15.0,1.0,46.0,0.0078,0.0108,0.03,0.0049,-0.0184,-0.0024,Bottoming,Mean Reversion Upside Bias
2026-09-22,ABNB,"AIRBNB, INC.",Consumer Discretionary,161.81,-0.030148645408774932,-0.02653110335699671,-0.11685405523414472,0.13074772886093644,0.6,-2.0,-3.1999999999999997,-80.2,-63.99999999999999,30.0,7.0,7.0,83.0,33.0,-0.0388,0.0271,0.0438,0.0011,-0.0123,0.0135,Bottoming,Mean Reversion Upside Bias
2026-09-22,ABT,ABBOTT LABORATORIES,Health Care,103.69,0.006894542629636735,0.010525289932755033,-0.06043856469735409,0.14271545073837344,0.6,0.0,-3.1999999999999997,-71.0,-80.0,-2.0,-14.0,-14.0,18.0,41.0,-0.029,0.0303,-0.0057,0.0048,-0.0032,-0.0041,Neutral,Mean Reversion Upside Bias
2026-09-22,ACGL,ARCH CAPITAL GROUP LTD.,Financials,94.95,-0.008665692211317633,-0.020022706161626602,-0.03181401040073406,-0.021739130434782594,4.6,-11.9,-23.0,-11.1,-92.0,18.0,52.0,28.0,-18.0,61.0,-0.007,0.0108,-0.0151,0.0003,-0.0109,-0.0062,Neutral,Crowded Short
2026-09-22,ACN,ACCENTURE PUBLIC LIMITED COMPANY,Information Technology,183.72,-0.012841867712643174,0.013403938441171714,-0.03182967959527816,0.4763741562198651,47.8,-9.100000000000001,-7.200000000000003,-45.3,45.199999999999996,-3.0,16.0,0.0,82.0,-3.0,-0.0015,0.0977,-0.1303,-0.0039,0.0111,-0.0031,Neutral,Crowded Short
2026-09-22,ADBE,ADOBE INC.,Information Technology,238.25,-0.045166720102597036,-0.04286517756708974,-0.18627685371768166,0.16208174812213438,22.4,-6.0,-8.0,-74.0,18.2,13.0,27.0,14.0,56.0,13.0,-0.0504,0.0577,-0.1123,-0.0057,-0.0078,0.0039,Leaning Bearish,Mean Reversion Downside Bias
2026-09-22,ADI,"ANALOG DEVICES, INC.",Information Technology,390.37,0.019242819843342085,0.03899180240604694,0.07795327773789151,-0.01712113200896348,61.3,4.0,7.5,15.899999999999999,23.5,15.0,-5.0,12.0,-7.0,-23.0,0.0134,-0.013,0.0477,0.0054,0.0045,-0.0021,Leaning Bullish,Crowded Short
2026-09-22,ADM,ARCHER-DANIELS-MIDLAND COMPANY.,Consumer Staples,82.34,-0.012473015111537422,-0.0333411598966894,0.0129167179234837,0.07774869109947646,67.3,8.399999999999999,5.199999999999996,6.0,65.89999999999999,42.0,23.0,17.0,23.0,-9.0,0.0165,0.0171,0.0347,-0.0031,0.0081,0.0035,Bottoming,Crowded Short
2026-09-22,ADP,"AUTOMATIC DATA PROCESSING, INC.",Industrials,269.64,-0.0011113580795732991,-0.005825529090775161,-0.05772994129158526,0.2040187541862022,28.0,-3.1999999999999993,-8.700000000000003,-61.900000000000006,-16.200000000000003,57.0,12.0,12.0,118.0,77.0,-0.0151,0.0523,-0.004,-0.0018,0.0032,-0.0003,Leaning Bullish,Mean Reversion Upside Bias
2026-09-22,ADSK,"AUTODESK, INC.",Information Technology,219.62,0.003518391592414849,0.012306983175847108,-0.15050477700847087,0.1296162946198951,26.8,0.8000000000000007,0.0,-55.10000000000001,24.2,39.0,0.0,7.0,127.0,14.0,-0.0574,0.0508,-0.0506,-0.0007,0.0059,-0.0058,Leaning Bullish,Mean Reversion Downside Bias
2026-09-22,AEE,AMEREN ,Utilities,101.66,-0.0016694490818029983,-0.005575662721314711,-0.041033864729742575,-0.10067232837933482,1.4,-6.699999999999999,-0.40000000000000013,-10.299999999999999,-75.6,-4.0,31.0,-13.0,-64.0,38.0,-0.0107,-0.0114,0.032,0.001,-0.0189,-0.0064,Neutral,Mean Reversion Upside Bias
2026-09-22,AEP,"AMERICAN ELECTRIC POWER COMPANY, INC.",Utilities,120.27,0.001999500124968634,0.0022499999999998632,-0.017642734623866785,-0.12089759520502896,30.4,-10.300000000000004,13.099999999999998,9.2,-60.199999999999996,-16.0,-23.0,-10.0,-61.0,37.0,-0.0056,-0.0189,0.0277,-0.0001,-0.0194,-0.0036,Neutral,Mean Reversion Upside Bias
2026-09-22,AES,THE AES ,Utilities,14.82,-0.0006743088334456582,-0.0006743088334456582,0.005427408412483015,0.01091405184174632,54.6,3.6000000000000014,5.600000000000001,13.100000000000001,40.6,-10.0,-9.0,-16.0,-5.0,-26.0,0.005,0.0083,-0.0163,0.0003,0.0003,-0.004,Neutral,Mean Reversion Upside Bias
2026-09-22,AFL,AFLAC INC.,Financials,114.6,-0.00503559645771845,-0.014871486289005476,-0.010789814415192112,-0.022601279317697287,19.2,-15.099999999999998,-22.500000000000004,15.399999999999999,-61.39999999999999,-38.0,-35.0,-35.0,-81.0,-40.0,-0.0044,0.0087,0.0222,-0.0006,-0.0028,-0.0028,Sell,Mean Reversion Upside Bias
2026-09-22,AIG,"AMERICAN INTERNATIONAL GROUP, INC.",Financials,75.18,0.008585994097129124,-0.0019912385503781938,-0.01545311681508632,0.008721320273715305,22.0,-7.600000000000001,-25.799999999999997,1.6000000000000014,-48.2,-38.0,0.0,-40.0,-95.0,-24.0,-0.0071,-0.001,0.0067,-0.001,-0.005,-0.0003,Sell,Mean Reversion Upside Bias
2026-09-22,AIZ,"ASSURANT, INC.",Financials,271.08,-0.022712524334847495,-0.03950678524607598,-0.0382459376995673,0.00949614568204682,0.2,-10.3,-32.9,-32.099999999999994,-90.8,-18.0,-50.0,-23.0,-60.0,25.0,-0.0132,0.0232,0.0243,-0.0056,-0.011,-0.0053,Sell,Mean Reversion Upside Bias
2026-09-22,AJG,ARTHUR J. GALLAGHER & CO.,Financials,230.45,-0.026034402603440365,-0.03770669784533154,-0.12092313560938395,0.003833253473885856,7.3,-8.0,-17.099999999999998,-70.7,-88.5,-14.0,-53.0,-12.0,6.0,46.0,-0.0413,0.0139,-0.0183,-0.0064,-0.0055,-0.0043,Leaning Bearish,Mean Reversion Downside Bias
2026-09-22,AKAM,"AKAMAI TECHNOLOGIES, INC.",Information Technology,118.34,0.007920960735882776,0.13222349789513976,0.08948628245258705,0.0010997377548431775,72.8,6.700000000000003,45.4,49.599999999999994,72.2,9.0,21.0,-25.0,-13.0,-21.0,0.0155,0.0116,0.0647,0.0046,0.0453,-0.0062,Leaning Bullish,Crowded Short
2026-09-22,ALB,ALBEMARLE ,Materials,116.8,0.034360609280906784,0.053106122080966545,-0.1346225087056383,-0.1350070354735985,9.7,2.3999999999999995,-1.6000000000000014,-64.7,6.299999999999999,49.0,33.0,12.0,56.0,37.0,-0.0602,-0.0564,0.0458,0.0026,0.0185,0.0013,Buy,Crowded Short
2026-09-22,ALGN,"ALIGN TECHNOLOGY, INC.",Health Care,153.29,0.043641067538126244,0.03847977779283229,-0.04067839038738341,-0.09113008419305113,26.0,18.7,11.7,12.3,-13.799999999999997,75.0,93.0,66.0,47.0,108.0,-0.0142,-0.0172,-0.0465,0.0054,0.0018,-0.0111,Buy,Mean Reversion Upside Bias
2026-09-22,ALL,THE ALLSTATE ,Financials,229.5,-0.05501111751626453,-0.08137533522795504,-0.10977501939487977,-0.03547112717491807,1.4,-11.9,-25.8,-29.8,-94.0,-38.0,-45.0,-70.0,-51.0,22.0,-0.0374,-0.0022,0.0288,-0.0177,-0.0403,-0.0099,Sell,Mean Reversion Downside Bias
2026-09-22,ALLE,ALLEGION PUBLIC LIMITED COMPANY,Industrials,153.95,0.017111522198731244,0.010966640399264538,-0.008373590982286738,0.09580753078510917,23.6,9.500000000000002,4.800000000000001,-2.799999999999997,-57.4,6.0,-34.0,-34.0,-30.0,63.0,-0.0161,0.0262,0.0214,0.0019,-0.0035,-0.0028,Neutral,Mean Reversion Upside Bias
2026-09-22,AMAT,"APPLIED MATERIALS, INC.",Information Technology,472.46,0.01770635877994131,0.06273477742537725,0.030694386875804502,-0.3465283540802213,20.4,7.099999999999998,13.899999999999999,17.4,-66.6,0.0,0.0,0.0,17.0,20.0,-0.0146,-0.0681,0.1723,0.0131,-0.0124,0.0029,Neutral,Mean Reversion Upside Bias
2026-09-22,AMCR,AMCOR PLC,Materials,43.24,0.02586002372479257,0.031980906921241115,-0.057746785792111566,-0.0025374855824682463,6.5,3.9,2.3,-37.3,-92.9,9.0,-3.0,11.0,-11.0,45.0,-0.0316,0.0116,-0.0206,0.0047,-0.0073,-0.0054,Neutral,Mean Reversion Upside Bias
2026-09-22,AMD,"ADVANCED MICRO DEVICES, INC.",Information Technology,623.77,0.013403301273719803,0.11423314636847537,0.3251402107409924,0.07378079220533307,91.5,4.0,13.5,58.0,40.5,-2.0,-3.0,-32.0,-15.0,-5.0,0.0748,0.0076,0.1723,0.0142,0.0073,0.0042,Leaning Bullish,Crowded Short
2026-09-22,AME,"AMETEK, INC.",Industrials,245.41,0.017327861377109066,0.03269651573809118,0.04354296891610332,0.014342398941886492,42.5,3.6000000000000014,9.0,28.4,-38.900000000000006,14.0,0.0,-8.0,-23.0,35.0,-0.0013,0.005,0.0329,0.0068,-0.0026,-0.0019,Bottoming,Mean Reversion Downside Bias
2026-09-22,AMGN,AMGEN INC.,Health Care,410.24,0.04344287313053208,0.06376247893167397,-0.04568716851214294,0.13288412680879258,19.2,10.299999999999999,11.899999999999999,-75.6,-71.39999999999999,71.0,71.0,57.0,97.0,152.0,-0.0359,0.0153,0.0361,0.0131,0.0036,0.0032,Buy,Mean Reversion Downside Bias
2026-09-22,AMP,"AMERIPRISE FINANCIAL, INC.",Financials,512.37,-0.04358620174718142,-0.05871438281924579,-0.07365623474534899,0.11685848809835209,4.0,-22.8,-41.0,-43.0,-64.6,13.0,-68.0,-22.0,23.0,25.0,-0.0329,0.0106,0.0024,-0.0157,-0.016,-0.0041,Leaning Bearish,Crowded Short
2026-09-22,AMT,AMERICAN TOWER ,Real Estate,175.25,0.0037227949599083487,0.007299689619496563,-0.0025611838360841688,0.07140673717674395,39.1,-11.5,-8.699999999999996,-28.999999999999993,29.3,6.0,16.0,16.0,84.0,32.0,-0.0024,0.0007,-0.0365,0.0012,0.0117,-0.0047,Leaning Bullish,Mean Reversion Upside Bias
2026-09-22,AMZN,"AMAZON.COM, INC.",Consumer Discretionary,254.98,-0.013426194621783738,0.0050057151866302885,-0.01843938868999495,0.0698162289166735,36.7,-10.299999999999997,-0.7999999999999972,21.000000000000004,16.500000000000004,29.0,27.0,32.0,6.0,-26.0,-0.0084,-0.008,0.0302,0.0023,0.0081,-0.0012,Buy,Mean Reversion Upside Bias
2026-09-22,ANET,"ARISTA NETWORKS, INC.",Information Technology,205.19,-0.0011196572875085131,0.029088720597823414,0.04854616996269612,0.2078526018365905,83.5,0.7999999999999972,2.299999999999997,22.6,50.1,15.0,33.0,-5.0,9.0,4.0,0.0048,0.067,0.1069,0.0034,0.0007,0.0003,Buy,Mean Reversion Upside Bias
2026-09-22,AON,AON PLC,Financials,286.1,-0.016229970428443652,-0.03226897578135557,-0.11016421995521264,-0.13744761675058026,0.2,-0.8,-1.2,-6.7,-84.39999999999999,0.0,0.0,0.0,26.0,57.0,-0.058,-0.0381,-0.0121,0.0161,-0.0041,-0.0129,Bottoming,Mean Reversion Downside Bias
2026-09-22,AOS,A. O. SMITH ,Industrials,58.16,0.02106741573033699,0.021246707638279183,-0.0164045323862676,-0.07270408163265307,20.0,11.9,7.9,-17.5,-74.0,-17.0,-29.0,-57.0,-16.0,26.0,-0.019,-0.0098,-0.0199,0.0046,-0.0073,-0.0046,Leaning Bearish,Mean Reversion Upside Bias
2026-09-22,APA,APA ,Energy,42.3,-0.03446701666286245,-0.05727657677735687,-0.01969872537659334,0.2987411728584586,29.2,-8.7,-8.7,-52.0,27.0,25.0,-26.0,-26.0,54.0,5.0,0.0154,0.0687,0.0664,-0.0129,-0.0011,0.0269,Leaning Bearish,Mean Reversion Upside Bias
2026-09-22,APD,"AIR PRODUCTS AND CHEMICALS, INC.",Materials,287.86,0.030057968940098823,0.012949539024561973,-0.06979900471789557,-0.018145848966505174,15.3,11.5,2.8000000000000007,-77.8,-52.10000000000001,23.0,19.0,-9.0,66.0,33.0,-0.0235,0.0206,-0.0162,-0.0028,-0.003,-0.007,Leaning Bearish,Crowded Short
2026-09-22,APH,AMPHENOL ,Information Technology,82.84,0.02626362735381571,0.06821405544809811,0.04497004099653101,-0.06034482758620685,64.1,10.299999999999997,16.299999999999997,42.49999999999999,-18.900000000000006,26.0,-3.0,27.0,17.0,33.0,0.0024,-0.0078,0.0975,0.0096,-0.0043,0.003,Neutral,Mean Reversion Upside Bias
2026-09-22,APO,"APOLLO GLOBAL MANAGEMENT, INC.",Financials,124.15,-0.029395668829645727,-0.013978238424271261,-0.09100893249377662,0.04936184599780247,17.7,-16.000000000000004,-17.000000000000004,-47.599999999999994,-11.3,58.0,13.0,53.0,104.0,3.0,-0.0274,0.0185,-0.0046,-0.0015,0.0219,0.0008,Leaning Bullish,Mean Reversion Upside Bias
2026-09-22,APP,APPLOVIN CORP,Information Technology,328.73,-0.004361389587182352,0.06709731870414859,0.053419214253669134,-0.3619742639209673,81.5,5.900000000000006,25.5,66.0,67.3,-17.0,12.0,3.0,-2.0,-60.0,0.0015,-0.0799,0.1722,0.001,0.0187,-0.0357,Leaning Bullish,Mean Reversion Upside Bias
2026-09-22,APTV,APTIV PLC,Consumer Discretionary,44.61,0.023869635070002282,0.0233998623537508,-0.0033512064343163006,-0.2732160312805475,41.9,22.7,4.799999999999997,30.599999999999998,15.7,12.0,-46.0,-36.0,1.0,-31.0,-0.0035,-0.0862,-0.059,0.0054,0.0064,-0.0073,Leaning Bullish,Mean Reversion Upside Bias
2026-09-22,ARE,"ALEXANDRIA REAL ESTATE EQUITIES, INC.",Real Estate,53.85,0.009561304836895435,0.010318949343339767,0.04991226359914225,0.018921475875118166,58.1,-0.7999999999999972,-3.6000000000000014,7.100000000000001,-11.699999999999996,-20.0,0.0,-43.0,50.0,-17.0,0.0223,0.0093,-0.1147,0.0034,-0.002,0.0032,Topping,Mean Reversion Upside Bias
2026-09-22,ARES,ARES MANAGEMENT CORP,Financials,124.72,-0.015394331728112443,0.0074313408723747365,-0.12886777956275752,0.12047435091186776,10.5,-0.8000000000000007,4.3,-48.8,-10.100000000000001,58.0,1.0,69.0,95.0,-9.0,-0.039,0.0191,-0.0451,0.0062,0.0366,-0.002,Leaning Bullish,Mean Reversion Upside Bias
2026-09-22,ASC,ARDMORE SHIPPING ,MR Discretion,17.77,-0.044623655913978544,-0.06719160104986888,0.021851638872915302,0.2683797287651677,30.8,-10.7,-22.999999999999996,-5.900000000000002,19.0,-1.0,19.0,-24.0,-4.0,-39.0,0.0184,0.0331,-0.0126,-0.008,0.0153,0.0144,Neutral,Crowded Long
2026-09-22,ATO,ATMOS ENERGY ,Utilities,157.34,-0.005876034624376136,-0.018465377417342554,-0.05291037139589472,-0.08666627967725082,3.0,-4.3,-0.7999999999999998,-6.699999999999999,-71.2,-35.0,-7.0,18.0,-82.0,-19.0,-0.0142,-0.0095,0.0309,-0.0011,-0.0091,-0.012,Sell,Mean Reversion Upside Bias
2026-09-22,AVGO,BROADCOM INC.,Information Technology,364.54,0.005183918822037059,0.019378652722239265,-0.015661284225306327,-0.034970218398411634,60.5,18.6,19.4,42.8,58.3,14.0,17.0,17.0,-26.0,-29.0,-0.0106,-0.0164,0.0882,0.0022,0.0011,-0.0041,Leaning Bullish,Mean Reversion Upside Bias
2026-09-22,AVY,AVERY DENNISON ,Materials,172.09,0.01629953345538282,0.026116510643372504,-0.011601860892539229,0.05999384046812439,14.9,6.4,7.6000000000000005,-38.1,-61.300000000000004,14.0,11.0,-10.0,-12.0,77.0,-0.0149,0.046,-0.0204,0.0033,-0.0052,-0.001,Leaning Bearish,Mean Reversion Upside Bias
2026-09-22,AWK,"AMERICAN WATER WORKS COMPANY, INC.",Utilities,133.82,-0.0011196536538031765,-0.015305371596762374,-0.031903349489980415,0.01702386380908938,17.7,-18.599999999999998,-20.2,-72.39999999999999,-80.89999999999999,14.0,36.0,67.0,84.0,74.0,-0.0055,0.0164,-0.0081,-0.0019,-0.0091,-0.001,Leaning Bearish,Mean Reversion Upside Bias
2026-09-22,AXON,"AXON ENTERPRISE, INC.",Industrials,459.32,0.016059815068796057,0.025817402179739046,-0.18928268850607166,-0.18067818982893635,17.3,3.6000000000000014,2.8000000000000007,-30.499999999999996,-69.7,15.0,53.0,53.0,58.0,56.0,-0.1037,0.0294,0.0401,0.0067,-0.0047,-0.0222,Bottoming,Crowded Long
2026-09-22,AXP,AMERICAN EXPRESS COMPANY,Financials,305.07,-0.02716923371280966,-0.020830658621132425,-0.07602144349880369,-0.09809312638580936,0.2,-5.6,-11.100000000000001,-13.9,-78.0,18.0,21.0,16.0,-59.0,56.0,-0.0255,-0.0355,0.015,0.0007,-0.013,-0.0091,Neutral,Crowded Short
2026-09-22,AZO,"AUTOZONE, INC.",Consumer Discretionary,2894.73,0.03263355034335147,0.013805856456917232,-0.03226421149757286,-0.09424770177162278,44.2,15.400000000000002,-0.3999999999999986,-14.699999999999996,-29.0,20.0,14.0,38.0,25.0,34.0,0.0014,-0.0206,0.0014,0.0123,0.0049,-0.0024,Neutral,Crowded Short
2026-09-22,BA,THE BOEING COMPANY,Industrials,197.72,-0.017051951280139255,-0.0024217961654893205,-0.04841659447492541,-0.08661708319859562,24.8,1.6000000000000014,7.5,10.700000000000001,-12.999999999999996,28.0,-19.0,0.0,25.0,29.0,-0.0157,-0.014,-0.0234,0.0013,-0.0036,0.0032,Leaning Bearish,Mean Reversion Upside Bias
2026-09-22,BAC,BANK OF AMERICA ,Financials,56.2,-0.030365769496204287,-0.026502684912523722,-0.0926703261220535,-0.01368901368901354,4.2,-7.499999999999999,-5.8999999999999995,-22.6,-86.39999999999999,-13.0,-84.0,-50.0,-27.0,51.0,-0.0229,0.0101,0.0216,-0.0023,-0.0022,-0.0048,Sell,Crowded Short
2026-09-22,BALL,BALL ,Materials,59.97,0.004354379500921102,-0.0029925187032419087,-0.04764173415912343,-0.038942307692307665,6.5,-4.800000000000001,-14.7,-20.7,-92.5,27.0,-5.0,-24.0,-4.0,36.0,-0.0143,0.0001,-0.003,0.0008,-0.0151,-0.004,Neutral,Mean Reversion Upside Bias
2026-09-22,BAX,BAXTER INTERNATIONAL INC.,Health Care,23.68,0.03270824247710413,0.03859649122807007,-0.08923076923076922,0.11069418386491559,6.9,5.5,6.300000000000001,-12.299999999999999,-87.69999999999999,-9.0,-13.0,-13.0,-40.0,26.0,-0.0307,0.0464,-0.0541,0.0009,-0.0101,-0.011,Leaning Bearish,Mean Reversion Upside Bias
2026-09-22,BBY,"BEST BUY CO., INC.",Consumer Discretionary,94.82,0.017163698777086456,0.021217016693591884,0.1830318153462256,0.2496046389035318,77.2,-1.2000000000000028,1.2000000000000028,54.400000000000006,13.800000000000004,-20.0,0.0,-10.0,-53.0,17.0,0.0457,0.0259,-0.0512,0.0057,0.0025,0.0008,Buy,Mean Reversion Downside Bias
2026-09-22,BDX,"BECTON, DICKINSON AND COMPANY",Health Care,183.0,0.01272827891532935,0.011384989499281462,-0.027164956674286422,0.2092777373950967,18.5,5.199999999999999,-4.300000000000001,-73.4,-46.900000000000006,44.0,19.0,8.0,81.0,92.0,-0.01,0.0407,0.0029,0.001,-0.002,0.0027,Neutral,Mean Reversion Upside Bias
2026-09-22,BEN,"FRANKLIN RESOURCES, INC.",Financials,33.13,-0.015160523186682484,0.0036352620418056425,-0.029868228404099417,-0.004207995190862679,19.2,-8.0,-4.400000000000002,-4.800000000000001,-45.0,61.0,2.0,53.0,29.0,58.0,-0.0234,0.012,0.0254,0.0021,-0.0067,0.0037,Bottoming,Crowded Short
2026-09-22,BF.B,BROWN-FORMAN ,Consumer Staples,26.56,0.01567877629063097,0.02390131071703916,-0.00037636432066245895,-0.0033771106941838935,13.7,0.7999999999999989,3.1999999999999993,-16.7,-59.7,14.0,0.0,0.0,-20.0,33.0,-0.0105,0.017,-0.0765,0.0063,-0.004,-0.0094,Leaning Bearish,Mean Reversion Upside Bias
2026-09-22,BG,BUNGE LIMITED,Consumer Staples,110.0,-0.023177337714234914,-0.048278248831977844,-0.05343774201875906,0.030638058652674882,43.1,1.2000000000000028,2.6000000000000014,-41.199999999999996,42.1,23.0,0.0,0.0,47.0,9.0,-0.0019,-0.0122,0.0122,-0.008,0.0005,0.0067,Neutral,Mean Reversion Downside Bias
2026-09-22,BIIB,BIOGEN INC.,Health Care,225.36,0.02871228374492185,0.045754060324826096,0.04020309254558052,0.043043599000277766,59.7,17.800000000000004,26.6,-23.0,-27.700000000000003,17.0,0.0,-17.0,46.0,16.0,0.0016,-0.0055,-0.0033,0.0076,-0.0117,0.0067,Neutral,Mean Reversion Upside Bias
2026-09-22,BKNG,BOOKING HOLDINGS INC.,Consumer Discretionary,164.22,-0.02551625919772138,-0.021917808219178103,-0.17514691847907982,-0.07865798922800726,0.2,-0.39999999999999997,0.0,-59.9,-75.6,24.0,24.0,0.0,82.0,18.0,-0.0663,-0.0165,-0.0176,0.0047,-0.0163,-0.0144,Neutral,Mean Reversion Upside Bias
2026-09-22,BKR,BAKER HUGHES COMPANY,Energy,57.26,-0.009856475877572213,0.00017467248908298316,-0.09897718332022032,0.03171171171171161,13.5,-2.0,3.4000000000000004,-45.8,11.5,0.0,0.0,0.0,10.0,0.0,-0.0313,-0.0062,0.0538,-0.0019,0.0099,0.0039,Bottoming,Crowded Short
2026-09-22,BLDR,"BUILDERS FIRSTSOURCE, INC.",Industrials,60.87,0.040157211209842725,0.047315898141775614,-0.08328313253012065,-0.31973625391148863,23.2,12.7,13.899999999999999,-18.3,-71.39999999999999,-6.0,-46.0,-4.0,-6.0,21.0,-0.0494,-0.0846,-0.1121,0.0032,-0.0247,-0.0185,Topping,Mean Reversion Upside Bias
2026-09-22,BLK,"BLACKROCK, INC.",Financials,1066.66,-0.021655186329991527,-0.00291648750210316,-0.07697233495729516,0.10930155164524336,7.3,-12.7,-10.399999999999999,-57.2,-14.5,37.0,6.0,14.0,64.0,-43.0,-0.0288,0.0148,-0.0076,0.0066,0.0101,-0.0068,Leaning Bullish,Crowded Short
2026-09-22,BMY,BRISTOL-MYERS SQUIBB COMPANY,Health Care,62.25,-0.005908655381667183,-0.012844909609895372,-0.06825325550067363,0.08035404373481425,0.6,-2.8,-14.3,-50.0,-69.2,11.0,-32.0,3.0,-22.0,-11.0,-0.019,0.0248,0.0323,-0.0002,0.0002,0.0002,Neutral,Mean Reversion Upside Bias
2026-09-22,BNY,THE BANK OF NEW YORK MELLON ,Financials,150.17,-0.02417311066346095,-0.02353859158592886,-0.06888640873015883,0.038448240094045794,0.2,-4.8,-7.1,-47.599999999999994,-27.6,-0.0,-0.0,0.0,-34.0,-53.0,-0.0191,0.0031,0.0948,-0.002,-0.0047,-0.0077,Sell,Crowded Short
2026-09-22,BR,"BROADRIDGE FINANCIAL SOLUTIONS, INC.",Industrials,163.02,-0.009719353662981378,-0.0006743088334456582,-0.10615199034981893,0.19036144578313263,12.9,-12.700000000000001,-16.299999999999997,-83.3,-0.9000000000000004,36.0,0.0,0.0,127.0,30.0,-0.0356,0.0495,-0.0415,0.0005,0.0058,0.003,Neutral,Mean Reversion Upside Bias
2026-09-22,BRK.B,"BERKSHIRE HATHAWAY INC.,",Financials,503.49,0.0029481484432580807,-0.012319281244482783,-0.0010713647997142584,0.006195167769140086,47.8,-17.700000000000003,-40.900000000000006,26.599999999999998,-48.8,-3.0,31.0,32.0,-60.0,32.0,0.008,0.0329,0.0212,0.0,-0.0011,-0.0027,Neutral,Mean Reversion Upside Bias
2026-09-22,BRO,"BROWN & BROWN, INC.",Financials,62.44,-0.02892690513219287,-0.039680098431251865,-0.1348205625606208,-0.02665627435697593,1.8,-5.1000000000000005,-15.099999999999998,-59.5,-96.4,-3.0,26.0,-1.0,24.0,-1.0,-0.0413,0.0057,-0.0441,-0.0053,-0.0146,-0.0074,Leaning Bearish,Crowded Short
2026-09-22,BSX,BOSTON SCIENTIFIC ,Health Care,44.92,0.027447392497712775,0.036455929856945124,-0.06997929606625253,0.05248359887535159,55.4,33.0,23.1,-17.800000000000004,46.4,3.0,-3.0,7.0,56.0,36.0,-0.0239,-0.0239,-0.0603,0.0032,0.0025,-0.0055,Neutral,Crowded Short
2026-09-22,BTC=F,BITCOIN FUTURES,Futures,86370.0,-0.0032889042755755993,0.06393200295639323,0.0962746715745384,0.47313661947808283,80.0,0.4000000000000057,-0.7999999999999972,-17.400000000000006,71.0,-31.0,-4.0,17.0,-14.0,20.0,0.0217,0.0748,0.0095,0.0101,0.0171,0.0142,Leaning Bullish,
2026-09-22,BTI,BRITISH AMERICAN TOBACCO P.L.C.,MR Discretion,55.75,0.0,-0.0014329213684398656,0.003239157818966998,-0.09731217616580312,37.5,-9.899999999999999,-4.200000000000003,20.6,-10.299999999999997,-3.0,0.0,0.0,-75.0,-37.0,-0.0073,-0.0229,0.0521,0.001,-0.0015,-0.0075,Neutral,Mean Reversion Upside Bias
2026-09-22,BTU,PEABODY ENERGY ,MR Discretion,26.79,0.06860789788591948,0.06225218080888184,-0.09767598518019538,0.1587370242214532,38.3,13.899999999999999,7.4999999999999964,-56.7,32.5,16.0,-28.0,35.0,59.0,18.0,-0.0538,-0.0083,0.0179,-0.0137,0.0022,0.0049,Bottoming,Mean Reversion Downside Bias
2026-09-22,BX,BLACKSTONE INC,Financials,124.01,-0.018985839727869602,-0.007602432778489043,-0.13425020943870425,0.05387949349876786,5.4,-7.9,-9.1,-62.300000000000004,-47.6,31.0,-27.0,28.0,94.0,53.0,-0.0461,0.0076,-0.0195,0.0023,0.0075,-0.0108,Leaning Bullish,Mean Reversion Upside Bias
2026-09-22,BXP,"BOSTON PROPERTIES, INC.",Real Estate,64.31,0.002806798690160761,0.018046541079626444,-0.0541256067068685,-0.030161363293620846,12.1,-18.700000000000003,-6.700000000000001,-23.4,-74.5,14.0,9.0,0.0,46.0,61.0,-0.0306,-0.0023,-0.0427,0.0043,-0.0018,-0.0137,Leaning Bearish,Mean Reversion Upside Bias
2026-09-22,C,CITIGROUP INC.,Financials,132.47,-0.019104035542391817,0.005312286559914892,0.006457985108646147,-0.05351529008288092,45.0,-14.299999999999997,-8.0,15.8,-20.0,37.0,0.0,0.0,29.0,89.0,0.003,-0.0137,0.0862,0.0003,-0.005,0.0033,Neutral,Mean Reversion Upside Bias
2026-09-22,CAG,"CONAGRA BRANDS, INC.",Consumer Staples,14.78,-0.0053835800807536804,-0.023132848645076143,-0.07740324594257175,0.09806835066864772,1.0,-7.5,-15.5,-90.9,-80.0,9.0,0.0,14.0,52.0,67.0,-0.0295,0.0179,-0.0769,-0.0014,0.0001,-0.0027,Neutral,Mean Reversion Upside Bias
2026-09-22,CAH,"CARDINAL HEALTH, INC.",Health Care,222.04,-0.016434108527131785,-0.014819416097258009,-0.053618617338675345,-0.06533086378178143,12.9,-13.9,-16.299999999999997,-23.4,-86.89999999999999,7.0,0.0,-8.0,-38.0,44.0,-0.014,0.0156,0.0877,-0.0016,-0.0108,-0.0081,Sell,Mean Reversion Upside Bias
2026-09-22,CALM,"CAL-MAINE FOODS, INC.",MR Discretion,73.13,0.008272438990762465,0.0032926327342570616,-0.07336543335022816,-0.09222939424031784,4.2,-0.7999999999999998,-4.7,-9.100000000000001,-86.8,-14.0,2.0,2.0,-40.0,73.0,-0.0302,-0.0011,0.0358,0.0017,-0.0034,-0.012,Bottoming,Mean Reversion Upside Bias
2026-09-22,CANE,TEUCRIUM:SUGAR,Commodities,11.21,0.007187780772686336,0.014479638009049722,-0.009717314487632467,0.14504596527068458,48.6,2.0,3.200000000000003,-47.6,-14.0,55.0,-5.0,31.0,85.0,49.0,-0.0046,0.0472,-0.0013,-0.0005,0.0047,-0.0085,Neutral,Crowded Short
2026-09-22,CARR,CARRIER GLOBAL ,Industrials,55.26,0.011717319663127057,0.025612472160356337,-0.0508416351769152,-0.24662576687116566,18.1,6.800000000000001,11.900000000000002,7.200000000000001,-62.9,14.0,-26.0,25.0,-18.0,47.0,-0.0219,-0.0886,-0.023,0.0012,-0.0171,-0.0195,Neutral,Crowded Short
2026-09-22,CASY,"CASEY'S GENERAL STORES, INC.",Consumer Staples,584.83,-0.0008712884819079836,-0.021172256811943457,-0.22251764799723484,-0.2641704097937819,1.0,0.0,-0.8,-3.2,-41.2,0.0,0.0,0.0,-41.0,0.0,-0.0976,-0.076,0.046,0.0033,0.0013,-0.0512,Buy,Mean Reversion Downside Bias
2026-09-22,CAT,CATERPILLAR INC.,Industrials,808.01,-0.01039804041641157,-0.0012113870381587066,0.013216798124067397,-0.2412339186778102,28.4,4.199999999999999,1.5999999999999979,11.5,-43.00000000000001,40.0,0.0,0.0,-5.0,34.0,-0.0044,-0.0491,0.1132,0.0033,-0.013,-0.0006,Neutral,Mean Reversion Upside Bias
2026-09-22,CB,CHUBB LTD,Financials,335.77,-0.004417956472751006,-0.014296618130577698,-0.00835794447725946,-0.01458590127369852,14.5,-15.5,-19.799999999999997,5.6,-79.3,17.0,-12.0,22.0,-10.0,77.0,0.0022,0.0263,0.0203,-0.0023,-0.0074,-0.0031,Leaning Bearish,Mean Reversion Upside Bias
2026-09-22,CBOE,"CBOE GLOBAL MARKETS, INC.",Financials,266.83,-0.01694727922484629,-0.02209924503408356,-0.11115922718187876,0.0995590719907693,3.8,-6.7,-11.5,-34.1,-6.8,46.0,17.0,7.0,83.0,46.0,-0.0463,0.0072,0.0034,0.0018,0.0021,-0.0014,Leaning Bullish,Mean Reversion Upside Bias
2026-09-22,CBRE,"CBRE GROUP, INC.",Real Estate,141.05,-0.01508274561832268,0.011111111111111294,-0.03264522323571761,0.0472195411686096,21.2,-6.400000000000002,3.099999999999998,-16.3,-56.8,22.0,17.0,16.0,27.0,53.0,-0.0167,0.0172,0.0036,0.0048,0.0027,-0.0065,Leaning Bullish,Mean Reversion Upside Bias
2026-09-22,CCI,CROWN CASTLE INC.,Real Estate,72.37,-0.01160885004097234,-0.00944429236244182,-0.04951405306015233,-0.044368150006602436,17.3,-14.2,-14.8,-39.599999999999994,10.3,4.0,14.0,9.0,35.0,10.0,-0.0142,-0.0398,-0.0502,-0.0003,0.0108,-0.0063,Neutral,Mean Reversion Upside Bias
2026-09-22,CCJ,CAMECO ,MR Discretion,94.59,0.014587579105438175,0.03241650294695475,-0.04222357229647633,-0.07137247202042019,14.9,0.40000000000000036,-12.700000000000001,-62.699999999999996,2.700000000000001,34.0,16.0,3.0,62.0,-10.0,-0.031,-0.0427,0.1059,0.0073,-0.008,0.0092,Neutral,Mean Reversion Upside Bias
2026-09-22,CCL,CARNIVAL CORP,Consumer Discretionary,22.28,-0.0013446884805019543,0.020146520146520297,-0.06739221431561315,-0.2201610080504025,5.8,-0.40000000000000036,-0.7000000000000002,3.4,-49.2,12.0,0.0,3.0,32.0,18.0,-0.0311,-0.0632,0.0146,0.0151,-0.0013,-0.0073,Neutral,Mean Reversion Upside Bias
2026-09-22,CDNS,"CADENCE DESIGN SYSTEMS, INC.",Information Technology,302.95,0.027297388945405343,0.07087310003534819,-0.10576185134895799,-0.1928221251198977,48.2,12.700000000000003,21.000000000000004,-15.5,29.200000000000003,44.0,44.0,44.0,49.0,11.0,-0.051,-0.0399,-0.0079,0.0089,0.0133,-0.0107,Buy,Mean Reversion Downside Bias
2026-09-22,CDW,CDW ,Information Technology,147.43,0.006966737244723742,0.008482112319584179,-0.027378282095263273,0.04827929465301484,83.1,6.299999999999997,2.8999999999999915,15.399999999999991,16.5,-51.0,-5.0,-10.0,13.0,-5.0,0.0008,0.0269,-0.0699,-0.0048,0.0027,0.0005,Neutral,Crowded Long
2026-09-22,CEG,CONSTELLATION ENERGY,Utilities,263.46,0.005150509328144537,0.03435279337285535,-0.04116169887542309,0.06075612996738733,37.9,1.6000000000000014,15.5,-17.1,8.7,10.0,49.0,19.0,25.0,4.0,-0.0281,-0.0033,0.0069,0.0022,-0.0149,-0.0165,Bottoming,Crowded Short
2026-09-22,CF,"CF INDUSTRIES HOLDINGS, INC.",Materials,120.59,-0.0217408939725805,-0.055677368833202845,-0.0725986310851342,0.11389248106410488,17.7,-7.5,-30.900000000000002,-54.7,-14.500000000000004,8.0,-46.0,-68.0,13.0,-29.0,-0.0058,0.0422,0.0874,-0.0142,-0.009,-0.0,Sell,Mean Reversion Upside Bias
2026-09-22,CFG,"CITIZENS FINANCIAL GROUP, INC.",Financials,65.49,-0.02776128266033262,-0.023120525059665997,-0.049077972992594865,-0.06536320822035102,7.3,-11.2,-10.0,0.7999999999999998,-82.9,34.0,16.0,-37.0,-1.0,95.0,-0.0163,0.0079,0.0488,0.0002,-0.0088,-0.0058,Neutral,Crowded Short
2026-09-22,CHD,"CHURCH & DWIGHT CO., INC.",Consumer Staples,96.12,0.006597549481621279,0.014459102902374621,-0.036680697534576034,-0.007844756399669639,8.1,-16.299999999999997,-18.700000000000003,-34.199999999999996,-58.49999999999999,27.0,-20.0,19.0,-8.0,58.0,-0.0219,-0.0067,0.0167,0.003,-0.0006,-0.0017,Bottoming,Mean Reversion Upside Bias
2026-09-22,CHRW,"C.H. ROBINSON WORLDWIDE, INC.",Industrials,149.56,-0.02146035069353569,-0.02241976599777773,-0.0006681812107443008,-0.20590421577997242,58.1,-18.699999999999996,-9.600000000000001,16.4,16.700000000000003,-5.0,9.0,9.0,-5.0,-39.0,0.0014,-0.052,0.072,-0.0038,0.0027,-0.0079,Neutral,Mean Reversion Upside Bias
2026-09-22,CHTR,"CHARTER COMMUNICATIONS, INC.",Communication Services,117.26,-0.049371706526144976,-0.08512132324256838,-0.23077932301233273,-0.17544476478447368,15.3,-7.899999999999999,-16.999999999999996,-56.7,-50.5,-5.0,-3.0,7.0,25.0,-33.0,-0.0701,-0.0176,-0.1092,-0.0136,-0.0094,0.0053,Leaning Bearish,Mean Reversion Downside Bias
2026-09-22,CI,THE CIGNA GROUP,Health Care,273.74,-0.00265967136663392,-0.005594303981400595,-0.008475804114749241,-0.007037144515380178,26.0,-9.5,-22.6,-4.0,-27.0,-1.0,9.0,9.0,-27.0,-27.0,-0.0055,-0.0011,-0.0526,-0.0002,0.0021,-0.0034,Neutral,Mean Reversion Upside Bias
2026-09-22,CIEN,CIENA CORPORATION,Information Technology,368.56,0.007104601595802951,0.056651376146789056,-0.03719958202716822,-0.24869536855838226,26.0,5.199999999999999,8.7,6.800000000000001,19.8,10.0,0.0,2.0,-22.0,10.0,-0.0309,-0.0677,0.2178,0.0078,-0.0008,-0.0131,Neutral,Crowded Long
2026-09-22,CINF,CINCINNATI FINANCIAL ,Financials,165.83,-0.006113275397063078,-0.01875739644970409,-0.023955267804590896,-0.10429944906557187,14.1,-20.199999999999996,-37.699999999999996,12.299999999999999,-85.7,-6.0,10.0,40.0,-53.0,54.0,-0.0085,-0.0027,0.041,-0.0031,-0.0188,-0.0027,Sell,Mean Reversion Upside Bias
2026-09-22,CL,COLGATE-PALMOLIVE COMPANY,Consumer Staples,87.05,0.00915835845119406,-0.004801646278724148,-0.03083945669116006,-0.05050174520069817,5.8,-3.500000000000001,-18.599999999999998,-40.800000000000004,-69.60000000000001,-20.0,-32.0,-24.0,-37.0,17.0,-0.0115,-0.0048,-0.0077,0.0001,-0.0068,-0.0069,Neutral,Mean Reversion Upside Bias
2026-09-22,CLX,THE CLOROX COMPANY,Consumer Staples,87.15,0.026743638077285636,0.048736462093863064,-0.10780098280098283,-0.08686085498742657,4.2,3.2,4.0,-50.4,-76.39999999999999,0.0,-24.0,-2.0,13.0,-7.0,-0.06,-0.0399,-0.0619,0.0137,0.0001,-0.0162,Neutral,Crowded Short
2026-09-22,CMBT,CMB.TECH NV,MR Discretion,19.34,-0.016276703967446626,-0.046821094135041874,0.057986870897155374,0.38241601143674053,55.4,-9.100000000000001,-32.50000000000001,-30.500000000000007,44.8,25.0,0.0,20.0,45.0,22.0,0.0263,0.0749,0.0108,-0.009,0.0048,0.0197,Neutral,Crowded Short
2026-09-22,CMCSA,COMCAST ,Communication Services,22.42,-0.022241604884430832,-0.014072119613016576,-0.1577761081893313,-0.08676171079429729,5.8,-5.1000000000000005,-6.3,-78.10000000000001,-53.6,55.0,-28.0,42.0,95.0,17.0,-0.0681,-0.0151,-0.0649,-0.002,0.0054,0.0023,Leaning Bullish,Crowded Short
2026-09-22,CME,CME GROUP INC.,Financials,267.21,-0.030196348854934052,-0.03188290279337713,-0.06406304728546419,0.21002581171036527,22.0,-25.0,-34.5,-65.5,16.6,31.0,11.0,74.0,38.0,31.0,-0.0051,0.0237,-0.0008,-0.004,0.0209,-0.0018,Leaning Bullish,Crowded Short
2026-09-22,CMG,"CHIPOTLE MEXICAN GRILL, INC.",Consumer Discretionary,32.63,-0.015389257694628733,-0.023930601256356487,-0.14199316329213774,-0.0402941176470587,2.6,-16.2,-31.699999999999996,-53.6,-80.4,-12.0,2.0,10.0,25.0,-13.0,-0.0313,0.029,-0.0554,-0.0027,-0.0081,0.0009,Leaning Bearish,Mean Reversion Upside Bias
2026-09-22,CMI,CUMMINS INC.,Industrials,526.13,-0.016174875649799914,-0.01146121037897152,-0.0678065201984408,-0.2623070343937971,8.1,1.5999999999999996,2.3,7.8999999999999995,-40.1,9.0,-3.0,20.0,7.0,-8.0,-0.0294,-0.0747,0.0688,0.001,-0.01,-0.006,Neutral,Mean Reversion Upside Bias
2026-09-22,CMRE,COSTAMARE INC.,MR Discretion,14.87,-0.014579191517561374,-0.038163001293661125,-0.026832460732984287,0.060627674750356686,21.6,-4.799999999999997,-30.199999999999996,-15.5,20.6,4.0,-18.0,14.0,15.0,-23.0,-0.0025,0.0213,-0.0241,-0.0017,0.0109,0.0038,Neutral,Mean Reversion Upside Bias
2026-09-22,CMS,CMS ENERGY ,Utilities,64.27,-0.006646058732612148,-0.01637588001224377,-0.05568615927123133,-0.1598692810457517,1.0,-4.4,-0.8,-11.9,-85.2,-13.0,-2.0,20.0,-103.0,20.0,-0.0154,-0.0232,0.0052,-0.0006,-0.0212,-0.0096,Leaning Bearish,Mean Reversion Upside Bias
2026-09-22,CNC,CENTENE ,Health Care,63.3,-0.02600400061547925,-0.027799109199815764,-0.01616412806963019,-0.013865088019940797,15.7,-10.7,-17.400000000000002,-12.7,-25.7,22.0,0.0,9.0,10.0,41.0,-0.0067,-0.0083,-0.1031,-0.0033,0.0018,-0.0,Topping,Mean Reversion Upside Bias
2026-09-22,CNP,"CENTERPOINT ENERGY, INC.",Utilities,37.85,-0.0036851803106080494,-0.009680795395081043,-0.04419191919191923,-0.1405540417801998,17.7,-11.100000000000001,3.1999999999999993,9.6,-68.89999999999999,30.0,19.0,-31.0,30.0,96.0,-0.0105,-0.0221,0.0518,-0.0018,-0.01,-0.0018,Leaning Bearish,Mean Reversion Upside Bias
2026-09-22,CNR,"CORE NATURAL RESOURCES, INC.",MR Discretion,93.93,0.03504132231404977,0.0312911725955205,-0.08181818181818168,0.1738315421144716,33.1,11.100000000000001,3.1000000000000014,-65.5,28.900000000000002,34.0,-27.0,-6.0,98.0,52.0,-0.0334,0.014,0.02,-0.0075,0.0041,0.0047,Bottoming,Mean Reversion Upside Bias
2026-09-22,COF,CAPITAL ONE FINANCIAL ,Financials,200.55,-0.02132539527620525,-0.009287160993923793,-0.06507855111649796,-0.00034891835310535413,3.8,-11.100000000000001,-26.2,-38.5,-76.4,5.0,25.0,21.0,20.0,68.0,-0.0206,-0.0002,0.0372,0.002,-0.0117,-0.0004,Bottoming,Mean Reversion Upside Bias
2026-09-22,COHR,COHERENT CORP.,Information Technology,310.39,-0.03461682010450362,-0.021962440131081507,0.1171939675341036,-0.21314675387228443,51.8,4.799999999999997,11.299999999999997,33.699999999999996,30.799999999999997,12.0,44.0,27.0,9.0,-27.0,0.0356,-0.0657,0.1259,0.0078,0.0012,-0.0084,Leaning Bullish,Mean Reversion Upside Bias
2026-09-22,COIN,"COINBASE GLOBAL, INC.",Financials,201.07,9.947774185525837e-05,0.035109395109395036,0.06883903891133314,0.37540187427320615,75.6,6.799999999999997,1.0,-23.0,63.8,-36.0,-8.0,28.0,44.0,-61.0,0.0104,0.0549,-0.0047,0.0093,0.022,0.0292,Leaning Bullish,Mean Reversion Downside Bias
2026-09-22,COMT,ISHARES:GSCI COMM DYN RS,Commodities,36.78,-0.003791982665222071,-0.0160513643659711,0.049358059914408114,0.21106354955548245,74.4,4.0,-4.0,-15.5,71.80000000000001,24.0,0.0,7.0,38.0,24.0,0.0254,0.0484,0.0539,-0.0044,0.0081,0.0114,Bottoming,Crowded Short
2026-09-22,COO,"THE COOPER COMPANIES, INC.",Health Care,55.29,0.021618625277161962,0.0,-0.21115708374946507,-0.22897782736020078,12.9,3.200000000000001,1.5999999999999996,-4.799999999999999,-86.5,0.0,0.0,0.0,-29.0,70.0,-0.0975,-0.0852,-0.0836,0.0046,-0.0088,-0.0393,Bottoming,Mean Reversion Downside Bias
2026-09-22,COP,CONOCOPHILLIPS,Energy,125.27,-0.017721320473614077,-0.04976105590533275,-0.05449467884368642,0.20498268564832633,18.1,-2.299999999999997,-10.7,-67.0,16.3,10.0,-35.0,-35.0,53.0,24.0,-0.0015,0.0564,0.0276,-0.0089,-0.0031,0.0087,Leaning Bearish,Mean Reversion Downside Bias
2026-09-22,COR,"CENCORA, INC.",Health Care,314.43,-0.006508894435843127,0.018297817216140988,-0.028337453646477218,0.11113859636723444,28.4,-6.300000000000004,-3.1000000000000014,-29.700000000000003,-53.4,36.0,31.0,58.0,63.0,71.0,-0.0142,0.0299,0.0298,0.0014,-0.0027,0.0042,Neutral,Mean Reversion Upside Bias
2026-09-22,CORN,TEUCRIUM:CORN,Commodities,19.98,-0.014306857424765673,0.014213197969543234,-0.003988035892322994,0.19283582089552231,72.4,-15.5,-9.899999999999991,-27.0,66.2,9.0,15.0,3.0,11.0,-14.0,0.003,0.0401,-0.0008,-0.0,0.0019,-0.0106,Neutral,Mean Reversion Upside Bias
2026-09-22,COST,COSTCO WHOLESALE ,Consumer Staples,899.41,0.0010350814709285672,0.00457941941897233,-0.04712413522762193,-0.03854746811763077,1.0,-8.3,-18.6,-44.8,-46.8,15.0,0.0,-7.0,12.0,8.0,-0.0171,-0.0069,-0.0001,0.0007,0.0011,-0.0043,Buy,Mean Reversion Upside Bias
2026-09-22,CPAY,"FLEETCOR TECHNOLOGIES, INC.",Financials,392.95,-0.010749710487890973,-0.012092719227674964,-0.028073212960672778,0.1790740240645723,13.3,-1.1999999999999993,-5.5,-55.5,-1.299999999999999,62.0,0.0,18.0,129.0,11.0,-0.0069,0.0355,0.0059,-0.0035,0.0103,0.0007,Leaning Bullish,Mean Reversion Upside Bias
2026-09-22,CPER,UNITED STATES COPPER IDX,Commodities,41.43,0.01868699286943687,0.02982848620432521,0.03574999999999995,0.09806520010601649,50.6,8.300000000000004,5.200000000000003,15.5,38.8,10.0,0.0,-12.0,-19.0,-17.0,0.0066,0.0158,0.0842,0.0053,0.0183,-0.001,Buy,Mean Reversion Downside Bias
2026-09-22,CPRT,"COPART, INC.",Industrials,28.8,-0.003804911795226573,-0.016393442622950838,-0.1270081842982722,0.02163887903511874,12.9,4.0,4.0,-83.3,-5.700000000000001,29.0,35.0,74.0,99.0,22.0,-0.0439,0.0103,-0.0331,-0.0043,0.002,0.0045,Leaning Bullish,Crowded Long
2026-09-22,CPT,CAMDEN PROPERTY TRUST,Real Estate,99.31,0.004958510422991447,0.0019168684422921078,-0.061342155009451726,-0.13258799895187345,1.0,-2.4,-2.0,-14.7,-90.8,1.0,-11.0,-11.0,-16.0,72.0,-0.0216,-0.0223,-0.0312,0.0006,-0.0022,-0.0092,Topping,Mean Reversion Upside Bias
2026-09-22,CRESY,CRESUD INC.,MR Discretion,12.4,-0.026687598116169498,-0.028213166144200552,0.07826086956521738,0.10615521855486176,81.2,-11.899999999999991,-15.799999999999997,20.300000000000004,57.0,-40.0,-23.0,-23.0,-17.0,-87.0,0.0472,0.0217,0.0452,-0.0002,0.004,-0.0015,Neutral,Mean Reversion Downside Bias
2026-09-22,CRH,CRH PUBLIC LIMITED COMPANY,Materials,88.04,0.010328207482212637,0.0219384793964017,-0.0662848658394315,-0.1771962616822429,16.9,0.0,-2.3000000000000007,-13.900000000000002,-25.1,6.0,22.0,22.0,31.0,11.0,-0.031,-0.0605,-0.0042,0.0026,-0.0122,-0.0107,Neutral,Mean Reversion Upside Bias
2026-09-22,CRL,CHARLES RIVER LABORATORIES,Health Care,285.11,0.021863015662521246,0.02535424009206655,-0.01085900638356918,0.25715419551126595,18.1,4.000000000000002,1.2000000000000028,-70.19999999999999,-74.9,7.0,-5.0,-5.0,82.0,60.0,-0.0108,0.0734,-0.0263,0.0078,-0.0088,0.0109,Leaning Bearish,Mean Reversion Upside Bias
2026-09-22,CRM,"SALESFORCE, INC.",Information Technology,233.28,-0.013281448270027862,-0.01950235373234699,-0.09419895938494993,0.4890846418996553,66.9,-2.6999999999999886,-5.099999999999994,-27.69999999999999,63.10000000000001,-8.0,-22.0,-22.0,52.0,-18.0,-0.0219,0.0924,-0.0165,-0.0207,-0.0006,-0.0013,Leaning Bearish,Mean Reversion Downside Bias
2026-09-22,CRWD,"CROWDSTRIKE HOLDINGS, INC.",Information Technology,250.06,0.002847403248446012,0.052219650746896606,0.08251082251082242,0.31069004376654363,78.4,2.0,10.900000000000006,18.300000000000004,30.200000000000003,1.0,0.0,-10.0,-18.0,11.0,0.0441,0.0725,0.1196,-0.0081,0.0104,0.003,Bottoming,Mean Reversion Downside Bias
2026-09-22,CSCO,"CISCO SYSTEMS, INC.",Information Technology,106.44,-0.04503857886237217,-0.028033969500502298,-0.036654900896008646,-0.09381917248424998,16.9,-18.6,-16.200000000000003,0.3999999999999986,-2.5,51.0,-6.0,14.0,61.0,-1.0,-0.0125,-0.0028,0.1162,-0.009,0.0028,-0.0073,Bottoming,Mean Reversion Upside Bias
2026-09-22,CSGP,"COSTAR GROUP, INC.",Real Estate,28.77,-0.009297520661156966,-0.011000343760742548,-0.10289990645463054,0.01588983050847448,16.5,-14.7,-21.799999999999997,-77.7,-0.8999999999999986,-6.0,9.0,9.0,96.0,-9.0,-0.0274,-0.0389,-0.1192,-0.0038,0.0043,0.0001,Topping,Mean Reversion Upside Bias
2026-09-22,CSX,CSX ,Industrials,46.59,0.01304631441617743,-0.010828025477707004,-0.0776083943773509,-0.019776982958131684,0.6,0.39999999999999997,0.39999999999999997,-42.1,-48.4,29.0,40.0,40.0,-22.0,30.0,-0.0419,0.007,0.0372,-0.0003,-0.0058,-0.0055,Neutral,Crowded Short
2026-09-22,CTAS,CINTAS ,Industrials,198.8,0.009752133279154807,0.005869257235377567,-0.014817384409534617,0.16886171213546564,18.5,-1.1000000000000014,-3.1000000000000014,-21.4,-33.7,22.0,0.0,0.0,48.0,40.0,-0.0104,0.0476,0.0026,0.0022,0.0056,-0.0052,Leaning Bullish,Mean Reversion Upside Bias
2026-09-22,CTSH,COGNIZANT TECHNOLOGY SOLUTIONS ,Information Technology,58.68,-0.011788480970023607,-0.01987639886420578,-0.09135955404149887,0.5151045701006973,38.3,-4.800000000000004,-11.5,-54.400000000000006,37.3,3.0,31.0,31.0,88.0,41.0,-0.0209,0.0865,-0.0903,-0.0063,0.0242,0.0021,Neutral,Crowded Short
2026-09-22,CTVA,"CORTEVA, INC.",Materials,80.34,0.015547971179370457,-0.002359369179187887,-0.05069124423963123,-0.051363797378675136,29.2,0.0,-10.7,-61.89999999999999,-70.6,6.0,23.0,7.0,-13.0,28.0,-0.011,0.0177,0.0333,-0.0037,-0.0138,-0.0012,Sell,Mean Reversion Upside Bias
2026-09-22,CVNA,CARVANA CO.,Consumer Discretionary,65.4,-0.02649598094671035,0.004454000921517487,-0.10971957527906329,-0.006381039197812077,16.1,-20.199999999999996,-0.3999999999999986,-59.49999999999999,-16.9,29.0,26.0,67.0,92.0,25.0,-0.0317,-0.0188,0.0668,0.0066,0.0009,-0.0041,Buy,Mean Reversion Upside Bias
2026-09-22,CVS,CVS HEALTH ,Health Care,87.1,-0.005707762557077611,-0.019585772174696148,-0.07251623895218828,-0.15804736587723545,8.1,-2.0,-4.0,2.3,-84.10000000000001,4.0,-24.0,-24.0,-8.0,27.0,-0.0217,-0.0358,0.0101,-0.0045,-0.0105,-0.0065,Leaning Bearish,Mean Reversion Upside Bias
2026-09-22,CVX,CHEVRON ,Energy,202.41,-0.0061864781263808455,-0.03388859720299742,-0.018094498884253407,0.22110279922779918,39.1,2.0,-11.100000000000001,-33.300000000000004,38.9,51.0,0.0,29.0,76.0,49.0,0.005,0.0384,0.0479,-0.0084,0.0021,0.0102,Bottoming,Crowded Short
2026-09-22,D,"DOMINION ENERGY, INC.",Utilities,62.43,-0.006208213944603691,-0.01808744888329661,-0.0542342069383428,-0.08581051398447803,2.6,-1.6,-1.1999999999999997,-5.5,-80.4,34.0,26.0,-2.0,-1.0,75.0,-0.0121,-0.0182,0.0203,0.0031,-0.0066,-0.0069,Neutral,Crowded Short
2026-09-22,DAL,"DELTA AIR LINES, INC.",Industrials,83.92,0.017212121212121234,0.054006531022356086,0.07589743589743603,-0.10399316677343573,51.0,8.700000000000003,21.0,50.8,-36.0,-4.0,-26.0,-36.0,13.0,19.0,0.0037,-0.0232,0.0474,0.0118,-0.0115,-0.0127,Neutral,Mean Reversion Upside Bias
2026-09-22,DASH,"DOORDASH, INC.",Consumer Discretionary,192.21,-0.008357839343754891,-0.0037835596558515316,-0.17057909726417542,0.04161924890261748,3.0,-8.3,-8.7,-93.2,-73.2,20.0,-5.0,-5.0,63.0,56.0,-0.0645,0.0311,0.0168,0.0015,-0.02,-0.0125,Neutral,Crowded Short
2026-09-22,DBA,INVESCO DB MS AGRI,Commodities,28.55,-0.00453277545327746,0.014209591474245276,-0.026261937244201894,0.07049118860142478,55.8,-3.1000000000000014,20.299999999999997,-38.8,31.599999999999998,35.0,0.0,29.0,44.0,22.0,-0.006,0.0165,0.0195,-0.0023,-0.0001,-0.0071,Neutral,Crowded Short
2026-09-22,DBB,INVESCO DB MS BMTL,Commodities,26.17,0.011205564142194868,0.008866615265998412,0.021866458414681933,0.08589211618257253,45.8,10.699999999999996,-3.200000000000003,4.699999999999996,45.199999999999996,68.0,-6.0,33.0,69.0,-5.0,0.0056,0.0141,0.0352,0.0021,0.017,0.0004,Buy,Crowded Short
2026-09-22,DBC,INVESCO DB CM IDX,Commodities,32.44,-0.0042971147943523524,-0.014880048587913808,0.03642172523961662,0.21680420105026244,68.5,4.0,-6.700000000000003,-16.200000000000003,65.9,25.0,16.0,16.0,40.0,25.0,0.0208,0.0551,0.0369,-0.0049,0.0091,0.0077,Leaning Bullish,Mean Reversion Upside Bias
2026-09-22,DD,"DUPONT DE NEMOURS, INC.",Materials,131.8,0.015486555204561325,0.021626230524765644,-0.02072962330039374,-0.028310232969625315,18.1,6.400000000000002,8.400000000000002,7.200000000000001,7.100000000000001,75.0,29.0,87.0,42.0,19.0,-0.023,-0.0207,0.0106,0.0055,0.0114,-0.0082,Buy,Mean Reversion Upside Bias
2026-09-22,DDOG,"DATADOG, INC.",Information Technology,247.48,0.009916343603346256,0.07637439109255384,0.04404319946000679,-0.049469964664311084,63.7,9.900000000000006,26.200000000000003,42.900000000000006,33.1,53.0,48.0,53.0,16.0,44.0,0.0024,0.0085,0.0903,0.0042,0.0115,-0.0077,Buy,Mean Reversion Upside Bias
2026-09-22,DE,DEERE & COMPANY,Industrials,703.12,0.026857301418077073,0.02796824514978291,0.0736131682215877,0.10844513108318998,80.4,8.0,0.0,-0.3999999999999915,-13.0,-12.0,1.0,5.0,-9.0,11.0,0.0287,0.0233,0.0805,-0.0013,-0.008,-0.0005,Leaning Bearish,Mean Reversion Upside Bias
2026-09-22,DECK,DECKERS OUTDOOR ,Consumer Discretionary,79.83,-0.004985666209647355,0.017850312380466526,-0.08325677537896192,-0.19599153993352814,12.9,-4.799999999999999,-8.700000000000001,-0.40000000000000036,-8.9,25.0,3.0,19.0,15.0,11.0,-0.0259,-0.0809,-0.072,0.0064,0.0056,-0.0125,Leaning Bullish,Mean Reversion Upside Bias
2026-09-22,DELL,DELL TECHNOLOGIES INC.,Information Technology,548.92,-0.045870921763918604,-0.03369362391296693,0.20374553189623024,0.27223844620590554,67.3,-5.900000000000006,-6.700000000000003,18.299999999999997,45.099999999999994,11.0,16.0,4.0,13.0,-28.0,0.0507,0.0373,0.178,-0.0037,0.0002,0.0127,Neutral,Mean Reversion Downside Bias
2026-09-22,DG,DOLLAR GENERAL ,Consumer Staples,122.63,0.005905996226724719,0.0017972387876807883,-0.03250493096646945,0.06532881591521145,34.7,-5.599999999999994,-14.899999999999999,-10.699999999999996,-33.89999999999999,22.0,0.0,38.0,-7.0,79.0,-0.0039,0.0314,0.049,-0.0005,-0.0013,0.0104,Neutral,Mean Reversion Downside Bias
2026-09-22,DGX,QUEST DIAGNOSTICS INC.,Health Care,234.76,-0.04132636393335509,-0.04743355650233316,-0.023054515189346758,0.10761972163246059,18.1,-22.6,-34.5,-57.9,-77.69999999999999,15.0,-48.0,-15.0,6.0,45.0,-0.0094,0.0125,0.0586,-0.0115,-0.0011,-0.0003,Sell,Crowded Short
2026-09-22,DHI,"D.R. HORTON, INC.",Consumer Discretionary,144.11,0.034901256732495556,0.04412403999420378,-0.0031128942999445464,-0.11523821218074648,40.3,16.499999999999996,15.899999999999999,-4.700000000000003,-39.10000000000001,-37.0,-41.0,-31.0,6.0,16.0,-0.0145,-0.0349,-0.0359,0.0049,-0.0104,-0.0064,Topping,Mean Reversion Upside Bias
2026-09-22,DHR,DANAHER ,Health Care,221.09,0.024323573017049682,0.04381285114017275,0.03525941187488302,0.16069928601427974,58.5,25.4,26.6,-24.400000000000006,-16.5,7.0,44.0,44.0,109.0,70.0,0.0051,-0.0072,-0.0378,0.0059,0.0008,0.0011,Buy,Mean Reversion Upside Bias
2026-09-22,DHT,"DHT HOLDINGS, INC.",MR Discretion,21.39,-0.04721603563474386,-0.08079071766222601,0.09132653061224483,0.294010889292196,62.1,-15.899999999999999,-25.4,6.300000000000004,25.5,5.0,26.0,20.0,-39.0,-8.0,0.0455,0.053,0.0971,-0.0056,-0.0158,0.0178,Sell,Crowded Short
2026-09-22,DIA,SPDR DOW JONES INDUS AVG,Sector & Style ETFs,518.0,-0.0034245257608988,0.0041094828254633065,-0.025528152454051267,-0.008403683072034318,7.7,-3.6000000000000005,-3.999999999999999,-11.3,-41.3,24.0,1.0,11.0,15.0,51.0,-0.0098,0.0178,-0.0053,0.0015,-0.0015,-0.0035,Neutral,Mean Reversion Upside Bias
2026-09-22,DIS,THE WALT DISNEY COMPANY,Communication Services,103.82,-0.003933608366113561,0.011200935034576753,-0.03468154346815433,0.07864935064935064,18.1,-17.799999999999997,-10.299999999999997,-71.0,-0.09999999999999787,8.0,9.0,22.0,85.0,-13.0,-0.0105,0.0006,-0.02,0.0002,-0.0001,0.0034,Neutral,Crowded Long
2026-09-22,DJI,DOW JONES INDUSTRIAL AVG INDEX,Indices,51863.69,-0.0035570444138706137,0.003503110522217856,-0.024860160305644863,-0.00870636401168201,7.7,-3.6000000000000005,-4.8,-10.8,-44.9,2.0,-4.0,-22.0,1.0,36.0,-0.0081,0.0189,-0.0052,0.0017,-0.0017,-0.0036,Neutral,
2026-09-22,DLR,"DIGITAL REALTY TRUST, INC.",Real Estate,185.65,-0.0036494391670691684,0.019382824511311236,0.00032329328088809284,0.03380109143557175,43.8,5.5,26.099999999999998,14.199999999999996,6.599999999999994,16.0,0.0,20.0,-56.0,1.0,-0.007,0.0067,0.008,0.0063,-0.0042,-0.0039,Bottoming,Mean Reversion Downside Bias
2026-09-22,DLTR,"DOLLAR TREE, INC.",Consumer Staples,115.04,0.02412534496572616,0.02750982493747789,-0.09123943439450188,-0.04886316659776768,7.3,-3.000000000000001,-8.0,-32.6,-52.900000000000006,14.0,-21.0,-46.0,-37.0,34.0,-0.0413,0.0029,0.0316,0.0056,-0.0131,0.0507,Bottoming,Mean Reversion Downside Bias
2026-09-22,DOC,"HEALTHDOC PROPERTIES, INC.",Real Estate,20.6,-0.005791505791505669,0.013280865715691315,-0.01056676272814594,-0.03738317757009335,4.6,-11.500000000000002,-5.5,-15.4,-89.2,-42.0,-25.0,-78.0,-50.0,3.0,-0.0081,-0.0027,-0.0187,0.0058,-0.0048,-0.0061,Leaning Bearish,Mean Reversion Upside Bias
2026-09-22,DOV,DOVER ,Industrials,186.54,0.002418184749314767,-0.004695336676982187,-0.03959223600885542,-0.16827180310326384,5.8,-2.7,-10.7,-4.500000000000001,-70.4,36.0,28.0,4.0,4.0,83.0,-0.0219,-0.0543,-0.0096,0.0019,-0.0086,-0.0032,Neutral,Crowded Short
2026-09-22,DOW,DOW INC.,Materials,28.2,-0.002476123098691163,-0.01844761573268361,-0.07601572739187423,0.030701754385964897,11.7,3.1999999999999993,1.5999999999999996,-37.5,11.5,51.0,37.0,-24.0,-6.0,49.0,-0.0184,-0.0122,-0.077,-0.0067,0.0164,-0.0013,Neutral,Mean Reversion Upside Bias
2026-09-22,DPZ,"DOMINO'S PIZZA, INC.",Consumer Discretionary,297.12,0.0039872947219030674,0.009925220938137302,-0.13138045956849675,0.003648155654641272,9.3,-4.799999999999999,-8.8,-27.400000000000002,-32.900000000000006,0.0,-80.0,-38.0,-49.0,12.0,-0.0454,-0.0004,-0.0327,-0.0006,0.0145,-0.0035,Leaning Bullish,Mean Reversion Downside Bias
2026-09-22,DRI,"DARDEN RESTAURANTS, INC.",Consumer Discretionary,213.54,0.010553215654725223,0.02035550458715596,-0.0033604032483898205,0.03655162370758691,28.0,-2.3999999999999986,-4.700000000000003,-36.900000000000006,-33.8,46.0,9.0,-6.0,9.0,16.0,0.0007,0.0073,0.0387,0.0022,-0.0015,-0.0078,Bottoming,Crowded Short
2026-09-22,DTE,DTE ENERGY COMPANY,Utilities,125.41,-0.005708396099262658,-0.024198568316215474,-0.07535206075352063,-0.1769377173984381,1.0,-3.5999999999999996,-1.4,-13.5,-95.2,2.0,-9.0,15.0,-58.0,93.0,-0.0213,-0.0298,0.013,-0.0025,-0.013,-0.0101,Leaning Bearish,Mean Reversion Upside Bias
2026-09-22,DUK,DUKE ENERGY ,Utilities,116.31,-0.00368339900633885,-0.010380328426784602,-0.030022516887665662,-0.08113446042028749,3.0,-23.8,-6.699999999999999,-21.4,-78.8,-20.0,-26.0,0.0,-30.0,42.0,-0.0088,0.0094,0.0085,0.0008,-0.0043,-0.0052,Neutral,Mean Reversion Upside Bias
2026-09-22,DVA,DAVITA INC.,Health Care,183.72,0.007568279039157577,-0.0007614489285326931,0.043804329299471645,-0.174217907227616,65.7,-1.3999999999999915,-1.5999999999999943,60.5,-34.099999999999994,-3.0,6.0,-22.0,-3.0,19.0,0.0191,-0.0031,0.0226,-0.003,-0.0049,-0.0118,Leaning Bearish,Mean Reversion Upside Bias
2026-09-22,DVN,DEVON ENERGY ,Energy,46.93,-0.013868459760453922,-0.034560789960913385,-0.03257060399917544,0.13576960309777353,28.0,3.3999999999999986,-4.299999999999997,-42.400000000000006,24.2,25.0,-19.0,-21.0,73.0,26.0,0.0066,0.0335,-0.0058,-0.0083,-0.0031,0.0172,Leaning Bearish,Mean Reversion Upside Bias
2026-09-22,DXCM,"DEXCOM, INC.",Health Care,89.53,0.0040372322529997895,0.002014549524342657,-0.016802108499890167,0.32932442464736456,40.3,9.899999999999999,-4.300000000000004,-22.0,27.499999999999996,33.0,0.0,0.0,34.0,-18.0,-0.0081,0.0354,-0.013,0.0008,0.0106,-0.0028,Leaning Bullish,Mean Reversion Upside Bias
2026-09-22,DXY,US DOLLAR INDEX,Indices,100.56,0.0013941445927105889,0.0034926654026545823,0.011161387631975828,-0.006225911651348892,89.5,-0.4000000000000057,2.4000000000000057,58.3,-4.700000000000003,-41.0,4.0,-14.0,-51.0,52.0,0.003,0.0047,-0.0031,-0.0001,-0.001,0.001,Neutral,
2026-09-22,EBAY,EBAY INC.,Consumer Discretionary,109.28,0.009048938134810669,-0.022889842632331958,0.05523368095789882,-0.02210290827740491,51.0,-7.5,-23.0,18.700000000000003,4.399999999999999,-5.0,-17.0,36.0,-37.0,-67.0,0.0158,-0.0042,0.0765,-0.0007,0.0023,-0.0132,Neutral,Mean Reversion Upside Bias
2026-09-22,EC,ECOPETROL SA,MR Discretion,16.91,0.004156769596199483,-0.03811149032992023,0.014397120575884825,0.1875,24.4,9.499999999999998,-9.100000000000001,-12.300000000000004,14.2,15.0,-39.0,-19.0,17.0,-48.0,0.0064,0.0333,0.0876,-0.0069,-0.0036,0.0153,Sell,Crowded Short
2026-09-22,ECH,ISHARES:MSCI CHILE,Foreign,40.25,0.0072572572572573435,0.020278833967046772,-0.006172839506172867,0.013853904282115748,10.1,-7.799999999999999,-11.500000000000002,-37.3,-16.9,77.0,-8.0,29.0,43.0,21.0,-0.0122,0.0126,0.0678,0.0059,0.0017,-0.0013,Buy,Mean Reversion Upside Bias
2026-09-22,ECHO,ECHOSTAR CORPORATION,Communication Services,95.46,0.0010486577181207934,0.021399529210357482,0.10434983803794529,-0.0595073891625616,91.9,2.4000000000000057,10.0,39.300000000000004,89.7,-21.0,-3.0,-3.0,9.0,-62.0,0.0357,-0.0157,0.1225,0.0006,0.0185,-0.0304,Leaning Bullish,Mean Reversion Upside Bias
2026-09-22,ECL,ECOLAB INC.,Materials,276.22,0.02311282317208696,0.02508721145995718,-0.024646892655367125,-0.008578299414952806,20.0,3.8999999999999986,3.5,-33.8,-72.2,46.0,51.0,37.0,34.0,106.0,-0.0155,-0.0034,0.0166,0.0039,-0.008,-0.0026,Bottoming,Mean Reversion Upside Bias
2026-09-22,ED,"CONSOLIDATED EDISON, INC.",Utilities,103.84,-0.0001925669170036448,-0.015081096462107646,-0.029714072136049263,-0.061375757027930855,9.7,-13.5,-9.100000000000001,-28.599999999999998,-80.5,-26.0,-1.0,-23.0,-55.0,30.0,-0.005,-0.0029,0.0149,-0.0012,-0.009,-0.0053,Sell,Crowded Short
2026-09-22,EDEN,ISHARES:MSCI DENMARK,Foreign,112.4,-0.004340508459562353,-0.017396625579158997,-0.04201823915452141,0.018577254191209924,10.1,-3.8000000000000007,-12.700000000000001,-71.10000000000001,-34.5,21.0,-7.0,-7.0,63.0,60.0,-0.0174,0.0124,-0.0156,-0.0006,-0.0012,0.0003,Leaning Bearish,
2026-09-22,EDV,VANGUARD EXT DUR T;ETF,Bonds,60.23,-0.0011608623548922115,0.010062049304041532,0.0009971746717631902,-0.07452366318377379,66.5,-10.299999999999997,6.200000000000003,-1.5999999999999943,-5.700000000000003,-30.0,19.0,-7.0,7.0,-23.0,-0.0045,-0.0107,-0.0309,0.0023,-0.0039,-0.0064,Topping,Mean Reversion Upside Bias
2026-09-22,EFNL,ISHARES:MSCI FINLAND,Foreign,56.12,0.008989572096368192,0.017035157665820977,0.024461482292807535,0.04916806879790614,46.6,9.899999999999999,5.5,-40.49999999999999,42.0,41.0,-5.0,26.0,86.0,18.0,0.0017,0.0045,0.0448,0.004,0.0051,0.0001,Buy,
2026-09-22,EFX,EQUIFAX INC.,Industrials,159.78,0.007313075274240299,0.005727953672814312,-0.15531824910128988,0.00667842741935476,0.6,0.0,-0.4,-90.5,-28.799999999999997,31.0,4.0,27.0,116.0,44.0,-0.0709,-0.0061,-0.0842,0.0011,0.0025,-0.0043,Leaning Bullish,Mean Reversion Upside Bias
2026-09-22,EG,"EVEREST GROUP, LTD.",Financials,370.96,0.0041686968761842635,-0.010377484327064312,-0.00984919257974104,0.038434621952243564,34.3,-7.200000000000003,-25.0,-15.900000000000006,-58.3,11.0,-13.0,12.0,-11.0,47.0,-0.0064,0.0229,-0.0109,-0.0018,-0.0063,-0.0004,Leaning Bearish,Crowded Short
2026-09-22,EIDO,ISHARES:MSCI INDONESIA,Foreign,12.16,-0.016181229773462702,-0.024859663191659997,-0.04477611940298509,0.07515473032714404,29.2,-8.7,-23.000000000000004,-37.7,7.800000000000001,-17.0,7.0,-14.0,-15.0,-54.0,-0.0095,0.0105,-0.0952,-0.0059,-0.005,-0.0078,Leaning Bearish,Mean Reversion Upside Bias
2026-09-22,EIRL,ISHARES:MSCI IRELAND,Foreign,83.23,0.004222972972973027,0.010686095931997652,0.0028919146885169056,0.06228462029355475,13.3,0.40000000000000036,-5.199999999999999,-80.2,-43.7,48.0,0.0,20.0,120.0,66.0,0.001,0.0166,0.0059,0.0011,0.0061,0.0026,Leaning Bullish,
2026-09-22,EIS,ISHARES:MSCI ISRAEL,Foreign,126.79,-0.006581524719893372,0.01627124078230202,0.03249185667752452,0.05036865214149633,66.1,5.999999999999993,14.699999999999996,23.39999999999999,58.699999999999996,45.0,24.0,19.0,27.0,45.0,0.0071,0.0088,0.0765,0.002,0.006,-0.0006,Buy,
2026-09-22,EIX,EDISON INTERNATIONAL,Utilities,55.05,0.0018198362147405778,-0.0047007774362684,0.019822156354205367,-0.2605775688381464,3.8,-2.7,0.3999999999999999,1.1999999999999997,-84.60000000000001,16.0,0.0,52.0,45.0,82.0,-0.0725,-0.0665,-0.0494,0.0407,-0.0094,-0.0149,Bottoming,Mean Reversion Downside Bias
2026-09-22,EL,THE ESTEE LAUDER COMPANIES INC.,Consumer Staples,100.29,0.0410006227942703,0.07342395376217481,-0.019648093841642122,0.27029765674477524,26.0,4.600000000000001,-5.5,-54.8,12.2,43.0,7.0,50.0,78.0,-8.0,-0.0239,0.0357,-0.0195,0.0065,0.0061,0.0123,Leaning Bullish,Mean Reversion Upside Bias
2026-09-22,ELV,"ELEVANCE HEALTH, INC.",Health Care,402.43,-0.016808775744545645,-0.02073244920306605,0.02519488459774788,0.04059679880019651,35.9,-9.5,-16.300000000000004,-13.100000000000001,2.8999999999999986,-3.0,0.0,10.0,23.0,-38.0,0.0068,0.0084,-0.0635,-0.0003,0.0017,0.0001,Neutral,Crowded Short
2026-09-22,EME,"EMCOR GROUP, INC.",Industrials,756.5,-0.0015969170263029353,0.008545641189723785,0.029896261605903085,-0.08842242251891841,39.9,5.799999999999997,11.099999999999998,31.4,8.899999999999999,-3.0,27.0,19.0,-30.0,-14.0,0.0007,-0.0391,0.0847,0.0011,-0.0039,-0.0071,Neutral,Mean Reversion Upside Bias
2026-09-22,EMR,EMERSON ELECTRIC CO.,Industrials,154.19,0.016279989454257793,0.02848185699039485,0.011479926528470186,0.07712190010478515,29.2,8.399999999999999,6.399999999999999,-0.40000000000000213,-19.8,64.0,25.0,71.0,78.0,37.0,-0.0167,0.0066,0.0321,0.0074,0.0011,0.0057,Buy,Mean Reversion Upside Bias
2026-09-22,ENZL,ISHARES:MSCI NEW ZLND,Foreign,46.29,0.009596510359869193,0.01669229079727641,-0.03802992518703241,0.03348961821835239,9.3,5.1000000000000005,2.8000000000000007,-57.2,-5.299999999999999,28.0,-25.0,-7.0,30.0,-29.0,-0.0171,0.001,-0.0189,0.003,0.0042,-0.0046,Leaning Bullish,Crowded Short
2026-09-22,EOG,"EOG RESOURCES, INC.",Energy,139.52,-0.013156033385202881,-0.0326561741662621,-0.03752759381898452,0.07546442611577908,16.9,1.1999999999999993,-4.300000000000001,-26.200000000000003,-6.5,8.0,-54.0,-54.0,-14.0,-20.0,-0.0025,0.0261,0.0262,-0.0056,-0.0022,0.0062,Sell,Mean Reversion Upside Bias
2026-09-22,EPAM,"EPAM SYSTEMS, INC.",Information Technology,111.54,-0.014054627419782473,-0.02157894736842103,-0.05338199100398877,0.4056710775047261,53.0,-4.700000000000003,-17.0,-16.200000000000003,44.8,-10.0,0.0,10.0,53.0,-18.0,0.0012,0.1097,-0.108,-0.0119,0.0172,0.0062,Neutral,Mean Reversion Upside Bias
2026-09-22,EPHE,ISHARES:MSCI PHILIPPINES,Foreign,23.35,0.001716001716001836,0.0025762129669386624,-0.01684210526315788,-0.0335264900662251,6.9,0.7000000000000002,0.7000000000000002,6.7,-57.300000000000004,2.0,0.0,42.0,-36.0,-8.0,-0.0093,-0.0212,-0.0217,0.0025,-0.0005,-0.0156,Neutral,
2026-09-22,EPOL,ISHARES:MSCI POLAND,Foreign,45.57,-0.002189621195533231,0.02612024318847106,0.033333333333333215,0.18026418026418023,48.6,-4.799999999999997,14.700000000000003,-5.600000000000001,31.6,63.0,0.0,18.0,51.0,-8.0,0.0081,0.0287,0.0638,0.0024,0.0077,0.003,Buy,Crowded Short
2026-09-22,EPU,ISHARES:MSCI PERU,Foreign,93.08,0.021285933728329987,0.025674931129476608,0.01660113586719092,0.11473053892215557,19.6,10.3,-10.0,-41.3,0.20000000000000284,52.0,10.0,12.0,18.0,19.0,-0.0082,0.0142,0.1204,0.0071,0.0022,0.002,Buy,Mean Reversion Upside Bias
2026-09-22,EQIX,"EQUINIX, INC.",Real Estate,1059.26,0.0018916822730454808,0.03712769498893609,0.011980281259553527,0.01618396185688642,34.3,4.299999999999997,23.799999999999997,-6.400000000000006,2.8999999999999986,55.0,47.0,41.0,21.0,48.0,-0.0019,-0.0139,0.0217,0.0055,0.0007,-0.0079,Leaning Bullish,Crowded Short
2026-09-22,EQR,EQUITY RESIDENTIAL,Real Estate,62.35,0.016134289439374117,0.018458020254818797,-0.04283082591341725,-0.08214338289415579,7.3,-1.2000000000000002,-10.0,-19.5,-66.9,20.0,-16.0,7.0,46.0,84.0,-0.0181,-0.0101,-0.0383,0.0011,0.0038,-0.0125,Leaning Bullish,
2026-09-22,EQT,EQT ,Energy,50.81,0.013564731697586208,0.016199999999999992,-0.06220007382798076,-0.0443859319164942,20.0,7.9,10.7,-36.9,-12.600000000000001,41.0,-20.0,52.0,45.0,27.0,-0.0328,-0.0077,0.0607,-0.0007,-0.0002,-0.0006,Neutral,Crowded Short
2026-09-22,ERIE,ERIE INDEMNITY COMPANY,Financials,234.38,-0.006653952108497507,-0.019535661995398468,-0.0828768195335734,-0.022398331595411936,0.6,-3.6,-15.1,-92.10000000000001,-99.2,-42.0,0.0,-46.0,1.0,18.0,-0.0336,-0.0037,-0.0825,-0.008,-0.0061,-0.0068,Leaning Bearish,Mean Reversion Upside Bias
2026-09-22,ES,EVERSOURCE ENERGY,Utilities,66.38,-0.007624458065480733,-0.019787359716479713,-0.05360707157114353,-0.08149993081499929,1.8,-9.1,-3.2,-18.599999999999998,-86.4,20.0,45.0,-19.0,-6.0,36.0,-0.0145,-0.0103,-0.0009,-0.0001,-0.0109,-0.0062,Neutral,Crowded Short
2026-09-22,ES=F,E-MINI S&P 500 FUTURES,Futures,7832.75,-0.00044664220768864116,0.013948220064724959,0.017009121303599883,0.03813783962889339,70.4,2.700000000000003,22.200000000000003,26.900000000000006,46.00000000000001,-27.0,0.0,-14.0,-9.0,-35.0,0.0004,0.0096,0.0024,0.0017,0.0013,-0.0006,Leaning Bullish,
2026-09-22,ESS,"ESSEX PROPERTY TRUST, INC.",Real Estate,274.76,0.012417554073473669,0.017441214589890786,-0.028979361040429752,-0.057718028738982796,1.8,0.0,0.40000000000000013,-33.1,-82.4,-42.0,0.0,-54.0,-16.0,5.0,-0.0153,-0.0137,-0.0259,0.0019,-0.0054,-0.0102,Leaning Bearish,Mean Reversion Upside Bias
2026-09-22,ETN,EATON  PUBLIC LIMITED COMPANY,Industrials,442.49,0.016213857566084178,0.041716693740141864,0.10105006469592914,0.03841640852342065,71.2,9.700000000000003,15.800000000000004,60.7,11.400000000000006,-53.0,-31.0,-31.0,-32.0,-35.0,0.0134,-0.0118,0.0367,0.0098,-0.0003,-0.0032,Neutral,Mean Reversion Downside Bias
2026-09-22,ETR,ENTERGY ,Utilities,101.16,-0.0041346721795628705,-0.008332516419958913,-0.048443232057191254,-0.119275639909455,4.2,-10.899999999999999,-1.2000000000000002,-24.2,-80.8,0.0,0.0,0.0,-45.0,45.0,-0.0142,-0.014,0.0782,-0.0,-0.0079,-0.0142,Neutral,Mean Reversion Upside Bias
2026-09-22,EVRG,"EVERGY, INC.",Utilities,79.27,0.00012616704516776878,-0.006392579593883285,-0.021599605035793612,-0.08284160592386913,15.7,-12.3,7.6,-5.100000000000001,-69.3,23.0,0.0,49.0,23.0,95.0,-0.0048,-0.0116,0.0397,0.0011,-0.0103,-0.004,Neutral,Mean Reversion Upside Bias
2026-09-22,EW,EDWARDS LIFESCIENCES ,Health Care,88.78,0.00498075616934579,0.005891683661907843,-0.021707988980716242,-0.01857174441742193,33.1,-1.7999999999999972,-2.0,-25.4,-27.1,51.0,0.0,0.0,53.0,71.0,-0.0119,-0.0092,0.0211,0.0013,-0.0051,-0.0089,Bottoming,Crowded Short
2026-09-22,EWA,ISHARES:MSCI AUSTRALIA,Foreign,29.09,0.001721763085399397,0.011826086956521653,-0.030979347101932064,0.03302556818181812,13.7,2.3999999999999986,1.5999999999999996,-51.2,-2.900000000000002,38.0,-27.0,-24.0,82.0,27.0,-0.0138,0.0037,-0.0103,0.0017,0.0019,-0.0051,Leaning Bullish,Mean Reversion Downside Bias
2026-09-22,EWC,ISHARES:MSCI CANADA,Foreign,60.76,0.005460863809366279,0.008967120557954233,-0.010906723099462834,0.05412907702984038,8.5,4.7,2.3,-59.599999999999994,1.5,72.0,30.0,64.0,98.0,65.0,-0.0082,0.0077,0.0327,0.0018,0.0017,-0.0038,Buy,Crowded Short
2026-09-22,EWD,ISHARES:MSCI SWEDEN,Foreign,52.19,0.008307573415765157,0.02273172643543009,-0.022842164388691244,0.04421768707482987,17.3,5.600000000000001,6.0,-31.7,2.3000000000000007,65.0,18.0,47.0,69.0,19.0,-0.014,0.0134,0.0133,0.0033,0.0072,-0.0036,Leaning Bullish,Crowded Short
2026-09-22,EWG,ISHARES:MSCI GERMANY,Foreign,42.65,0.0011737089201877549,0.011862396204033177,-0.03572236038887633,0.03094029489968575,14.5,1.1999999999999993,4.4,-58.7,1.0999999999999996,65.0,0.0,47.0,94.0,57.0,-0.0171,0.0078,0.0064,0.0009,0.0041,-0.0048,Leaning Bullish,Crowded Short
2026-09-22,EWH,ISHARES:MSCI HONG KONG,Foreign,22.84,0.0035149384885764245,0.01737193763919831,-0.0030554343081623525,0.0917782026768641,24.8,4.800000000000001,4.0,-11.099999999999998,19.8,40.0,-10.0,29.0,38.0,37.0,-0.0059,0.0151,0.0161,0.0026,0.003,-0.0224,Buy,Mean Reversion Upside Bias
2026-09-22,EWI,ISHARES:MSCI ITALY,Foreign,60.75,-0.008001306335728264,0.011656952539550458,-0.024566473988439363,0.0254895340985819,12.5,-2.0,7.5,-7.100000000000001,-14.899999999999999,64.0,-21.0,28.0,41.0,28.0,-0.0109,-0.0003,0.0297,0.0003,0.0025,-0.0029,Neutral,Crowded Short
2026-09-22,EWJ,ISHARES:MSCI JAPAN,Foreign,98.78,0.008370763576970308,0.018350515463917638,0.03024614100959533,0.059075801436689224,82.7,10.700000000000003,10.700000000000003,13.299999999999997,49.300000000000004,12.0,38.0,22.0,-4.0,-19.0,0.0046,0.007,0.0196,0.0008,-0.0033,0.0001,Bottoming,Mean Reversion Upside Bias
2026-09-22,EWK,ISHARES:MSCI BELGIUM,Foreign,26.89,-0.0029662588060808126,0.0018628912071534387,-0.023602033405954903,-0.006649427410417408,9.3,0.0,-5.199999999999999,-62.900000000000006,-17.7,9.0,-8.0,17.0,21.0,-27.0,-0.01,-0.0066,0.0173,0.0003,0.001,-0.004,Neutral,Mean Reversion Upside Bias
2026-09-22,EWL,ISHARES:MSCI SWITZERLAND,Foreign,61.18,0.006084525571452115,0.018987341772152,-0.025796178343948983,-0.026571201272871936,6.5,1.5,2.3,-14.7,-40.5,19.0,0.0,13.0,3.0,43.0,-0.017,-0.0079,0.0028,0.0042,-0.0008,-0.0044,Bottoming,Mean Reversion Upside Bias
2026-09-22,EWM,ISHARES:MSCI MALAYSIA,Foreign,28.0,0.012292118582791112,0.02564102564102555,-0.013737231419513884,0.038961038961039085,18.3,7.4,9.8,-26.7,11.3,4.0,-27.0,7.0,14.0,-39.0,-0.0126,0.0093,0.0021,0.0047,0.0059,-0.0096,Leaning Bullish,Mean Reversion Downside Bias
2026-09-22,EWN,ISHARES:MSCI NETHERLANDS,Foreign,68.58,0.010759027266028065,0.02342933890464094,0.0038056206088994404,-0.02502132499289178,25.6,12.700000000000001,15.700000000000001,-17.1,-33.0,36.0,-10.0,4.0,38.0,47.0,-0.0059,-0.007,0.0202,0.0042,-0.0001,-0.0008,Neutral,Mean Reversion Upside Bias
2026-09-22,EWO,ISHARES:MSCI AUSTRIA,Foreign,44.03,0.005251141552511607,0.0225267069205759,-0.0002270663033605569,0.04016064257028118,35.5,5.5,16.7,-14.299999999999997,-8.700000000000003,35.0,-3.0,-5.0,55.0,13.0,-0.0041,0.0063,0.0657,0.0032,-0.002,0.0008,Bottoming,
2026-09-22,EWP,ISHARES:MSCI SPAIN,Foreign,61.55,0.0021165744057309865,0.01601188511059748,-0.013621794871794934,0.03636975921872354,6.9,-2.4000000000000004,0.7000000000000002,-19.5,-51.9,20.0,0.0,-14.0,-7.0,24.0,-0.0091,0.0073,0.0547,0.0021,-0.0002,-0.0049,Neutral,Crowded Short
2026-09-22,EWQ,ISHARES:MSCI FRANCE,Foreign,44.25,0.0006784260515604323,0.012354152367879179,-0.035106846925425206,-0.025974025974025983,5.8,0.39999999999999947,5.6,-1.5,-21.0,39.0,-6.0,3.0,57.0,25.0,-0.015,-0.0169,-0.0051,0.0017,0.0009,-0.0054,Leaning Bullish,Crowded Short
2026-09-22,EWS,ISHARES:MSCI SINGAPORE,Foreign,33.59,0.012967430639324595,0.024085365853658836,-0.016973953760608618,0.13441404930766643,33.1,12.3,19.8,-53.6,-0.6999999999999957,51.0,23.0,43.0,88.0,22.0,-0.009,0.0283,0.039,0.0029,-0.0006,-0.0061,Bottoming,Crowded Short
2026-09-22,EWT,ISHARES:MSCI TAIWAN,Foreign,115.11,-0.004583189207886584,0.031082049444643545,0.06553735073590672,0.0598471595617347,80.4,2.0,13.900000000000006,1.2000000000000028,50.2,13.0,4.0,21.0,4.0,-18.0,0.0149,-0.0048,0.0578,0.0027,-0.0019,0.0039,Neutral,Crowded Short
2026-09-22,EWU,ISHARES:MSCI UK,Foreign,47.67,-0.0004193751310546112,0.00846202665538387,-0.014471780028943448,0.033159947984395366,4.6,-0.8000000000000007,-0.40000000000000036,-27.5,-16.4,56.0,0.0,20.0,30.0,48.0,-0.0062,0.0103,0.0113,0.0015,0.0012,-0.0006,Buy,Crowded Short
2026-09-22,EWW,ISHARES:MSCI MEXICO,Foreign,74.46,0.010312075983717639,0.015271338969184534,-0.029457768508863502,-0.010761259465922657,7.7,1.9000000000000004,-5.2,-27.000000000000004,-6.8999999999999995,55.0,-7.0,1.0,33.0,8.0,-0.0187,-0.004,0.0373,0.0021,0.0021,0.0002,Buy,Mean Reversion Upside Bias
2026-09-22,EWY,ISHARES:MSCI S KOREA,Foreign,192.62,0.018291393529287436,0.062379350284043955,0.06502266946809687,-0.0459633481921744,54.6,10.399999999999999,22.700000000000003,0.3999999999999986,42.2,22.0,23.0,18.0,23.0,-39.0,0.0072,-0.0405,0.1378,0.0067,-0.0029,0.0089,Neutral,Mean Reversion Upside Bias
2026-09-22,EWZ,ISHARES:MSCI BRAZIL,Foreign,38.26,0.004990806409246096,0.01972281449893387,0.06189286705523167,0.10898550724637679,80.8,4.799999999999997,-0.7000000000000028,44.099999999999994,55.4,-20.0,-18.0,-26.0,-26.0,-67.0,0.0191,0.0309,0.0109,-0.0004,0.0005,0.0035,Neutral,Mean Reversion Upside Bias
2026-09-22,EXC,EXELON ,Utilities,41.8,-0.004287756074321081,-0.006417874970287674,-0.04391582799634042,-0.10338910338910345,3.4,-14.700000000000001,0.0,-13.499999999999998,-73.6,17.0,26.0,34.0,-39.0,58.0,-0.0137,-0.004,0.0286,0.0014,-0.0027,-0.0088,Bottoming,Mean Reversion Upside Bias
2026-09-22,EXE,EXPAND ENERGY ,Energy,87.03,-0.007073588134626441,-0.00525774374214194,-0.11338630806845962,-0.04561903717512883,8.1,-3.200000000000001,-2.4000000000000004,-63.9,-50.9,44.0,-27.0,26.0,80.0,24.0,-0.0337,-0.0018,0.0239,-0.0032,0.0167,0.0011,Bottoming,Crowded Short
2026-09-22,EXPD,EXPEDITORS INTERNATIONAL OF WASHINGTON,Industrials,187.51,-0.024147801196981566,-0.017963758248664585,-0.011283944107566612,0.15050926494048356,22.4,-25.0,-26.200000000000003,-63.50000000000001,-21.0,44.0,11.0,27.0,73.0,27.0,-0.0027,0.0431,0.042,-0.0015,-0.0,0.001,Neutral,Mean Reversion Upside Bias
2026-09-22,EXPE,"EXPEDIA GROUP, INC.",Consumer Discretionary,280.7,-0.0011387089886840673,0.004832647216753028,-0.11484611503531794,0.09699859309051106,4.6,-8.3,-5.5,-44.8,-62.4,-10.0,-54.0,-54.0,13.0,-7.0,-0.0622,0.0134,0.0511,-0.002,-0.0237,-0.0093,Sell,Crowded Short
2026-09-22,EXR,EXTRA SPACE STORAGE INC.,Real Estate,134.99,-0.017968863669431068,-0.012581376636676134,-0.04330262225372061,-0.07095664143152103,10.9,-2.4000000000000004,0.0,4.0,-59.1,25.0,2.0,2.0,16.0,31.0,-0.0154,-0.006,-0.0332,0.0018,-0.0014,-0.0064,Leaning Bearish,Crowded Short
2026-09-22,F,FORD MOTOR COMPANY,Consumer Discretionary,13.1,-0.005315110098709219,-0.00832702498107507,-0.06025824964131998,-0.05755395683453246,16.9,4.399999999999999,-1.6000000000000014,-4.300000000000001,14.7,56.0,22.0,12.0,38.0,17.0,-0.0299,-0.0041,0.0407,-0.0025,0.0004,-0.0056,Neutral,Mean Reversion Upside Bias
2026-09-22,FANG,"DIAMONDBACK ENERGY, INC.",Energy,184.5,-0.025202092249167918,-0.04115996258185217,-0.07970869912210687,0.049607463875298574,3.8,0.3999999999999999,-0.7999999999999998,-35.1,3.1999999999999997,31.0,24.0,25.0,80.0,43.0,-0.0165,0.0182,-0.0218,-0.0057,0.0023,0.0098,Neutral,Crowded Short
2026-09-22,FAST,FASTENAL COMPANY,Industrials,50.08,0.008660624370594228,0.02183227912670893,0.015615493814642,0.04268165729752238,28.8,6.0,6.0,-35.7,-61.400000000000006,11.0,-35.0,-29.0,27.0,41.0,-0.0077,0.0014,0.0551,0.0041,-0.0007,0.0004,Bottoming,Mean Reversion Upside Bias
2026-09-22,FCX,FREEPORT-MCMORAN INC.,Materials,74.35,0.030349223946784853,0.039278725188705454,-0.018352257723791898,0.1822229289235171,21.2,3.099999999999998,-18.099999999999998,-57.599999999999994,-2.1999999999999993,64.0,-13.0,38.0,99.0,22.0,-0.0245,0.0108,0.0572,0.0108,0.0115,0.0065,Buy,Mean Reversion Upside Bias
2026-09-22,FDS,FACTSET RESEARCH SYSTEMS INC.,Financials,276.42,-0.027032734952481596,-0.026107176831201673,-0.11841811513315259,0.20140820584144636,21.2,-9.2,-8.2,-77.8,-10.600000000000001,47.0,-8.0,-18.0,111.0,96.0,-0.0322,0.0384,-0.0805,-0.0021,0.0132,-0.0043,Neutral,Crowded Short
2026-09-22,FDX,FEDEX ,Industrials,295.94,0.0005071165353798257,-0.025391075251111395,-0.0960904092852779,-0.054897326988790573,1.0,-0.8,-4.0,-57.1,-6.8,29.0,-6.0,44.0,16.0,52.0,-0.0379,-0.0118,0.0485,0.0004,0.0034,0.0123,Neutral,Crowded Short
2026-09-22,FE,FIRSTENERGY CORP.,Utilities,44.73,-0.005336891260840582,-0.01171011931064958,-0.024640209332751906,-0.059108119478334054,11.7,-17.900000000000002,-4.400000000000002,4.799999999999999,-50.099999999999994,47.0,26.0,-1.0,20.0,75.0,-0.0068,-0.0042,0.0117,0.0018,-0.0048,-0.0045,Bottoming,Mean Reversion Upside Bias
2026-09-22,FERG,FERGUSON ENTERPRISES INC.,Industrials,221.17,0.023271953363560582,0.03143216900620249,-0.014876842902320608,-0.06809084397252785,24.4,15.899999999999999,15.499999999999998,6.899999999999999,-37.0,47.0,28.0,35.0,57.0,60.0,-0.0255,-0.0147,0.0192,0.0076,-0.0071,-0.0002,Bottoming,Mean Reversion Upside Bias
2026-09-22,FFIV,"F5, INC.",Information Technology,453.33,0.0071761830704286655,0.04930213179640308,0.11347726770319055,0.0898403692662757,90.3,2.3999999999999915,4.799999999999997,61.9,30.5,-20.0,37.0,16.0,-36.0,-78.0,0.0347,0.015,0.0974,0.0014,0.004,-0.0038,Leaning Bullish,Crowded Short
2026-09-22,FICO,FAIR ISAAC ,Information Technology,914.48,-0.010859689352312518,-0.03706511667087853,-0.20286608380331417,-0.23460386012487655,11.7,-0.8000000000000007,-5.600000000000001,-60.5,-30.500000000000004,-22.0,-17.0,-17.0,-8.0,-17.0,-0.0844,-0.0386,-0.0698,-0.0051,-0.0002,-0.0235,Neutral,Crowded Long
2026-09-22,FIS,FIDELITY NATIONAL INFORMATION SERVICES,Financials,34.96,-0.006535947712418166,-0.018528916339135226,-0.1425067451557518,-0.10082304526748975,6.9,-0.7999999999999998,-6.0,-17.9,-10.1,12.0,0.0,-5.0,-10.0,-28.0,-0.0388,0.0031,-0.113,-0.0044,0.0017,-0.014,Neutral,Mean Reversion Upside Bias
2026-09-22,FISV,"FISERV, INC.",Financials,46.1,-0.007962126102861955,-0.02309811400720485,-0.13524667041830807,-0.060142711518858194,12.3,-8.3,-19.999999999999996,-47.400000000000006,-16.3,4.0,0.0,36.0,7.0,0.0,-0.0452,0.017,-0.1715,-0.0072,0.0051,-0.01,Neutral,Mean Reversion Upside Bias
2026-09-22,FITB,FIFTH THIRD BANCORP,Financials,52.76,-0.010317013693491028,-0.00283500283500282,-0.018783708387576814,-0.06404115664360477,22.6,-7.799999999999997,-5.799999999999997,15.3,-66.0,56.0,21.0,8.0,52.0,135.0,-0.0121,-0.005,0.0165,0.0021,-0.0066,-0.0068,Bottoming,Crowded Short
2026-09-22,FIX,"COMFORT SYSTEMS USA, INC.",Industrials,1625.13,-0.004569426494098194,-0.01588983692328172,0.05144213972386491,-0.18003481419813816,35.5,9.5,9.3,34.1,-5.5,29.0,-11.0,-11.0,5.0,-48.0,0.016,-0.0518,0.1892,0.0036,-0.0107,-0.0068,Neutral,Mean Reversion Upside Bias
2026-09-22,FLEX,FLEX LTD.,Information Technology,114.45,0.025445748588836192,0.054741498479402795,0.047597254004576595,-0.29382365644474606,63.7,22.6,29.6,46.0,16.300000000000004,24.0,18.0,0.0,10.0,2.0,-0.0048,-0.0875,0.1662,0.0058,-0.0095,-0.0011,Neutral,Mean Reversion Upside Bias
2026-09-22,FOXA,FOX ,Communication Services,64.25,-0.008334619540052546,-0.003103180760279378,-0.046028210838901185,0.231786809815951,16.5,-3.5,-3.8999999999999986,-61.5,5.9,22.0,18.0,28.0,96.0,22.0,-0.0182,0.0518,0.0279,0.0006,0.0194,-0.0004,Leaning Bullish,Mean Reversion Upside Bias
2026-09-22,FRO,FRONTLINE PLC,MR Discretion,47.92,-0.0379441879140735,-0.06806690003889537,0.09456372772955679,0.3774073009485486,58.3,-15.700000000000003,-24.799999999999997,-5.400000000000006,28.9,11.0,-9.0,32.0,-2.0,8.0,0.0468,0.0802,0.0784,-0.0097,-0.0017,0.0261,Leaning Bearish,Mean Reversion Downside Bias
2026-09-22,FRT,FEDERAL REALTY INVESTMENT TRUST,Real Estate,110.46,-0.001536653710566771,-0.004057343792264079,-0.04800482633801606,-0.10515230071289694,0.2,-0.39999999999999997,0.0,-2.0,-65.6,27.0,45.0,45.0,11.0,10.0,-0.015,-0.0213,-0.0296,0.0002,-0.0031,-0.0072,Neutral,Mean Reversion Upside Bias
2026-09-22,FSLR,"FIRST SOLAR, INC.",Information Technology,200.78,0.004703763010408313,0.024596856501326814,-0.005547300643883091,-0.14909306662146127,38.3,8.699999999999996,13.899999999999999,23.4,36.5,14.0,-29.0,8.0,24.0,-13.0,-0.0143,-0.0161,0.0378,0.0022,0.0032,-0.0047,Leaning Bullish,Mean Reversion Upside Bias
2026-09-22,FTI,TECHNIPFMC PLC,MR Discretion,70.82,-0.006871406534847968,-0.0166620383226882,-0.09379398592450428,0.06817496229260933,9.3,2.4000000000000004,1.6000000000000005,-60.3,-10.099999999999998,-15.0,-45.0,0.0,-34.0,-52.0,-0.0267,0.0301,0.1046,-0.0059,-0.0006,0.0116,Sell,Mean Reversion Upside Bias
2026-09-22,FTNT,"FORTINET, INC.",Information Technology,174.26,-0.005535581806768275,0.026024493641073843,0.01948165915871991,0.13435750553313364,76.8,2.0,6.0,20.299999999999997,11.399999999999991,-5.0,0.0,-23.0,-12.0,-30.0,0.016,0.0326,0.0798,-0.0033,0.0004,-0.0057,Neutral,Mean Reversion Downside Bias
2026-09-22,FTV,FORTIVE ,Industrials,55.95,0.015610818660373837,0.01727272727272733,-0.04911624745071386,-0.08413815681780978,4.6,0.7999999999999998,0.39999999999999947,-16.6,-63.6,36.0,32.0,32.0,28.0,41.0,-0.0252,-0.0393,-0.0034,0.0026,-0.0006,-0.0085,Neutral,Crowded Short
2026-09-22,FVX,5 YR TSY YLD NDX,Yields,4.84,0.0020703933747412417,-0.004115226337448652,0.07317073170731714,0.15513126491646756,97.4,0.0,-1.5999999999999943,31.30000000000001,50.800000000000004,-29.0,-26.0,9.0,-32.0,-21.0,0.0398,0.0504,0.018,-0.0028,0.0046,0.0139,Neutral,
2026-09-22,FXA,INVESCO:AU DOLLAR,Currencies,70.5,-0.0005670541536717533,-0.0012749681257968604,-0.006902380616988224,0.027996500437445393,26.0,4.399999999999999,-13.100000000000001,-59.900000000000006,23.8,72.0,10.0,66.0,79.0,49.0,-0.0046,0.0053,0.005,-0.0006,0.003,-0.0009,Leaning Bullish,Mean Reversion Upside Bias
2026-09-22,FXB,INVESCO:GBP STERLING,Currencies,128.33,-0.0017890479153701566,-0.003571705877785436,-0.015647771726624127,0.005405828893763731,0.6,-0.4,-1.6,-82.10000000000001,-22.799999999999997,24.0,-8.0,0.0,48.0,-23.0,-0.0055,-0.0044,0.003,0.0001,-0.0018,0.0007,Neutral,Mean Reversion Upside Bias
2026-09-22,FXC,INVESCO:CANADIAN DOLLAR,Currencies,69.44,-0.0022988505747125743,-0.005157593123209181,-0.016709147550269088,0.007398810387349242,22.4,6.299999999999997,-1.2000000000000028,-64.30000000000001,13.399999999999999,14.0,-39.0,-39.0,47.0,-30.0,-0.0055,0.0016,0.0022,-0.0007,-0.0007,0.0018,Sell,Crowded Short
2026-09-22,FXE,INVESCO:EURO,Currencies,105.65,-0.0014177693761814325,-0.003207849797150608,-0.014918414918414835,0.001991654021244349,1.4,0.0,0.0,-75.8,-8.4,9.0,0.0,0.0,45.0,-52.0,-0.0045,-0.0041,0.009,-0.0003,-0.0004,-0.001,Neutral,Mean Reversion Upside Bias
2026-09-22,FXY,INVESCO:JAPANESE YEN,Currencies,58.21,0.0001718213058419238,-0.004616963064295376,0.014288203519776888,0.031360737065910804,78.4,0.6000000000000085,-3.0999999999999943,44.50000000000001,76.2,-6.0,0.0,45.0,0.0,-15.0,0.0054,-0.0036,-0.0101,-0.0004,0.0007,0.0009,Neutral,Mean Reversion Downside Bias
2026-09-22,GD,GENERAL DYNAMICS ,Industrials,343.39,-0.029697654704718857,-0.02736156351791541,-0.07529285041066391,-0.030628952122854658,2.6,-1.6,-0.3999999999999999,-8.1,-56.4,-13.0,-37.0,7.0,-22.0,15.0,-0.0205,-0.0077,0.0311,-0.001,-0.0033,-0.0071,Sell,Crowded Short
2026-09-22,GDDY,GODADDY INC.,Information Technology,98.24,-0.062327002004390564,0.00800328339831724,0.003677973028197723,0.15739868049010375,55.4,-28.1,-5.300000000000004,-35.300000000000004,-3.6000000000000014,-27.0,23.0,10.0,59.0,-27.0,0.0107,0.0214,-0.1126,0.0044,0.0031,-0.0034,Leaning Bullish,Crowded Long
2026-09-22,GDX,VANECK:GOLD MINERS,Commodities,97.83,0.03600550672455771,0.02461248428990359,-0.0069028525022840626,0.2966202783300198,18.8,7.5,-7.0,-63.5,10.600000000000001,75.0,0.0,29.0,132.0,75.0,-0.0203,0.0372,0.1308,0.0084,0.0087,-0.0008,Buy,Mean Reversion Upside Bias
2026-09-22,GDXJ,VANECK:JR GOLD MINERS,Commodities,127.97,0.04312031300945551,0.0283670845387336,0.00031267099194876025,0.30249363867684487,27.6,12.700000000000001,-0.7999999999999972,-54.300000000000004,20.200000000000003,75.0,29.0,29.0,132.0,75.0,-0.0222,0.0311,0.1356,0.0106,0.0105,0.0024,Buy,Mean Reversion Upside Bias
2026-09-22,GE,GENERAL ELECTRIC COMPANY,Industrials,319.22,0.0006582865740887289,0.015750787539377198,-0.049119775997140236,-0.14585395874026696,15.7,6.0,6.399999999999999,9.5,-72.89999999999999,37.0,20.0,72.0,75.0,77.0,-0.0266,-0.0295,0.0556,0.0058,-0.0158,-0.0074,Neutral,Mean Reversion Upside Bias
2026-09-22,GEHC,GE HEALTHCARE TECHNOLOGIES INC.,Health Care,66.27,0.02252738774880414,0.033369717760798334,-0.06963358135617026,0.035306983283861726,3.0,2.4,2.8,-59.1,-56.0,-4.0,-32.0,7.0,6.0,25.0,-0.0346,-0.0151,-0.0588,0.0082,0.0036,-0.0098,Leaning Bullish,Mean Reversion Upside Bias
2026-09-22,GEN,GEN DIGITAL INC.,Information Technology,27.29,-0.0638078902229845,-0.05928990003447099,-0.11967741935483878,0.09642426677380467,38.3,-16.300000000000004,-24.200000000000003,-51.2,4.099999999999994,31.0,-14.0,8.0,92.0,20.0,-0.0332,0.0357,-0.0052,-0.0238,-0.0193,0.0013,Leaning Bearish,Crowded Short
2026-09-22,GEOS,GEOSPACE TECHNOLOGIES ,MR Discretion,5.34,0.02298850574712641,0.04705882352941182,0.013282732447817969,-0.21122599704579026,60.9,17.199999999999996,16.699999999999996,52.4,51.099999999999994,-5.0,-19.0,-19.0,34.0,15.0,-0.0052,-0.0453,-0.0438,0.002,0.0156,-0.0182,Leaning Bullish,Mean Reversion Upside Bias
2026-09-22,GEV,GE VERNOVA INC.,Industrials,950.28,0.004290756906427662,0.01058139163910532,0.057594070314847645,-0.19115469077166636,46.6,7.5,13.100000000000001,42.4,-34.6,4.0,25.0,25.0,-29.0,22.0,0.0068,-0.0247,0.177,0.0067,-0.0137,-0.024,Neutral,Crowded Short
2026-09-22,GGB,GERDAU SA,MR Discretion,5.02,0.0040000000000000036,0.0161943319838056,0.08893709327548782,0.24257425742574257,78.4,1.2000000000000028,5.200000000000003,63.10000000000001,68.2,-26.0,-13.0,-12.0,-85.0,-78.0,0.0224,0.0189,0.0136,-0.0054,-0.001,0.0006,Sell,Mean Reversion Upside Bias
2026-09-22,GILD,"GILEAD SCIENCES, INC.",Health Care,152.67,0.01401434643995736,0.01705416028245943,0.04325543255432551,0.20840588887129963,71.6,7.5,-0.4000000000000057,-20.30000000000001,40.99999999999999,14.0,-48.0,-39.0,67.0,-32.0,0.0101,0.0497,0.0773,0.006,0.0022,-0.0002,Buy,Mean Reversion Upside Bias
2026-09-22,GIS,"GENERAL MILLS, INC.",Consumer Staples,35.45,0.0011296243998872857,-0.02395374449339205,-0.1395631067961165,0.018678160919540332,8.1,-1.5999999999999996,-8.000000000000002,-91.30000000000001,-83.7,4.0,0.0,-47.0,47.0,81.0,-0.0457,0.0144,-0.0606,-0.0063,-0.0103,-0.0004,Leaning Bearish,Mean Reversion Upside Bias
2026-09-22,GL,GLOBE LIFE INC.,Financials,169.43,-0.015857342007434938,-0.023007726905777792,-0.01876411652284693,-0.05176852473695992,26.8,-18.999999999999996,-26.999999999999996,22.200000000000003,-73.0,8.0,10.0,10.0,-22.0,5.0,-0.0053,-0.0045,0.0351,-0.0013,-0.0093,-0.0039,Sell,Mean Reversion Upside Bias
2026-09-22,GLATF,GLOBAL ATOMIC ,MR Discretion,0.38,-0.02564102564102566,-0.09523809523809523,-0.07317073170731703,-0.13636363636363635,45.4,-8.0,-13.100000000000001,-11.100000000000001,26.0,29.0,10.0,14.0,49.0,-8.0,0.0452,-0.0074,-0.1121,0.0001,-0.0071,0.0154,Neutral,
2026-09-22,GLD,SPDR GOLD,Commodities,400.07,0.004242180832371156,-0.002741979709350195,-0.02044464032123805,0.0860252999619957,9.3,-1.5999999999999996,-14.3,-65.10000000000001,3.1000000000000005,-14.0,-61.0,2.0,17.0,-14.0,-0.0117,0.0203,0.0964,0.0022,0.0031,-0.0023,Buy,Crowded Long
2026-09-22,GLW,CORNING INC.,Information Technology,159.69,0.004465970562334887,0.06367814560714047,0.07369058024608366,-0.374818932780018,53.4,9.199999999999996,24.599999999999998,23.0,-10.0,8.0,8.0,21.0,30.0,-25.0,0.0032,-0.0536,0.1884,0.0075,-0.0295,0.0032,Neutral,Crowded Long
2026-09-22,GM,GENERAL MOTORS COMPANY,Consumer Discretionary,83.45,-0.005955926146515744,0.015206812652068136,-0.03324837812789605,0.08264141152049831,23.6,2.400000000000002,2.8000000000000007,-2.799999999999997,12.600000000000001,56.0,0.0,41.0,10.0,-7.0,-0.0171,0.0201,0.0792,-0.0007,0.0013,-0.001,Bottoming,Crowded Short
2026-09-22,GNK,GENCO SHIPPING & TRADING LIMITED,MR Discretion,26.73,-0.039525691699604626,-0.04399141630901293,0.019062142584826525,0.07869249394673128,28.0,-26.200000000000003,-38.099999999999994,-1.6000000000000014,-7.799999999999997,55.0,37.0,36.0,32.0,52.0,0.0182,0.0447,0.0389,-0.0047,0.0059,0.011,Leaning Bullish,Mean Reversion Downside Bias
2026-09-22,GNRC,GENERAC HOLDINGS INC.,Industrials,206.17,0.005903590944574377,-0.006122252217508728,0.11214802028266257,-0.29589153375909294,53.4,1.6000000000000014,0.3999999999999986,17.5,0.3999999999999986,-22.0,-10.0,-10.0,-45.0,-55.0,0.0508,-0.0445,0.0322,0.0084,-0.0127,-0.0066,Neutral,Mean Reversion Downside Bias
2026-09-22,GOOGL,ALPHABET INC.,Communication Services,351.16,-0.010733301405752571,0.004634662699547931,0.03480182702224832,-0.017376948260905967,49.0,-8.299999999999997,-6.399999999999999,40.5,30.0,14.0,2.0,0.0,16.0,14.0,0.0135,-0.0007,0.0893,0.0052,0.016,0.0056,Leaning Bullish,Mean Reversion Upside Bias
2026-09-22,GPC,GENUINE PARTS COMPANY,Consumer Discretionary,129.59,0.024831949387109642,0.01178950655840083,-0.04481462371931877,0.09840650957789454,33.3,12.899999999999999,-1.8000000000000043,-37.5,-65.7,22.0,-3.0,18.0,42.0,49.0,-0.0186,0.0323,-0.0159,0.0009,-0.0179,0.0031,Neutral,Mean Reversion Upside Bias
2026-09-22,GPN,GLOBAL PAYMENTS INC.,Financials,84.78,-0.0059795990151249034,-0.003291794027745154,-0.06886326194398673,0.16841234840132313,4.6,-3.1000000000000005,-5.5,-66.4,-34.8,36.0,16.0,11.0,53.0,30.0,-0.0175,0.0606,-0.0593,0.0024,0.0012,-0.0039,Leaning Bullish,Mean Reversion Upside Bias
2026-09-22,GREK,GLBL X MSCI GREECE,Foreign,84.86,-0.013943760167325125,-0.0027030203314138967,-0.00387369409555105,0.12397350993377487,28.4,-15.800000000000004,-18.6,-57.50000000000001,-10.200000000000003,20.0,-10.0,15.0,40.0,-42.0,-0.0048,0.0223,0.0826,-0.001,-0.0006,0.0016,Sell,Crowded Short
2026-09-22,GRMN,GARMIN LTD,Consumer Discretionary,284.67,0.015554207841318668,0.03871415018609059,0.001971067544261018,0.19840868906289488,28.8,7.199999999999999,12.3,15.9,-9.8,4.0,-43.0,-43.0,-3.0,9.0,-0.0119,0.0223,0.0632,0.0041,-0.0004,-0.002,Neutral,Mean Reversion Upside Bias
2026-09-22,GS,"THE GOLDMAN SACHS GROUP, INC.",Financials,949.49,-0.010319056900738977,0.007951167728237785,-0.07448094356175072,-0.06118433412104374,5.0,-3.0999999999999996,-7.9,-26.5,-10.8,41.0,5.0,26.0,4.0,-1.0,-0.0371,-0.0109,0.064,0.0027,-0.0025,-0.0069,Bottoming,Crowded Short
2026-09-22,GWW,"W.W. GRAINGER, INC.",Industrials,1268.62,-0.007176453094796531,0.001586913098743814,-0.031210623983382924,-0.06746545133784199,17.7,-10.3,-9.900000000000002,-1.1000000000000014,-71.7,40.0,23.0,0.0,14.0,94.0,-0.0086,-0.0224,0.0329,0.0016,-0.0059,-0.007,Neutral,Mean Reversion Upside Bias
2026-09-22,HAL,HALLIBURTON COMPANY,Energy,32.85,-0.016172506738544423,-0.023483947681331774,-0.10854816824966074,-0.032400589101620025,14.1,2.0,2.5999999999999996,-80.9,11.5,54.0,2.0,34.0,80.0,19.0,-0.0268,-0.0101,0.0045,-0.013,0.0049,0.0121,Bottoming,Mean Reversion Upside Bias
2026-09-22,HAS,"HASBRO, INC.",Consumer Discretionary,86.91,-0.009233926128590975,-0.00753682768071251,-0.07640807651434645,0.052306574645840875,3.4,-7.5,-6.299999999999999,-54.7,-22.0,19.0,25.0,52.0,19.0,-41.0,-0.0262,0.0206,0.0336,0.0013,-0.0028,-0.0049,Bottoming,Mean Reversion Upside Bias
2026-09-22,HBAN,HUNTINGTON BANCSHARES INC.,Financials,15.69,-0.021820448877805432,-0.011964735516372893,-0.05991611743559022,-0.11505922165820648,14.9,-8.1,-3.9000000000000004,-5.499999999999998,-72.1,56.0,24.0,35.0,39.0,89.0,-0.0226,-0.0209,0.0015,0.0008,-0.0067,-0.0073,Bottoming,Crowded Short
2026-09-22,HCA,"HCA HEALTHCARE, INC.",Health Care,438.12,0.02852313543207252,0.024338921231675803,0.0571118349619979,0.12370155684936779,53.0,9.5,-14.700000000000003,0.3999999999999986,-13.599999999999994,7.0,1.0,37.0,11.0,-4.0,-0.003,0.0083,0.0196,0.0033,0.0035,-0.0021,Buy,Mean Reversion Upside Bias
2026-09-22,HD,"THE HOME DEPOT, INC.",Consumer Discretionary,305.35,0.02742261103633936,0.017901193412894312,-0.06857212579690686,-0.1342009753884541,13.3,11.9,7.500000000000001,-23.8,-81.3,-16.0,-5.0,-28.0,-42.0,1.0,-0.0269,-0.0228,-0.039,0.0007,-0.0111,-0.0139,Leaning Bearish,Mean Reversion Upside Bias
2026-09-22,HIG,THE HARTFORD FINANCIAL SERVICES GROUP,Financials,128.73,-0.015298707259236544,-0.023959360072787872,-0.06296404134517397,-0.028599456685783453,5.0,-15.0,-16.2,-14.2,-69.0,-28.0,-43.0,8.0,-64.0,41.0,-0.0178,-0.002,0.0141,-0.0033,-0.0024,-0.0029,Sell,Crowded Short
2026-09-22,HII,"HUNTINGTON INGALLS INDUSTRIES, INC.",Industrials,270.95,-0.018652662078956994,-0.006999926702338288,-0.0695398351648352,-0.03194111972560654,7.3,0.0,1.8999999999999995,5.1,-16.099999999999998,19.0,0.0,52.0,2.0,-21.0,-0.0214,-0.0107,0.0101,-0.0014,0.0017,-0.0043,Bottoming,Mean Reversion Upside Bias
2026-09-22,HLT,HILTON WORLDWIDE HOLDINGS INC.,Consumer Discretionary,308.44,0.0044288133385437245,0.008864030353579855,-0.024788162387757606,-0.06663438842825142,2.6,-3.6,1.2000000000000002,-38.9,-24.0,31.0,19.0,27.0,43.0,37.0,-0.0188,-0.0326,0.0297,0.0083,0.003,-0.0046,Leaning Bullish,Mean Reversion Upside Bias
2026-09-22,HLX,"HELIX ENERGY SOLUTIONS GROUP, INC.",MR Discretion,8.41,0.009603841536614643,0.0,-0.18349514563106806,-0.03775743707093826,3.4,3.1999999999999997,3.1999999999999997,-78.89999999999999,-2.8000000000000003,30.0,-14.0,-14.0,47.0,24.0,-0.0504,0.0014,-0.0081,-0.0096,0.0016,0.0126,Leaning Bullish,
2026-09-22,HON,HONEYWELL INTERNATIONAL INC.,Industrials,211.85,0.026007361487795366,0.02610675191320344,-0.007867746920807384,-0.05381866904868249,41.9,16.299999999999997,22.299999999999997,40.5,2.8999999999999986,34.0,40.0,40.0,80.0,-16.0,-0.0146,-0.0136,0.0038,0.0047,-0.0027,0.002,Bottoming,Mean Reversion Upside Bias
2026-09-22,HOOD,"ROBINHOOD MARKETS, INC.",Financials,124.25,0.007704785077047971,0.03697212485394763,0.18547848487739715,0.23903071400079767,78.8,9.599999999999994,-2.0,-0.20000000000000284,10.599999999999994,-37.0,-10.0,-17.0,16.0,-30.0,0.0387,0.0201,0.1698,0.0156,-0.0081,0.0049,Neutral,Mean Reversion Downside Bias
2026-09-22,HPE,HEWLETT PACKARD ENTERPRISE COMPANY,Information Technology,61.03,-0.011659919028340071,0.004443712969058655,0.1682618683001531,0.35291509643094665,58.1,1.2000000000000028,2.700000000000003,15.0,31.1,62.0,0.0,0.0,64.0,42.0,0.0261,0.0621,0.1338,0.0056,0.0192,0.0161,Buy,Mean Reversion Downside Bias
2026-09-22,HPQ,HP INC.,Information Technology,32.04,-0.027617602427921217,-0.06860465116279069,0.06728847435043295,0.46034639927073817,75.0,1.4000000000000057,-12.099999999999994,0.20000000000000284,69.0,4.0,9.0,39.0,71.0,6.0,0.0392,0.0849,-0.019,-0.0076,0.0059,0.0119,Neutral,Mean Reversion Downside Bias
2026-09-22,HRL,HORMEL FOODS ,Consumer Staples,20.33,-0.006353861192570975,-0.02400384061449834,-0.0695652173913045,-0.18090249798549562,5.8,-3.8999999999999995,-9.100000000000001,-6.7,-76.0,-2.0,34.0,-25.0,-57.0,49.0,-0.0216,-0.0475,-0.0548,0.0018,-0.0165,-0.0047,Topping,Mean Reversion Downside Bias
2026-09-22,HSIC,"HENRY SCHEIN, INC.",Health Care,87.43,0.026173708920187888,0.03052805280528048,-0.02639198218262795,0.04681513409961702,26.0,10.7,11.9,-39.5,-65.8,59.0,44.0,44.0,67.0,84.0,-0.0169,0.0047,0.0268,0.0038,-0.0073,-0.0011,Bottoming,Crowded Short
2026-09-22,HST,"HOST HOTELS & RESORTS, INC.",Real Estate,22.28,-0.0013446884805019543,0.020146520146520297,0.015959872321021473,-0.060312104597216365,11.3,0.0,5.9,9.9,-26.099999999999998,31.0,0.0,8.0,3.0,12.0,-0.0015,-0.0214,0.0169,0.0087,-0.0003,0.001,Neutral,Mean Reversion Upside Bias
2026-09-22,HSY,THE HERSHEY COMPANY,Consumer Staples,168.46,0.0033353186420488345,-0.007833205724718684,-0.04398161284830604,-0.03984041037332564,0.6,-0.7999999999999999,-0.7999999999999999,-45.6,-28.0,31.0,14.0,14.0,-14.0,-35.0,-0.0212,0.0075,-0.0051,0.0045,0.0018,-0.0047,Leaning Bullish,Mean Reversion Upside Bias
2026-09-22,HUBB,HUBBELL INC.,Industrials,458.83,0.002929025771055027,0.026649064709567627,0.012869757174392982,-0.12303134556574935,42.3,6.399999999999999,19.9,17.499999999999996,-39.900000000000006,-5.0,0.0,-45.0,15.0,52.0,-0.0111,-0.0335,0.0134,0.0049,-0.0104,-0.0078,Neutral,Mean Reversion Upside Bias
2026-09-22,HUM,HUMANA INC.,Health Care,372.0,-0.017380738549315877,-0.036818393661643745,-0.02930355139211449,-0.0634912642867933,28.0,-14.100000000000001,-18.200000000000003,-21.4,-51.8,44.0,-7.0,28.0,40.0,64.0,-0.0094,0.0101,-0.0022,-0.0003,-0.0002,0.01,Neutral,Mean Reversion Upside Bias
2026-09-22,HWM,HOWMET AEROSPACE INC.,Industrials,225.36,-0.00884021638738619,-0.018766055645055846,-0.07997550520514385,-0.16179424235661677,9.7,2.3999999999999995,1.9999999999999991,8.7,-44.900000000000006,0.0,0.0,0.0,38.0,1.0,-0.0503,-0.0453,0.1005,0.0131,-0.0042,-0.0063,Bottoming,Mean Reversion Downside Bias
2026-09-22,HYD,VANECK:HIGH YIELD MUNI,Bonds,48.79,-0.0022494887525562612,-0.003879134340547097,-0.023809523809523725,-0.05280528052805278,2.6,-2.8000000000000003,-3.1999999999999997,-32.5,-60.8,33.0,0.0,15.0,49.0,53.0,-0.0141,-0.0111,-0.0119,0.0003,-0.0017,-0.0018,Neutral,Crowded Short
2026-09-22,HYG,ISHARES:IBOXX $HY CORP,Bonds,78.67,-0.00012709710218616888,0.0017827581815865745,-0.0142839243202606,-0.016256096036013523,7.7,-3.2,0.7999999999999998,-82.8,-51.3,18.0,0.0,0.0,61.0,28.0,-0.0074,0.0109,-0.0111,0.0003,0.0003,-0.0029,Neutral,Crowded Short
2026-09-22,IBKR,"INTERACTIVE BROKERS GROUP, INC.",Financials,91.88,-0.014268855273039338,0.013121623111699066,-0.05560694829890034,0.055606617647058654,30.4,-3.1000000000000014,-9.5,-50.800000000000004,5.799999999999997,21.0,-23.0,-13.0,55.0,-26.0,-0.0216,-0.0056,0.1098,0.0044,-0.0014,-0.0072,Bottoming,Crowded Long
2026-09-22,IBM,INTERNATIONAL BUSINESS MACHINES ,Information Technology,231.38,-0.0023714051653516144,0.007972119363973018,-0.010646940608030175,-0.17719853490274173,52.6,8.899999999999999,9.5,-10.299999999999997,30.8,3.0,25.0,0.0,29.0,-43.0,-0.0082,-0.0339,0.0312,-0.0016,0.0029,-0.0089,Neutral,Crowded Short
2026-09-22,ICE,"INTERCONTINENTAL EXCHANGE, INC.",Financials,152.93,-0.015704447448027237,-0.01633755708496809,-0.048350964530180396,0.24222240272926654,27.2,-11.099999999999998,-19.000000000000004,-62.3,23.0,31.0,42.0,59.0,84.0,20.0,-0.0133,0.04,-0.0495,0.0057,0.0163,-0.0011,Leaning Bullish,Crowded Short
2026-09-22,ICL,ICL GROUP LTD,MR Discretion,5.4,0.011235955056179803,0.00746268656716409,-0.055944055944055826,0.0843373493975903,19.6,1.5,-15.5,-78.19999999999999,18.200000000000003,54.0,-7.0,2.0,77.0,51.0,-0.0184,0.0262,0.066,-0.0028,0.0022,0.0089,Bottoming,Mean Reversion Upside Bias
2026-09-22,IDXX,"IDEXX LABORATORIES, INC.",Health Care,521.5,0.012031826120706413,0.01925144141502977,-0.063212919218955,-0.009383785426639424,12.9,1.200000000000001,-3.9999999999999982,-24.6,-3.700000000000001,47.0,7.0,0.0,21.0,49.0,-0.0212,0.0037,0.0068,-0.0008,0.0023,-0.0081,Bottoming,Mean Reversion Upside Bias
2026-09-22,IEF,ISHARES:7-10 TRS BD ETF,Bonds,91.16,0.00010970927043318923,0.003964757709251199,-0.01703687729135217,-0.03605794649465999,7.7,-1.9999999999999991,4.7,-51.199999999999996,-59.7,18.0,0.0,-18.0,-2.0,30.0,-0.0091,-0.0149,-0.0039,-0.0005,-0.0016,-0.0028,Neutral,Crowded Short
2026-09-22,IEX,IDEX ,Industrials,225.69,0.01420033253943287,0.008805649919542358,-0.012902379286214072,-0.005551883674818181,14.5,5.6,3.1999999999999993,-2.3999999999999986,-74.5,52.0,22.0,17.0,8.0,66.0,-0.0172,-0.0018,0.0128,0.0028,-0.0017,-0.0036,Bottoming,Mean Reversion Upside Bias
2026-09-22,IFF,INTERNATIONAL FLAVORS & FRAGRANCES INC.,Materials,85.79,0.026196172248803995,0.034112825458052276,-0.006255067763234035,0.08293360262559979,33.1,5.5,3.5,-36.49999999999999,-47.49999999999999,6.0,-30.0,-8.0,69.0,56.0,-0.0105,0.0247,-0.0264,0.0036,0.0009,-0.0013,Leaning Bullish,Mean Reversion Upside Bias
2026-09-22,INCY,INCYTE ,Health Care,126.93,0.018291215403128724,0.012927938711994269,0.030108748579775968,0.11970712773465064,27.6,9.900000000000002,4.800000000000001,-37.699999999999996,-57.6,46.0,0.0,0.0,72.0,98.0,0.0054,0.0143,0.0865,0.0046,-0.006,0.0005,Bottoming,Mean Reversion Upside Bias
2026-09-22,INDA,ISHARES:MSCI INDIA,Foreign,48.29,-0.004329896907216524,0.005622657226155736,-0.02837022132796785,-0.022271714922049046,28.4,1.7999999999999972,8.399999999999999,-2.400000000000002,-57.800000000000004,-23.0,28.0,-10.0,4.0,-6.0,-0.0117,-0.0119,-0.0406,0.0012,-0.0033,-0.0048,Topping,Mean Reversion Downside Bias
2026-09-22,INTC,INTEL ,Information Technology,123.86,0.017079980292330488,0.14051565377532227,0.38375600491565187,-0.11294134498316977,90.7,8.799999999999997,17.5,61.5,24.900000000000006,-2.0,-3.0,-16.0,-38.0,-12.0,0.0877,-0.0362,0.1962,0.01,0.0108,0.0246,Leaning Bullish,Crowded Short
2026-09-22,INTU,INTUIT INC.,Information Technology,292.35,-0.03870182822570034,-0.035753158085688796,-0.18633453938213185,0.12011494252873578,8.5,-4.0,-5.199999999999999,-80.6,-1.6999999999999993,-11.0,-15.0,6.0,12.0,-85.0,-0.046,0.0527,-0.1284,-0.0084,-0.005,0.0028,Leaning Bearish,Mean Reversion Upside Bias
2026-09-22,INVH,INVITATION HOMES INC.,Real Estate,27.14,0.0022156573116691725,0.008547008547008517,-0.06863417982155118,-0.10162197947699436,0.6,0.0,0.39999999999999997,-15.9,-84.4,-11.0,-24.0,-2.0,-58.0,22.0,-0.0284,-0.0027,-0.0383,0.0007,-0.0014,-0.0092,Leaning Bearish,Mean Reversion Upside Bias
2026-09-22,IP,INTERNATIONAL PAPER COMPANY,Materials,35.71,0.010755731672799307,0.03417318273964676,-0.05852886896915366,-0.06272965879265091,15.7,4.199999999999999,4.799999999999999,-4.300000000000001,-66.5,22.0,-6.0,1.0,5.0,46.0,-0.0403,-0.0242,-0.0135,0.012,-0.0109,-0.0102,Bottoming,Crowded Short
2026-09-22,IQV,IQVIA HOLDINGS INC,Health Care,270.09,0.000778123610493564,0.013775242098941431,0.03407481143994784,0.39783666287133834,51.4,-0.3999999999999986,-0.20000000000000284,-44.4,4.399999999999999,6.0,15.0,15.0,47.0,70.0,0.0167,0.0867,-0.0034,0.0008,0.012,0.003,Leaning Bullish,Mean Reversion Upside Bias
2026-09-22,IR,INGERSOLL RAND INC.,Industrials,73.85,0.021297192642787843,0.028121954615063283,-0.0415314730694355,-0.09928040004878647,18.5,9.6,6.800000000000001,10.8,-80.9,47.0,28.0,7.0,71.0,107.0,-0.0289,-0.0224,-0.0224,0.0028,-0.012,-0.0031,Neutral,Mean Reversion Upside Bias
2026-09-22,IRM,IRON MOUNTAIN INC.,Real Estate,118.13,0.010608264179998272,0.03314675529123656,0.024100563502384098,-0.06476130155965487,33.3,7.699999999999996,17.599999999999998,19.599999999999998,-11.300000000000004,-5.0,-9.0,33.0,-14.0,-40.0,-0.0133,-0.0237,-0.0171,0.0117,-0.005,-0.0125,Neutral,Mean Reversion Upside Bias
2026-09-22,ISRG,"INTUITIVE SURGICAL, INC.",Health Care,402.09,0.0010954811402963394,0.022271375181145636,0.06694793822639689,0.011089318044658958,89.9,2.6000000000000085,6.400000000000006,21.200000000000003,36.900000000000006,-7.0,0.0,0.0,61.0,-4.0,0.0155,-0.0301,-0.049,0.0035,0.0089,-0.0046,Buy,Mean Reversion Upside Bias
2026-09-22,IT,"GARTNER, INC.",Information Technology,178.75,-0.02492908575169095,-0.03784045645387013,-0.09772348695169353,0.37903101373244863,22.2,-14.099999999999998,-20.099999999999998,-69.3,14.799999999999999,-28.0,9.0,9.0,63.0,-21.0,-0.0151,0.0965,-0.1621,-0.0058,0.0089,0.0034,Neutral,Crowded Long
2026-09-22,ITW,ILLINOIS TOOL WORKS INC.,Industrials,270.47,0.011027212918660378,0.0038972607824214744,-0.01779424047644973,0.0,22.0,3.8999999999999986,1.3999999999999986,5.899999999999999,-73.4,61.0,7.0,14.0,14.0,112.0,-0.0178,0.0022,0.028,0.0025,-0.0053,-0.0056,Bottoming,Crowded Short
2026-09-22,IVZ,INVESCO LTD.,Financials,30.85,-0.016889738687061784,0.010481493612839898,-0.058877364246491704,0.1690034103827207,11.3,-10.3,-8.7,-54.400000000000006,-6.699999999999999,77.0,25.0,69.0,65.0,33.0,-0.0294,0.0241,0.0426,0.0051,0.0151,0.0004,Buy,Crowded Short
2026-09-22,IWD,ISHARES:RUSS 1000 VL ETF,Sector & Style ETFs,252.67,-0.0030775300848293607,0.003853794199443872,-0.01650383402748057,0.04223899682382526,7.3,-2.8,-1.6000000000000005,-17.9,-29.3,53.0,-9.0,42.0,54.0,39.0,-0.008,0.0309,0.0041,0.0007,0.0007,-0.0017,Leaning Bullish,Crowded Short
2026-09-22,IWF,ISHARES:RUSS 1000 GR ETF,Sector & Style ETFs,126.7,0.0035643564356435675,0.027991886409736377,0.03251568739304056,0.02037529193847143,81.2,6.799999999999997,16.299999999999997,20.300000000000004,61.0,-11.0,-4.0,30.0,-2.0,-94.0,0.0054,0.0043,0.1402,0.0019,0.0088,-0.2918,Leaning Bullish,Crowded Short
2026-09-22,IWM,ISHARES:RUSS 2000 ETF,Sector & Style ETFs,287.21,0.005707682610827103,0.010946849700809391,-0.02286258633007865,-0.04406723248460642,6.2,4.0,2.8000000000000003,-11.900000000000002,-48.4,17.0,35.0,35.0,25.0,37.0,-0.0137,0.0012,0.014,0.0029,-0.0018,-0.0038,Bottoming,Mean Reversion Upside Bias
2026-09-22,J,JACOBS SOLUTIONS INC.,Industrials,143.12,-0.004451864218141255,-0.0019525801952580135,-0.03978530694397853,0.13587301587301592,3.8,-8.3,-16.599999999999998,-82.5,-53.6,28.0,-29.0,14.0,89.0,65.0,-0.0166,0.0346,0.0098,0.0008,0.0052,0.0009,Leaning Bullish,Mean Reversion Upside Bias
2026-09-22,JBHT,"J. B. HUNT TRANSPORT SERVICES, INC.",Industrials,237.41,0.005250455180590308,0.013489861259338376,-0.10569932572418739,-0.179732577825381,16.1,9.200000000000001,10.3,-15.099999999999998,-23.699999999999996,0.0,-25.0,6.0,-45.0,-17.0,-0.0445,-0.0255,0.0218,-0.001,0.0138,-0.0127,Bottoming,Mean Reversion Downside Bias
2026-09-22,JBL,JABIL INC.,Information Technology,308.98,0.017486086870616147,0.03141169008912792,0.012186332962065283,-0.19845387568745454,41.9,17.7,25.4,19.099999999999998,-17.1,24.0,-10.0,11.0,43.0,-18.0,-0.0116,-0.0429,0.107,0.0033,-0.0006,0.0018,Neutral,Mean Reversion Upside Bias
2026-09-22,JCI,JOHNSON CONTROLS INTERNATIONAL PLC,Industrials,146.44,0.00867888138862094,0.02205471803461756,0.05931712962962954,0.0022585723085346565,56.3,7.699999999999996,14.799999999999997,47.4,-13.5,38.0,-36.0,-8.0,51.0,-9.0,0.0021,0.0051,0.0802,0.0051,0.0048,-0.0034,Buy,Crowded Short
2026-09-22,JKHY,"JACK HENRY & ASSOCIATES, INC.",Financials,149.1,-0.016231195566112522,-0.03713270907329669,-0.11202429873146325,0.08247422680412364,13.7,-12.3,-20.2,-58.7,-46.5,3.0,0.0,11.0,39.0,47.0,-0.0311,0.0374,-0.0255,-0.0015,-0.0048,-0.0006,Leaning Bearish,Crowded Long
2026-09-22,JNJ,JOHNSON & JOHNSON,Health Care,269.19,-0.0010390767061269068,-0.002963072706396619,0.01256347564416016,0.05992833799267627,18.1,-7.099999999999998,-16.0,-40.0,-62.9,44.0,-8.0,2.0,15.0,58.0,0.0052,0.011,0.0539,-0.0002,-0.0117,-0.0001,Neutral,Mean Reversion Upside Bias
2026-09-22,JNK,SPDR BBG HIGH YIELD BD,Bonds,94.72,0.00010558547143912911,0.0017979904812268632,-0.013949614824068313,-0.017121510843623566,10.1,-2.8000000000000007,-0.20000000000000107,-76.60000000000001,-48.9,47.0,0.0,-15.0,87.0,57.0,-0.0067,0.0084,-0.0151,0.0003,0.0002,-0.0026,Neutral,Crowded Short
2026-09-22,JPM,JPMORGAN CHASE & CO.,Financials,340.0,-0.034200659016020984,-0.02765464580890553,-0.04499747205213189,0.03870711514373881,8.9,-33.800000000000004,-27.4,-35.7,-86.1,-10.0,6.0,-39.0,8.0,20.0,-0.0141,0.0098,0.0436,-0.0046,-0.0125,-0.0017,Sell,Crowded Short
2026-09-22,KDP,KEURIG DR PEPPER INC.,Consumer Staples,31.51,0.029065969954278348,0.01776485788113691,-0.010985561833019353,-0.037274671555148076,25.2,5.199999999999999,-3.6000000000000014,-33.7,-58.599999999999994,-11.0,-3.0,-3.0,27.0,30.0,-0.0089,-0.0164,-0.0191,0.0014,-0.0056,-0.0046,Topping,Mean Reversion Upside Bias
2026-09-22,KEY,KEYCORP,Financials,20.48,-0.01868711068519413,-0.015857760691974976,-0.05229060620083292,-0.1114967462039046,10.5,-8.7,-7.199999999999999,3.2,-71.3,48.0,62.0,58.0,21.0,130.0,-0.0201,-0.0102,0.0134,0.0,-0.0072,-0.0086,Neutral,Mean Reversion Downside Bias
2026-09-22,KEYS,"KEYSIGHT TECHNOLOGIES, INC.",Information Technology,347.32,0.015466479548577716,0.036776119402984975,0.07629377130461723,-0.007855571742794276,71.4,13.300000000000004,22.000000000000007,43.800000000000004,30.000000000000007,14.0,15.0,15.0,-17.0,-36.0,0.0133,-0.0072,0.1083,0.0052,-0.0006,-0.0032,Neutral,Mean Reversion Upside Bias
2026-09-22,KHC,THE KRAFT HEINZ COMPANY,Consumer Staples,24.0,-0.015182601559294295,-0.017601309864920145,-0.0650564861706272,0.01608806096528359,7.7,-9.2,-10.8,-37.699999999999996,-53.3,20.0,0.0,-5.0,12.0,27.0,-0.0122,0.0292,-0.0288,-0.0049,0.002,-0.0028,Neutral,Mean Reversion Upside Bias
2026-09-22,KIM,KIMCO REALTY .,Real Estate,22.55,0.0004436557231588534,0.0008877052818463405,-0.04892450442851115,-0.11045364891518739,3.8,-1.6000000000000005,-0.40000000000000036,1.5999999999999996,-76.0,12.0,0.0,0.0,-23.0,18.0,-0.0192,-0.0289,0.0027,0.0006,-0.0008,-0.009,Neutral,Mean Reversion Upside Bias
2026-09-22,KKR,KKR & CO. INC.,Financials,98.44,-0.023703262917782464,-0.0037445602671795086,-0.10280714546117387,0.07256482893876659,19.0,-5.0,-1.3999999999999986,-44.3,-31.200000000000003,22.0,0.0,39.0,49.0,40.0,-0.0394,0.0172,-0.0357,0.0028,0.0093,-0.0064,Leaning Bullish,Mean Reversion Upside Bias
2026-09-22,KLAC,KLA ,Information Technology,188.32,0.023645159536880955,0.06401491609695453,0.07335423197492164,-0.37582446720360607,45.8,13.5,28.099999999999998,29.299999999999997,-40.8,33.0,33.0,33.0,27.0,53.0,0.0068,-0.0648,0.1859,0.0121,-0.0003,0.0024,Neutral,Crowded Short
2026-09-22,KMB,KIMBERLY-CLARK ,Consumer Staples,98.91,0.011970534069981609,0.010729613733905463,-0.08374247336729979,-0.0989341350095655,1.8,0.0,-2.4000000000000004,-64.7,-92.8,-11.0,0.0,-23.0,30.0,49.0,-0.0372,-0.0155,-0.0464,0.0043,-0.0132,-0.0098,Leaning Bearish,Mean Reversion Upside Bias
2026-09-22,KMI,"KINDER MORGAN, INC.",Energy,31.27,-0.014186633039092067,-0.01790201005025127,-0.030086848635235808,-0.02189552705661557,51.8,-8.300000000000004,0.3999999999999986,-5.700000000000003,-17.60000000000001,-25.0,-20.0,-27.0,-30.0,-44.0,0.0004,-0.0023,0.0636,-0.0011,-0.0085,-0.0044,Leaning Bearish,Mean Reversion Upside Bias
2026-09-22,KO,THE COCA-COLA COMPANY,Consumer Staples,88.61,0.017102846648301195,0.004079320113314466,-0.0006766662907409238,0.09031622985111354,10.5,4.7,-2.4000000000000004,-48.4,-57.7,46.0,11.0,10.0,1.0,47.0,-0.0037,0.038,0.0391,0.0025,-0.0025,-0.0022,Bottoming,Mean Reversion Upside Bias
2026-09-22,KR,THE KROGER CO.,Consumer Staples,58.56,-0.018931144245267095,-0.02399999999999991,0.01772679874869665,0.05456509994597525,57.3,-17.5,-30.60000000000001,-2.0,39.9,-32.0,31.0,9.0,-11.0,-32.0,0.0121,0.0104,0.0099,-0.0034,0.0084,0.0009,Topping,Mean Reversion Downside Bias
2026-09-22,KVUE,KENVUE INC.,Consumer Staples,17.86,0.01075268817204278,0.0028074115665357446,-0.05402542372881358,-0.065410779696494,5.0,-1.2000000000000002,-7.5,-35.5,-86.8,-38.0,-26.0,-46.0,-37.0,32.0,-0.0277,-0.0089,-0.0428,0.0028,-0.0112,-0.0158,Leaning Bearish,Crowded Long
2026-09-22,L,LOEWS ,Financials,105.91,-0.007868852459016473,-0.017258977451981017,-0.02197802197802201,-0.0644819362247151,5.0,-7.9,-8.3,4.8,-90.0,9.0,-28.0,-38.0,-24.0,52.0,-0.0036,-0.0059,0.0409,0.001,-0.01,0.0015,Neutral,Mean Reversion Upside Bias
2026-09-22,LDOS,"LEIDOS HOLDINGS, INC.",Industrials,123.31,-0.0383685565000389,-0.034301824731772235,-0.12053348548605669,0.1975332621151793,15.7,-3.5,-4.300000000000001,-72.6,12.7,25.0,3.0,21.0,93.0,25.0,-0.0291,0.0348,-0.0181,-0.007,0.0136,0.0009,Leaning Bullish,Mean Reversion Upside Bias
2026-09-22,LEN,LENNAR ,Consumer Discretionary,83.06,0.06378073770491799,0.08674604213005366,-0.012483652360004704,-0.0821085202784837,36.5,18.4,21.2,-12.5,-11.700000000000003,-54.0,-58.0,-60.0,-26.0,-16.0,-0.0295,-0.0427,-0.0928,0.0069,-0.0017,-0.0073,Topping,Mean Reversion Downside Bias
2026-09-22,LH,LABORATORY  OF AMERICA HOLDINGS,Health Care,311.54,-0.02944016947568462,-0.028592809703470334,-0.06348824625743998,0.11264285714285727,6.5,-14.3,-17.1,-90.1,-88.9,37.0,1.0,-16.0,54.0,88.0,-0.0311,0.0184,0.0437,-0.0071,0.0012,0.0011,Bottoming,Crowded Short
2026-09-22,LHX,"L3HARRIS TECHNOLOGIES, INC.",Industrials,239.89,-0.028510104078078857,-0.029924380282259744,-0.09900469483568075,-0.1744726246601741,7.7,0.0,0.40000000000000036,-17.5,-9.3,9.0,29.0,29.0,-31.0,-39.0,-0.0223,-0.0438,0.0227,-0.0056,0.0022,-0.0057,Neutral,Mean Reversion Upside Bias
2026-09-22,LII,LENNOX INTERNATIONAL INC.,Industrials,371.68,0.022109778902211108,0.03465746179328,-0.028643111018189393,-0.35128719783576234,22.0,15.1,18.2,13.9,-72.6,-11.0,9.0,9.0,-7.0,32.0,-0.022,-0.1256,-0.0183,0.0044,-0.0188,-0.0049,Neutral,Mean Reversion Upside Bias
2026-09-22,LIN,LINDE PUBLIC LIMITED COMPANY,Materials,464.91,0.016196721311475537,0.009795829713292958,-0.05039013031578077,-0.10411608278413698,12.1,8.7,-2.0,-53.6,-65.7,36.0,24.0,-4.0,1.0,48.0,-0.0166,-0.0315,-0.0009,0.0004,-0.0021,-0.0047,Neutral,Mean Reversion Upside Bias
2026-09-22,LITE,LUMENTUM HOLDINGS INC.,Information Technology,945.67,-0.009240536831187418,0.015855453266159003,0.033790283790283704,0.10210241708039058,53.0,5.200000000000003,12.299999999999997,4.0,45.2,19.0,0.0,41.0,47.0,19.0,0.0159,-0.0183,0.3263,0.0069,0.011,0.0038,Leaning Bullish,Crowded Long
2026-09-22,LLY,ELI LILLY AND COMPANY,Health Care,1170.14,0.004506863308981979,0.014927185518635255,0.011593025165768989,-0.02441993280141397,3.8,1.1999999999999997,0.7999999999999998,-42.0,-73.2,-21.0,6.0,-53.0,-52.0,15.0,0.0006,0.0176,0.0285,0.0068,0.0003,-0.0043,Neutral,Mean Reversion Upside Bias
2026-09-22,LMT,LOCKHEED MARTIN ,Industrials,522.34,-0.02439297721329836,-0.020698188908470416,-0.0692942287475723,0.025281670788678268,16.5,-8.7,-3.8999999999999986,-10.3,-29.700000000000003,47.0,7.0,37.0,1.0,39.0,-0.0205,-0.0082,0.0092,-0.0012,0.0045,-0.0056,Bottoming,Mean Reversion Upside Bias
2026-09-22,LNT,ALLIANT ENERGY ,Utilities,64.62,-0.005387101739264155,-0.015089163237311354,-0.04942630185348629,-0.15296893432953207,2.2,-8.3,-3.5999999999999996,-7.8999999999999995,-94.8,-13.0,-27.0,-22.0,-85.0,61.0,-0.0127,-0.0322,0.0271,-0.0011,-0.0125,-0.0038,Leaning Bearish,Mean Reversion Upside Bias
2026-09-22,LOW,"LOWE'S COMPANIES, INC.",Consumer Discretionary,196.08,0.026704366949418912,0.01865031949711682,-0.04211040547142153,-0.1107079686153567,11.3,8.3,7.9,-25.8,-61.5,4.0,37.0,-8.0,-13.0,35.0,-0.0223,-0.0236,-0.0228,0.0021,-0.0047,-0.0118,Neutral,Mean Reversion Upside Bias
2026-09-22,LQD,ISHARES:IBOXX $IG CORP,Bonds,105.09,0.0,0.0037249283667621924,-0.01054514640805937,-0.03649032731273483,33.1,-5.199999999999996,7.5,-27.199999999999996,-16.299999999999997,3.0,25.0,-9.0,22.0,23.0,-0.0065,-0.0139,-0.0078,0.0005,-0.0045,-0.0038,Neutral,Crowded Short
2026-09-22,LRCX,LAM RESEARCH ,Information Technology,310.96,0.028715098584094267,0.07930998576932402,0.03141066038674567,-0.2823944799575382,29.2,8.8,17.1,0.3999999999999986,-41.39999999999999,34.0,34.0,34.0,6.0,37.0,-0.0181,-0.0602,0.1849,0.0142,-0.0056,0.0081,Neutral,Mean Reversion Upside Bias
2026-09-22,LULU,LULULEMON ATHLETICA INC.,Consumer Discretionary,103.73,0.023988153998025785,0.05782174179074029,-0.13745218692832195,-0.09152215799614649,30.4,2.599999999999998,0.0,-20.200000000000003,1.7999999999999972,11.0,-44.0,-45.0,-4.0,-45.0,-0.0626,-0.0204,-0.0833,-0.0023,0.0123,-0.0088,Neutral,Mean Reversion Downside Bias
2026-09-22,LUV,SOUTHWEST AIRLINES CO.,Industrials,42.08,0.007421594445774282,0.02684236212786728,0.09213599792369576,-0.18164138467522373,60.9,-0.8000000000000043,4.0,59.5,-27.699999999999996,-5.0,0.0,0.0,-8.0,35.0,0.0114,-0.0503,0.0218,0.0124,-0.0134,-0.0116,Neutral,Mean Reversion Upside Bias
2026-09-22,LVS,LAS VEGAS SANDS CORP.,Consumer Discretionary,39.7,-0.013909587680079327,-0.007003501750875274,-0.09381419767176447,-0.14050660316085728,0.2,0.0,-0.8,-22.2,-1.6,31.0,19.0,42.0,13.0,-5.0,-0.0356,-0.0256,-0.0435,0.006,0.0054,-0.0252,Leaning Bullish,Mean Reversion Upside Bias
2026-09-22,LYB,LYONDELLBASELL INDUSTRIES NV,Materials,59.24,-0.016600265604249653,-0.04343613757468101,-0.08973570989551316,0.1251661918328586,22.8,2.8000000000000007,0.0,-41.3,22.6,51.0,0.0,-6.0,45.0,31.0,-0.0118,0.0158,-0.0616,-0.0116,0.01,0.003,Neutral,Mean Reversion Upside Bias
2026-09-22,LYV,"LIVE NATION ENTERTAINMENT, INC.",Communication Services,169.84,0.0039011703511053764,0.016275730014361,-0.055867474567791287,-0.07247009993992692,3.4,-3.1,0.7999999999999998,-27.8,-79.6,19.0,-16.0,-5.0,6.0,18.0,-0.0165,-0.0002,0.0442,0.0012,-0.0053,-0.0094,Bottoming,Mean Reversion Upside Bias
2026-09-22,MA,MASTERCARD INC..,Financials,555.89,-0.020716991103672977,-0.016541646026466683,-0.05671039011725576,0.0823403426791276,3.4,-29.700000000000003,-36.5,-70.19999999999999,-77.19999999999999,27.0,1.0,22.0,47.0,84.0,-0.016,0.028,0.0128,-0.0003,-0.0032,-0.0024,Neutral,Mean Reversion Upside Bias
2026-09-22,MAA,"MID-AMERICA APARTMENT COMMUNITIES, INC.",Real Estate,119.15,0.0024398451960290224,0.0018498276296980976,-0.07528133488552569,-0.14243558370519638,0.2,-1.6,-0.39999999999999997,-22.2,-97.2,9.0,22.0,0.0,-8.0,65.0,-0.0271,-0.0224,-0.0279,0.0,-0.0019,-0.0116,Neutral,Mean Reversion Upside Bias
2026-09-22,MAR,"MARRIOTT INTERNATIONAL, INC.",Consumer Discretionary,348.06,0.015759061460339563,0.026968016050985533,0.018433988764045006,-0.060794948595482845,19.6,3.5,8.500000000000002,-12.699999999999996,-0.5999999999999979,57.0,0.0,21.0,65.0,51.0,-0.0118,-0.0418,0.0394,0.0116,0.013,-0.0108,Leaning Bullish,Mean Reversion Upside Bias
2026-09-22,MAS,MASCO ,Industrials,69.96,0.03277236492471203,0.027916544225683015,-0.030487804878048808,-0.14022366965712196,31.5,19.4,17.0,-1.2000000000000028,-66.7,-15.0,-32.0,-2.0,7.0,5.0,-0.0213,-0.0285,-0.0289,0.0033,-0.0136,-0.0079,Topping,Mean Reversion Upside Bias
2026-09-22,MCD,MCDONALD'S ,Consumer Discretionary,250.35,0.009964498951105405,0.008499838865613896,-0.050049328375199265,-0.07384114535163333,4.6,1.9999999999999996,-1.2000000000000002,-47.6,-35.0,-20.0,-69.0,-32.0,-66.0,-35.0,-0.017,-0.0168,-0.0052,0.0004,0.0064,-0.012,Neutral,Mean Reversion Upside Bias
2026-09-22,MCHI,ISHARES:MSCI CHINA,Foreign,54.25,0.004629629629629539,0.022234784247220585,-0.00858918128654973,0.06310013717421126,50.2,22.6,42.1,20.200000000000003,47.2,21.0,-11.0,41.0,26.0,4.0,-0.0078,0.0007,0.0179,0.0042,0.0191,-0.0201,Buy,Crowded Short
2026-09-22,MCHP,MICROCHIP TECHNOLOGY INC.,Information Technology,75.82,0.013907461888205352,0.03480278422273786,0.03226684819605152,-0.1686403508771931,62.1,17.9,25.4,15.899999999999999,17.1,-15.0,0.0,0.0,14.0,-50.0,-0.006,-0.0595,-0.0642,0.0056,-0.0058,-0.0001,Topping,Mean Reversion Upside Bias
2026-09-22,MCK,MCKESSON ,Health Care,891.23,0.005369612056809636,0.018956153890127503,0.006675552342655822,0.17949973530968766,45.2,-8.199999999999996,-12.099999999999994,-18.099999999999994,-17.4,66.0,48.0,90.0,91.0,71.0,-0.0033,0.05,0.0926,0.002,0.0034,0.0311,Buy,Mean Reversion Upside Bias
2026-09-22,MCO,MOODY'S ,Financials,469.25,0.004344848251359057,0.001408480761433184,-0.07012920101458464,0.036054932438399634,5.0,-0.7999999999999998,-5.1,-73.8,-24.0,37.0,45.0,41.0,94.0,21.0,-0.0291,0.0132,-0.0291,0.0022,0.0018,-0.0049,Neutral,Crowded Short
2026-09-22,MDLZ,"MONDELEZ INTERNATIONAL, INC.",Consumer Staples,61.08,0.015123815855077272,0.0037797863599013937,-0.01594973417109713,0.056016597510373245,7.9,5.7,-0.1999999999999993,-49.4,-18.700000000000003,9.0,0.0,0.0,-2.0,-2.0,-0.0096,0.0134,-0.0287,-0.0005,0.0032,-0.006,Neutral,Mean Reversion Upside Bias
2026-09-22,MDT,MEDTRONIC PUBLIC LIMITED COMPANY,Health Care,90.77,-0.01068119891008179,-0.014761749701508786,0.0013237727523440768,0.16029656142144955,33.9,-2.3999999999999986,-9.200000000000003,-45.1,-39.50000000000001,5.0,-40.0,-40.0,25.0,11.0,0.0076,0.0446,0.0038,-0.0025,-0.0007,0.0004,Leaning Bearish,Mean Reversion Upside Bias
2026-09-22,MDY,SPDR S&P MIDCAP 400 ETF,Sector & Style ETFs,670.49,0.0032319363188844097,0.0057148857022859545,-0.024216669334769292,-0.04670571842920923,6.9,3.5000000000000004,3.5000000000000004,-10.4,-57.9,32.0,50.0,50.0,3.0,69.0,-0.0138,-0.0064,-0.005,0.0007,-0.001,-0.0029,Bottoming,Mean Reversion Upside Bias
2026-09-22,MET,"METLIFE, INC.",Financials,95.92,-0.007450331125827825,-0.011541632316570571,0.007880634653777419,0.13367214277272188,39.5,-15.5,-21.4,8.3,-23.5,22.0,-16.0,41.0,3.0,8.0,0.0015,0.019,0.0055,-0.0014,-0.0002,-0.0034,Neutral,Mean Reversion Upside Bias
2026-09-22,META,"META PLATFORMS, INC.",Communication Services,736.6,-0.006273187183811091,0.10642132932782578,0.2869972394031519,0.30767455484741446,97.8,-1.2000000000000028,-1.6000000000000085,48.0,61.599999999999994,-2.0,25.0,51.0,30.0,-16.0,0.0708,0.0354,0.0053,0.0052,0.0238,0.0083,Buy,Crowded Short
2026-09-22,MGM,MGM RESORTS INTERNATIONAL,Consumer Discretionary,38.9,0.004389362251484785,0.028828352287754377,-0.05947775628626695,-0.1863626856306213,3.0,0.3999999999999999,2.8,-2.0,-29.6,31.0,0.0,27.0,27.0,22.0,-0.0336,-0.0525,-0.0129,0.0086,-0.0039,-0.0032,Neutral,Crowded Short
2026-09-22,MKC,"MCCORMICK & COMPANY, INC.",Consumer Staples,49.42,0.010840662712211069,0.014367816091954033,-0.08852821836960523,-0.01983339944466478,5.8,0.39999999999999947,0.39999999999999947,-76.10000000000001,-86.0,-11.0,13.0,13.0,13.0,-15.0,-0.03,0.0091,-0.0361,-0.0007,-0.0058,-0.0068,Leaning Bearish,Mean Reversion Upside Bias
2026-09-22,MLM,"MARTIN MARIETTA MATERIALS, INC.",Materials,499.34,-0.0006604358876859395,0.017731941953367025,-0.03732407942934268,-0.13414253511357732,16.9,0.0,0.7999999999999972,-10.3,-21.700000000000003,6.0,0.0,-34.0,19.0,31.0,-0.0154,-0.0476,-0.0058,0.0049,-0.0095,0.0001,Neutral,Mean Reversion Upside Bias
2026-09-22,MMM,3M COMPANY,Industrials,169.3,0.02624719645996243,0.020555789981313133,-0.014723854972938377,0.04564264097338033,16.1,8.400000000000002,5.600000000000001,1.6000000000000014,-76.1,-26.0,-26.0,-26.0,-72.0,17.0,-0.0195,-0.0041,0.0317,-0.0015,-0.0032,-0.0028,Sell,Crowded Short
2026-09-22,MNST,MONSTER BEVERAGE ,Consumer Staples,44.27,0.0061363636363636065,-0.009841198836949228,-0.03593205574912883,-0.07885975863503947,2.2,-0.7999999999999998,-3.2,-17.400000000000002,-95.6,30.0,0.0,0.0,-1.0,27.0,-0.0179,-0.0023,0.0573,0.004,-0.0062,-0.0053,Bottoming,Mean Reversion Upside Bias
2026-09-22,MO,"ALTRIA GROUP, INC.",Consumer Staples,68.64,0.0016051364365972098,-0.012658227848101222,0.002336448598130758,-0.046004169562195996,48.2,-23.599999999999994,-25.0,-2.3999999999999986,-19.599999999999994,-47.0,36.0,-13.0,-109.0,-52.0,0.0071,0.012,0.0476,-0.002,-0.003,-0.0035,Sell,Mean Reversion Upside Bias
2026-09-22,MOS,THE MOSAIC COMPANY,Materials,24.73,0.02742002492729534,0.010212418300653558,0.02529021558872313,0.16705993393109964,68.5,19.1,-4.099999999999994,-21.799999999999997,29.9,-8.0,-12.0,-4.0,44.0,-16.0,-0.0007,0.0089,-0.0124,-0.002,-0.0193,0.0156,Leaning Bearish,Mean Reversion Upside Bias
2026-09-22,MP,MP MATERIALS CORP,MR Discretion,51.04,0.02079999999999993,0.07998307236563695,-0.06776255707762557,-0.08873415461524725,20.4,9.499999999999998,7.899999999999999,-68.69999999999999,13.399999999999999,6.0,-34.0,-34.0,72.0,-29.0,-0.0385,-0.051,0.1171,0.0083,-0.0055,-0.0108,Neutral,Mean Reversion Upside Bias
2026-09-22,MPC,MARATHON PETROLEUM ,Energy,389.68,-0.03156220488095829,-0.08286850714302518,0.043822993678345634,0.5241522274807371,53.4,-19.000000000000007,-45.6,-30.500000000000007,24.0,51.0,13.0,59.0,65.0,5.0,0.0358,0.0908,0.0787,0.0017,0.0027,0.0102,Leaning Bullish,Crowded Short
2026-09-22,MPWR,"MONOLITHIC POWER SYSTEMS, INC.",Information Technology,1380.62,0.08056790432659189,0.13370011496140566,0.08901456888867854,-0.0012587169767643847,62.9,30.199999999999996,44.099999999999994,44.099999999999994,46.3,3.0,-17.0,-37.0,-29.0,-69.0,0.0075,0.0002,0.0504,0.0259,0.0395,-0.0113,Leaning Bullish,Crowded Short
2026-09-22,MRK,"MERCK & CO., INC.",Health Care,150.91,0.009431438127090352,0.027507319398107022,0.021318354087709768,0.17439688715953294,23.6,4.800000000000001,2.400000000000002,-50.800000000000004,-60.199999999999996,26.0,24.0,-36.0,49.0,94.0,0.0068,0.0585,0.0117,0.0097,-0.0013,0.0035,Neutral,Mean Reversion Upside Bias
2026-09-22,MRNA,"MODERNA, INC.",Health Care,182.56,0.055626228749855455,0.185146715138925,0.3008408151631752,1.6068827645294874,77.2,11.100000000000009,25.400000000000006,14.300000000000004,-21.799999999999997,-2.0,11.0,-8.0,30.0,0.0,0.0749,0.2931,0.0664,0.0256,0.005,0.009,Leaning Bullish,Mean Reversion Upside Bias
2026-09-22,MRSH,"MARSH & MCLENNAN COMPANIES, INC.",Financials,170.01,-0.01569013432144517,-0.028569796011656434,-0.10426765015806116,0.02003959920801579,0.2,0.0,-2.4,-38.5,-80.39999999999999,4.0,-23.0,0.0,14.0,61.0,-0.0362,0.0022,-0.0137,-0.0031,-0.004,-0.0055,Leaning Bearish,Mean Reversion Upside Bias
2026-09-22,MRVL,"MARVELL TECHNOLOGY, INC.",Information Technology,262.36,0.019348822752350614,0.07414534288638697,0.23953510346782592,-0.11927221457585002,64.9,10.300000000000004,33.60000000000001,10.700000000000003,0.7000000000000028,14.0,-24.0,0.0,20.0,-1.0,0.0423,-0.0519,0.168,0.0246,0.0137,0.001,Leaning Bullish,Crowded Long
2026-09-22,MS,MORGAN STANLEY,Financials,200.18,-0.028818164176207972,-0.01184717148780734,-0.06159759984999058,-0.04238423268274005,1.8,-10.7,-18.4,-34.1,-19.599999999999998,33.0,-23.0,15.0,-11.0,-48.0,-0.0172,-0.0117,0.069,0.0007,-0.0084,-0.0023,Bottoming,Mean Reversion Upside Bias
2026-09-22,MSCI,MSCI INC.,Financials,548.88,-0.018051058196325465,-0.00721688642899776,-0.038132623019767276,-0.019927148060852717,20.0,-21.1,-7.199999999999999,-17.299999999999997,18.2,65.0,70.0,61.0,39.0,58.0,-0.0056,-0.019,-0.0033,0.001,0.0129,-0.0,Leaning Bullish,Crowded Short
2026-09-22,MSFT,MICROSOFT ,Information Technology,498.0,-0.00719682621957296,0.008546316173194679,-0.018312996510871482,0.33504905903168747,68.1,-9.300000000000011,-3.5,-7.900000000000006,66.69999999999999,3.0,34.0,17.0,87.0,-24.0,0.0016,0.0443,-0.012,0.0014,0.0131,0.0046,Leaning Bullish,Mean Reversion Upside Bias
2026-09-22,MSI,"MOTOROLA SOLUTIONS, INC.",Information Technology,456.7,-0.01010057222125893,-0.004295026925676515,-0.05893261899855762,0.09971345324953629,16.5,-6.699999999999999,-13.899999999999999,-61.900000000000006,-33.7,57.0,21.0,12.0,93.0,62.0,-0.0145,0.0518,0.0258,-0.0009,0.0021,-0.0002,Leaning Bullish,Mean Reversion Upside Bias
2026-09-22,MTB,M&T BANK ,Financials,223.42,-0.015597462107860505,-0.017113193436276486,-0.04496879541762855,-0.06129994538044625,6.9,-12.299999999999999,-16.9,-1.1999999999999993,-85.3,41.0,-23.0,-23.0,59.0,118.0,-0.0199,0.0051,0.0345,0.0015,-0.0034,-0.0071,Bottoming,Crowded Short
2026-09-22,MTD,METTLER-TOLEDO INTERNATIONAL INC.,Health Care,1490.76,0.04216884315315572,0.07070213743966902,0.06093343012084196,0.16692628629130102,67.3,10.0,23.099999999999994,45.699999999999996,-17.700000000000003,-53.0,12.0,-26.0,-18.0,-20.0,0.0107,0.0273,-0.0364,0.01,-0.0004,0.0005,Neutral,Mean Reversion Downside Bias
2026-09-22,MTUM,ISHARES:MSCI USA MOM FCT,Sector & Style ETFs,317.9,0.00521739130434784,0.02674245849751289,0.05839659075775727,-0.07271825686200162,78.4,6.800000000000011,19.10000000000001,42.900000000000006,15.800000000000004,-17.0,0.0,-39.0,-35.0,-17.0,0.0112,-0.0135,0.0346,0.0052,-0.0027,-0.0017,Neutral,Mean Reversion Upside Bias
2026-09-22,MU,"MICRON TECHNOLOGY, INC.",Information Technology,1096.16,0.050001915782214024,0.079110061035637,0.1433458846599147,-0.05035996153479616,66.5,20.700000000000003,31.799999999999997,11.899999999999999,37.1,14.0,-8.0,-20.0,-23.0,-26.0,0.0397,-0.0388,0.269,0.011,-0.0202,0.0184,Neutral,Mean Reversion Upside Bias
2026-09-22,MUB,ISHARES:NATL MUNI BOND,Bonds,102.75,-0.001069414738479435,-0.0012636080870916944,-0.022359657469076977,-0.04525181193086791,5.4,-3.5,-0.7999999999999998,-26.1,-62.00000000000001,36.0,-10.0,-10.0,17.0,56.0,-0.0076,-0.0129,-0.0073,0.0001,-0.0015,-0.0014,Neutral,Crowded Short
2026-09-22,NCLH,NORWEGIAN CRUISE LINE HOLDINGS LTD.,Consumer Discretionary,14.22,-0.001404494382022392,0.00708215297450443,-0.11895910780669139,-0.32638559924206534,2.2,-1.1999999999999997,-4.3,-3.5999999999999996,-78.8,12.0,0.0,0.0,16.0,19.0,-0.0487,-0.0807,-0.0514,0.0101,-0.0177,-0.0182,Neutral,Mean Reversion Upside Bias
2026-09-22,NDAQ,"NASDAQ, INC.",Financials,94.5,-0.002006547681909332,0.010262989095574104,-0.04167934286583508,0.19893428063943164,23.2,-2.400000000000002,-0.8000000000000007,-65.1,17.799999999999997,31.0,0.0,0.0,71.0,31.0,-0.0251,0.019,-0.0119,0.0068,0.0053,-0.0027,Leaning Bullish,Crowded Short
2026-09-22,NDSN,NORDSON ,Industrials,319.67,0.01692381103865115,0.025997368167667068,-0.006372000497326891,0.0595976001856211,9.3,2.8000000000000007,0.0,-50.0,-66.9,-3.0,-23.0,-9.0,-15.0,14.0,-0.0149,0.0297,0.0065,0.0069,-0.0046,-0.0013,Neutral,Crowded Long
2026-09-22,NDX,NASDAQ 100 INDEX,Indices,30732.4,0.008203107700029744,0.03670974765021251,0.043298071729712895,0.015062912140994644,81.5,4.700000000000003,21.799999999999997,17.400000000000006,55.3,-31.0,-4.0,-18.0,-49.0,-73.0,0.0093,-0.0009,0.0317,0.0024,0.0058,0.0015,Leaning Bullish,
2026-09-22,NEE,"NEXTERA ENERGY, INC.",Utilities,79.26,-0.004646490016325333,-0.015036659624704796,-0.037405878066553266,-0.09695795830010245,3.0,-7.1,-3.5,-4.3,-73.6,-13.0,-27.0,1.0,-39.0,-16.0,-0.0102,-0.0175,-0.0037,0.0031,-0.006,-0.0111,Neutral,Crowded Short
2026-09-22,NEM,NEWMONT ,Materials,127.26,0.034213734254368244,0.031196823596143064,0.009519276534983412,0.36252676659528915,20.4,8.7,0.3999999999999986,-65.9,13.799999999999999,75.0,14.0,39.0,132.0,75.0,-0.0144,0.0435,0.1252,0.0086,0.0073,-0.0029,Buy,Mean Reversion Upside Bias
2026-09-22,NFLX,"NETFLIX, INC.",Communication Services,72.16,-0.016357688113413316,0.005153921158935759,-0.10968537939543488,0.010644257703081195,35.1,-6.799999999999997,3.400000000000002,-55.6,29.700000000000003,12.0,-8.0,30.0,82.0,12.0,-0.0248,-0.0124,-0.0121,-0.0029,0.0135,-0.0013,Bottoming,Crowded Short
2026-09-22,NI,NISOURCE INC.,Utilities,39.88,-0.015794669299111552,-0.017249876786594287,-0.025415444770283457,-0.16130389064142991,21.6,-27.4,-1.5999999999999979,17.400000000000002,-50.99999999999999,6.0,31.0,0.0,6.0,13.0,-0.003,-0.0412,0.0284,-0.0004,-0.0092,-0.003,Neutral,Mean Reversion Upside Bias
2026-09-22,NKE,"NIKE, INC.",Consumer Discretionary,36.1,0.0,0.016615038017459893,-0.07578084997439838,-0.12058465286236286,8.9,-0.40000000000000036,0.40000000000000036,-19.5,-12.1,12.0,43.0,13.0,-23.0,-72.0,-0.0226,-0.0337,-0.0995,0.0011,0.0115,-0.0196,Buy,Mean Reversion Upside Bias
2026-09-22,NOC,NORTHROP GRUMMAN ,Industrials,509.86,-0.03189913796377164,-0.033239158876732566,-0.05528997591254403,0.0010798924034478574,18.1,-12.7,-5.5,-26.5,-14.899999999999999,26.0,42.0,20.0,-9.0,38.0,-0.0151,-0.0179,0.0181,-0.0022,0.0025,-0.0049,Neutral,Mean Reversion Upside Bias
2026-09-22,NORW,GLBL X MSCI NORWAY ETF,Foreign,36.73,-0.008636977058029682,-0.009171837065012234,-0.017126036928017174,0.150328844347009,23.2,-3.1999999999999993,-15.500000000000004,-67.5,22.599999999999998,57.0,39.0,-17.0,100.0,86.0,0.0018,0.0239,0.0186,-0.0038,0.0105,0.0057,Leaning Bullish,Mean Reversion Upside Bias
2026-09-22,NOV,NOV INC.,MR Discretion,20.18,0.0014888337468983437,0.00548081714001003,-0.05213715359323623,0.08787061994609169,44.4,26.7,24.4,-38.699999999999996,36.0,16.0,-9.0,-46.0,33.0,9.0,-0.0147,0.021,0.0092,-0.0071,-0.0036,0.0099,Leaning Bearish,Mean Reversion Upside Bias
2026-09-22,NOW,"SERVICENOW, INC.",Information Technology,137.0,-0.004938988959907076,0.011294013434708816,-0.07426177444421922,0.37993553585817885,72.8,-0.4000000000000057,5.099999999999994,-25.400000000000006,57.0,-37.0,0.0,0.0,43.0,-64.0,0.0005,0.0759,-0.0737,-0.0136,0.0083,-0.0027,Neutral,Mean Reversion Downside Bias
2026-09-22,NQ=F,NASDAQ 100 FUTURES,Futures,31060.25,0.007011088056023906,0.03689701218494412,0.053095094806614895,0.017276530938091117,83.5,3.5,13.700000000000003,23.6,51.3,-26.0,15.0,-7.0,-44.0,-52.0,0.0083,-0.0041,0.0311,0.0043,0.0062,0.0017,Leaning Bullish,
2026-09-22,NRG,"NRG ENERGY, INC.",Utilities,102.75,-0.0051316808675445635,-0.008778699594829242,-0.06692698873955694,-0.29652197726961527,18.5,2.3999999999999986,5.199999999999999,11.6,-72.1,3.0,19.0,22.0,44.0,29.0,-0.0277,-0.0588,0.0166,0.0026,-0.0279,-0.0183,Neutral,Mean Reversion Upside Bias
2026-09-22,NSC,NORFOLK SOUTHERN ,Industrials,314.0,0.015951079043582395,-0.0005092946269417142,-0.0839872808424984,-0.001875456943958742,0.6,0.39999999999999997,0.0,-50.0,-56.0,24.0,44.0,-4.0,10.0,25.0,-0.0382,0.0121,0.0278,-0.0,-0.004,-0.0057,Neutral,Mean Reversion Upside Bias
2026-09-22,NTAP,"NETAPP, INC.",Information Technology,192.91,-0.026444612667171352,-0.02467263259012087,0.04112472340655193,0.24651072628586213,54.2,0.4000000000000057,1.2000000000000028,10.0,48.800000000000004,76.0,0.0,38.0,42.0,56.0,-0.0129,0.0436,0.081,0.0014,0.0091,0.0036,Buy,Crowded Short
2026-09-22,NTRS,NORTHERN TRUST ,Financials,173.4,-0.031014249790444204,-0.025240317049862182,-0.06553136451821506,-0.0025310630464795425,1.0,-13.5,-14.3,-40.5,-50.0,29.0,-25.0,14.0,31.0,-1.0,-0.0137,0.0157,0.0739,-0.0004,-0.0069,-0.0042,Neutral,Crowded Short
2026-09-22,NUE,NUCOR ,Materials,245.66,0.013448844884488498,-0.01095096223528469,-0.01594295785931743,0.10285072951739616,37.1,3.6000000000000014,-4.399999999999999,15.5,28.900000000000002,18.0,0.0,24.0,-26.0,30.0,-0.0033,-0.0054,0.0445,-0.0054,-0.0069,0.008,Leaning Bearish,Mean Reversion Upside Bias
2026-09-22,NVDA,NVIDIA ,Information Technology,228.87,0.006552907027882915,0.029693615872587342,0.03664281184889928,0.1438352741266431,81.5,15.400000000000006,33.7,9.900000000000006,74.9,-35.0,-10.0,8.0,8.0,-7.0,0.0085,0.007,0.0671,0.0043,0.0104,0.0039,Leaning Bullish,Mean Reversion Downside Bias
2026-09-22,NVR,"NVR, INC.",Consumer Discretionary,6338.92,0.024231897171572037,0.030639934834248317,0.003751248964804166,-0.06963924032054469,51.0,12.700000000000003,9.5,-17.5,-43.599999999999994,-45.0,26.0,-16.0,20.0,16.0,-0.0096,-0.0242,-0.0444,0.0027,-0.0117,-0.0072,Topping,
2026-09-22,NWSA,NEWS CORP.,Communication Services,29.25,-0.015151515151515138,-0.017797179314976486,-0.04754151742103552,0.17801047120418856,13.7,-12.3,-26.2,-80.5,1.0999999999999996,57.0,30.0,12.0,100.0,32.0,-0.0151,0.0332,0.0059,-0.0016,0.0034,0.0029,Leaning Bullish,Mean Reversion Upside Bias
2026-09-22,NXPI,NXP SEMICONDUCTORS NV,Information Technology,237.57,0.022202142764941257,0.042019386815211224,0.057558760683760646,-0.15464541152190148,77.6,8.799999999999997,12.699999999999989,21.099999999999994,51.39999999999999,-28.0,-16.0,-31.0,-57.0,-83.0,0.0067,-0.0637,-0.0309,0.0038,-0.0014,0.0026,Neutral,Crowded Short
2026-09-22,O,REALTY INCOME ,Real Estate,56.53,-0.002118270079435103,-0.0022943875750087717,-0.07751305483028725,-0.08763718528082631,0.2,-0.39999999999999997,0.0,-10.700000000000001,-71.6,0.0,0.0,-47.0,-63.0,12.0,-0.0298,-0.0181,0.0019,0.0003,0.0001,-0.0097,Neutral,Crowded Short
2026-09-22,ODFL,"OLD DOMINION FREIGHT LINE, INC.",Industrials,177.31,0.011119981751824826,0.02491329479768778,-0.11327265453090618,-0.18139427516158813,6.2,4.0,5.2,-9.900000000000002,-17.2,0.0,-11.0,-2.0,-9.0,9.0,-0.0492,-0.0642,0.003,0.0009,-0.0025,-0.0154,Neutral,Crowded Short
2026-09-22,OEF,ISHARES:S&P 100,Sector & Style ETFs,386.93,-0.0005424394275972411,0.018156461332000218,0.0182904363387546,0.05756142892284144,71.6,1.5999999999999943,17.799999999999997,16.999999999999993,60.199999999999996,-12.0,-18.0,13.0,-2.0,-50.0,0.0017,0.0107,0.015,0.0005,0.0058,0.0004,Neutral,Crowded Short
2026-09-22,OKE,"ONEOK, INC.",Energy,90.09,-0.01862745098039209,-0.036058206719452035,-0.061660243724611985,0.036231884057971175,18.5,-5.5,-8.3,-67.4,-43.7,61.0,15.0,15.0,128.0,56.0,-0.0051,0.0178,0.022,-0.0062,0.0009,-0.0024,Bottoming,Mean Reversion Upside Bias
2026-09-22,OMC,OMNICOM GROUP INC.,Communication Services,75.34,-0.0033073157825108668,-0.016063732532323183,-0.13926653718725002,0.03446381985445557,2.2,-2.3999999999999995,-2.8,-96.39999999999999,-26.0,8.0,-19.0,-19.0,51.0,34.0,-0.0619,0.005,-0.0171,-0.0035,0.0003,-0.0041,Neutral,Mean Reversion Downside Bias
2026-09-22,ON,ON SEMICONDUCTOR ,Information Technology,73.6,0.026213050752927902,0.051729065447270406,-0.006613578080712723,-0.22149354770467533,49.8,14.699999999999996,17.5,28.199999999999996,32.4,35.0,27.0,47.0,-12.0,-21.0,-0.0183,-0.0682,0.0209,-0.0013,0.0304,-0.0099,Neutral,Crowded Short
2026-09-22,ORCL,ORACLE ,Information Technology,149.2,0.004308023694130192,0.010771627938486406,0.0005364806866952065,0.0180825656772432,69.6,4.699999999999989,1.8999999999999915,0.7999999999999972,67.8,3.0,8.0,44.0,60.0,0.0,-0.0016,-0.0308,0.0306,0.0031,0.0288,-0.005,Leaning Bullish,Mean Reversion Upside Bias
2026-09-22,ORLY,"O'REILLY AUTOMOTIVE, INC.",Consumer Discretionary,85.82,0.03547297297297303,0.013103529689528992,-0.033558558558558604,-0.06808556846563152,23.6,10.700000000000001,2.0,-23.0,-57.800000000000004,52.0,15.0,39.0,50.0,79.0,-0.0104,-0.0103,0.0268,0.0104,0.0029,-0.003,Buy,Crowded Short
2026-09-22,OTIS,OTIS WORLDWIDE ,Industrials,68.08,0.021608643457383003,-0.006421482778750653,-0.04287923520314918,-0.049162011173184306,21.6,5.900000000000002,-0.7999999999999972,-12.699999999999996,-58.99999999999999,12.0,10.0,8.0,17.0,39.0,-0.0167,-0.0263,-0.0305,-0.0001,-0.0091,-0.0104,Neutral,Crowded Short
2026-09-22,OXY,OCCIDENTAL PETROLEUM ,Energy,56.31,-0.016419213973799085,-0.042997960571040106,-0.06430707876370878,0.15935762816553423,16.9,0.7999999999999972,-7.100000000000001,-57.9,16.7,69.0,0.0,24.0,86.0,67.0,-0.0035,0.0355,0.0066,-0.0087,0.0012,0.0173,Leaning Bullish,Crowded Short
2026-09-22,PAM,PAMPA ENERGIA SA,MR Discretion,80.69,-0.008235004916420818,-0.010545677498467243,-0.01980077745383857,-0.017533179106294816,49.4,-11.899999999999999,-15.899999999999999,32.9,29.599999999999998,10.0,0.0,38.0,-1.0,-26.0,0.0019,0.0087,0.0101,-0.0053,0.005,-0.014,Bottoming,Crowded Short
2026-09-22,PANW,"PALO ALTO NETWORKS, INC.",Information Technology,374.57,0.0075586399827844986,0.030227185213708152,-0.01978384319472426,0.09838132660841015,49.4,7.100000000000001,7.100000000000001,-0.3999999999999986,-18.800000000000004,-16.0,0.0,-42.0,-19.0,23.0,0.0023,0.0761,0.0833,-0.0054,-0.0023,-0.0037,Sell,Mean Reversion Downside Bias
2026-09-22,PAYX,"PAYCHEX, INC.",Industrials,114.53,-0.004173550126076009,-0.013862579645255724,-0.1005968273912361,0.16475134750330533,16.1,-4.299999999999997,-10.099999999999998,-77.0,-38.1,74.0,0.0,45.0,117.0,94.0,-0.0314,0.0466,-0.0094,-0.0028,0.005,-0.0017,Leaning Bullish,Mean Reversion Upside Bias
2026-09-22,PBR,BRAZILIAN PETROLEUM  - PETROBRAS,MR Discretion,20.76,0.006301502666020475,-0.0019230769230769162,0.0728682170542636,0.2846534653465347,64.5,11.100000000000001,6.399999999999999,19.1,61.1,25.0,22.0,-8.0,20.0,5.0,0.0407,0.0606,0.0341,-0.0114,0.0048,0.0081,Neutral,Crowded Short
2026-09-22,PCAR,PACCAR INC,Industrials,113.9,-0.007234376361893169,-0.018611063243150094,-0.08241359864658016,-0.05178155178155175,0.2,0.0,-0.39999999999999997,-9.9,-79.2,24.0,-9.0,44.0,15.0,98.0,-0.0301,-0.0004,0.0326,-0.0004,-0.0072,-0.006,Neutral,Mean Reversion Upside Bias
2026-09-22,PCG,PG&E ,Utilities,12.88,-0.004636785162287382,-0.024242424242424176,-0.029389600602863553,-0.23424494649227112,4.2,-0.7999999999999998,-1.2000000000000002,-1.2000000000000002,-66.39999999999999,16.0,0.0,52.0,-20.0,46.0,-0.0767,-0.0712,-0.0462,0.0085,-0.0109,-0.0152,Bottoming,Mean Reversion Downside Bias
2026-09-22,PEG,PUBLIC SERVICE ENTERPRISE GROUP INC.,Utilities,69.12,-0.002741307170682439,-0.009316325068080666,-0.0574117005318423,-0.14834894036471158,5.4,-11.1,-0.7999999999999998,-9.5,-84.39999999999999,-43.0,-16.0,-38.0,-46.0,-1.0,-0.0165,-0.0296,0.005,-0.0013,-0.0103,-0.0196,Leaning Bearish,Mean Reversion Upside Bias
2026-09-22,PEP,"PEPSICO, INC.",Consumer Staples,131.19,0.01234663168454353,0.011098265895953752,-0.06519880290722535,-0.031093057607090135,2.6,1.2000000000000002,0.3999999999999999,-58.5,-24.4,12.0,30.0,30.0,17.0,-26.0,-0.0324,-0.011,-0.007,-0.0002,-0.0048,-0.0055,Neutral,Mean Reversion Upside Bias
2026-09-22,PFE,PFIZER INC.,Health Care,27.93,0.006849315068493178,0.009761388286334105,-0.018622628250175688,0.15988372093023262,41.1,9.600000000000001,2.0,-57.49999999999999,30.5,20.0,-19.0,0.0,90.0,-21.0,-0.0043,0.0314,-0.0225,0.0002,0.0204,0.0045,Neutral,Mean Reversion Upside Bias
2026-09-22,PFF,ISHARES:PREF AND INC SEC,Bonds,30.13,-0.002648129758358264,0.0043333333333333,-0.01018396846254932,-0.011807149885208257,35.1,-8.0,5.5,-3.6000000000000014,21.3,49.0,20.0,31.0,59.0,-13.0,-0.006,-0.0018,-0.0211,0.0018,0.0079,-0.0049,Leaning Bullish,Crowded Short
2026-09-22,PFG,"PRINCIPAL FINANCIAL GROUP, INC.",Financials,113.59,-0.024727397613119262,-0.03467323871844985,0.03113652868554828,0.05390610502876236,32.3,-26.6,-33.0,30.499999999999996,-16.700000000000003,19.0,16.0,24.0,-1.0,-9.0,0.0222,0.0112,0.026,-0.0027,0.0047,0.0001,Neutral,Mean Reversion Downside Bias
2026-09-22,PG,THE PROCTER & GAMBLE COMPANY,Consumer Staples,148.22,0.014649507119386618,0.012500853883462115,0.02136163175303185,0.010774686306601389,74.8,1.5999999999999943,-7.900000000000006,10.299999999999997,-7.799999999999997,-12.0,8.0,4.0,-38.0,25.0,0.0076,-0.0156,0.0024,0.0015,-0.0057,-0.0023,Neutral,Crowded Short
2026-09-22,PGR,THE PROGRESSIVE ,Financials,206.94,-0.024971730116848945,-0.03063518830803824,-0.051082171680117416,-0.05268940260929267,6.2,-21.8,-23.400000000000002,-78.89999999999999,-90.39999999999999,-42.0,-25.0,-46.0,-2.0,28.0,-0.0141,-0.0094,-0.0217,-0.0081,-0.0314,-0.0037,Leaning Bearish,Mean Reversion Upside Bias
2026-09-22,PH,PARKER-HANNIFIN ,Industrials,964.85,0.006971622989657478,0.02258515802191763,-0.0148962672547579,-0.01356684251421092,18.8,-1.5999999999999979,1.5,-4.399999999999999,-80.60000000000001,46.0,-1.0,37.0,10.0,106.0,-0.0209,-0.001,0.0303,0.0072,-0.0094,-0.0095,Bottoming,Mean Reversion Upside Bias
2026-09-22,PHM,"PULTEGROUP, INC.",Consumer Discretionary,122.29,0.027906194839035114,0.04289612826198197,-0.031903103229892205,-0.10873843014357554,26.8,12.700000000000001,13.9,-9.7,-69.8,4.0,-2.0,-22.0,30.0,31.0,-0.0246,-0.0292,-0.0106,0.0045,-0.0189,-0.0118,Neutral,Mean Reversion Upside Bias
2026-09-22,PKG,PACKAGING  OF AMERICA,Materials,238.23,-0.0003356972011245851,0.02345663100915063,0.01833803539369061,-0.00020983716635891714,22.4,3.599999999999998,8.299999999999999,17.799999999999997,-53.800000000000004,54.0,27.0,-2.0,72.0,90.0,-0.0082,-0.0066,0.0301,0.0073,-0.004,-0.0028,Bottoming,Crowded Short
2026-09-22,PLD,"PROLOGIS, INC.",Real Estate,135.88,0.00044176115446914466,0.007712844853159151,-0.028873642081189144,0.0030265003321767736,3.0,-4.7,-3.9000000000000004,-5.9,-13.2,37.0,0.0,41.0,28.0,-19.0,-0.0164,0.0043,-0.0199,0.0021,0.005,-0.0041,Leaning Bullish,Crowded Short
2026-09-22,PLTR,PALANTIR TECHNOLOGIES INC.,Information Technology,184.99,0.010377410016931599,0.041375816257599674,-0.007457881746968487,0.5855832690494558,67.7,10.400000000000006,9.600000000000001,-23.799999999999997,67.5,-7.0,25.0,18.0,74.0,-7.0,-0.0098,0.0555,0.1834,0.0011,0.0419,-0.0036,Buy,Crowded Long
2026-09-22,PM,PHILIP MORRIS INTERNATIONAL INC.,Consumer Staples,190.23,0.014668231278003097,0.008535680203583862,0.01564335290977037,0.05151732905864792,42.9,-2.1000000000000014,7.399999999999999,-6.899999999999999,-30.1,29.0,27.0,76.0,-5.0,4.0,-0.0085,0.02,0.0432,0.0027,0.0037,-0.0062,Buy,Mean Reversion Upside Bias
2026-09-22,PNC,"THE PNC FINANCIAL SERVICES GROUP, INC.",Financials,227.96,-0.022679528403001026,-0.022344212377235384,-0.04870007928890363,-0.07416131914547963,12.9,-9.1,-13.499999999999998,-0.7999999999999989,-74.5,64.0,46.0,0.0,0.0,91.0,-0.0198,-0.0083,0.021,-0.0003,-0.0115,-0.0084,Neutral,Crowded Short
2026-09-22,PNR,PENTAIR PUBLIC LIMITED COMPANY,Industrials,55.49,-0.005198996055933991,-0.007689556509299034,-0.08220310949388021,-0.27615444821288804,0.6,0.39999999999999997,0.39999999999999997,-13.5,-94.4,-20.0,0.0,0.0,-37.0,33.0,-0.0261,-0.0925,-0.0673,0.0051,-0.008,-0.0103,Neutral,Mean Reversion Upside Bias
2026-09-22,PNW,PINNACLE WEST CAPITAL ,Utilities,93.16,-0.0016075447433288037,-0.011145313660970158,-0.04588283490372802,-0.12934579439252336,3.4,-7.5,-1.1999999999999997,-17.0,-94.0,9.0,-5.0,0.0,-44.0,83.0,-0.0122,-0.0262,0.0244,-0.0003,-0.0099,-0.0046,Neutral,Mean Reversion Upside Bias
2026-09-22,PODD,INSULET ,Health Care,139.38,-0.008183306055646544,-0.008677098150782325,-0.06242432396071573,-0.08453201970443358,56.9,9.100000000000001,0.3999999999999986,7.5,-24.1,-64.0,0.0,-32.0,-75.0,-28.0,-0.0151,-0.0542,-0.0666,-0.0037,-0.0021,-0.02,Sell,Mean Reversion Upside Bias
2026-09-22,POWA,INVESCO BLOOMBERG PRICING POWER,Sector & Style ETFs,87.78,0.0036588154584953347,0.01035911602209949,-0.028552456839309404,-0.011931562359297598,9.7,0.3999999999999986,1.5999999999999996,-6.0,-34.5,-7.0,0.0,-43.0,-43.0,-30.0,-0.0127,-0.0012,-0.0097,0.0018,-0.0001,-0.0047,Neutral,Mean Reversion Downside Bias
2026-09-22,PPG,"PPG INDUSTRIES, INC.",Materials,107.77,0.02706566282283407,0.031094527363184188,-0.03922617455647681,-0.11146838156484462,26.8,17.1,13.5,-11.499999999999996,-47.8,36.0,32.0,4.0,25.0,46.0,-0.0235,-0.0392,-0.0136,0.0032,-0.0053,-0.0077,Neutral,Mean Reversion Upside Bias
2026-09-22,PPL,PPL ,Utilities,32.88,-0.005143721633887877,-0.013797240551889689,-0.03662467037796657,-0.0954607977991746,6.2,-13.2,-7.1000000000000005,-21.400000000000002,-72.8,19.0,35.0,13.0,-48.0,67.0,-0.0102,-0.0089,0.0052,0.0019,-0.01,-0.0076,Bottoming,Mean Reversion Upside Bias
2026-09-22,PPLT,ABRDN:PHYSICAL PLATINUM,Commodities,16.62,0.018382352941176405,0.019006744328632807,0.022769230769230875,0.17622080679405516,35.1,9.100000000000001,0.3999999999999986,-40.1,33.300000000000004,29.0,-11.0,32.0,36.0,29.0,-0.0034,0.0263,0.123,0.0058,0.016,0.0069,Buy,Mean Reversion Upside Bias
2026-09-22,PRU,"PRUDENTIAL FINANCIAL, INC.",Financials,117.66,-0.0073399139458365514,-0.006250000000000089,0.0005102040816327147,0.09015102381172979,22.8,-8.0,-10.3,7.5,-65.8,53.0,23.0,38.0,-9.0,132.0,-0.0049,0.0244,-0.0031,0.0011,-0.0006,0.0003,Neutral,Crowded Short
2026-09-22,PSA,PUBLIC STORAGE.,Real Estate,289.71,-0.02346041055718484,-0.022273969828895512,-0.05628847845206697,-0.08984951776570016,3.4,-7.5,-6.5,-3.5000000000000004,-82.0,36.0,-12.0,16.0,23.0,79.0,-0.019,-0.0245,-0.0135,0.0018,-0.002,-0.0111,Neutral,Crowded Short
2026-09-22,PSKY,PARAMOUNT SKYDANCE ,Communication Services,10.11,0.020181634712411523,-0.009794319294809117,-0.0733272227314391,0.02535496957403649,59.7,7.100000000000001,-5.599999999999994,-39.3,35.5,35.0,0.0,42.0,88.0,-1.0,-0.0169,0.012,-0.0208,-0.0088,0.0074,0.0038,Neutral,Crowded Short
2026-09-22,PSX,PHILLIPS 66,Energy,256.78,-0.018987583572110944,-0.059861604364222276,0.041365885311055006,0.5189588879029869,52.6,-10.299999999999997,-38.300000000000004,-41.199999999999996,44.800000000000004,55.0,0.0,63.0,85.0,35.0,0.026,0.0917,0.0468,0.0005,0.0034,0.0088,Neutral,Crowded Short
2026-09-22,PTC,PTC INC.,Information Technology,140.0,0.03489059727971622,0.030245051144307977,-0.1010658790291512,0.23228589032655567,39.9,13.099999999999998,8.7,-52.00000000000001,32.5,20.0,-18.0,7.0,100.0,20.0,-0.0486,0.0247,-0.0504,0.0035,0.0034,0.0034,Leaning Bullish,Crowded Short
2026-09-22,PWR,"QUANTA SERVICES, INC.",Industrials,642.63,3.1123076204897515e-05,0.00929779648505602,0.0585415671481988,-0.10750791622687628,55.0,19.9,32.6,51.6,11.200000000000003,26.0,0.0,-10.0,-1.0,-24.0,0.0122,-0.0321,0.0879,0.0027,-0.0019,-0.0056,Neutral,Mean Reversion Upside Bias
2026-09-22,PYPL,"PAYPAL HOLDINGS, INC.",Financials,52.89,0.0051311288483466555,0.009158557527189526,0.0041769508258970856,0.2248726262158407,26.4,2.0,5.399999999999999,-8.700000000000003,-25.6,-4.0,0.0,0.0,-27.0,-25.0,-0.015,0.051,-0.0501,0.0218,-0.0012,-0.0126,Leaning Bearish,Mean Reversion Downside Bias
2026-09-22,Q,"QNITY ELECTRONICS, INC.",Information Technology,124.86,0.0249548514201281,0.04006663890045825,0.04546596332579744,-0.23544179780785013,35.5,10.0,21.1,23.3,-2.799999999999997,-20.0,-6.0,-6.0,-5.0,-28.0,-0.0104,-0.0653,0.2613,0.0127,-0.0139,-0.0413,Neutral,Mean Reversion Upside Bias
2026-09-22,QAT,ISHARES:MSCI QATAR,Foreign,16.71,-0.01007109004739326,-0.014159292035398119,-0.04020677771395742,-0.07166666666666666,17.3,-14.599999999999998,-38.900000000000006,-27.7,9.5,31.0,13.0,44.0,44.0,4.0,-0.0076,-0.0197,-0.0126,-0.0028,0.0003,-0.0082,Neutral,
2026-09-22,QCOM,QUALCOMM INC.,Information Technology,198.27,0.020800082376563944,0.11563133018230931,0.16301032379164715,0.07294767032848104,93.8,4.299999999999997,11.899999999999991,11.099999999999994,70.8,-35.0,-2.0,-19.0,-33.0,-61.0,0.0399,-0.0287,0.0395,-0.0012,0.0142,0.0094,Neutral,Crowded Short
2026-09-22,QQQ,INVESCO QQQ TRUST 1,Sector & Style ETFs,747.46,0.008078546670802655,0.036052394483332195,0.04283163122942124,0.015019011406844252,81.5,4.700000000000003,21.4,17.400000000000006,55.3,-17.0,2.0,-12.0,-16.0,-76.0,0.0094,-0.0006,0.0316,0.0024,0.0058,0.0014,Leaning Bullish,Crowded Short
2026-09-22,QUAL,ISHARES:MSCI USA QF,Sector & Style ETFs,223.07,0.0006279998205713788,0.017747969705264932,0.0020213817267091816,0.016588433669051605,22.0,-1.6000000000000014,8.3,-4.0,-17.6,7.0,-2.0,-7.0,8.0,8.0,-0.0045,0.0226,-0.0048,-0.0015,0.0016,-0.0017,Neutral,Crowded Short
2026-09-22,RCL,ROYAL CARIBBEAN CRUISES LTD.,Consumer Discretionary,234.89,-0.06137862137862138,-0.044424555551035416,-0.12595817518791408,-0.26025887317733754,3.0,-2.0,-2.0,2.8,-70.4,24.0,46.0,15.0,44.0,44.0,-0.0354,-0.0499,0.0394,0.0084,-0.024,-0.0175,Neutral,Crowded Short
2026-09-22,RDDT,"REDDIT, INC.",Communication Services,155.67,-0.01927801927801931,0.03195227046735161,0.05317637507611117,-0.10318008987210525,57.5,-3.3999999999999986,5.299999999999997,18.0,22.5,-3.0,2.0,0.0,61.0,-24.0,0.0037,-0.0466,0.1217,0.0075,0.0069,-0.002,Leaning Bullish,Mean Reversion Upside Bias
2026-09-22,REG,REGENCY CENTERS ,Real Estate,73.53,0.008365331870543002,0.007950651130911535,-0.01658419152066326,-0.07787810383747173,8.9,1.2000000000000002,3.5,8.3,-71.3,-20.0,-32.0,-9.0,-44.0,53.0,-0.0099,-0.0274,-0.0015,0.0019,-0.004,-0.0065,Neutral,Mean Reversion Upside Bias
2026-09-22,REGN,"REGENERON PHARMACEUTICALS, INC.",Health Care,803.9,0.007178921783580039,0.024272153914760786,0.006031936727236342,0.28925169195240086,25.2,8.3,9.899999999999999,-48.39999999999999,-43.8,57.0,30.0,21.0,93.0,92.0,0.0005,0.0577,-0.0249,0.0096,0.0011,0.0038,Leaning Bullish,Mean Reversion Upside Bias
2026-09-22,RF,REGIONS FINANCIAL ,Financials,27.91,-0.02241681260945716,-0.020701754385964888,-0.06593038821954478,-0.07582781456953636,7.3,-5.6000000000000005,-8.399999999999999,-4.8,-76.5,36.0,18.0,18.0,-38.0,70.0,-0.0236,-0.0022,0.0103,0.0001,-0.0053,-0.0079,Neutral,Crowded Short
2026-09-22,RIG,TRANSOCEAN LTD,MR Discretion,5.49,0.007339449541284404,-0.02659574468085102,-0.05507745266781405,0.12269938650306766,25.8,10.100000000000001,5.400000000000002,-52.60000000000001,23.6,45.0,0.0,-16.0,65.0,17.0,-0.0064,0.0168,0.0123,-0.0081,0.0094,0.0231,Leaning Bullish,Mean Reversion Downside Bias
2026-09-22,RJF,"RAYMOND JAMES FINANCIAL, INC.",Financials,159.39,-0.03511108420606579,-0.03253414264036425,-0.10540495032833808,0.04841149773071085,1.8,-14.7,-24.599999999999998,-39.300000000000004,-72.2,-13.0,-84.0,-31.0,-70.0,-5.0,-0.0304,0.0007,0.0441,-0.0063,-0.0041,-0.0054,Sell,Crowded Short
2026-09-22,RL,RALPH LAUREN ,Consumer Discretionary,346.06,0.018362662586075107,0.032706654729931284,-0.002421447102911478,-0.1378889414812785,12.9,5.6000000000000005,7.1000000000000005,10.3,-62.9,14.0,2.0,5.0,34.0,81.0,-0.0112,-0.0409,0.0557,0.0064,-0.0019,-0.0067,Neutral,Crowded Short
2026-09-22,RMD,RESMED INC.,Health Care,221.97,-0.007334197933902886,-0.0134228187919464,-0.07551020408163267,0.13900862068965525,30.8,-8.7,-18.2,-63.0,-49.0,-26.0,-21.0,6.0,27.0,15.0,-0.0097,0.0474,-0.0029,-0.0024,-0.0006,-0.0014,Leaning Bearish,Mean Reversion Upside Bias
2026-09-22,ROK,"ROCKWELL AUTOMATION, INC.",Industrials,427.19,0.005413165760549843,0.027837928877339824,0.00650283910185423,-0.13712935283186556,34.7,11.900000000000002,20.200000000000003,32.900000000000006,-30.299999999999997,29.0,-10.0,21.0,70.0,38.0,-0.0142,-0.0074,0.0203,0.0023,-0.0045,-0.0004,Bottoming,Mean Reversion Upside Bias
2026-09-22,ROKU,"ROKU, INC.",MR Discretion,154.25,-0.000518369727207979,0.003970320229107038,-0.017077677945580905,0.11662081945852054,12.9,-1.799999999999999,-0.40000000000000036,-69.8,-34.9,44.0,0.0,24.0,24.0,13.0,-0.006,0.0224,0.0759,0.0003,-0.0065,-0.0087,Neutral,Mean Reversion Upside Bias
2026-09-22,ROL,"ROLLINS, INC.",Industrials,32.86,0.015765069551777477,0.013259327782916941,-0.08899362350984197,-0.2127455678006709,9.7,1.9999999999999991,-2.8000000000000007,-15.900000000000002,-4.300000000000001,-13.0,0.0,-4.0,-19.0,-43.0,-0.034,-0.0712,-0.0381,-0.0007,0.0026,-0.0106,Neutral,Crowded Short
2026-09-22,ROP,"ROPER TECHNOLOGIES, INC.",Information Technology,363.85,-0.004241926655719652,-0.0238504051081182,-0.14315655614167289,0.07523862998315556,5.4,-3.9000000000000004,-11.1,-92.8,-57.6,4.0,-23.0,-25.0,68.0,31.0,-0.0394,0.0262,-0.0594,-0.003,-0.0008,0.0019,Leaning Bearish,Mean Reversion Upside Bias
2026-09-22,ROST,"ROSS STORES, INC.",Consumer Discretionary,232.51,0.005448648648648691,0.026035920744891916,0.017371138531548036,0.09236551562132966,10.1,-4.4,-9.1,9.9,2.6999999999999993,64.0,24.0,36.0,94.0,59.0,-0.0027,0.0382,0.0522,0.0051,0.0195,0.0014,Buy,Mean Reversion Upside Bias
2026-09-22,RSG,"REPUBLIC SERVICES, INC.",Industrials,213.88,-0.00023372131070920066,-0.0192140138487642,-0.031866739091073626,0.0037544584193729413,14.9,-6.700000000000001,-34.1,-81.69999999999999,-78.5,-10.0,-22.0,16.0,43.0,54.0,-0.0051,0.0052,0.0024,-0.0023,-0.0007,-0.0,Leaning Bearish,Crowded Short
2026-09-22,RSP,INVESCO S&P500 EWGHT,Sector & Style ETFs,212.8,0.0005642279480910783,0.002402374110886063,-0.03003783217101952,0.00014099732105088414,1.8,0.0,-1.9999999999999998,-30.900000000000002,-42.0,24.0,0.0,21.0,18.0,9.0,-0.0135,0.0053,-0.0083,-0.0007,0.0001,-0.004,Neutral,Mean Reversion Upside Bias
2026-09-22,RTX,RTX ,Industrials,190.99,-0.017237830606154136,-0.015515463917525674,-0.08058537524671439,0.006641016180888748,1.8,-1.2,-2.8,-11.1,-75.8,-33.0,-33.0,-33.0,-87.0,4.0,-0.0292,0.0068,0.076,-0.0026,-0.0065,-0.0077,Sell,Mean Reversion Upside Bias
2026-09-22,RUT,RUSSELL 2000 INDEX,Indices,2889.92,0.005063713761059407,0.010320234932177375,-0.022503340154577223,-0.04445553950078851,6.5,4.3,2.7,-11.2,-49.3,11.0,-7.0,37.0,12.0,12.0,-0.0128,0.001,0.0141,0.0022,-0.0022,-0.0035,Bottoming,
2026-09-22,RVTY,"REVVITY, INC.",Health Care,143.31,-0.0019499965178633172,-0.0009759498082955176,0.11377943576591298,0.2880639942477081,87.5,2.0,1.5999999999999943,-2.4000000000000057,10.900000000000006,-53.0,0.0,-41.0,8.0,-33.0,0.0432,0.0499,0.0142,-0.0018,-0.0146,0.0177,Leaning Bearish,Mean Reversion Downside Bias
2026-09-22,SBAC,SBA COMMUNICATIONS ,Real Estate,175.84,-0.0024960290447015865,-0.01539839856654912,-0.0728672361067173,-0.0035135441459821504,21.2,-12.7,-33.400000000000006,-62.7,10.6,36.0,10.0,20.0,69.0,48.0,-0.0216,-0.0113,-0.0391,-0.0048,0.0072,-0.0039,Neutral,Mean Reversion Upside Bias
2026-09-22,SBLK,STAR BULK CARRIERS CORP.,MR Discretion,30.94,-0.024897573274503593,-0.047413793103448176,0.0022675736961450532,0.23908690428514223,33.9,-10.700000000000003,-24.4,-25.0,30.5,35.0,17.0,38.0,67.0,8.0,0.0117,0.0499,0.0356,-0.003,0.0222,0.0108,Leaning Bullish,Mean Reversion Downside Bias
2026-09-22,SBUX,STARBUCKS ,Consumer Discretionary,95.11,0.002212855637513167,-0.007513304810602084,-0.1048470588235294,-0.06928270867990993,0.6,-0.4,-5.6000000000000005,-61.9,-81.80000000000001,-31.0,-21.0,-17.0,-61.0,-40.0,-0.034,-0.0087,-0.0085,-0.001,-0.0036,-0.005,Sell,Mean Reversion Upside Bias
2026-09-22,SCHP,SCHWAB STR:US TIPS,Bonds,25.52,-0.000783085356303781,0.0031446540880502027,-0.015052103434967212,-0.03698113207547171,2.2,-3.2,2.0,-66.3,-36.0,-60.0,-28.0,0.0,-44.0,-112.0,-0.007,-0.0115,0.087,-0.0032,-0.0024,-0.2121,Leaning Bearish,Crowded Short
2026-09-22,SCHW,THE CHARLES SCHWAB ,Financials,100.35,-0.061096556886227504,-0.0465558194774347,-0.08623201602622477,0.08756909071204078,0.2,-9.100000000000001,-11.9,-71.0,-72.0,-10.0,-66.0,-81.0,-5.0,9.0,-0.0233,0.0146,0.0391,-0.0116,-0.0081,-0.001,Sell,Crowded Short
2026-09-22,SD,"SANDRIDGE ENERGY, INC.",MR Discretion,14.06,0.005722460658083017,-0.007062146892655385,-0.004249291784702458,0.026277372262773824,48.2,22.6,14.700000000000003,-16.700000000000003,40.400000000000006,22.0,-9.0,0.0,28.0,-17.0,0.0071,0.0115,0.0064,-0.0074,0.0064,0.0093,Neutral,Mean Reversion Upside Bias
2026-09-22,SDY,SPDR S&P DIVIDEND,Sector & Style ETFs,149.92,0.0008678817010481232,-0.005703674227351185,-0.04045058883768571,-0.014850834538047142,1.8,-0.40000000000000013,-1.9999999999999998,-38.1,-75.2,-18.0,-45.0,-45.0,-63.0,-22.0,-0.0161,-0.0021,0.0091,-0.0008,-0.0009,-0.0049,Sell,Mean Reversion Upside Bias
2026-09-22,SHW,THE SHERWIN-WILLIAMS COMPANY,Materials,328.35,0.021910304690174742,0.023758301374988244,-0.030872760544257805,-0.046381273234200604,24.8,14.700000000000001,14.700000000000001,-7.900000000000002,-75.0,-17.0,-57.0,-34.0,-34.0,43.0,-0.0232,-0.0227,-0.0234,0.0031,-0.0109,-0.0042,Leaning Bearish,Mean Reversion Upside Bias
2026-09-22,SHY,ISHARES:1-3 TRS BD ETF,Bonds,81.32,0.0003690490835279725,0.000984736582964052,-0.006960556844547661,-0.009621239800267967,3.0,0.7999999999999998,2.4,-77.4,-76.8,0.0,0.0,0.0,27.0,18.0,-0.0027,-0.0053,-0.002,-0.0019,-0.0001,-0.0026,Neutral,Crowded Short
2026-09-22,SILJ,ETFMG PRIME JR SILVR MNR,Commodities,31.09,0.043638804968110234,0.029811195760185427,-0.007977026164645795,0.19945987654320985,31.9,15.399999999999999,6.699999999999999,-48.1,24.5,62.0,16.0,26.0,113.0,62.0,-0.0263,0.0056,0.1334,0.0086,0.0101,0.0045,Buy,Mean Reversion Upside Bias
2026-09-22,SJM,THE J. M. SMUCKER COMPANY,Consumer Staples,121.11,0.01026026026026039,-0.014965433102887338,-0.07662397072278126,0.07653333333333334,22.8,0.0,-17.7,-75.0,-54.60000000000001,28.0,0.0,12.0,59.0,51.0,-0.0333,0.0332,0.0228,-0.003,-0.0014,0.0011,Leaning Bearish,Mean Reversion Upside Bias
2026-09-22,SLB,SCHLUMBERGER N.V.,Energy,52.12,0.006955177743431129,0.019561815336463173,-0.13277870216306165,0.1211013121101312,24.8,0.8000000000000007,2.8000000000000007,-72.2,22.2,47.0,0.0,0.0,73.0,47.0,-0.0294,0.0264,0.0159,-0.0113,0.0009,0.0145,Leaning Bullish,Mean Reversion Downside Bias
2026-09-22,SLV,ISHARES:SILVER TRUST,Commodities,60.73,0.01844709039074277,0.01334890705823466,0.009978380176284718,0.13577707125490934,29.8,9.400000000000002,2.1999999999999993,-37.900000000000006,26.0,40.0,0.0,63.0,47.0,40.0,-0.007,0.0106,0.1597,0.005,0.0322,0.0018,Buy,Mean Reversion Upside Bias
2026-09-22,SM,SM ENERGY COMPANY,MR Discretion,33.92,-0.023884892086330933,-0.08249932377603453,-0.0876815492200107,0.2996168582375478,28.8,-0.8000000000000007,-8.7,-49.2,21.0,28.0,0.0,29.0,53.0,29.0,-0.0021,0.0684,-0.0241,-0.0148,0.0012,0.015,Neutral,Mean Reversion Downside Bias
2026-09-22,SMCI,"SUPER MICRO COMPUTER, INC.",Information Technology,41.54,0.00825242718446595,0.06267587618316695,0.11427038626609431,0.4162973065121036,77.2,8.5,13.900000000000006,-7.8999999999999915,63.400000000000006,-30.0,0.0,-10.0,63.0,-67.0,0.0231,0.0617,-0.0482,0.0083,0.0035,0.0297,Leaning Bullish,Crowded Long
2026-09-22,SMH,VANECK:SEMICONDUCTOR,Sector & Style ETFs,607.46,0.01917688706944287,0.0601396160558465,0.09131739216355572,-0.07383860098492123,71.6,11.899999999999991,33.3,34.89999999999999,32.599999999999994,9.0,7.0,10.0,15.0,-19.0,0.018,-0.0303,0.0988,0.0084,0.0005,0.0028,Neutral,Crowded Short
2026-09-22,SNA,SNAP-ON INC.,Industrials,371.8,0.005544286680189359,-0.0009404809888484689,-0.03756050839998959,-0.07604373757455263,4.6,0.39999999999999947,-1.2000000000000002,3.5999999999999996,-95.2,33.0,53.0,53.0,50.0,84.0,-0.016,-0.0127,0.0468,0.0032,-0.0067,-0.005,Bottoming,Mean Reversion Upside Bias
2026-09-22,SNDK,SANDISK CORPORATION,Information Technology,1887.04,0.06815197210523927,0.05314149858802786,0.20446799004276506,-0.1700685657487917,55.0,21.5,19.1,15.100000000000001,21.200000000000003,29.0,0.0,29.0,38.0,-46.0,0.0593,-0.0796,0.6004,0.0143,-0.0077,-0.007,Neutral,Mean Reversion Upside Bias
2026-09-22,SNPS,"SYNOPSYS, INC.",Information Technology,409.24,0.018389946497449294,0.06304387354858809,-0.0690416069519324,-0.08256551662295153,65.7,5.200000000000003,9.200000000000003,-11.5,51.1,-15.0,7.0,-2.0,70.0,-59.0,-0.039,-0.0329,-0.0612,0.0089,0.0052,0.0027,Leaning Bullish,Mean Reversion Downside Bias
2026-09-22,SO,THE SOUTHERN COMPANY,Utilities,85.15,-0.0036274280365081735,-0.004326473339569592,-0.0323863636363636,-0.11033329850590312,6.2,-15.0,-2.3,-3.8999999999999995,-84.0,-20.0,-8.0,17.0,-80.0,40.0,-0.0104,-0.013,0.004,0.0018,-0.0056,-0.0057,Neutral,Mean Reversion Upside Bias
2026-09-22,SOLV,SOLVENTUM ,Health Care,88.75,-0.001013057181449839,-0.001013057181449839,-0.025367889303755775,0.1503564484769928,25.6,-12.299999999999997,-18.199999999999996,-35.3,-34.199999999999996,57.0,12.0,52.0,115.0,24.0,-0.0068,0.033,0.0183,0.0007,0.0099,-0.0079,Leaning Bullish,Mean Reversion Upside Bias
2026-09-22,SOYB,TEUCRIUM:SOYBEAN,Commodities,28.08,-0.0014224751066856944,0.014450867052023142,0.03083700440528636,0.15081967213114744,79.2,2.4000000000000057,6.0,-10.700000000000003,59.800000000000004,33.0,0.0,13.0,39.0,-11.0,0.0118,0.0361,0.0149,-0.0012,0.0007,-0.0025,Leaning Bullish,Crowded Short
2026-09-22,SPG,"SIMON PROPERTY GROUP, INC.",Real Estate,205.95,0.004732168992096719,0.0030683810637053277,-0.03000188394875658,-0.07914151576123418,7.7,-1.6000000000000005,-0.39999999999999947,7.1000000000000005,-86.1,28.0,-8.0,8.0,46.0,78.0,-0.02,-0.018,0.0285,0.0042,-0.0073,-0.0044,Bottoming,Crowded Short
2026-09-22,SPGI,S&P GLOBAL INC.,Financials,402.44,-0.005018913640072231,-0.007105496891345098,-0.07663362701908949,-0.011835191278298907,18.1,-5.099999999999998,-6.299999999999997,-71.0,-8.5,12.0,25.0,46.0,52.0,0.0,-0.0244,-0.0005,-0.0524,-0.0006,0.004,-0.0031,Neutral,Crowded Short
2026-09-22,SPHB,INVESCO S&P500 HI BE,Sector & Style ETFs,153.34,0.011744523621008085,0.03980470604190689,0.04812030075187956,-0.014461083617199,68.1,22.699999999999996,32.99999999999999,27.799999999999997,31.89999999999999,-10.0,-35.0,-44.0,-14.0,-28.0,0.0048,-0.0147,0.0349,0.007,-0.0016,0.001,Neutral,Crowded Short
2026-09-22,SPLV,INVESCO S&P500 LOWVL,Sector & Style ETFs,71.94,-0.0033250207813799726,-0.008817856158721438,-0.03681885125184092,-0.03951935914552751,0.2,-0.8,-1.2,-7.5,-90.39999999999999,33.0,9.0,14.0,-13.0,114.0,-0.0121,-0.0063,0.0087,0.0007,-0.0101,-0.0053,Bottoming,Mean Reversion Upside Bias
2026-09-22,SPX,S&P 500 INDEX,Indices,7764.64,-7.727278581226571e-06,0.014919286321155578,0.010213188934887985,0.03537368522113904,61.7,7.100000000000001,27.800000000000004,12.700000000000003,43.900000000000006,-18.0,-17.0,-5.0,0.0,-60.0,-0.0019,0.0107,0.0044,0.0004,0.0022,-0.0007,Neutral,
2026-09-22,SPY,SPDR S&P 500 ETF,Sector & Style ETFs,773.38,-0.00015513897866836768,0.015347451062768247,0.008252395541359814,0.0356334614406042,58.9,6.299999999999997,28.9,6.299999999999997,42.7,-3.0,-18.0,-29.0,7.0,-46.0,-0.0025,0.0141,0.0051,0.0002,0.0064,-0.0007,Neutral,Crowded Short
2026-09-22,SRE,SEMPRA,Utilities,80.98,-0.0027093596059113434,-0.004058541384823533,-0.00881272949816403,-0.12652356811562926,21.2,-20.3,8.299999999999999,9.899999999999999,-58.2,36.0,79.0,62.0,-30.0,50.0,-0.0113,-0.0191,-0.0129,0.0091,-0.0056,-0.0054,Neutral,Mean Reversion Upside Bias
2026-09-22,STE,STERIS PUBLIC LIMITED COMPANY,Health Care,208.79,0.00879354495820639,0.01828911431915725,-0.1025189133425034,-0.008453245951465127,1.0,0.4,0.8,-52.0,-61.2,27.0,0.0,23.0,7.0,55.0,-0.0327,0.0038,-0.0096,0.0008,-0.0048,-0.0008,Neutral,Mean Reversion Upside Bias
2026-09-22,STIP,ISHARES:0-5 TIPS BD ETF,Bonds,99.97,-0.00039996000399966647,0.00040028019613713717,-0.007052046086611141,-0.021436961628817475,2.6,0.0,1.6,-68.60000000000001,-44.0,32.0,-11.0,8.0,-32.0,-18.0,-0.005,-0.0023,0.0031,-0.0078,0.0013,0.005,Bottoming,Mean Reversion Upside Bias
2026-09-22,STLA,STELLANTIS NV,MR Discretion,4.83,0.004158004158004269,0.0020746887966804906,-0.1202185792349727,-0.1585365853658537,40.5,16.1,3.0,-16.0,39.1,16.0,-10.0,32.0,-17.0,3.0,-0.037,-0.0452,-0.1591,-0.0067,0.0173,0.005,Topping,Mean Reversion Upside Bias
2026-09-22,STLD,"STEEL DYNAMICS, INC.",Materials,233.99,0.0173920605243707,-0.005398282750998851,0.0058894334107126856,0.019742002963479388,33.9,3.8999999999999986,-15.899999999999999,21.4,27.299999999999997,18.0,0.0,29.0,-23.0,30.0,0.0021,-0.0297,0.0728,-0.0032,-0.0056,0.0141,Leaning Bearish,Mean Reversion Upside Bias
2026-09-22,STNG,SCORPIO TANKERS INC.,MR Discretion,82.33,-0.045006379770328175,-0.05541532813217065,0.044002028911996005,0.18870921166618526,56.9,-27.000000000000007,-30.199999999999996,10.299999999999997,42.3,63.0,92.0,83.0,24.0,22.0,0.0328,0.0231,0.0205,0.0021,0.0075,0.0142,Buy,Crowded Short
2026-09-22,STT,STATE STREET ,Financials,180.25,-0.022505422993492452,-0.014327117624542085,-0.05815654718361374,0.06279481132075482,0.6,-13.9,-23.799999999999997,-54.4,-63.6,-15.0,-62.0,-23.0,-38.0,-40.0,-0.0255,0.0113,0.0725,-0.0026,-0.0117,-0.0032,Sell,Mean Reversion Upside Bias
2026-09-22,STX,SEAGATE TECHNOLOGY HOLDINGS,Information Technology,919.84,0.04845383151151794,0.07108839180707749,0.11040826673748771,-0.046797927461139865,64.5,27.799999999999997,34.1,42.5,43.9,22.0,-2.0,-15.0,0.0,-62.0,0.0161,-0.0308,0.2369,0.0152,-0.0038,0.0023,Neutral,Mean Reversion Upside Bias
2026-09-22,STZ,"CONSTELLATION BRANDS, INC.",Consumer Staples,117.59,-0.006757327476982877,-0.011599562915020512,-0.09975501454601132,-0.1545761737004817,1.8,-3.2,-4.7,-50.0,-61.6,27.0,11.0,0.0,34.0,36.0,-0.038,-0.0461,-0.0879,-0.0001,0.0003,-0.0088,Neutral,Mean Reversion Upside Bias
2026-09-22,SW,SMURFIT WESTROCK PUBLIC LIMITED COMPANY,Materials,46.45,0.022902444395507704,0.047823144597338274,-0.009594882729211052,0.004107220060527661,30.4,10.399999999999999,11.0,-11.100000000000001,-45.6,2.0,-14.0,-44.0,9.0,76.0,-0.0191,-0.0068,0.002,0.0076,-0.0087,-0.0072,Bottoming,Mean Reversion Upside Bias
2026-09-22,SWK,"STANLEY BLACK & DECKER, INC.",Industrials,92.13,0.03890392422192135,0.028466175485599488,-0.04399709453149325,-0.021143221419464564,18.8,11.100000000000001,9.100000000000001,-6.800000000000001,-79.4,23.0,-4.0,19.0,40.0,53.0,-0.0299,-0.0005,-0.0496,0.0052,-0.0156,-0.0065,Leaning Bearish,Crowded Short
2026-09-22,SWKS,"SKYWORKS SOLUTIONS, INC.",Information Technology,89.96,0.013748027946810959,0.013519603424966053,0.34248619609013553,0.326843657817109,95.8,2.299999999999997,3.5,16.200000000000003,66.8,-15.0,0.0,0.0,5.0,-77.0,0.1176,0.0637,-0.0369,0.0025,0.0059,0.036,Buy,Mean Reversion Downside Bias
2026-09-22,SYF,SYNCHRONY FINANCIAL,Financials,72.67,-0.031066666666666687,-0.03158315565031988,-0.057213284898806394,-0.0444444444444444,1.0,-19.4,-39.7,-41.3,-65.6,-18.0,-65.0,-10.0,-47.0,51.0,-0.0219,-0.0188,0.0367,-0.0006,-0.0141,0.0015,Sell,Mean Reversion Upside Bias
2026-09-22,SYK,STRYKER ,Health Care,275.09,0.003282395419234696,-0.00010904332654848581,-0.1504323656578136,-0.12625460551391188,8.9,3.1000000000000005,-0.1999999999999993,-20.1,-71.69999999999999,-0.0,0.0,0.0,-43.0,41.0,-0.0658,-0.0405,-0.0214,-0.0009,-0.0137,-0.0214,Sell,Mean Reversion Downside Bias
2026-09-22,SYY,SYSCO ,Consumer Staples,78.67,0.0030600535509370808,-0.004807084123972127,-0.02972372964972858,-0.05874611150993059,12.1,1.0,-5.799999999999999,2.0,-87.7,86.0,0.0,94.0,32.0,116.0,-0.0136,0.0066,0.0243,0.0027,0.005,-0.0041,Buy,Crowded Short
2026-09-22,T,AT&T INC.,Communication Services,25.1,-0.013752455795677743,-0.011811023622047112,-0.030513711857860115,0.21256038647343,55.8,-8.700000000000003,-10.299999999999997,-39.2,49.199999999999996,20.0,0.0,27.0,63.0,9.0,-0.0047,0.0401,-0.0004,-0.0037,0.0012,-0.0089,Leaning Bullish,Crowded Short
2026-09-22,TAGS,TEUCRIUM:AGRICULTURAL,Commodities,28.0,-0.003203987184051238,0.010830324909747224,-0.012345679012345734,0.17449664429530198,66.9,-2.6999999999999886,5.6000000000000085,-32.5,55.10000000000001,39.0,0.0,-26.0,76.0,-8.0,-0.0002,0.0465,0.0038,-0.0009,0.001,-0.0179,Leaning Bullish,Crowded Short
2026-09-22,TAP,MOLSON COORS BEVERAGE COMPANY,Consumer Staples,36.88,-0.018104366347177825,-0.017319477751132406,-0.07243460764587517,-0.05338809034907588,3.8,-2.4000000000000004,-3.7,-24.599999999999998,-50.400000000000006,24.0,14.0,20.0,-19.0,58.0,-0.0285,-0.0144,-0.0257,0.0049,-0.0012,-0.0082,Neutral,Mean Reversion Upside Bias
2026-09-22,TDG,TRANSDIGM GROUP INC.,Industrials,1112.42,0.0024962826116343706,0.024280650062151965,-0.05062556539846719,-0.16487492868082032,10.1,0.0,0.7999999999999989,4.699999999999999,-67.30000000000001,6.0,0.0,70.0,39.0,42.0,-0.0239,-0.0368,-0.0025,0.0092,-0.0099,-0.0108,Neutral,Mean Reversion Upside Bias
2026-09-22,TDW,TIDEWATER INC.,MR Discretion,87.16,0.01858127848545066,0.005421617256892386,-0.06400343642611694,0.30811946570613835,28.4,9.899999999999999,9.899999999999999,-51.6,14.999999999999998,25.0,24.0,-11.0,82.0,-1.0,-0.0085,0.0481,0.0018,-0.0044,-0.0036,0.0339,Leaning Bearish,Mean Reversion Upside Bias
2026-09-22,TDY,TELEDYNE TECHNOLOGIES INC.,Information Technology,612.74,0.006009062848886693,0.015377986941967903,-0.000342605432743337,-0.08121157594841799,28.4,10.7,11.5,21.5,-47.4,77.0,0.0,30.0,49.0,88.0,-0.009,-0.0012,0.0664,0.0043,0.0014,-0.0038,Buy,Mean Reversion Upside Bias
2026-09-22,TECH,BIO-TECHNE ,Health Care,72.55,0.0011039050641643566,0.002487218460688112,0.0033190430092655543,0.02689313517338987,40.3,2.0,6.799999999999997,-2.0,-48.7,-48.0,-8.0,-14.0,7.0,9.0,-0.0016,0.0005,-0.0502,0.0023,-0.0515,0.0013,Leaning Bearish,Mean Reversion Upside Bias
2026-09-22,TECK,TECK RESOURCES LIMITED,MR Discretion,68.88,0.03175554224086263,0.05128205128205132,0.011156782149148503,0.1584258324924317,24.4,4.799999999999997,-1.6000000000000014,-53.6,10.2,64.0,0.0,58.0,105.0,31.0,-0.0172,0.0093,0.0254,0.011,0.023,0.0041,Buy,Mean Reversion Upside Bias
2026-09-22,TEL,TE CONNECTIVITY LTD,Information Technology,213.48,0.01652302271320405,0.03923668581442907,0.04009744214372701,0.058876047815088484,75.2,9.5,12.100000000000001,29.0,52.6,-14.0,-17.0,-9.0,11.0,-68.0,0.0091,0.006,0.0284,0.0021,0.0123,0.0029,Leaning Bullish,Mean Reversion Upside Bias
2026-09-22,TER,"TERADYNE, INC.",Information Technology,398.69,0.044949415526550185,0.07327644224298058,0.13966783866449428,-0.17598792989417988,45.4,16.2,26.9,32.5,-18.800000000000004,26.0,16.0,16.0,-2.0,-7.0,0.0093,-0.0277,0.1584,0.0158,-0.0085,-0.0018,Neutral,Mean Reversion Upside Bias
2026-09-22,TFC,TRUIST FINANCIAL ,Financials,48.07,-0.0189795918367347,-0.010090609555189478,-0.030455828963291576,-0.03512645523885993,15.3,-12.7,-10.7,4.4,-47.3,48.0,-17.0,20.0,8.0,91.0,-0.0157,-0.0073,-0.0046,0.0001,0.0012,-0.0041,Neutral,Crowded Short
2026-09-22,TGT,TARGET ,Consumer Staples,159.02,0.008306385137277328,0.005246855047727594,-0.011561412232720003,0.2175178010872061,5.0,-4.300000000000001,-18.0,-58.7,-50.4,-20.0,-26.0,-48.0,-5.0,6.0,-0.012,0.0319,-0.0123,0.0025,-0.0051,0.0032,Leaning Bearish,Crowded Long
2026-09-22,THD,ISHARES:MSCI THAI,Foreign,74.52,0.014015512314600631,0.03127594796567945,0.02970844272488593,0.030562854376987802,47.8,28.199999999999996,29.299999999999997,25.4,28.4,-11.0,-49.0,-58.0,-31.0,-57.0,0.0012,-0.0037,0.0057,0.0055,0.0109,-0.0183,Leaning Bullish,Mean Reversion Downside Bias
2026-09-22,TIP,ISHARES:TIPS BD ETF,Bonds,105.56,-0.001135503406510252,0.0027548209366392573,-0.01179554390563553,-0.03536507356300833,4.2,-6.1000000000000005,4.0,-57.5,-35.199999999999996,-36.0,-69.0,-12.0,-41.0,-86.0,-0.0064,-0.0058,0.0045,-0.0045,-0.0013,0.0027,Sell,Mean Reversion Downside Bias
2026-09-22,TJX,"THE TJX COMPANIES, INC.",Consumer Discretionary,130.79,-0.0012981062919976694,0.027900031436655093,-0.023299230826674622,-0.13669966996699678,14.5,-0.40000000000000036,6.8,13.5,-11.7,33.0,0.0,24.0,33.0,43.0,-0.0163,-0.0472,0.0298,0.0046,0.008,0.0072,Leaning Bullish,Crowded Short
2026-09-22,TKO,"TKO GROUP HOLDINGS, INC.",Communication Services,188.87,-0.011772708246128083,-0.0020606572968402403,0.03428070751875567,-0.0617952411703343,43.5,-6.700000000000003,2.0,-5.5,4.899999999999999,-20.0,28.0,-32.0,45.0,-40.0,0.0084,0.0029,0.0653,0.002,-0.0045,-0.0054,Neutral,Mean Reversion Upside Bias
2026-09-22,TLT,ISHARES:20+ TRS BD ETF,Bonds,81.75,-0.0006112469437652424,0.006153846153846176,-0.009331071255453183,-0.0540384170330942,44.6,-15.5,7.700000000000003,-22.1,-27.6,-20.0,-10.0,-15.0,-13.0,7.0,-0.0065,-0.0083,-0.0172,0.0014,-0.003,-0.0047,Topping,Mean Reversion Upside Bias
2026-09-22,TMO,THERMO FISHER SCIENTIFIC INC.,Health Care,658.52,-0.00036432084522441954,0.010852713178294504,0.0671204018797602,0.3134673687569809,56.2,0.0,4.0,-17.799999999999997,13.0,-10.0,0.0,-16.0,10.0,37.0,0.0175,0.0597,0.0034,0.0028,0.0021,0.0035,Leaning Bullish,Mean Reversion Upside Bias
2026-09-22,TMUS,"T-MOBILE US, INC.",Communication Services,162.41,-0.01730501603436807,-0.03430847901058398,-0.09992241188206608,-0.031717641447564504,18.1,-6.299999999999997,-17.799999999999997,-63.1,-6.5,56.0,0.0,74.0,74.0,61.0,-0.0306,-0.0237,-0.0131,-0.0049,0.0018,-0.0089,Bottoming,Crowded Short
2026-09-22,TNX,10 Y TSY YLD NDX,Yields,4.97,0.002016129032258007,-0.006000000000000005,0.044117647058823595,0.1244343891402715,93.5,4.400000000000006,-3.0999999999999943,37.0,59.3,12.0,13.0,59.0,-1.0,15.0,0.0192,0.0307,0.0203,-0.0031,0.0061,0.0096,Leaning Bullish,
2026-09-22,TPL,TEXAS PACIFIC LAND ,Energy,355.24,-0.03151581243184298,0.007287265715824942,-0.051023134049259955,-0.18828260670871033,31.5,-4.0,0.0,7.100000000000001,-52.7,-3.0,29.0,43.0,-9.0,23.0,-0.0121,-0.0171,0.0671,-0.0001,-0.0068,-0.0114,Neutral,Mean Reversion Upside Bias
2026-09-22,TPR,"TAPESTRY, INC.",Consumer Discretionary,112.59,-0.004245157866808125,-0.02095652173913043,-0.08752735229759301,-0.2308375461128569,0.8,-0.19999999999999996,-2.2,-0.19999999999999996,-51.400000000000006,2.0,-22.0,6.0,2.0,-24.0,-0.0316,-0.0406,0.1404,-0.0017,-0.0056,-0.011,Leaning Bearish,Mean Reversion Upside Bias
2026-09-22,TRGP,TARGA RESOURCES CORP.,Energy,282.15,-0.0249170583356374,-0.03436120332660264,-0.03916226800612976,0.05224882524054597,9.3,-2.0,-2.0,-59.900000000000006,-40.5,-18.0,-54.0,-54.0,-35.0,-58.0,0.0004,0.0249,0.0896,-0.0008,-0.002,-0.0049,Sell,Mean Reversion Upside Bias
2026-09-22,TRMB,TRIMBLE INC.,Information Technology,59.3,0.026839826839826886,0.030229325920778205,-0.010677344010677325,0.158655724892536,41.9,12.5,8.799999999999997,-35.300000000000004,31.7,-10.0,7.0,-5.0,53.0,-5.0,-0.0131,0.0349,-0.0248,0.0024,-0.0003,-0.0036,Neutral,Mean Reversion Upside Bias
2026-09-22,TROW,"T. ROWE PRICE GROUP, INC.",Financials,104.17,-0.004396444614355288,9.600614439331245e-05,-0.06389288281811645,-0.08373647638314707,1.4,-0.40000000000000013,0.3999999999999999,-26.6,-84.0,27.0,3.0,23.0,13.0,68.0,-0.0247,-0.0082,-0.0214,0.0044,-0.0003,-0.0033,Neutral,Mean Reversion Upside Bias
2026-09-22,TRV,"THE TRAVELERS COMPANIES, INC.",Financials,362.01,-0.024573599547328406,-0.03366077625327002,-0.0107124313393272,0.09660123591421299,21.6,-37.699999999999996,-42.49999999999999,2.8000000000000007,-78.19999999999999,15.0,16.0,-14.0,-32.0,50.0,-0.0005,0.0301,0.0756,-0.0074,-0.0168,-0.0025,Sell,Crowded Short
2026-09-22,TS,TENARIS SA,MR Discretion,55.42,-0.009826692871180986,-0.014755555555555522,-0.008054412027921898,-0.0012614885564966594,50.6,-11.100000000000001,-14.300000000000004,19.1,50.4,22.0,0.0,0.0,15.0,2.0,0.0008,-0.0043,0.0716,-0.0077,0.0007,0.0042,Neutral,Mean Reversion Upside Bias
2026-09-22,TSCO,TRACTOR SUPPLY COMPANY,Consumer Discretionary,32.84,0.015774822146613188,0.019559143123253797,-0.05902578796561586,0.03891173679215454,23.2,-4.0,-1.1999999999999993,-67.89999999999999,-39.400000000000006,4.0,21.0,21.0,47.0,27.0,-0.0205,0.014,-0.0575,-0.0,-0.0026,-0.0006,Neutral,Mean Reversion Upside Bias
2026-09-22,TSLA,"TESLA, INC.",Consumer Discretionary,378.9,0.00959232613908867,0.04016251681445082,0.02975947818997149,-0.09914407988587737,77.6,12.099999999999994,7.199999999999989,-5.5,24.199999999999996,-53.0,-17.0,-38.0,-8.0,-102.0,0.0176,-0.0177,0.0378,-0.0015,0.0075,-0.0025,Neutral,Mean Reversion Downside Bias
2026-09-22,TSN,"TYSON FOODS, INC.",Consumer Staples,51.82,-0.003844675124952013,-0.018002653022550774,-0.06021037359448678,-0.09484716157205242,10.1,2.0,-3.5999999999999996,0.0,-21.299999999999997,21.0,1.0,15.0,-42.0,6.0,-0.0246,-0.0149,-0.0173,0.0019,-0.0023,-0.0118,Neutral,Mean Reversion Downside Bias
2026-09-22,TT,TRANE TECHNOLOGIES PLC,Industrials,437.82,0.010384934921074507,0.020297825732329633,-0.01480648064806478,-0.10860004886391406,31.2,10.8,13.099999999999998,-1.5000000000000036,-47.8,-5.0,-11.0,33.0,-42.0,5.0,-0.0264,-0.038,0.0181,0.0048,-0.0098,-0.0125,Neutral,Mean Reversion Upside Bias
2026-09-22,TTD,"THE TRADE DESK, INC.",Communication Services,13.18,-0.050432276657060626,-0.053160919540229945,-0.039358600583090486,-0.27101769911504414,72.8,-15.900000000000006,-13.900000000000006,41.599999999999994,54.599999999999994,-24.0,5.0,5.0,-38.0,-64.0,0.0146,-0.0594,-0.2595,-0.0179,0.0029,-0.02,Topping,Mean Reversion Upside Bias
2026-09-22,TTWO,"TAKE-TWO INTERACTIVE SOFTWARE, INC.",Communication Services,205.53,-0.02091272865853655,0.00038938914577757444,-0.06449704142011825,-0.17781422513801104,12.9,3.200000000000001,8.3,-0.7999999999999989,-72.89999999999999,61.0,48.0,37.0,46.0,84.0,-0.0198,-0.0358,0.0441,0.0069,-0.0209,-0.0027,Neutral,Crowded Short
2026-09-22,TUR,ISHARES:MSCI TURKEY,Foreign,37.35,-0.007704569606801215,0.001877682403433445,-0.07389040416563342,-0.03935185185185186,13.3,0.0,0.0,-66.7,-23.3,86.0,16.0,71.0,131.0,46.0,-0.0305,-0.0222,0.0164,0.0015,0.0084,0.0055,Buy,Crowded Short
2026-09-22,TXN,TEXAS INSTRUMENTS INC.,Information Technology,271.41,0.0019935762542917512,0.017889288928893077,0.04024376221685633,-0.08944207736437737,64.5,5.200000000000003,9.100000000000001,23.0,16.700000000000003,-5.0,0.0,21.0,-29.0,-24.0,0.0062,-0.0221,0.0249,0.0006,-0.0114,-0.0063,Neutral,Mean Reversion Upside Bias
2026-09-22,TXT,TEXTRON INC.,Industrials,77.88,-0.019267094824329423,-0.022713012925084763,-0.03326713008937443,-0.15098659108252488,13.3,-3.1999999999999993,0.40000000000000036,5.6000000000000005,-38.7,29.0,3.0,25.0,53.0,8.0,-0.0065,-0.016,-0.0206,-0.0014,0.003,-0.0002,Topping,Mean Reversion Upside Bias
2026-09-22,TYL,"TYLER TECHNOLOGIES, INC.",Information Technology,331.05,-0.004241111712687151,-0.01911111111111108,-0.1106066304873462,0.13194966833071198,36.7,-8.299999999999997,-21.4,-63.099999999999994,5.300000000000004,3.0,0.0,25.0,12.0,-18.0,-0.031,0.0472,-0.0972,-0.0096,0.0007,0.0056,Neutral,Crowded Short
2026-09-22,TYX,30 Y TSY YLD NDX,Yields,5.3,0.0,-0.0056285178236398226,0.00952380952380949,0.08163265306122436,59.9,21.799999999999997,-3.200000000000003,19.199999999999996,36.9,35.0,8.0,20.0,-6.0,7.0,0.0091,0.0207,0.0243,-0.003,0.0054,0.0072,Bottoming,
2026-09-22,UAL,"UNITED AIRLINES HOLDINGS, INC.",Industrials,115.21,0.007168458781361853,0.05979210744181773,0.0668580424113343,-0.15280535333480416,58.5,2.299999999999997,20.799999999999997,55.1,-30.5,-5.0,0.0,-34.0,-8.0,45.0,0.0015,-0.0384,0.077,0.0128,-0.0168,-0.0225,Neutral,Mean Reversion Upside Bias
2026-09-22,UBER,"UBER TECHNOLOGIES, INC.",Industrials,69.89,-0.013410502540937341,-0.008652482269503547,-0.07614011896893591,-0.03145787139689571,3.8,-2.9000000000000004,-2.4000000000000004,-77.0,-46.400000000000006,19.0,2.0,10.0,60.0,14.0,-0.0357,-0.03,-0.0099,0.005,-0.0095,-0.0027,Bottoming,Mean Reversion Upside Bias
2026-09-22,UDR,"UDR, INC.",Real Estate,34.1,0.006196518146946106,0.005899705014749346,-0.0771312584573749,-0.14579158316633267,0.2,0.0,0.0,-19.8,-96.39999999999999,-11.0,0.0,-15.0,-28.0,70.0,-0.0296,-0.0203,-0.0381,0.0023,-0.0075,-0.0175,Leaning Bearish,Mean Reversion Upside Bias
2026-09-22,UHS,"UNIVERSAL HEALTH SERVICES, INC.",Health Care,179.29,0.02603868604784232,0.014715037636538586,0.05260376915399512,0.20579729638845912,53.8,8.399999999999999,-1.6000000000000014,6.0,-8.800000000000004,-2.0,0.0,0.0,25.0,-5.0,0.0055,0.0507,-0.0329,0.0015,0.0024,-0.0012,Leaning Bullish,Crowded Short
2026-09-22,ULTA,"ULTA BEAUTY, INC.",Consumer Discretionary,553.86,-0.0071702577707668524,0.023808643572775345,0.031204617389685385,0.22812541576123113,54.2,-17.0,-7.899999999999999,7.400000000000006,35.2,-13.0,26.0,-27.0,-13.0,-26.0,0.0184,0.0535,0.0322,0.0049,0.0006,0.0031,Leaning Bullish,Crowded Long
2026-09-22,UNG,UNITED STATES NAT GAS,Commodities,10.86,0.058479532163742576,0.04322766570605174,0.030360531309297834,-0.07337883959044378,89.5,19.900000000000006,5.599999999999994,5.200000000000003,28.9,-16.0,46.0,8.0,50.0,-39.0,0.0011,-0.0251,-0.0414,0.0028,-0.0003,-0.0027,Neutral,Crowded Short
2026-09-22,UNH,UNITEDHEALTH GROUP INC.,Health Care,372.95,-0.01220997987074901,-0.010480233483682655,-0.04226907372692035,-0.10268748646632819,8.5,-19.5,-24.6,-0.40000000000000036,-72.1,-12.0,-26.0,-17.0,0.0,2.0,-0.0121,-0.007,-0.0708,0.0026,-0.0073,-0.0093,Leaning Bearish,Mean Reversion Upside Bias
2026-09-22,UNP,UNION PACIFIC ,Industrials,274.41,0.01772799762637689,-0.017754232737946074,-0.08733827784614356,0.008860294117647216,1.4,1.2,-2.0,-57.5,-56.800000000000004,35.0,46.0,7.0,-16.0,40.0,-0.0435,0.0136,0.0268,0.0012,-0.0052,-0.0053,Bottoming,Crowded Short
2026-09-22,UPS,"UNITED PARCEL SERVICE, INC.",Industrials,95.87,0.011820580474934061,-0.03220270543105186,-0.08020723400172691,-0.10818604651162789,14.5,2.4000000000000004,-5.899999999999999,-11.5,-19.9,64.0,74.0,100.0,57.0,22.0,-0.0293,-0.0249,-0.0241,-0.0,-0.0057,-0.0063,Neutral,Crowded Short
2026-09-22,URA,GLBL X URANIUM ETF,Commodities,43.74,0.01768264308980938,0.050180072028811695,-0.03889255108767298,0.0009153318077803618,35.1,7.5,1.6000000000000014,-41.300000000000004,22.900000000000002,29.0,-20.0,45.0,86.0,-13.0,-0.0278,-0.0234,0.0583,0.0061,0.0038,0.0081,Buy,Crowded Long
2026-09-22,URI,"UNITED RENTALS, INC.",Industrials,1043.04,0.01273885350318471,0.028730360682900802,0.004855491329479822,-0.07931043614119648,29.6,5.200000000000003,8.0,11.100000000000001,-46.99999999999999,4.0,0.0,-2.0,-5.0,40.0,0.0022,-0.0261,0.0267,0.0059,-0.0035,-0.0082,Neutral,Mean Reversion Upside Bias
2026-09-22,URNM,SPROTT URANIUM MINERS,MR Discretion,52.79,0.015192307692307727,0.04908585055643866,-0.07076218975532478,0.0038030043734549324,14.9,-3.799999999999999,-15.499999999999998,-62.300000000000004,5.1,39.0,-20.0,55.0,80.0,23.0,-0.0437,-0.014,0.0282,0.0075,0.0032,0.0081,Buy,Crowded Long
2026-09-22,USB,U.S. BANCORP,Financials,59.44,-0.016545334215751106,-0.010323010323010418,-0.034751542708671646,-0.015894039735099397,13.3,-13.099999999999998,-12.3,2.0,-74.10000000000001,64.0,46.0,0.0,-10.0,113.0,-0.015,0.0034,0.0208,-0.0003,-0.0082,-0.0055,Neutral,Crowded Short
2026-09-22,USO,UNITED STATES OIL FUND,Commodities,144.08,-0.027537796976241813,-0.06332076452996993,0.07763649962602859,0.3536264562194664,64.9,-4.299999999999997,-15.099999999999994,-6.299999999999997,62.7,51.0,30.0,45.0,60.0,51.0,0.0453,0.0963,0.1126,-0.0153,0.0153,0.0198,Bottoming,Crowded Short
2026-09-22,UUP,INVESCO DB USD IDX BL,Currencies,28.48,0.0,0.0031701303275801784,0.012802275960170695,0.0024639211545229855,89.1,-2.8000000000000114,2.799999999999997,49.99999999999999,-3.1000000000000085,-20.0,3.0,0.0,-42.0,41.0,0.0047,0.0085,-0.0023,0.0003,0.001,0.0009,Neutral,Mean Reversion Upside Bias
2026-09-22,V,VISA INC.,Financials,362.04,-0.021381267738883603,-0.016970322300361107,-0.04568099744312937,0.05523332070302267,9.7,-34.099999999999994,-41.7,-64.89999999999999,-85.1,-10.0,6.0,-15.0,-15.0,25.0,-0.0116,0.0194,0.0252,-0.0022,-0.0088,-0.0029,Sell,Crowded Short
2026-09-22,VAL,VALARIS LIMITED,MR Discretion,82.72,0.011370583200880136,-0.012416427889207382,-0.0422600439967582,0.1393939393939394,32.3,8.699999999999996,5.899999999999999,-49.60000000000001,31.299999999999997,51.0,15.0,-10.0,75.0,23.0,-0.0065,0.0157,0.0309,-0.0068,0.0092,0.0173,Bottoming,Crowded Short
2026-09-22,VEEV,VEEVA SYSTEMS INC.,Health Care,260.91,-0.0015307489189084755,0.0026901348910497447,-0.08673737267667747,0.47016397137544397,62.7,-1.3999999999999915,2.6000000000000014,-33.89999999999999,23.300000000000004,35.0,0.0,0.0,78.0,53.0,-0.0195,0.1238,0.0311,-0.0126,0.0022,-0.0029,Leaning Bullish,Mean Reversion Downside Bias
2026-09-22,VICI,VICI PROPERTIES INC.,Real Estate,23.98,-0.0029106029106029663,0.010961214165261524,-0.06510721247563345,-0.09679849340866287,1.8,-0.8,0.8,-32.900000000000006,-35.400000000000006,-17.0,0.0,22.0,-12.0,-55.0,-0.0265,-0.023,-0.0386,0.0005,0.0018,-0.0081,Neutral,Crowded Long
2026-09-22,VIX,CBOE MKT VOLATILITY IDX,Volatility,14.21,-0.04438466711499656,-0.04051316677920325,-0.0475871313672922,-0.1361702127659573,28.0,-16.6,-5.100000000000001,-3.1999999999999993,-27.0,-44.0,-16.0,-16.0,-20.0,-40.0,0.03,0.01,0.1645,-0.0117,-0.0006,0.0007,Leaning Bearish,
2026-09-22,VLO,VALERO ENERGY ,Energy,377.14,-0.041015078699112584,-0.08744676732481604,0.05076340131505619,0.4480878513285209,59.9,-19.300000000000004,-39.9,-26.000000000000007,18.699999999999996,65.0,18.0,59.0,80.0,32.0,0.0406,0.0969,0.0938,0.0017,0.0044,0.0177,Leaning Bullish,Crowded Short
2026-09-22,VLTO,VERALTO ,Industrials,95.79,0.00640890943475525,0.013758069636998771,-0.028203307294308533,0.08017591339648167,19.8,1.0,10.9,-66.9,-68.0,-17.0,0.0,4.0,23.0,83.0,-0.0097,0.0165,-0.0157,0.0011,-0.0111,-0.001,Leaning Bearish,Mean Reversion Upside Bias
2026-09-22,VMC,VULCAN MATERIALS COMPANY,Materials,247.87,0.006783103168156002,0.029232238508491326,-0.08053268046590989,-0.15979119351886373,7.7,0.7999999999999998,3.1000000000000005,-16.1,-55.699999999999996,0.0,0.0,48.0,36.0,59.0,-0.0368,-0.0532,-0.0068,0.0065,-0.0119,-0.0045,Neutral,Mean Reversion Upside Bias
2026-09-22,VNM,VANECK:VIETNAM,Foreign,17.51,0.005743825387708235,-0.006806579693703796,-0.030454042081948907,-0.05197617758527329,25.4,-6.100000000000001,-46.6,-47.00000000000001,-14.399999999999999,36.0,58.0,41.0,56.0,-8.0,-0.0124,-0.0289,0.0231,0.0001,-0.0048,-0.0014,Neutral,Mean Reversion Upside Bias
2026-09-22,VRSK,"VERISK ANALYTICS, INC.",Industrials,171.94,-0.0004650622020696549,-0.019782224502593926,-0.11270512952833112,-0.042277056759316034,26.8,-3.1999999999999993,-8.3,-38.5,-37.400000000000006,47.0,39.0,79.0,114.0,91.0,-0.0333,0.025,-0.0638,-0.005,0.001,-0.0031,Neutral,Crowded Short
2026-09-22,VRSN,"VERISIGN, INC.",Information Technology,299.42,-0.028424946459861045,-0.012206386909474731,0.038642985985847256,0.1902528223882971,55.4,-38.1,-38.4,22.299999999999997,47.6,29.0,72.0,56.0,3.0,29.0,0.0101,0.0297,0.0438,0.0032,0.0245,0.0022,Buy,Mean Reversion Upside Bias
2026-09-22,VRT,VERTIV HOLDINGS CO,Industrials,253.46,0.010364346647532496,0.016319820361682558,-0.020330859616573993,-0.24299623678394355,39.7,11.700000000000003,16.500000000000004,7.800000000000004,5.5,11.0,-10.0,-2.0,-4.0,-47.0,-0.0109,-0.1139,0.1122,0.0051,-0.0249,-0.0104,Neutral,Mean Reversion Downside Bias
2026-09-22,VRTX,VERTEX PHARMACEUTICALS INC.,Health Care,514.99,0.008360745614035103,0.013081795648581807,-0.05423124954087999,0.036760413101684986,1.8,1.2000000000000002,-0.8,-94.8,-97.2,20.0,18.0,0.0,80.0,80.0,-0.0189,0.0193,-0.0024,0.0041,-0.0234,0.0043,Neutral,Mean Reversion Upside Bias
2026-09-22,VST,VISTRA CORP.,Utilities,140.41,-0.0026282142349766113,-0.0018482974337100666,0.022130013831258566,-0.11485847569816554,83.1,2.299999999999997,13.099999999999994,76.89999999999999,16.89999999999999,-35.0,21.0,17.0,33.0,-4.0,0.0047,-0.0414,0.0271,0.0017,-0.0137,-0.0278,Neutral,Mean Reversion Upside Bias
2026-09-22,VTR,"VENTAS, INC.",Real Estate,86.86,-0.0019533494197403467,0.0019610104971738984,-0.047274322693868664,-0.02184684684684679,0.2,0.0,0.0,-42.9,-70.0,17.0,52.0,8.0,-7.0,32.0,-0.015,0.0095,0.0572,0.0014,-0.0102,-0.0095,Bottoming,Mean Reversion Upside Bias
2026-09-22,VTRS,VIATRIS INC.,Health Care,17.18,0.004678362573099282,0.013569321533923429,0.04058146577831612,0.08186397984886651,53.4,-4.300000000000004,-7.5,36.099999999999994,22.799999999999997,53.0,0.0,24.0,-1.0,2.0,0.0099,0.0307,0.0419,0.004,0.0064,-0.0005,Buy,Mean Reversion Upside Bias
2026-09-22,VXN,CBOE NASDAQ MKT VOL NDX,Volatility,20.18,-0.010299166257969672,0.04613789528252976,0.0,-0.2556252305422353,22.4,-8.0,7.899999999999999,16.599999999999998,-42.800000000000004,31.0,10.0,2.0,31.0,29.0,-0.0018,-0.0683,0.1017,0.0013,-0.0152,-0.0144,Neutral,
2026-09-22,VZ,VERIZON COMMUNICATIONS INC.,Communication Services,46.45,-0.025796979865771785,-0.0341027240590559,-0.07137145141943224,0.09707132735002366,8.5,-19.1,-29.200000000000003,-75.4,0.3000000000000007,13.0,-68.0,-22.0,53.0,2.0,-0.0156,0.0046,-0.001,-0.0058,-0.0029,-0.0032,Leaning Bearish,Crowded Short
2026-09-22,WAB,WESTINGHOUSE AIR BRAKE TECHNOLOGIES ,Industrials,289.71,0.02233749735337698,0.03382935445883728,0.013220018885741203,0.07459198813056367,13.7,5.6,4.399999999999999,7.199999999999999,-44.3,46.0,27.0,19.0,64.0,26.0,-0.0096,0.0145,0.0521,0.0082,-0.0032,-0.005,Bottoming,Crowded Short
2026-09-22,WAT,WATERS ,Health Care,425.74,0.004293262879788706,0.009747883215141195,0.026794973832091395,0.1351855802047781,59.3,3.8999999999999986,-1.6000000000000014,-26.200000000000003,24.299999999999997,6.0,10.0,10.0,72.0,0.0,0.0108,0.0152,0.0146,0.0028,0.0026,0.0023,Leaning Bullish,Mean Reversion Upside Bias
2026-09-22,WBD,"WARNER BROS. DISCOVERY, INC.",Communication Services,30.83,0.0009740259740258495,0.1089928057553955,0.08061689449702047,0.15641410352588148,68.5,0.0,45.7,-25.700000000000003,35.5,54.0,30.0,46.0,37.0,8.0,0.0144,0.0326,0.135,0.0033,0.0163,0.0078,Buy,Crowded Short
2026-09-22,WDAY,"WORKDAY, INC.",Information Technology,188.23,-0.019226761150479388,-0.02909165935936464,-0.04669536591542167,0.5375755595490932,38.3,-8.300000000000004,-14.700000000000003,-48.400000000000006,23.299999999999997,-1.0,31.0,14.0,87.0,-28.0,0.0049,0.1306,-0.0681,-0.0029,0.0159,-0.0016,Neutral,Crowded Long
2026-09-22,WDC,WESTERN DIGITAL ,Information Technology,464.6,0.036660195907802784,0.0526554286750045,0.031184108312062975,-0.2726077154308617,38.7,20.6,27.000000000000004,33.300000000000004,16.900000000000002,24.0,-8.0,-8.0,27.0,-37.0,-0.0068,-0.0994,0.2835,0.0113,-0.0258,-0.0014,Neutral,Mean Reversion Upside Bias
2026-09-22,WEAT,TEUCRIUM:WHEAT,Commodities,25.99,-0.012162675788673472,0.005027068832173187,-0.06544408486156061,0.179754879709487,47.8,-7.200000000000003,-0.4000000000000057,-50.8,33.599999999999994,35.0,-25.0,16.0,57.0,26.0,-0.0197,0.0597,0.0149,-0.0045,0.0006,-0.0059,Leaning Bullish,Mean Reversion Downside Bias
2026-09-22,WEC,"WEC ENERGY GROUP, INC.",Utilities,102.83,-0.006281407035175879,-0.0032955316467966345,-0.03145898087972121,-0.11937997773400699,14.7,-17.2,-0.20000000000000107,-14.5,-71.5,37.0,67.0,29.0,22.0,99.0,-0.0114,-0.0192,0.0181,0.0006,-0.0082,-0.0035,Neutral,Mean Reversion Upside Bias
2026-09-22,WELL,WELLTOWER INC.,Real Estate,230.39,-0.010182161883485197,0.006641324769519841,-0.02476295292922459,0.015068070670132494,7.7,-5.6000000000000005,-0.7999999999999998,-37.699999999999996,-78.1,19.0,-21.0,39.0,-18.0,60.0,-0.0059,0.0113,0.0978,0.0022,-0.0117,-0.0069,Bottoming,Mean Reversion Upside Bias
2026-09-22,WFC,WELLS FARGO & COMPANY,Financials,83.15,-0.03917263693089901,-0.034486762656757985,-0.03750434078018283,0.0061713455953533725,33.1,-34.4,-30.999999999999993,3.1000000000000014,-45.49999999999999,8.0,-16.0,-30.0,6.0,86.0,0.0039,0.0051,0.0471,-0.0087,-0.0039,0.0046,Sell,Crowded Short
2026-09-22,WM,"WASTE MANAGEMENT, INC.",Industrials,207.68,0.0030911901081918103,-0.016200852676456545,-0.05134295633107977,-0.06819813352476667,0.6,0.0,-3.1999999999999997,-19.799999999999997,-83.2,-26.0,0.0,-27.0,-52.0,42.0,-0.0144,-0.0088,-0.0028,-0.0021,-0.0044,-0.0037,Sell,Crowded Short
2026-09-22,WMB,"THE WILLIAMS COMPANIES, INC.",Energy,70.98,-0.009351011863224068,-0.014850798056904813,-0.054230512991338964,-0.04519774011299438,43.8,-8.0,-2.0,-24.700000000000003,-28.0,22.0,0.0,38.0,-6.0,3.0,-0.0099,-0.011,0.0785,-0.0019,-0.0196,-0.0022,Leaning Bearish,Mean Reversion Upside Bias
2026-09-22,WMT,WALMART INC.,Consumer Staples,110.12,0.024944154877140745,0.03176239108029599,0.050061981500905794,-0.027723821296132822,66.9,-3.8999999999999915,10.000000000000007,44.50000000000001,35.50000000000001,-14.0,0.0,8.0,-14.0,-33.0,0.0151,-0.029,0.0396,0.0031,0.0058,-0.0044,Leaning Bullish,Mean Reversion Upside Bias
2026-09-22,WRB,W. R. BERKLEY ,Financials,68.17,-0.00901293792702429,-0.02600371481640229,0.009029011249259922,-0.03346093860768462,28.8,-22.999999999999996,-34.5,25.8,-68.2,-32.0,2.0,-53.0,-41.0,38.0,0.0055,0.0167,0.0346,-0.0023,-0.0073,-0.0048,Sell,Crowded Short
2026-09-22,WSM,"WILLIAMS-SONOMA, INC.",Consumer Discretionary,232.69,0.024344074661031945,0.03786797502230166,0.01945235487404151,-0.0017589017589016986,33.5,5.899999999999999,8.3,10.3,-52.7,10.0,-10.0,10.0,-4.0,77.0,-0.009,0.0043,0.0206,0.0042,-0.0072,0.0014,Bottoming,Crowded Short
2026-09-22,WST,"WEST PHARMACEUTICAL SERVICES, INC.",Health Care,371.09,0.0257338714135662,0.02423339129474744,0.08788953709946923,0.0336768802228411,69.2,15.800000000000004,16.800000000000004,53.5,-29.0,-10.0,-40.0,-57.0,-35.0,12.0,0.0229,0.0311,0.0255,0.0059,-0.0027,-0.0011,Neutral,Crowded Short
2026-09-22,WTW,WILLIS TOWERS WATSON,Financials,301.73,-0.016589531321295814,-0.026614620298083702,-0.108757938266135,0.15441710984428214,0.6,-1.6,-4.4,-41.3,-60.8,13.0,-14.0,27.0,7.0,40.0,-0.0386,0.0325,0.0209,-0.0034,-0.0045,-0.0023,Leaning Bearish,Crowded Short
2026-09-22,WY,WEYERHAEUSER COMPANY,Real Estate,21.54,0.025226082817705775,0.015080113100848225,-0.07830551989730428,-0.10025062656641615,2.2,2.0,2.0,-10.3,-61.199999999999996,16.0,36.0,12.0,-9.0,15.0,-0.0309,-0.0362,-0.0435,0.0018,-0.0073,-0.011,Topping,Mean Reversion Upside Bias
2026-09-22,WYNN,"WYNN RESORTS, LIMITED",Consumer Discretionary,82.51,-0.009721555448871655,0.010161606268364265,-0.09607800175284831,-0.15016994541147388,1.8,0.0,1.6,-19.0,-14.399999999999999,36.0,18.0,3.0,18.0,38.0,-0.0396,-0.0405,-0.0062,0.0097,0.0008,-0.0184,Leaning Bullish,Crowded Short
2026-09-22,XEL,XCEL ENERGY INC.,Utilities,72.06,0.0029227557411275473,-0.003319502074688674,-0.047958779231074056,-0.10261519302615185,7.1,-5.4,1.6999999999999993,-15.299999999999999,-65.5,17.0,18.0,45.0,-52.0,14.0,-0.0192,-0.0129,0.0284,0.0017,-0.0114,-0.0107,Bottoming,Mean Reversion Upside Bias
2026-09-22,XES,SPDR S&P OIL&GAS E&S,MR Discretion,113.55,-0.004384042086803985,-0.019599378345708796,-0.0704052394596808,0.013115631691648755,15.7,6.0,3.1999999999999993,-61.099999999999994,10.7,6.0,-14.0,-46.0,26.0,-8.0,-0.0177,0.0018,0.0178,-0.0067,-0.0009,0.0125,Sell,Mean Reversion Upside Bias
2026-09-22,XLB,SEL SECTOR:MATRLS SPDR,Sector & Style ETFs,50.53,0.01649567491450421,0.010802160432086483,-0.0409944961093186,-0.005902026362384349,4.6,1.9999999999999996,-3.5,-61.1,-36.0,24.0,-3.0,-3.0,34.0,-19.0,-0.0159,-0.0019,-0.0022,0.0008,-0.0012,-0.004,Neutral,Mean Reversion Upside Bias
2026-09-22,XLC,SEL SECTOR:COMM SVC SPDR,Sector & Style ETFs,113.53,-0.010631808278867116,0.02454652107210542,0.018571684909384656,0.05974050219359661,62.1,-15.100000000000001,7.899999999999999,9.5,58.7,-12.0,8.0,-7.0,20.0,-85.0,0.0042,0.004,0.0126,0.0024,0.0069,0.0005,Leaning Bullish,Mean Reversion Downside Bias
2026-09-22,XLE,SEL SECTOR:ENERGY SPDR,Sector & Style ETFs,61.78,-0.010886967659301972,-0.039340693515782954,-0.03408380237648534,0.16324609301449833,19.6,-1.5999999999999979,-19.1,-55.99999999999999,16.6,14.0,-55.0,-24.0,24.0,17.0,-0.0002,0.036,0.0388,-0.0082,-0.0021,0.0073,Sell,Crowded Short
2026-09-22,XLF,SEL SECTOR:FINL S SPDR,Sector & Style ETFs,54.8,-0.019677996422182487,-0.018976011457214503,-0.05042453647548095,0.02219735124044009,1.0,-14.7,-25.8,-44.8,-84.4,13.0,-52.0,-10.0,23.0,53.0,-0.0143,0.0082,0.0002,-0.0018,-0.0028,-0.0033,Leaning Bearish,Crowded Short
2026-09-22,XLI,SEL SECTOR:INDUST SPDR,Sector & Style ETFs,170.27,0.0017060830685964312,0.0030633284241532444,-0.027750813681265307,-0.08076445500188945,8.9,2.4000000000000004,2.4000000000000004,3.5,-72.5,35.0,0.0,53.0,8.0,67.0,-0.0177,-0.0134,0.0134,0.001,-0.0077,-0.0028,Bottoming,Mean Reversion Upside Bias
2026-09-22,XLK,SEL SECTOR:TECH SPDR,Sector & Style ETFs,196.27,0.007287657172183826,0.03517932489451492,0.052386058981233274,0.030180558471551544,81.5,3.5,15.400000000000006,15.0,59.3,-6.0,-4.0,-20.0,8.0,-46.0,0.0108,-0.0037,0.0541,0.0028,0.003,0.0035,Leaning Bullish,Mean Reversion Upside Bias
2026-09-22,XLP,SEL SECTOR:C STP SPDR,Sector & Style ETFs,82.73,0.0098876953125,-0.0008454106280192386,-0.026476818074841146,-0.004092933670398313,5.0,-1.2000000000000002,-13.5,-41.6,-54.6,19.0,65.0,-14.0,-15.0,35.0,-0.0108,-0.0067,0.0176,0.0008,-0.0047,-0.0048,Bottoming,Mean Reversion Upside Bias
2026-09-22,XLRE,SEL SECTOR:RL EST SPDR,Sector & Style ETFs,42.5,-0.0021131721061282693,-0.0007053844345168425,-0.03649965994105642,-0.03474903474903479,0.2,-1.2,-0.8,-11.9,-61.199999999999996,1.0,-30.0,18.0,-35.0,-64.0,-0.0159,0.0039,-0.0177,0.0029,0.0022,-0.01,Leaning Bullish,Crowded Long
2026-09-22,XLU,SEL SECTOR:UTIL SPDR,Sector & Style ETFs,40.53,-0.0031972454500737157,-0.013868613138686148,-0.0402557423632488,-0.10608734009704457,1.4,-5.5,-1.6,-2.8000000000000003,-76.0,9.0,60.0,29.0,-32.0,40.0,-0.013,-0.0132,0.0034,0.0021,-0.0073,-0.0139,Neutral,Mean Reversion Upside Bias
2026-09-22,XLV,SEL SECTOR:H CARE SPDR,Sector & Style ETFs,169.89,0.005206792497485235,0.008907892392659988,-0.0038114225401665314,0.07078028488591959,8.9,1.2000000000000002,-2.0,-64.69999999999999,-78.1,9.0,-15.0,-42.0,46.0,77.0,-0.0026,0.0202,0.0076,0.0043,-0.0017,-0.0014,Neutral,Mean Reversion Upside Bias
2026-09-22,XLY,SEL SECTOR:C DSC SPDR,Sector & Style ETFs,112.33,0.0008910273545397196,0.01170854723948489,-0.03653829659490526,-0.04220668485675305,3.4,-3.1,-3.9,-29.300000000000004,-33.2,-4.0,-49.0,-16.0,-30.0,-43.0,-0.0157,-0.0175,-0.0004,0.0023,0.0013,-0.0066,Leaning Bullish,Mean Reversion Upside Bias
2026-09-22,XOM,EXXON MOBIL ,Energy,158.71,0.0025900189513581306,-0.029534058945823505,-0.013917365641503476,0.1608396723229959,17.3,2.0,-5.899999999999999,-33.5,11.9,59.0,22.0,-12.0,21.0,57.0,0.0038,0.042,0.0499,-0.0063,0.0029,0.0062,Bottoming,Crowded Short
2026-09-22,XOP,SPDR S&P OIL&GAS EXP,MR Discretion,181.61,-0.016995940460081127,-0.047216830176800784,-0.03889712108382726,0.17729806819655147,29.6,1.6000000000000014,-14.600000000000001,-37.699999999999996,25.400000000000002,33.0,-36.0,-18.0,58.0,10.0,0.0016,0.0431,0.0319,-0.0104,-0.005,0.0126,Leaning Bearish,Crowded Short
2026-09-22,XYL,XYLEM INC.,Industrials,107.85,0.005688176053711302,0.0026961695797693697,-0.02052492961583874,-0.08764063953980206,21.6,0.0,-5.599999999999998,7.900000000000002,-75.0,-6.0,0.0,11.0,-35.0,40.0,-0.0111,-0.0184,-0.0305,0.0017,-0.0142,0.0002,Topping,Mean Reversion Upside Bias
2026-09-22,XYZ,"BLOCK, INC.",Financials,77.53,-0.004877422667180054,0.016386995280545325,-0.054742745671787274,0.02013157894736839,23.2,0.3999999999999986,0.3999999999999986,-17.900000000000002,-19.000000000000004,36.0,22.0,4.0,58.0,47.0,-0.0314,0.0161,-0.0066,0.0075,-0.0112,-0.0012,Neutral,Mean Reversion Upside Bias
2026-09-22,YUM,"YUM! BRANDS, INC.",Consumer Discretionary,139.71,0.0027273379745926807,0.01246467135299656,-0.08870915139260316,-0.12604779181784065,2.6,-3.9,-5.1,-62.699999999999996,-92.0,-2.0,0.0,34.0,-19.0,33.0,-0.0395,-0.0114,-0.0023,0.0004,-0.0018,-0.0076,Neutral,Crowded Long
2026-09-22,ZBH,"ZIMMER BIOMET HOLDINGS, INC.",Health Care,93.98,-0.0036047497879557744,-0.014471476510067083,-0.060575769692123194,0.09164827506098261,13.7,-3.6000000000000014,-23.2,-54.8,-54.099999999999994,39.0,0.0,26.0,59.0,87.0,-0.0241,0.0066,-0.0127,-0.001,-0.0037,0.0025,Leaning Bearish,Crowded Short
2026-09-22,ZBRA,ZEBRA TECHNOLOGIES ,Information Technology,361.61,0.030697753961919982,0.04321610939618625,0.022797341253005143,0.37358504900098777,52.6,27.8,22.6,-24.6,-17.999999999999993,-31.0,-40.0,-36.0,22.0,15.0,-0.003,0.0956,-0.0227,0.0096,-0.0039,0.0018,Leaning Bearish,Mean Reversion Upside Bias
2026-09-22,ZTS,ZOETIS INC.,Health Care,72.86,0.0214496004486191,0.02044817927170861,-0.05499351491569382,0.013915947676036655,26.4,9.5,-7.5,-40.1,-8.600000000000001,34.0,45.0,39.0,71.0,50.0,-0.0186,-0.0263,-0.1396,0.0013,0.0006,-0.0077,Buy,Mean Reversion Upside Bias
